{"type":"FeatureCollection","name":"LFLG AVISO","bbox":[5.840790015537458,45.21431286932519,5.854081534420237,45.22197036725002],"metadata":{"schema":"vSMR AVISO","schema_version":2,"geometry_mode":"shared","airport":"LFLG","coordinate_reference_system":"WGS84","coordinate_order":"longitude, latitude","default_color_palette":"dark","color_palettes":["dark","light"],"background_colors":{"dark":"#434A4F","light":"#434A4F"},"runways":[{"ends":["04L","22R"],"headings":[42,222],"thresholds":[[5.842638889,45.215491944],[5.850493889,45.221310833]]},{"ends":["04","22"],"headings":[42,222],"thresholds":[[5.844518889,45.215255833],[5.851705833,45.220577778]]}],"saved_active_runways":[],"saved_active_airport_modes":[],"airport_reference":[5.848610833,45.218055833],"feature_count":154,"style_count":10,"layer_counts":{"Airfield surfaces":11,"Buildings and structures":49,"Guidance lines":64,"Labels":22,"Surface markings":5,"Terrain":3},"category_counts":{"Buildings":49,"Gates":12,"Grass":3,"Grass runways":1,"Hard Surface 2":1,"Hard Surface 3":6,"Runways":3,"Stopbars":5,"Taxiways":74},"geometry_source":"local GNG/KMZ","geometry_source_url":"","geometry_license":"GPL-3.0"},"styles":{"polygon.grassurface.00512f":{"name":"Grass","layer":"Terrain","object_type":"Area","paint":{"fill":"#010D19","fill-opacity":1,"palette-overrides":{"light":{"fill":"#00512F"}}},"feature_count":3},"polygon.hardsurface3.8a807f":{"name":"Hard Surface 3","layer":"Airfield surfaces","object_type":"Area","paint":{"fill":"#222D3C","fill-opacity":1,"palette-overrides":{"light":{"fill":"#8A807F"}}},"feature_count":6},"polygon.hardsurface2.595e5b":{"name":"Hard Surface 2","layer":"Airfield surfaces","object_type":"Area","paint":{"fill":"#2F3949","fill-opacity":1,"palette-overrides":{"light":{"fill":"#595E5B"}}},"feature_count":1},"polygon.runwayconcrete.555555":{"name":"Runways","layer":"Airfield surfaces","object_type":"Area","paint":{"fill":"#111318","fill-opacity":1,"palette-overrides":{"light":{"fill":"#555555"}}},"feature_count":3},"polygon.runwaygrass.008000":{"name":"Grass runways","layer":"Airfield surfaces","object_type":"Area","paint":{"fill":"#859A77","fill-opacity":1,"palette-overrides":{"light":{"fill":"#008000"}}},"feature_count":1},"polygon.building.394446":{"name":"Buildings","layer":"Buildings and structures","object_type":"Area","paint":{"fill":"#475570","fill-opacity":1,"palette-overrides":{"light":{"fill":"#394446"}}},"feature_count":49},"polygon.stopbar.7e0000":{"name":"Stopbars","layer":"Surface markings","object_type":"Area","paint":{"fill":"#7E0000","fill-opacity":1,"palette-overrides":{"light":{"fill":"#7E0000"}}},"feature_count":5},"line.taxiway.c0b631":{"name":"Taxiways","layer":"Guidance lines","object_type":"Line","paint":{"stroke":"#4E5A69","stroke-opacity":1,"stroke-width":1,"palette-overrides":{"light":{"stroke":"#C0B631"}}},"feature_count":64},"label.gates":{"name":"Gates","layer":"Labels","object_type":"Label","paint":{"text-color":"#CCCCCC","text-font":"Arial","text-size":12,"text-halo-color":"#000000","text-halo-width":1,"text-anchor":"center","zoomLevel":9},"feature_count":12},"label.taxiways":{"name":"Taxiways","layer":"Labels","object_type":"Label","paint":{"text-color":"#CCCCCC","text-font":"Arial","text-size":12,"text-halo-color":"#000000","text-halo-width":1,"text-anchor":"center","zoomLevel":7},"feature_count":10}},"vsmr_groups":[],"features":[{"type":"Feature","id":"LFLG-f8f8aeac5431c2238205","properties":{"airport":"LFLG","name":"COLOR_GrasSurface","layer":"Terrain","category":"Grass","object_type":"Area","style_id":"polygon.grassurface.00512f","source_group":"COLOR_GrasSurface","vsmr_group_ids":[],"geometry_role":"filled_region"},"geometry":{"type":"Polygon","coordinates":[[[5.840936630897611,45.21538208409635],[5.841078617434938,45.21529508472021],[5.84121865584093,45.21518597846577],[5.841321355818552,45.21507854060322],[5.841451400276593,45.2149283295079],[5.841593782590433,45.21472312559491],[5.841891041342347,45.21431286932519],[5.845164228810833,45.21434348757855],[5.845773620398324,45.21435124326712],[5.846158876283338,45.21432985557039],[5.846490588142579,45.21435037454092],[5.846842256272855,45.21438573228586],[5.847193875016297,45.21445326120752],[5.847556393364936,45.21459462241057],[5.84796976658623,45.21475821887104],[5.848407481488493,45.21486883549326],[5.848896044454037,45.21495554000971],[5.849373014406691,45.21504429009121],[5.85005941058151,45.21543397714638],[5.849962572517862,45.21548309602419],[5.849845747799343,45.21550433232639],[5.849718960422685,45.21552079280647],[5.849622018308949,45.21553776300014],[5.849660719311432,45.21564588674974],[5.849655691862354,45.21564520888176],[5.849617778910177,45.21571002998584],[5.849658008421279,45.2157984255561],[5.849748290416978,45.21588293160966],[5.850757027614771,45.21644167732764],[5.850872107299292,45.21652818499724],[5.850916565601372,45.21663415483768],[5.85092253459605,45.21671589793214],[5.850883906302067,45.21683309981925],[5.850821636981827,45.21692061094348],[5.850798105689352,45.21702684948814],[5.852348339981408,45.21813198300875],[5.853107908114319,45.21781325012048],[5.853121706759625,45.21779891508408],[5.853137632849812,45.21779137789253],[5.85332198318487,45.21768629083601],[5.853332245866254,45.21768144864861],[5.853467598478453,45.21766563933436],[5.853609672626439,45.21776265412441],[5.853616444666308,45.21776986597721],[5.853818626848524,45.21798116122072],[5.853938670795847,45.2181870857754],[5.854023341159607,45.21835422851694],[5.854074210715574,45.21857406945479],[5.854073477126485,45.21857700625957],[5.854074197276084,45.21859231227511],[5.85408004258716,45.21875433369752],[5.854081534420237,45.21876717352922],[5.854034464478572,45.21907819757372],[5.853926500895998,45.21930290145291],[5.853531276206382,45.2196382016658],[5.853106124802401,45.22077871920247],[5.853723276693293,45.2212117266948],[5.852624302531479,45.22194591827866],[5.851326176968136,45.22098121754052],[5.85125793966343,45.22102834934844],[5.851256328751646,45.22102920112503],[5.851166651873402,45.22109098826639],[5.85108280357386,45.22115708552946],[5.850978370135522,45.22124756395561],[5.850911815592285,45.22132390955921],[5.85052030451207,45.22189310925822],[5.850472558164674,45.22194222330971],[5.850412847602779,45.22196334137179],[5.85034049491326,45.22197036725002],[5.850042055099218,45.22176147701567],[5.849945270072146,45.22170000441499],[5.849804864159848,45.22159986862582],[5.849682856052112,45.22152463376629],[5.849599385510194,45.22146661452275],[5.849524177283127,45.22140708140368],[5.849434509753067,45.2213380295231],[5.849356891660953,45.22127524791496],[5.849355020564215,45.2212733268272],[5.849221358502477,45.22113971966657],[5.849166091543127,45.22107576722188],[5.849141289528346,45.22096638164697],[5.84654663309318,45.21909918205392],[5.845703271338287,45.21966793351671],[5.844046042788758,45.21963672562801],[5.844040900852001,45.21954679616747],[5.844053725922008,45.21947585893123],[5.844065180672495,45.21939455227269],[5.844067466733856,45.21933924122693],[5.844057791440669,45.21927356469975],[5.844049598783217,45.21922712702165],[5.844007355119889,45.21913913292317],[5.843976930900425,45.21907334235183],[5.843959301438195,45.219016606448],[5.8439528076097,45.21895950798486],[5.843968355063405,45.21890306794879],[5.845083014025036,45.21852845491361],[5.845031747521395,45.21847305635718],[5.844952515397512,45.21836973016367],[5.844828219408051,45.2182075397726],[5.844732183210077,45.21807542016795],[5.844643380323634,45.21794148467471],[5.844558814239019,45.21782083562993],[5.844414409740919,45.21760488599554],[5.844379445784189,45.21752656521005],[5.844320890204024,45.21745804892988],[5.844274456500123,45.21741576420794],[5.844210470783258,45.21740177821838],[5.844207895477929,45.21740321558888],[5.844123682176976,45.21742601888828],[5.844043001547439,45.21746266954764],[5.843988373367958,45.21748314688771],[5.843930371577089,45.21750537365491],[5.843881626822316,45.21751586295122],[5.843814515514145,45.2175297450854],[5.843725818508125,45.21751778445618],[5.84364542891938,45.21747451864743],[5.843581437342062,45.21739489739436],[5.843501857338415,45.21729554346356],[5.84338484974726,45.21715736517289],[5.843305349636685,45.21706952860438],[5.843170344426873,45.21694912824395],[5.843028369354535,45.21683736357793],[5.842900426344649,45.21675030756713],[5.84274664039913,45.21662713966919],[5.84253529669849,45.21647701708095],[5.842248989422004,45.21630579981495],[5.842101696812254,45.21621928030903],[5.841878662943421,45.21608337647681],[5.84173152418794,45.21600637088623],[5.841469446912759,45.21589273513225],[5.841325653930958,45.21583841360273],[5.841199669567496,45.21578956807499],[5.841045330655086,45.21573611010281],[5.84103730386963,45.21573502763633],[5.840980294935736,45.21571367491627],[5.840915211042461,45.2156876305616],[5.84088119608645,45.21566469515874],[5.840854176945305,45.2156368290618],[5.840834926051905,45.21560671349194],[5.840790015537458,45.21544934643936],[5.840936630897611,45.21538208409635]]]}},{"type":"Feature","id":"LFLG-3a4638042f8241c47579","properties":{"airport":"LFLG","name":"COLOR_HardSurface3","layer":"Airfield surfaces","category":"Hard Surface 3","object_type":"Area","style_id":"polygon.hardsurface3.8a807f","source_group":"COLOR_HardSurface3","vsmr_group_ids":[],"geometry_role":"filled_region"},"geometry":{"type":"Polygon","coordinates":[[[5.846341193398763,45.21900392425547],[5.845900050919218,45.219166218806],[5.845967428435024,45.21926316597685],[5.845526238962369,45.21955327354799],[5.845417126073345,45.21948066025826],[5.845373031783724,45.2194723468174],[5.845324321544043,45.21947468753506],[5.845284397688941,45.21948129514603],[5.845257293778765,45.21948459858439],[5.845260186835319,45.21952732025773],[5.84492903840824,45.21953375893698],[5.844850579689577,45.21919177946982],[5.844653477021131,45.21920230736093],[5.844656662381267,45.21915490567247],[5.844860960533323,45.21913051975226],[5.84488945399791,45.21910604530797],[5.84494170903159,45.2190429292163],[5.845123377384772,45.21890761931063],[5.845153580706254,45.21888663558364],[5.845212585636737,45.21892291075553],[5.845387121353296,45.21881764582722],[5.845819596134822,45.21913287333313],[5.845864345705571,45.21912222164664],[5.846319865910187,45.21897158758953],[5.846341193398763,45.21900392425547]]]}},{"type":"Feature","id":"LFLG-0746d0fa068d9e565044","properties":{"airport":"LFLG","name":"COLOR_HardSurface3","layer":"Airfield surfaces","category":"Hard Surface 3","object_type":"Area","style_id":"polygon.hardsurface3.8a807f","source_group":"COLOR_HardSurface3","vsmr_group_ids":[],"geometry_role":"filled_region"},"geometry":{"type":"Polygon","coordinates":[[[5.847556320349403,45.2152201543589],[5.847058019345184,45.21556505379259],[5.84663014739929,45.21524791005024],[5.846596975617329,45.21526980856537],[5.846329423706942,45.21507871485812],[5.846345514125919,45.21506297357638],[5.846327114154413,45.21504706914227],[5.846340137720798,45.21503864145965],[5.845970082288541,45.21476157536389],[5.845950163759694,45.21475206185691],[5.845921771160903,45.21473952417441],[5.845896459241741,45.2147316310855],[5.845868894874493,45.21472371350868],[5.84583688407654,45.21471482708222],[5.845793543338182,45.21470391202357],[5.845787788426615,45.21469765998216],[5.845788796498981,45.2146881997426],[5.845859264562905,45.21453404267484],[5.845862452368305,45.21452446562887],[5.845873302539046,45.214525531181],[5.845896127064996,45.21452769744378],[5.845914573078432,45.21452973476135],[5.845949852650096,45.21453079016288],[5.845978312980029,45.21452385656604],[5.84600035157274,45.21451587220966],[5.846028677908917,45.21450386142669],[5.846048185833713,45.2144885506797],[5.846066295665406,45.21447027613361],[5.84607948525141,45.21445520033413],[5.846098219687772,45.21444149064013],[5.846122349494105,45.21443010854677],[5.846952946232014,45.215089164656],[5.847186285489149,45.21494618957498],[5.847556320349403,45.2152201543589]]]}},{"type":"Feature","id":"LFLG-b70f51832ad84185a39b","properties":{"airport":"LFLG","name":"COLOR_HardSurface3","layer":"Airfield surfaces","category":"Hard Surface 3","object_type":"Area","style_id":"polygon.hardsurface3.8a807f","source_group":"COLOR_HardSurface3","vsmr_group_ids":[],"geometry_role":"filled_region"},"geometry":{"type":"Polygon","coordinates":[[[5.85008846747532,45.21691634425914],[5.849052078483973,45.21614351529217],[5.84931264946067,45.21595588101364],[5.850511026960024,45.2168419577155],[5.850313330287871,45.21696276914705],[5.85008846747532,45.21691634425914]]]}},{"type":"Feature","id":"LFLG-4f03730a8d42e25b69fa","properties":{"airport":"LFLG","name":"COLOR_HardSurface3","layer":"Airfield surfaces","category":"Hard Surface 3","object_type":"Area","style_id":"polygon.hardsurface3.8a807f","source_group":"COLOR_HardSurface3","vsmr_group_ids":[],"geometry_role":"filled_region"},"geometry":{"type":"Polygon","coordinates":[[[5.850616529866155,45.21805661899687],[5.850776266527253,45.21793365852975],[5.851649510143051,45.21855693499532],[5.851776669008768,45.21847319661925],[5.851948129758686,45.21860670700023],[5.851815623247163,45.21868947179822],[5.852034301055104,45.21885120627493],[5.852256624664407,45.21868418406422],[5.852393794722599,45.21878641170311],[5.852318535788354,45.21882166046596],[5.85247468000513,45.21894807834223],[5.852391713723406,45.21900219792741],[5.852298899500039,45.21892427281271],[5.852251518028233,45.21889660931301],[5.852223285999978,45.21888925171083],[5.852169587637642,45.2189270220172],[5.852194463883365,45.21895129763756],[5.852202479095679,45.21897403993354],[5.852276047074428,45.21902518144958],[5.852336991935085,45.21898836983153],[5.852402591735038,45.21903106929708],[5.852479055887727,45.21897203739227],[5.852588870770335,45.21904827329285],[5.852631614043736,45.21901482312204],[5.852864497283427,45.21884692512121],[5.853086811495427,45.21900832205472],[5.852983037959802,45.2190466223325],[5.852448545849692,45.21941394912885],[5.850616529866155,45.21805661899687]]]}},{"type":"Feature","id":"LFLG-c80b6cb05083b60735a2","properties":{"airport":"LFLG","name":"COLOR_HardSurface3","layer":"Airfield surfaces","category":"Hard Surface 3","object_type":"Area","style_id":"polygon.hardsurface3.8a807f","source_group":"COLOR_HardSurface3","vsmr_group_ids":[],"geometry_role":"filled_region"},"geometry":{"type":"Polygon","coordinates":[[[5.84894632142862,45.21705294444529],[5.849010061150201,45.21700439725751],[5.849029714516956,45.21699588835818],[5.849045449125352,45.21699544318552],[5.849062016295488,45.2169958089652],[5.849080617701703,45.21700466919415],[5.849370554595636,45.21721148141721],[5.849408808693966,45.21724175605711],[5.849423533855735,45.21727242382367],[5.849430147460179,45.21732377154072],[5.849421507540439,45.2173616896012],[5.849406225548188,45.21739149280145],[5.84937067045372,45.21742733666374],[5.849333629238305,45.21745245325651],[5.849334171136631,45.21741562473186],[5.849331463587346,45.21738982568257],[5.849321749522593,45.21735560623435],[5.849310835790556,45.21733116953894],[5.849291298788519,45.21730381718447],[5.84894632142862,45.21705294444529]]]}},{"type":"Feature","id":"LFLG-c134a0b558f98cea027b","properties":{"airport":"LFLG","name":"COLOR_HardSurface3","layer":"Airfield surfaces","category":"Hard Surface 3","object_type":"Area","style_id":"polygon.hardsurface3.8a807f","source_group":"COLOR_HardSurface3","vsmr_group_ids":[],"geometry_role":"filled_region"},"geometry":{"type":"Polygon","coordinates":[[[5.847282254165076,45.21584962853257],[5.84737723792927,45.21578766750806],[5.847396980023969,45.21577945162092],[5.847412953773512,45.21577769348044],[5.84742927895364,45.21577981195102],[5.847452086059803,45.21578970637128],[5.848167793202634,45.21631238718195],[5.848835569200153,45.21681880316293],[5.848846633655985,45.21683063894032],[5.848853019538646,45.21683987430198],[5.848854430173036,45.21684888402708],[5.84885069259353,45.21685888962496],[5.848844185575746,45.21687065834101],[5.848771637030675,45.21692230650071],[5.847282254165076,45.21584962853257]]]}},{"type":"Feature","id":"LFLG-224dd0c887ff2dc8f15d","properties":{"airport":"LFLG","name":"COLOR_HardSurface2","layer":"Airfield surfaces","category":"Hard Surface 2","object_type":"Area","style_id":"polygon.hardsurface2.595e5b","source_group":"COLOR_HardSurface2","vsmr_group_ids":[],"geometry_role":"filled_region"},"geometry":{"type":"Polygon","coordinates":[[[5.845085683617144,45.21502399518803],[5.845294528062322,45.21488475193195],[5.845333648536542,45.21486294608805],[5.845362489147341,45.21484864064811],[5.845392852811044,45.21483635333252],[5.845417291177535,45.21482782172796],[5.845448073123687,45.21481979561648],[5.84547904027451,45.2148145632966],[5.845515203363833,45.21480927413528],[5.845549203417127,45.21480782252066],[5.845585164781212,45.21480964754407],[5.845616251676271,45.21481367769623],[5.845641082759001,45.21481943154613],[5.845668984429615,45.21482630369519],[5.845693794260205,45.21483301920562],[5.84571585773773,45.21484025566117],[5.845746573637673,45.21485300952653],[5.84578755847176,45.21487180935815],[5.845823223630207,45.214894518307],[5.845856440722404,45.21491863502175],[5.846544890511181,45.21541975910151],[5.846712300460863,45.21530846904805],[5.846760622738882,45.21534401741585],[5.846593261661106,45.21545858387578],[5.846950562846944,45.21572574691762],[5.846981304790795,45.21573351530991],[5.847021889481063,45.21573787175679],[5.84707661622522,45.21574404888287],[5.847109401954331,45.21574593021413],[5.847124323494475,45.2157318364377],[5.847135655733203,45.21570720850858],[5.847144362893015,45.21567775968831],[5.847145584486181,45.2156587543979],[5.847142746254432,45.21563411533124],[5.847058001096661,45.21556494838847],[5.847321985489087,45.21538593338362],[5.849813881046087,45.21721329252658],[5.850082639301936,45.21703061661189],[5.850098638749024,45.21700440490986],[5.850103189432893,45.21698253004936],[5.850105301803832,45.21696221291261],[5.850098184121348,45.21693843585098],[5.850084058856231,45.21691311059131],[5.850296151926997,45.21691737638619],[5.850304979938999,45.21694265758132],[5.850308313726284,45.21697117170529],[5.850302096024292,45.21699851188804],[5.850293651792978,45.21702288223494],[5.85028116933429,45.21705006877186],[5.850264608201206,45.21706567680597],[5.850232304224752,45.21708807029194],[5.849873054058836,45.21732791294736],[5.849759917986185,45.21741408455281],[5.852285959222909,45.21928974300243],[5.852439439575676,45.21920029727528],[5.8525367166908,45.2193063761576],[5.852548384831453,45.21934703621838],[5.852557559149878,45.21939277498777],[5.852551496199176,45.21942083149665],[5.852540167031393,45.21944149877321],[5.852533547464677,45.2194513139937],[5.852527180145706,45.2194594463713],[5.852517824320671,45.21947594476787],[5.85250443187384,45.21948919295576],[5.852495096167312,45.21949903475003],[5.852484661064549,45.21951179787151],[5.852469887869802,45.21952560957849],[5.85244608267093,45.21954328901258],[5.852426016485537,45.2195566719022],[5.852404387140102,45.21956955979044],[5.852382181208888,45.21958445969184],[5.852372562604035,45.2196022310468],[5.852362492613215,45.21961937138013],[5.852357208027826,45.2196404128399],[5.852357910990573,45.21966533546551],[5.852359554083455,45.21968660461672],[5.852367566371188,45.21970888353164],[5.852382955757694,45.21973104891929],[5.85239848180554,45.2197463595861],[5.852430756104773,45.21976895428392],[5.85291147484295,45.22014383258227],[5.852954734435678,45.22017901126624],[5.852975290407862,45.22020505333954],[5.852986946424934,45.22022461387235],[5.853005824352855,45.22025565723234],[5.853013816540127,45.22027877739639],[5.853022640046033,45.22030640129782],[5.853027594268065,45.22033100217794],[5.853028017538405,45.22035443919533],[5.853023947003435,45.22037894457507],[5.853017366602272,45.22040897319015],[5.853006047537566,45.22044534803885],[5.852951263806634,45.22060062193168],[5.852916505214029,45.2206794934858],[5.852900322954778,45.22071505780847],[5.852876514067475,45.22075097023794],[5.852784565004292,45.22069971357364],[5.852806918761797,45.2206654314754],[5.852820935131122,45.22063106835239],[5.852835617304359,45.22058957962875],[5.852855655272204,45.22053701729591],[5.852884503733544,45.2204657271735],[5.852904907504417,45.22040228145164],[5.852911197012491,45.22037208758009],[5.852911554051749,45.22033765649279],[5.852906950658063,45.22030910715023],[5.852896377608747,45.2202749090405],[5.8528762202066,45.22024438773529],[5.85285871439388,45.22021685276903],[5.851318037092364,45.21908104595268],[5.851265561832106,45.21904594188653],[5.850853022198872,45.21930318127026],[5.850764020834774,45.21923359414262],[5.851184440562665,45.21897834476748],[5.851183041951677,45.21897504151338],[5.851181300169999,45.21897092775458],[5.851179911902578,45.21896764892914],[5.851175443164298,45.21896595037959],[5.851172812982906,45.21896563617425],[5.851101586477752,45.21891725279345],[5.849496446925277,45.21774029806174],[5.849437995830873,45.21771216208368],[5.849399400958434,45.21770438517802],[5.849360691773517,45.2177053708675],[5.849321784326673,45.21770537930821],[5.849295496337527,45.21771008995493],[5.849269301570792,45.2177222355073],[5.848996773503559,45.21791691846983],[5.848898418323458,45.21784713052472],[5.848898418323458,45.21784713052472],[5.849260492982613,45.2176099878597],[5.849301881114615,45.21756954006487],[5.849325110128786,45.21752550894072],[5.849333813882485,45.21748774469166],[5.849334075622554,45.21744804853124],[5.849333323969375,45.21740053356094],[5.849318421261607,45.21734497287891],[5.849292519938521,45.21730403397081],[5.849266332732636,45.21728325546919],[5.847340966593655,45.21586950505263],[5.847297191439173,45.21585109347718],[5.84725329109911,45.21584350853392],[5.847202508991471,45.21584103709982],[5.847170867149385,45.215845728738],[5.846645810465613,45.21618845589464],[5.846568901574997,45.21612061238628],[5.846892045909469,45.21590000034983],[5.846894699551775,45.2158647246214],[5.846883794651072,45.2158305742033],[5.846868729461816,45.21580365734966],[5.846848460476705,45.21577753345142],[5.846502901949913,45.21553264844323],[5.846412176330016,45.21558890328499],[5.846348256573188,45.21554232148042],[5.8464370553747,45.21548536160802],[5.845805390121157,45.21500503140239],[5.845757564452012,45.21497276787832],[5.845725003125097,45.21494840398618],[5.845697543111015,45.21493331155712],[5.845663995648827,45.21491915167778],[5.84561822198197,45.21490525675027],[5.845580091800238,45.2148971542472],[5.845534598499011,45.21489457907358],[5.845479664680617,45.21490267705464],[5.845478293594393,45.21490248427277],[5.845415694598146,45.21492568598457],[5.845335177818763,45.21497635298959],[5.845175984989783,45.21508662672831],[5.845085683617144,45.21502399518803]]]}},{"type":"Feature","id":"LFLG-5d1492c0f0f60133a41b","properties":{"airport":"LFLG","name":"COLOR_RunwayConcrete","layer":"Airfield surfaces","category":"Runways","object_type":"Area","style_id":"polygon.runwayconcrete.555555","source_group":"COLOR_RunwayConcrete","vsmr_group_ids":[],"geometry_role":"filled_region"},"geometry":{"type":"Polygon","coordinates":[[[5.845176715790263,45.21508669254653],[5.844996884866111,45.21521285141078],[5.844971074436018,45.21523093440593],[5.844953647071486,45.21525948729008],[5.844938408975322,45.21528965703574],[5.844935945444922,45.21533443352315],[5.844937286064198,45.2153726703517],[5.846139678177833,45.21625091117858],[5.84617311819229,45.21625973455388],[5.846194316380475,45.21626053948448],[5.846214777495018,45.2162643469913],[5.846256428586614,45.21626765821143],[5.846300524079611,45.21626158613498],[5.846352636606964,45.21624987007095],[5.846396743597204,45.21623466006517],[5.846568465922923,45.21612005734582],[5.846648989007763,45.21618772952551],[5.846526381528614,45.2162747987138],[5.846488548276083,45.21630497221283],[5.846464213978926,45.21633218952213],[5.846436563689248,45.21636415147982],[5.846419796917417,45.21639754339807],[5.846411366440081,45.21643841173285],[5.846421929535599,45.21646884266584],[5.848493242411877,45.21799320146179],[5.848513673505193,45.21800422016714],[5.848537767907627,45.21800726365414],[5.84856343049776,45.21800919393498],[5.848600763999929,45.21800741585426],[5.848638097489649,45.21800563776599],[5.848672585680193,45.21799769809174],[5.848708192190712,45.21797626923649],[5.848900334393061,45.21784749944995],[5.848997840601169,45.21791696177292],[5.848781469079709,45.21806801443024],[5.848761787909336,45.21808761900608],[5.84875223530211,45.21811639029178],[5.84875031854156,45.21815176081943],[5.848751207837537,45.21816937917706],[5.848759031051294,45.21819241688743],[5.850323693616106,45.21936893247887],[5.85035453524068,45.21938669896957],[5.850404388153219,45.21939454714502],[5.850468138407534,45.21939244526235],[5.850503231575126,45.21938797318501],[5.850537661827994,45.21937890215093],[5.850570186020134,45.21935810028606],[5.850615617691659,45.21932817030901],[5.850763220849156,45.21923250740754],[5.850853798824955,45.21930342242676],[5.850695143487268,45.21940266354326],[5.850674297743536,45.21941772473654],[5.850652034625128,45.21943390071104],[5.850635204033148,45.2194509085136],[5.850621604333122,45.21946977549641],[5.850608962020005,45.2194942900292],[5.850606723152893,45.21951795876525],[5.850611630262172,45.21953902103792],[5.850621582162995,45.21956794673987],[5.850656934349974,45.21961450166507],[5.852346318996049,45.22084793906539],[5.852379376695128,45.22087115666778],[5.852417213027414,45.22087777741179],[5.85248403523694,45.2208815461734],[5.852512435833495,45.22088019301527],[5.852542064842721,45.22087645770901],[5.852569946349345,45.22086819502343],[5.852611121519358,45.22085101749182],[5.852667816442834,45.22081647962925],[5.852708018271899,45.22078808821707],[5.852744821673765,45.2207498088374],[5.852784902715391,45.2206988427645],[5.852877859830416,45.22074956007751],[5.852840971811437,45.22078811760241],[5.852807054860829,45.22082302939508],[5.852768659929774,45.22085719351119],[5.852716492531274,45.22089723971705],[5.852669644272601,45.22092624230746],[5.852615268741004,45.22096381634655],[5.852589630782208,45.22098354472326],[5.852570422976802,45.22100323117546],[5.852568754163094,45.22102134311045],[5.852614114713869,45.22104940568397],[5.852362790006644,45.22124062363223],[5.844386528906838,45.21535756642101],[5.844414703814305,45.21533836516807],[5.84446231071057,45.21530370151694],[5.844527709483507,45.21525073328377],[5.8445759746619,45.21522236711331],[5.844626707809444,45.21519394089822],[5.844670871751747,45.21516951506664],[5.844681942077603,45.21517495987249],[5.844733710747974,45.21521474173117],[5.844745212175503,45.2152213117022],[5.844758961775282,45.21521986347419],[5.844789955052847,45.21521206450706],[5.844809868360469,45.21519860792396],[5.845083452588302,45.21502405870373],[5.845176715790263,45.21508669254653]]]}},{"type":"Feature","id":"LFLG-0fc681ccdd4f702533ab","properties":{"airport":"LFLG","name":"COLOR_RunwayConcrete","layer":"Airfield surfaces","category":"Runways","object_type":"Area","style_id":"polygon.runwayconcrete.555555","source_group":"COLOR_RunwayConcrete","vsmr_group_ids":[],"geometry_role":"filled_region"},"geometry":{"type":"Polygon","coordinates":[[[5.846273588586454,45.21548905160302],[5.846493377677482,45.21564971527284],[5.846269262225546,45.21579869160372],[5.846053072307178,45.21564113670112],[5.846273588586454,45.21548905160302]]]}},{"type":"Feature","id":"LFLG-0096b704f794b567581b","properties":{"airport":"LFLG","name":"COLOR_RunwayConcrete","layer":"Airfield surfaces","category":"Runways","object_type":"Area","style_id":"polygon.runwayconcrete.555555","source_group":"COLOR_RunwayConcrete","vsmr_group_ids":[],"geometry_role":"filled_region"},"geometry":{"type":"Polygon","coordinates":[[[5.850738938811915,45.21916102034087],[5.85110761929114,45.21891712348818],[5.851318647565716,45.21907760137005],[5.850954804942785,45.21931964569843],[5.850738938811915,45.21916102034087]]]}},{"type":"Feature","id":"LFLG-16edeaccb4c6639a549b","properties":{"airport":"LFLG","name":"COLOR_RunwayGrass","layer":"Airfield surfaces","category":"Grass runways","object_type":"Area","style_id":"polygon.runwaygrass.008000","source_group":"COLOR_RunwayGrass","vsmr_group_ids":[],"geometry_role":"filled_region"},"geometry":{"type":"Polygon","coordinates":[[[5.842299830932984,45.21575246187561],[5.843066069818645,45.21524646800135],[5.850877605802145,45.22105635080178],[5.850152604398873,45.22156552043053],[5.842299830932984,45.21575246187561]]]}},{"type":"Feature","id":"LFLG-a338baadbefc5ec8622f","properties":{"airport":"LFLG","name":"COLOR_GrasSurface","layer":"Terrain","category":"Grass","object_type":"Area","style_id":"polygon.grassurface.00512f","source_group":"COLOR_GrasSurface","vsmr_group_ids":[],"geometry_role":"filled_region"},"geometry":{"type":"Polygon","coordinates":[[[5.85141239978932,45.21902634115074],[5.851400036554564,45.21900618425143],[5.851402311326814,45.21898345004722],[5.851416712596311,45.21896076807224],[5.851439498415103,45.21893430213293],[5.851459074688965,45.2189192739398],[5.85148061522478,45.21890472386702],[5.851499360499712,45.21889427372246],[5.851520486214929,45.21889005464464],[5.851535815202029,45.21889267768281],[5.851557136192483,45.21889100472537],[5.851571333087002,45.21890100071899],[5.85229465814769,45.21942393547327],[5.852313687960276,45.21944673777094],[5.852328957602227,45.2194685101037],[5.852332887308127,45.21949059866839],[5.852320107208728,45.21951316786662],[5.852296708243863,45.2195308978375],[5.852267134659222,45.21954728908302],[5.85223062338282,45.21956069639212],[5.852196029982615,45.21956437464731],[5.852152717962584,45.21955468633869],[5.8520953945606,45.21952417946865],[5.852013682396984,45.21946707566957],[5.851948357160504,45.21941915692098],[5.851903067747244,45.21938457073783],[5.851846539177399,45.21934659916922],[5.851441162592179,45.2190486948007],[5.85141239978932,45.21902634115074]]]}},{"type":"Feature","id":"LFLG-f4528a49725878384859","properties":{"airport":"LFLG","name":"COLOR_GrasSurface","layer":"Terrain","category":"Grass","object_type":"Area","style_id":"polygon.grassurface.00512f","source_group":"COLOR_GrasSurface","vsmr_group_ids":[],"geometry_role":"filled_region"},"geometry":{"type":"Polygon","coordinates":[[[5.851330478603884,45.21871368167764],[5.851381899710598,45.21875332443593],[5.851385480080018,45.21877907983642],[5.851377633385704,45.21879566591394],[5.851359698337517,45.21881361404111],[5.851295464790416,45.21885976418965],[5.851258595465962,45.21886309279854],[5.851227196279432,45.21886344962262],[5.851198287240569,45.21885934944413],[5.851170246139008,45.21884240486384],[5.849614463594315,45.21770372345035],[5.849586349016529,45.21767719442973],[5.849561800673051,45.21764614010757],[5.849543671953925,45.21761868591318],[5.849537663039519,45.2175927871868],[5.849537171023911,45.21756652995395],[5.849550642308518,45.21753470961585],[5.849571518998236,45.2175174236082],[5.849615172166436,45.21749191881017],[5.849645619736322,45.21748080220866],[5.849675563615298,45.21748854995622],[5.851330478603884,45.21871368167764]]]}},{"type":"Feature","id":"LFLG-d3dba4b54324ecbc27d4","properties":{"airport":"LFLG","name":"COLOR_Building","layer":"Buildings and structures","category":"Buildings","object_type":"Area","style_id":"polygon.building.394446","source_group":"COLOR_Building","vsmr_group_ids":[],"geometry_role":"filled_region"},"geometry":{"type":"Polygon","coordinates":[[[5.844546411682496,45.21874733629076],[5.844648118917551,45.21873774231788],[5.84471935579135,45.21902393085047],[5.84460605617682,45.21903851667336],[5.844546411682496,45.21874733629076]]]}},{"type":"Feature","id":"LFLG-3b52dd99bc0d916c3659","properties":{"airport":"LFLG","name":"COLOR_Building","layer":"Buildings and structures","category":"Buildings","object_type":"Area","style_id":"polygon.building.394446","source_group":"COLOR_Building","vsmr_group_ids":[],"geometry_role":"filled_region"},"geometry":{"type":"Polygon","coordinates":[[[5.844919845645689,45.21950580639312],[5.844614609397112,45.21953142229999],[5.844562940728828,45.21926737760106],[5.844583056014525,45.2192590638077],[5.844577797965648,45.21921367825692],[5.84484788958366,45.21919411965646],[5.844919845645689,45.21950580639312]]]}},{"type":"Feature","id":"LFLG-4e282612e601065b25ef","properties":{"airport":"LFLG","name":"COLOR_Building","layer":"Buildings and structures","category":"Buildings","object_type":"Area","style_id":"polygon.building.394446","source_group":"COLOR_Building","vsmr_group_ids":[],"geometry_role":"filled_region"},"geometry":{"type":"Polygon","coordinates":[[[5.845258277702907,45.21952463378976],[5.845263453437049,45.21966698691836],[5.844924242527567,45.2196703606725],[5.844917740174211,45.21953941982346],[5.845258277702907,45.21952463378976]]]}},{"type":"Feature","id":"LFLG-d7f02abcd3ad16b85b87","properties":{"airport":"LFLG","name":"COLOR_Building","layer":"Buildings and structures","category":"Buildings","object_type":"Area","style_id":"polygon.building.394446","source_group":"COLOR_Building","vsmr_group_ids":[],"geometry_role":"filled_region"},"geometry":{"type":"Polygon","coordinates":[[[5.845519440734368,45.21891522766078],[5.84513892229417,45.21918364845677],[5.844997804914829,45.21907360419741],[5.845387527066439,45.21881807326494],[5.845519440734368,45.21891522766078]]]}},{"type":"Feature","id":"LFLG-e4ffc433c5d5c53cfa9c","properties":{"airport":"LFLG","name":"COLOR_Building","layer":"Buildings and structures","category":"Buildings","object_type":"Area","style_id":"polygon.building.394446","source_group":"COLOR_Building","vsmr_group_ids":[],"geometry_role":"filled_region"},"geometry":{"type":"Polygon","coordinates":[[[5.846064359878536,45.21938825527872],[5.845690596762118,45.2196480346491],[5.845546392725107,45.21953731216064],[5.845929197254702,45.21928717205319],[5.846064359878536,45.21938825527872]]]}},{"type":"Feature","id":"LFLG-f40c7caf72ef798de63e","properties":{"airport":"LFLG","name":"COLOR_Building","layer":"Buildings and structures","category":"Buildings","object_type":"Area","style_id":"polygon.building.394446","source_group":"COLOR_Building","vsmr_group_ids":[],"geometry_role":"filled_region"},"geometry":{"type":"Polygon","coordinates":[[[5.846358345517748,45.21437623430837],[5.84639395308872,45.21440045577474],[5.846435208604444,45.21438432850562],[5.846627800603752,45.21454591440784],[5.846592081636707,45.2145674822743],[5.84661243741585,45.21458224565404],[5.846400105080996,45.21471638188089],[5.84614039051838,45.21450655637536],[5.846358345517748,45.21437623430837]]]}},{"type":"Feature","id":"LFLG-35ec34373f67b724edbb","properties":{"airport":"LFLG","name":"COLOR_Building","layer":"Buildings and structures","category":"Buildings","object_type":"Area","style_id":"polygon.building.394446","source_group":"COLOR_Building","vsmr_group_ids":[],"geometry_role":"filled_region"},"geometry":{"type":"Polygon","coordinates":[[[5.846629490645599,45.21458511673728],[5.846781482493506,45.21469994211341],[5.846561264221208,45.21482572196174],[5.846414878303941,45.21471624346534],[5.846629490645599,45.21458511673728]]]}},{"type":"Feature","id":"LFLG-c00611647a8a5518419b","properties":{"airport":"LFLG","name":"COLOR_Building","layer":"Buildings and structures","category":"Buildings","object_type":"Area","style_id":"polygon.building.394446","source_group":"COLOR_Building","vsmr_group_ids":[],"geometry_role":"filled_region"},"geometry":{"type":"Polygon","coordinates":[[[5.846554432517246,45.21483740414342],[5.846838934391185,45.21467445580488],[5.847189117657051,45.21494168393523],[5.846913404855041,45.21509950780102],[5.846554432517246,45.21483740414342]]]}},{"type":"Feature","id":"LFLG-02c603b8045d20622ea4","properties":{"airport":"LFLG","name":"COLOR_Building","layer":"Buildings and structures","category":"Buildings","object_type":"Area","style_id":"polygon.building.394446","source_group":"COLOR_Building","vsmr_group_ids":[],"geometry_role":"filled_region"},"geometry":{"type":"Polygon","coordinates":[[[5.847209087169254,45.21524067287428],[5.847194522297585,45.21524978231999],[5.847181477721646,45.2152360247494],[5.847196037663219,45.2152269894475],[5.847209087169254,45.21524067287428]]]}},{"type":"Feature","id":"LFLG-e2659fd0a567470d5242","properties":{"airport":"LFLG","name":"COLOR_Building","layer":"Buildings and structures","category":"Buildings","object_type":"Area","style_id":"polygon.building.394446","source_group":"COLOR_Building","vsmr_group_ids":[],"geometry_role":"filled_region"},"geometry":{"type":"Polygon","coordinates":[[[5.847167824512982,45.21522033250771],[5.847154435027941,45.21522955242641],[5.847141962903009,45.21521884016764],[5.847155922681962,45.21520787602274],[5.847167824512982,45.21522033250771]]]}},{"type":"Feature","id":"LFLG-32cfa4b2b205a8b82193","properties":{"airport":"LFLG","name":"COLOR_Building","layer":"Buildings and structures","category":"Buildings","object_type":"Area","style_id":"polygon.building.394446","source_group":"COLOR_Building","vsmr_group_ids":[],"geometry_role":"filled_region"},"geometry":{"type":"Polygon","coordinates":[[[5.847331360083587,45.21534279912069],[5.847301524689432,45.21536511703624],[5.847262535595239,45.2153342300258],[5.847295014489074,45.21531271883572],[5.847331360083587,45.21534279912069]]]}},{"type":"Feature","id":"LFLG-3de15194f00d09ef6dfc","properties":{"airport":"LFLG","name":"COLOR_Building","layer":"Buildings and structures","category":"Buildings","object_type":"Area","style_id":"polygon.building.394446","source_group":"COLOR_Building","vsmr_group_ids":[],"geometry_role":"filled_region"},"geometry":{"type":"Polygon","coordinates":[[[5.847293102463935,45.21537930800518],[5.847559578660164,45.21521372420098],[5.848072006635416,45.21558411605798],[5.847794829502351,45.21575224785234],[5.847293102463935,45.21537930800518]]]}},{"type":"Feature","id":"LFLG-2bcbaa49169cdaa4562c","properties":{"airport":"LFLG","name":"COLOR_Building","layer":"Buildings and structures","category":"Buildings","object_type":"Area","style_id":"polygon.building.394446","source_group":"COLOR_Building","vsmr_group_ids":[],"geometry_role":"filled_region"},"geometry":{"type":"Polygon","coordinates":[[[5.847984002281013,45.21587980743945],[5.848075422888117,45.21581542434593],[5.848063467174378,45.21580082065564],[5.84813310992976,45.215764131322],[5.848202026915919,45.21581731398296],[5.848165821682647,45.21583639370646],[5.848143778879145,45.21585004458196],[5.848239461358005,45.21591205782057],[5.84831288783854,45.21586807620473],[5.848403729183786,45.21593732914571],[5.848224804345941,45.21604918598781],[5.847984002281013,45.21587980743945]]]}},{"type":"Feature","id":"LFLG-c64c8f38baeca724efbd","properties":{"airport":"LFLG","name":"COLOR_Building","layer":"Buildings and structures","category":"Buildings","object_type":"Area","style_id":"polygon.building.394446","source_group":"COLOR_Building","vsmr_group_ids":[],"geometry_role":"filled_region"},"geometry":{"type":"Polygon","coordinates":[[[5.848414276765215,45.2160801186691],[5.848492579056385,45.2161472942695],[5.848410537736828,45.21619274243839],[5.848331572471221,45.21612974080977],[5.848414276765215,45.2160801186691]]]}},{"type":"Feature","id":"LFLG-485d315e6da67119503d","properties":{"airport":"LFLG","name":"COLOR_Building","layer":"Buildings and structures","category":"Buildings","object_type":"Area","style_id":"polygon.building.394446","source_group":"COLOR_Building","vsmr_group_ids":[],"geometry_role":"filled_region"},"geometry":{"type":"Polygon","coordinates":[[[5.849540044158541,45.21683050006989],[5.849393486526351,45.21692670536554],[5.848522392866387,45.21627089227546],[5.848673089567525,45.21616994757799],[5.849540044158541,45.21683050006989]]]}},{"type":"Feature","id":"LFLG-30a765197b7c15878274","properties":{"airport":"LFLG","name":"COLOR_Building","layer":"Buildings and structures","category":"Buildings","object_type":"Area","style_id":"polygon.building.394446","source_group":"COLOR_Building","vsmr_group_ids":[],"geometry_role":"filled_region"},"geometry":{"type":"Polygon","coordinates":[[[5.84881686576807,45.21621846251905],[5.848763469000922,45.21617678127021],[5.848860604333758,45.21611897228326],[5.848911172270577,45.21615773727603],[5.84881686576807,45.21621846251905]]]}},{"type":"Feature","id":"LFLG-81b52332170584d49d49","properties":{"airport":"LFLG","name":"COLOR_Building","layer":"Buildings and structures","category":"Buildings","object_type":"Area","style_id":"polygon.building.394446","source_group":"COLOR_Building","vsmr_group_ids":[],"geometry_role":"filled_region"},"geometry":{"type":"Polygon","coordinates":[[[5.848927489638454,45.21613948788862],[5.848881106879221,45.21610290456078],[5.84899245765566,45.21602162243936],[5.849047504736234,45.21605703152764],[5.848927489638454,45.21613948788862]]]}},{"type":"Feature","id":"LFLG-0aafb3af19fff1019fd2","properties":{"airport":"LFLG","name":"COLOR_Building","layer":"Buildings and structures","category":"Buildings","object_type":"Area","style_id":"polygon.building.394446","source_group":"COLOR_Building","vsmr_group_ids":[],"geometry_role":"filled_region"},"geometry":{"type":"Polygon","coordinates":[[[5.850020689216395,45.21688282930385],[5.84981683557241,45.21702148369947],[5.848866865661755,45.21631236295468],[5.849086906658978,45.21618234421712],[5.850020689216395,45.21688282930385]]]}},{"type":"Feature","id":"LFLG-840976955b5275370a3d","properties":{"airport":"LFLG","name":"COLOR_Building","layer":"Buildings and structures","category":"Buildings","object_type":"Area","style_id":"polygon.building.394446","source_group":"COLOR_Building","vsmr_group_ids":[],"geometry_role":"filled_region"},"geometry":{"type":"Polygon","coordinates":[[[5.849624667229032,45.21689239791487],[5.849809109102586,45.21702395729496],[5.849662534760423,45.21712506470691],[5.849481741463989,45.21698846889009],[5.849624667229032,45.21689239791487]]]}},{"type":"Feature","id":"LFLG-6b3c044fad6584bc6dd7","properties":{"airport":"LFLG","name":"COLOR_Building","layer":"Buildings and structures","category":"Buildings","object_type":"Area","style_id":"polygon.building.394446","source_group":"COLOR_Building","vsmr_group_ids":[],"geometry_role":"filled_region"},"geometry":{"type":"Polygon","coordinates":[[[5.848648265480058,45.21545126659004],[5.848738788076377,45.21539169267272],[5.848848639528413,45.21546978352541],[5.848758918413774,45.2155320495368],[5.848648265480058,45.21545126659004]]]}},{"type":"Feature","id":"LFLG-c8aff08e0e965407d04f","properties":{"airport":"LFLG","name":"COLOR_Building","layer":"Buildings and structures","category":"Buildings","object_type":"Area","style_id":"polygon.building.394446","source_group":"COLOR_Building","vsmr_group_ids":[],"geometry_role":"filled_region"},"geometry":{"type":"Polygon","coordinates":[[[5.848879830165425,45.21549899827365],[5.848927535180584,45.21553131289192],[5.848840832159121,45.21558577884889],[5.84879532430106,45.21555405103672],[5.848879830165425,45.21549899827365]]]}},{"type":"Feature","id":"LFLG-35014c3645e3fc4c2d13","properties":{"airport":"LFLG","name":"COLOR_Building","layer":"Buildings and structures","category":"Buildings","object_type":"Area","style_id":"polygon.building.394446","source_group":"COLOR_Building","vsmr_group_ids":[],"geometry_role":"filled_region"},"geometry":{"type":"Polygon","coordinates":[[[5.849641059811543,45.21592413084512],[5.849445646037581,45.21605437545283],[5.849206988897251,45.21587851170738],[5.849422095988411,45.21575576094853],[5.849641059811543,45.21592413084512]]]}},{"type":"Feature","id":"LFLG-a0935bfe8414057645be","properties":{"airport":"LFLG","name":"COLOR_Building","layer":"Buildings and structures","category":"Buildings","object_type":"Area","style_id":"polygon.building.394446","source_group":"COLOR_Building","vsmr_group_ids":[],"geometry_role":"filled_region"},"geometry":{"type":"Polygon","coordinates":[[[5.849453811919892,45.21607093612943],[5.84966339687722,45.21594015624837],[5.849855857752157,45.2160883224114],[5.849898684262755,45.21606977849821],[5.850003682346763,45.21615194426654],[5.850046471688413,45.21613058335347],[5.85016444035343,45.21622209625037],[5.849896819656406,45.2164017490143],[5.849453811919892,45.21607093612943]]]}},{"type":"Feature","id":"LFLG-a71ddcad1001d47e9c88","properties":{"airport":"LFLG","name":"COLOR_Building","layer":"Buildings and structures","category":"Buildings","object_type":"Area","style_id":"polygon.building.394446","source_group":"COLOR_Building","vsmr_group_ids":[],"geometry_role":"filled_region"},"geometry":{"type":"Polygon","coordinates":[[[5.849890783311182,45.21642854828753],[5.850199958569078,45.2162358601657],[5.850574556956967,45.21651323809148],[5.850589234104245,45.21650876181708],[5.850605163483939,45.21652303524078],[5.85059143737455,45.2165394228631],[5.850773613637386,45.21666768325792],[5.850471582193251,45.21685992180149],[5.849890783311182,45.21642854828753]]]}},{"type":"Feature","id":"LFLG-7bf38740b018af7e88b6","properties":{"airport":"LFLG","name":"COLOR_Building","layer":"Buildings and structures","category":"Buildings","object_type":"Area","style_id":"polygon.building.394446","source_group":"COLOR_Building","vsmr_group_ids":[],"geometry_role":"filled_region"},"geometry":{"type":"Polygon","coordinates":[[[5.850128515273059,45.21733530136278],[5.850028594082596,45.21740344816098],[5.849961950754061,45.21735196155111],[5.849979383590975,45.21734160046195],[5.849940478064575,45.21731742410036],[5.850002174023137,45.21727549996205],[5.850041306605471,45.21729778954148],[5.850066774837015,45.21728790813873],[5.850128515273059,45.21733530136278]]]}},{"type":"Feature","id":"LFLG-af568acd86a01a63c250","properties":{"airport":"LFLG","name":"COLOR_Building","layer":"Buildings and structures","category":"Buildings","object_type":"Area","style_id":"polygon.building.394446","source_group":"COLOR_Building","vsmr_group_ids":[],"geometry_role":"filled_region"},"geometry":{"type":"Polygon","coordinates":[[[5.850864210455113,45.21732498235826],[5.850809881488628,45.21736223846954],[5.850730396222739,45.2173056204855],[5.850788356084848,45.21726650437877],[5.850864210455113,45.21732498235826]]]}},{"type":"Feature","id":"LFLG-04fbcc6cde2fb8fa95df","properties":{"airport":"LFLG","name":"COLOR_Building","layer":"Buildings and structures","category":"Buildings","object_type":"Area","style_id":"polygon.building.394446","source_group":"COLOR_Building","vsmr_group_ids":[],"geometry_role":"filled_region"},"geometry":{"type":"Polygon","coordinates":[[[5.851133887293914,45.21746543486174],[5.85106654492741,45.21751088435922],[5.851022821184165,45.21747680827708],[5.85109487318573,45.21743286365985],[5.851133887293914,45.21746543486174]]]}},{"type":"Feature","id":"LFLG-d96aa3d58d1d7a874704","properties":{"airport":"LFLG","name":"COLOR_Building","layer":"Buildings and structures","category":"Buildings","object_type":"Area","style_id":"polygon.building.394446","source_group":"COLOR_Building","vsmr_group_ids":[],"geometry_role":"filled_region"},"geometry":{"type":"Polygon","coordinates":[[[5.851323306989523,45.21756570538266],[5.851243651591744,45.2176272180512],[5.851221686372082,45.21761130356666],[5.851127078640593,45.21767336746786],[5.851036483990271,45.21760261548301],[5.8512123850111,45.21748514381934],[5.851323306989523,45.21756570538266]]]}},{"type":"Feature","id":"LFLG-5ff57b2a694e72e02ee7","properties":{"airport":"LFLG","name":"COLOR_Building","layer":"Buildings and structures","category":"Buildings","object_type":"Area","style_id":"polygon.building.394446","source_group":"COLOR_Building","vsmr_group_ids":[],"geometry_role":"filled_region"},"geometry":{"type":"Polygon","coordinates":[[[5.851140079980437,45.21785075331733],[5.851378276364414,45.21803020054568],[5.851128734760374,45.21819389685729],[5.850879463491347,45.2180179308063],[5.851140079980437,45.21785075331733]]]}},{"type":"Feature","id":"LFLG-180d6af37098ccc9384c","properties":{"airport":"LFLG","name":"COLOR_Building","layer":"Buildings and structures","category":"Buildings","object_type":"Area","style_id":"polygon.building.394446","source_group":"COLOR_Building","vsmr_group_ids":[],"geometry_role":"filled_region"},"geometry":{"type":"Polygon","coordinates":[[[5.851401953020989,45.21804511719432],[5.851677983180679,45.21825132684297],[5.851424535110987,45.21842109108266],[5.851134954594741,45.21820897253502],[5.851401953020989,45.21804511719432]]]}},{"type":"Feature","id":"LFLG-4a1cecef183f5534c01a","properties":{"airport":"LFLG","name":"COLOR_Building","layer":"Buildings and structures","category":"Buildings","object_type":"Area","style_id":"polygon.building.394446","source_group":"COLOR_Building","vsmr_group_ids":[],"geometry_role":"filled_region"},"geometry":{"type":"Polygon","coordinates":[[[5.851706417106812,45.21826538037394],[5.851881147861098,45.21839915200004],[5.851625868200747,45.21856204325271],[5.851455013107973,45.21843420014169],[5.851706417106812,45.21826538037394]]]}},{"type":"Feature","id":"LFLG-ccacc3d05ae470fcd2a7","properties":{"airport":"LFLG","name":"COLOR_Building","layer":"Buildings and structures","category":"Buildings","object_type":"Area","style_id":"polygon.building.394446","source_group":"COLOR_Building","vsmr_group_ids":[],"geometry_role":"filled_region"},"geometry":{"type":"Polygon","coordinates":[[[5.852016904607742,45.21885244037944],[5.851837904638515,45.2187227809344],[5.852090542202824,45.2185539797099],[5.85226002837548,45.21868091386839],[5.852016904607742,45.21885244037944]]]}},{"type":"Feature","id":"LFLG-55db868426c7674ffb84","properties":{"airport":"LFLG","name":"COLOR_Building","layer":"Buildings and structures","category":"Buildings","object_type":"Area","style_id":"polygon.building.394446","source_group":"COLOR_Building","vsmr_group_ids":[],"geometry_role":"filled_region"},"geometry":{"type":"Polygon","coordinates":[[[5.852703468205036,45.21927353738356],[5.852760792615674,45.21930174552888],[5.852728237682605,45.21933848809064],[5.852671054247858,45.21930799520275],[5.852703468205036,45.21927353738356]]]}},{"type":"Feature","id":"LFLG-8a09a1d231b0a0a7e0e1","properties":{"airport":"LFLG","name":"COLOR_Building","layer":"Buildings and structures","category":"Buildings","object_type":"Area","style_id":"polygon.building.394446","source_group":"COLOR_Building","vsmr_group_ids":[],"geometry_role":"filled_region"},"geometry":{"type":"Polygon","coordinates":[[[5.852565941822075,45.2189002843913],[5.852499879835953,45.21894384434653],[5.852344374972207,45.21883135127935],[5.852414303933489,45.21878600844749],[5.852565941822075,45.2189002843913]]]}},{"type":"Feature","id":"LFLG-66d0a1fa64f05ffc323c","properties":{"airport":"LFLG","name":"COLOR_Building","layer":"Buildings and structures","category":"Buildings","object_type":"Area","style_id":"polygon.building.394446","source_group":"COLOR_Building","vsmr_group_ids":[],"geometry_role":"filled_region"},"geometry":{"type":"Polygon","coordinates":[[[5.852662208406678,45.21893884193268],[5.852631085513076,45.21895959058926],[5.852568751614613,45.21891740574221],[5.852599694801446,45.21889894235181],[5.852662208406678,45.21893884193268]]]}},{"type":"Feature","id":"LFLG-c6f81bfa558d06bc704c","properties":{"airport":"LFLG","name":"COLOR_Building","layer":"Buildings and structures","category":"Buildings","object_type":"Area","style_id":"polygon.building.394446","source_group":"COLOR_Building","vsmr_group_ids":[],"geometry_role":"filled_region"},"geometry":{"type":"Polygon","coordinates":[[[5.851687304229092,45.2180036742697],[5.851849357657448,45.2179041458552],[5.852347320803426,45.21827370748083],[5.852256841627694,45.218324734792],[5.852208739660245,45.21829923275179],[5.852096346930661,45.21835253715594],[5.851972104418664,45.21826358876639],[5.852006573101152,45.21823333956941],[5.851687304229092,45.2180036742697]]]}},{"type":"Feature","id":"LFLG-d8ff512aefcc0bbf6461","properties":{"airport":"LFLG","name":"COLOR_Building","layer":"Buildings and structures","category":"Buildings","object_type":"Area","style_id":"polygon.building.394446","source_group":"COLOR_Building","vsmr_group_ids":[],"geometry_role":"filled_region"},"geometry":{"type":"Polygon","coordinates":[[[5.853244609311881,45.2188777184686],[5.853075782869295,45.21899862736265],[5.852745629334743,45.21875720986521],[5.852923411154549,45.21863368638945],[5.853244609311881,45.2188777184686]]]}},{"type":"Feature","id":"LFLG-2c25d0924120e48773c0","properties":{"airport":"LFLG","name":"COLOR_Building","layer":"Buildings and structures","category":"Buildings","object_type":"Area","style_id":"polygon.building.394446","source_group":"COLOR_Building","vsmr_group_ids":[],"geometry_role":"filled_region"},"geometry":{"type":"Polygon","coordinates":[[[5.852818156541304,45.21868132835267],[5.852750369458217,45.218726973461],[5.852589580071852,45.21861716371666],[5.852564332981833,45.21863032225038],[5.852530161718614,45.21859445482189],[5.852570251759602,45.2185619735699],[5.852619633955993,45.21854475763508],[5.852818156541304,45.21868132835267]]]}},{"type":"Feature","id":"LFLG-c3847d56916a6350a35f","properties":{"airport":"LFLG","name":"COLOR_Building","layer":"Buildings and structures","category":"Buildings","object_type":"Area","style_id":"polygon.building.394446","source_group":"COLOR_Building","vsmr_group_ids":[],"geometry_role":"filled_region"},"geometry":{"type":"Polygon","coordinates":[[[5.852669984865136,45.21844384185096],[5.852725362155049,45.21848524325325],[5.852644031092044,45.21853839583264],[5.852586783811809,45.21849789143642],[5.852669984865136,45.21844384185096]]]}},{"type":"Feature","id":"LFLG-52841a22df2cdeab380c","properties":{"airport":"LFLG","name":"COLOR_Building","layer":"Buildings and structures","category":"Buildings","object_type":"Area","style_id":"polygon.building.394446","source_group":"COLOR_Building","vsmr_group_ids":[],"geometry_role":"filled_region"},"geometry":{"type":"Polygon","coordinates":[[[5.852134882752895,45.21837916286793],[5.852194071718603,45.21842288123973],[5.852158986220577,45.21843794604821],[5.85210717929137,45.21839901707754],[5.852134882752895,45.21837916286793]]]}},{"type":"Feature","id":"LFLG-f1c03a6f3e4512e777ba","properties":{"airport":"LFLG","name":"COLOR_Building","layer":"Buildings and structures","category":"Buildings","object_type":"Area","style_id":"polygon.building.394446","source_group":"COLOR_Building","vsmr_group_ids":[],"geometry_role":"filled_region"},"geometry":{"type":"Polygon","coordinates":[[[5.852199260436999,45.21842579080822],[5.852245666053868,45.21846026808343],[5.852219122957527,45.21848383379849],[5.852164672473046,45.21844413263041],[5.852199260436999,45.21842579080822]]]}},{"type":"Feature","id":"LFLG-06e80c017a3f1770d1e8","properties":{"airport":"LFLG","name":"COLOR_Building","layer":"Buildings and structures","category":"Buildings","object_type":"Area","style_id":"polygon.building.394446","source_group":"COLOR_Building","vsmr_group_ids":[],"geometry_role":"filled_region"},"geometry":{"type":"Polygon","coordinates":[[[5.852265351640289,45.21847244386472],[5.852319479800543,45.21851054493746],[5.852286064452155,45.21853397140319],[5.852233251727381,45.2184898825089],[5.852265351640289,45.21847244386472]]]}},{"type":"Feature","id":"LFLG-221f0eaa61700b113191","properties":{"airport":"LFLG","name":"COLOR_Building","layer":"Buildings and structures","category":"Buildings","object_type":"Area","style_id":"polygon.building.394446","source_group":"COLOR_Building","vsmr_group_ids":[],"geometry_role":"filled_region"},"geometry":{"type":"Polygon","coordinates":[[[5.852190537130742,45.21833833807412],[5.852219014888094,45.21837186430056],[5.852188939498754,45.2183874361976],[5.852149243804464,45.21835288726686],[5.852190537130742,45.21833833807412]]]}},{"type":"Feature","id":"LFLG-0c2b3175e299b79e84a0","properties":{"airport":"LFLG","name":"COLOR_Building","layer":"Buildings and structures","category":"Buildings","object_type":"Area","style_id":"polygon.building.394446","source_group":"COLOR_Building","vsmr_group_ids":[],"geometry_role":"filled_region"},"geometry":{"type":"Polygon","coordinates":[[[5.852244322394604,45.21838880868101],[5.852372166739215,45.21848162676398],[5.852340733763852,45.2185014840269],[5.85221469949623,45.2184089411134],[5.852244322394604,45.21838880868101]]]}},{"type":"Feature","id":"LFLG-66ec3bc915525e4a84ee","properties":{"airport":"LFLG","name":"COLOR_Building","layer":"Buildings and structures","category":"Buildings","object_type":"Area","style_id":"polygon.building.394446","source_group":"COLOR_Building","vsmr_group_ids":[],"geometry_role":"filled_region"},"geometry":{"type":"Polygon","coordinates":[[[5.852289157408606,45.21836132106207],[5.852411709361252,45.21844996440382],[5.852378572794241,45.21847311858745],[5.852260386340598,45.21838553534127],[5.852289157408606,45.21836132106207]]]}},{"type":"Feature","id":"LFLG-bc44f3e6a826ec02c7e0","properties":{"airport":"LFLG","name":"COLOR_Building","layer":"Buildings and structures","category":"Buildings","object_type":"Area","style_id":"polygon.building.394446","source_group":"COLOR_Building","vsmr_group_ids":[],"geometry_role":"filled_region"},"geometry":{"type":"Polygon","coordinates":[[[5.85242383061799,45.21845327006339],[5.852468298948247,45.21848631089446],[5.852383432568285,45.21854134891955],[5.852342607589347,45.21850867519382],[5.85242383061799,45.21845327006339]]]}},{"type":"Feature","id":"LFLG-d300fe46c8b33316392f","properties":{"airport":"LFLG","name":"COLOR_Building","layer":"Buildings and structures","category":"Buildings","object_type":"Area","style_id":"polygon.building.394446","source_group":"COLOR_Building","vsmr_group_ids":[],"geometry_role":"filled_region"},"geometry":{"type":"Polygon","coordinates":[[[5.842245296054771,45.21619414055533],[5.842203889606081,45.21617020926252],[5.842227312217291,45.21615100672294],[5.842267993520139,45.21617626832364],[5.842245296054771,45.21619414055533]]]}},{"type":"Feature","id":"LFLG-23d4d6d77c77af4ccdf1","properties":{"airport":"LFLG","name":"COLOR_Building","layer":"Buildings and structures","category":"Buildings","object_type":"Area","style_id":"polygon.building.394446","source_group":"COLOR_Building","vsmr_group_ids":[],"geometry_role":"filled_region"},"geometry":{"type":"Polygon","coordinates":[[[5.842171813086841,45.21613987073126],[5.842150013956021,45.2161270014218],[5.842163507054579,45.21611349662947],[5.842187754524371,45.2161249685062],[5.842171813086841,45.21613987073126]]]}},{"type":"Feature","id":"LFLG-dc0ac31f51655963b35b","properties":{"airport":"LFLG","name":"COLOR_Building","layer":"Buildings and structures","category":"Buildings","object_type":"Area","style_id":"polygon.building.394446","source_group":"COLOR_Building","vsmr_group_ids":[],"geometry_role":"filled_region"},"geometry":{"type":"Polygon","coordinates":[[[5.844185754067923,45.21936553191126],[5.844188520662796,45.21938962560738],[5.844116974100421,45.21938957589901],[5.844116307769931,45.21936898190065],[5.844185754067923,45.21936553191126]]]}},{"type":"Feature","id":"LFLG-e5123fbf9ca79e11627f","properties":{"airport":"LFLG","name":"COLOR_Stopbar","layer":"Surface markings","category":"Stopbars","object_type":"Area","style_id":"polygon.stopbar.7e0000","source_group":"COLOR_Stopbar","vsmr_group_ids":[],"geometry_role":"filled_region"},"geometry":{"type":"Polygon","coordinates":[[[5.845074893671846,45.21503149446753],[5.845088563560667,45.21502227153596],[5.8451809319562,45.21508597418661],[5.845167553875577,45.21509537959354],[5.845074893671846,45.21503149446753]]]}},{"type":"Feature","id":"LFLG-d124fea58a9ea2f4874c","properties":{"airport":"LFLG","name":"COLOR_Stopbar","layer":"Surface markings","category":"Stopbars","object_type":"Area","style_id":"polygon.stopbar.7e0000","source_group":"COLOR_Stopbar","vsmr_group_ids":[],"geometry_role":"filled_region"},"geometry":{"type":"Polygon","coordinates":[[[5.846653282503382,45.21618546678745],[5.846639485874583,45.21619544658046],[5.846557909410539,45.21612770021205],[5.84657041152936,45.21611885876042],[5.846653282503382,45.21618546678745]]]}},{"type":"Feature","id":"LFLG-3479f2d21cf3ee65838a","properties":{"airport":"LFLG","name":"COLOR_Stopbar","layer":"Surface markings","category":"Stopbars","object_type":"Area","style_id":"polygon.stopbar.7e0000","source_group":"COLOR_Stopbar","vsmr_group_ids":[],"geometry_role":"filled_region"},"geometry":{"type":"Polygon","coordinates":[[[5.849004383124612,45.21791050012212],[5.848990322566195,45.21792144507764],[5.848893155717667,45.21785208593967],[5.848906542882963,45.21784240246332],[5.849004383124612,45.21791050012212]]]}},{"type":"Feature","id":"LFLG-30500ded90b4c2cfc88b","properties":{"airport":"LFLG","name":"COLOR_Stopbar","layer":"Surface markings","category":"Stopbars","object_type":"Area","style_id":"polygon.stopbar.7e0000","source_group":"COLOR_Stopbar","vsmr_group_ids":[],"geometry_role":"filled_region"},"geometry":{"type":"Polygon","coordinates":[[[5.850857637499834,45.21929794987567],[5.85084713457986,45.21930655580032],[5.850754424639575,45.21923960955646],[5.850766597772276,45.21923113599392],[5.850857637499834,45.21929794987567]]]}},{"type":"Feature","id":"LFLG-4870004eb78340fbd01c","properties":{"airport":"LFLG","name":"COLOR_Stopbar","layer":"Surface markings","category":"Stopbars","object_type":"Area","style_id":"polygon.stopbar.7e0000","source_group":"COLOR_Stopbar","vsmr_group_ids":[],"geometry_role":"filled_region"},"geometry":{"type":"Polygon","coordinates":[[[5.852877943021991,45.22074812770553],[5.852867735831717,45.22075929032761],[5.852780010069343,45.22070526753802],[5.852787582930301,45.22069449899745],[5.852877943021991,45.22074812770553]]]}},{"type":"Feature","id":"LFLG-a81d09ecfae7f2b487e9","properties":{"airport":"LFLG","name":"COLOR_Taxiway","layer":"Guidance lines","category":"Taxiways","object_type":"Line","style_id":"line.taxiway.c0b631","source_group":"COLOR_Taxiway","vsmr_group_ids":[],"geometry_role":"linework"},"geometry":{"type":"LineString","coordinates":[[5.844842414249614,45.2152942485974],[5.844852016489996,45.21527527966871],[5.844863836323309,45.21525356426186],[5.844883853136055,45.21522999816052],[5.844912469549055,45.21520378141673],[5.844955973019741,45.21517266011908],[5.845002070343559,45.21514149218476],[5.84506203257302,45.21510531448141],[5.845329996586559,45.21492118784798],[5.845397106963015,45.2148837463572],[5.845453077965268,45.21486221504534],[5.845506267264913,45.21485453017149],[5.845552277792341,45.2148543570227],[5.845591916887467,45.21485645379093],[5.845640337855443,45.21486345300503],[5.845681457212382,45.21487747876767],[5.845741326783063,45.21490368785309],[5.845779853777458,45.21492637541652],[5.845842510707442,45.21497075177412],[5.84689788983675,45.21575232318092],[5.846936473294299,45.21577160847256],[5.846976186938613,45.21578447224715],[5.847012732110482,45.21578991890095],[5.847044933548478,45.21579397497183],[5.847083121130375,45.2157949260235],[5.847120542244742,45.21579319119058],[5.847156112246386,45.21578724881189]]}},{"type":"Feature","id":"LFLG-9d36b1c5123255c1d84a","properties":{"airport":"LFLG","name":"COLOR_Taxiway","layer":"Guidance lines","category":"Taxiways","object_type":"Line","style_id":"line.taxiway.c0b631","source_group":"COLOR_Taxiway","vsmr_group_ids":[],"geometry_role":"linework"},"geometry":{"type":"LineString","coordinates":[[5.846736405301547,45.21532554935654],[5.846382210688068,45.21556682933034]]}},{"type":"Feature","id":"LFLG-dc9615b0158a011d6f02","properties":{"airport":"LFLG","name":"COLOR_Taxiway","layer":"Guidance lines","category":"Taxiways","object_type":"Line","style_id":"line.taxiway.c0b631","source_group":"COLOR_Taxiway","vsmr_group_ids":[],"geometry_role":"linework"},"geometry":{"type":"LineString","coordinates":[[5.846182134804188,45.21477410337218],[5.846196317049266,45.21477951450259],[5.846206008226247,45.21478991120363],[5.84620610748151,45.21480051709085],[5.846200774447457,45.21481445986436],[5.846194178130784,45.21482403504953],[5.8461826431662,45.21483128509406],[5.846165619134376,45.21483685643419],[5.84614834316652,45.21483637226091],[5.846131743062848,45.21482572984151],[5.846125144835524,45.21481669652828],[5.846118766221686,45.21480018986075],[5.846127682246625,45.21478396348934],[5.846144439260261,45.21477310288883],[5.846159976681211,45.21477090595339],[5.846182134804188,45.21477410337218]]}},{"type":"Feature","id":"LFLG-a8d868855f88dfa6c3f7","properties":{"airport":"LFLG","name":"COLOR_Taxiway","layer":"Guidance lines","category":"Taxiways","object_type":"Line","style_id":"line.taxiway.c0b631","source_group":"COLOR_Taxiway","vsmr_group_ids":[],"geometry_role":"linework"},"geometry":{"type":"LineString","coordinates":[[5.845969631509207,45.21461215381765],[5.845886112017624,45.21466457984492]]}},{"type":"Feature","id":"LFLG-8c8c0ae87a0b9fde5f76","properties":{"airport":"LFLG","name":"COLOR_Taxiway","layer":"Guidance lines","category":"Taxiways","object_type":"Line","style_id":"line.taxiway.c0b631","source_group":"COLOR_Taxiway","vsmr_group_ids":[],"geometry_role":"linework"},"geometry":{"type":"LineString","coordinates":[[5.846218864598214,45.21476544817348],[5.84613110141871,45.21482207846297]]}},{"type":"Feature","id":"LFLG-a7ea64372495d20925b1","properties":{"airport":"LFLG","name":"COLOR_Taxiway","layer":"Guidance lines","category":"Taxiways","object_type":"Line","style_id":"line.taxiway.c0b631","source_group":"COLOR_Taxiway","vsmr_group_ids":[],"geometry_role":"linework"},"geometry":{"type":"LineString","coordinates":[[5.846385234704965,45.21491513597363],[5.846388141190058,45.21492934993451],[5.846386057867443,45.21494575664761],[5.846374848186199,45.21495668802543],[5.846359083721486,45.21496352109402],[5.846345728742303,45.21496564191889],[5.846331214401415,45.21496364341095],[5.846320837777414,45.214960198154],[5.846310869651051,45.21495407281741],[5.846302696157409,45.21494296647258],[5.846299463580702,45.21493159992384],[5.846302914416759,45.21491935138125],[5.846313035514799,45.21490946965101],[5.846328410974304,45.21490131318102],[5.846343323769583,45.21490046388473],[5.846366599551944,45.21490340215598],[5.846385234704965,45.21491513597363]]}},{"type":"Feature","id":"LFLG-dc674a72dffb02904268","properties":{"airport":"LFLG","name":"COLOR_Taxiway","layer":"Guidance lines","category":"Taxiways","object_type":"Line","style_id":"line.taxiway.c0b631","source_group":"COLOR_Taxiway","vsmr_group_ids":[],"geometry_role":"linework"},"geometry":{"type":"LineString","coordinates":[[5.846312825497295,45.21495566598753],[5.846380299615248,45.21491088563354]]}},{"type":"Feature","id":"LFLG-89b71ea43a630114518e","properties":{"airport":"LFLG","name":"COLOR_Taxiway","layer":"Guidance lines","category":"Taxiways","object_type":"Line","style_id":"line.taxiway.c0b631","source_group":"COLOR_Taxiway","vsmr_group_ids":[],"geometry_role":"linework"},"geometry":{"type":"LineString","coordinates":[[5.846517885797855,45.21506728596421],[5.84651416389339,45.21506493274576],[5.846529416655724,45.21507932599391],[5.846531571031981,45.21509199519344],[5.846526812385244,45.21510364196056],[5.846517174561125,45.21511310215866],[5.846503111166117,45.21511987847358],[5.846493077076138,45.21512225468151],[5.846481364149709,45.21512110744701],[5.846471249503409,45.21511929844171],[5.846456786973116,45.21511690104369],[5.846447008770149,45.21510834484738],[5.846439965472303,45.21509896462278],[5.846438613037199,45.2150887213454],[5.846441848932171,45.21507986786691],[5.846451899497591,45.21506996530494],[5.846465649075247,45.2150624121352],[5.846478804527175,45.21505870533393],[5.846495035190948,45.21505911453082],[5.846517885797855,45.21506728596421]]}},{"type":"Feature","id":"LFLG-efdb84347cb5c7ef7594","properties":{"airport":"LFLG","name":"COLOR_Taxiway","layer":"Guidance lines","category":"Taxiways","object_type":"Line","style_id":"line.taxiway.c0b631","source_group":"COLOR_Taxiway","vsmr_group_ids":[],"geometry_role":"linework"},"geometry":{"type":"LineString","coordinates":[[5.846452141554006,45.2151134217672],[5.846517490784113,45.21506985777588]]}},{"type":"Feature","id":"LFLG-0909ee7cc3fc0b145eaf","properties":{"airport":"LFLG","name":"COLOR_Taxiway","layer":"Guidance lines","category":"Taxiways","object_type":"Line","style_id":"line.taxiway.c0b631","source_group":"COLOR_Taxiway","vsmr_group_ids":[],"geometry_role":"linework"},"geometry":{"type":"LineString","coordinates":[[5.846695843205445,45.21519743741264],[5.846715448190361,45.21521242217014],[5.846719487986698,45.21522732598908],[5.846712738936199,45.21524222584651],[5.846698076518939,45.21525287841922],[5.846678453245833,45.21525713900635],[5.846662380321082,45.21525539422597],[5.846649747143937,45.21525312846779],[5.846635614331996,45.21524397031377],[5.84662645911691,45.21523155760104],[5.8466269376051,45.21522144668987],[5.846632448146383,45.21521223939117],[5.846645219673459,45.21520149661121],[5.846664459007105,45.21519434645921],[5.846680439739842,45.21519396417013],[5.846695843205445,45.21519743741264]]}},{"type":"Feature","id":"LFLG-3426bf355f37f90f13a2","properties":{"airport":"LFLG","name":"COLOR_Taxiway","layer":"Guidance lines","category":"Taxiways","object_type":"Line","style_id":"line.taxiway.c0b631","source_group":"COLOR_Taxiway","vsmr_group_ids":[],"geometry_role":"linework"},"geometry":{"type":"LineString","coordinates":[[5.846640211346205,45.21524536111746],[5.846704969222687,45.21520565589915]]}},{"type":"Feature","id":"LFLG-dcb1db0861bf0830ad9e","properties":{"airport":"LFLG","name":"COLOR_Taxiway","layer":"Guidance lines","category":"Taxiways","object_type":"Line","style_id":"line.taxiway.c0b631","source_group":"COLOR_Taxiway","vsmr_group_ids":[],"geometry_role":"linework"},"geometry":{"type":"LineString","coordinates":[[5.845569917252553,45.2160123525136],[5.845835699665511,45.21621406183306],[5.845899228204261,45.21625602867096],[5.845954655453292,45.21628584895468],[5.845996799785076,45.21630672403831],[5.846036210010879,45.216322099484],[5.846072846487651,45.21633194644486],[5.846117862464817,45.21634140554504],[5.846156434472325,45.21634929082904],[5.846194892322069,45.21634862383628],[5.846245841794071,45.216345211925],[5.846294304556954,45.21633358872928],[5.846348459031359,45.21630909344281],[5.846399339348618,45.21628596928802],[5.846448237271789,45.21626059637307],[5.846477468219211,45.21624591331793],[5.846522398522129,45.21621606049806]]}},{"type":"Feature","id":"LFLG-0cdd35dbab34376b3237","properties":{"airport":"LFLG","name":"COLOR_Taxiway","layer":"Guidance lines","category":"Taxiways","object_type":"Line","style_id":"line.taxiway.c0b631","source_group":"COLOR_Taxiway","vsmr_group_ids":[],"geometry_role":"linework"},"geometry":{"type":"LineString","coordinates":[[5.846685810022121,45.21685759927253],[5.846376608242281,45.21663008751319],[5.846338618163518,45.21659795181461],[5.846310609229805,45.2165661916767],[5.846296888838902,45.21654112943366],[5.84628786178174,45.2165154235763],[5.846286447667914,45.21647471914381],[5.846290491696746,45.21644806572578],[5.846304213656895,45.21641741277893],[5.846318515174365,45.21639278284853],[5.846347768554883,45.21635387654662],[5.846370347956591,45.21632896028964],[5.846402524728537,45.21630005703859],[5.846431557777462,45.21627681241509],[5.846457341467886,45.21625494295018]]}},{"type":"Feature","id":"LFLG-421e85409d67798d1e64","properties":{"airport":"LFLG","name":"COLOR_Taxiway","layer":"Guidance lines","category":"Taxiways","object_type":"Line","style_id":"line.taxiway.c0b631","source_group":"COLOR_Taxiway","vsmr_group_ids":[],"geometry_role":"linework"},"geometry":{"type":"LineString","coordinates":[[5.846523617769092,45.21621613140488],[5.847283113071702,45.21570076507424]]}},{"type":"Feature","id":"LFLG-8fd3d9cb9a2627d949bf","properties":{"airport":"LFLG","name":"COLOR_Taxiway","layer":"Guidance lines","category":"Taxiways","object_type":"Line","style_id":"line.taxiway.c0b631","source_group":"COLOR_Taxiway","vsmr_group_ids":[],"geometry_role":"linework"},"geometry":{"type":"LineString","coordinates":[[5.847128546004516,45.21580627987219],[5.847116405468061,45.21582481258951],[5.847107177080266,45.21584719552737],[5.847108401770496,45.2158633544815],[5.84710823413549,45.21587709684312],[5.847092363710296,45.21587555903231],[5.847074152290103,45.21587494438509],[5.847052841346734,45.21587594427186],[5.847033195375424,45.21587782735297],[5.847012057139422,45.21588635454618]]}},{"type":"Feature","id":"LFLG-345dc6e0a007eeeedf23","properties":{"airport":"LFLG","name":"COLOR_Taxiway","layer":"Guidance lines","category":"Taxiways","object_type":"Line","style_id":"line.taxiway.c0b631","source_group":"COLOR_Taxiway","vsmr_group_ids":[],"geometry_role":"linework"},"geometry":{"type":"LineString","coordinates":[[5.847284286152174,45.21570081561694],[5.847312854080697,45.21568538698147],[5.847343702362087,45.21567447468807],[5.847372934515185,45.21567042658902],[5.847403152467646,45.21566624197262],[5.847430942909114,45.21566634999822],[5.847466536685479,45.2156702602075],[5.8474934680481,45.21567781850858],[5.847530833718578,45.21569281970368],[5.847568848957215,45.21571746423763],[5.849536713594716,45.21717573229037],[5.849587150146592,45.21721158156938],[5.849627986067296,45.21723921981745],[5.849660179128852,45.21725083090604],[5.849698882415728,45.21726035181943],[5.849732367643979,45.21726071216382],[5.849762508521172,45.21726051391224],[5.849794222153832,45.21725381304861],[5.849822256366903,45.21724416664731],[5.849858504526997,45.21722780116421],[5.850220485634445,45.21699160769175],[5.850234113545765,45.21698015660338],[5.850244059254301,45.21696404043787],[5.850245745259517,45.21694446815656],[5.85024391720313,45.2169302729572],[5.850238146277653,45.21691442080661]]}},{"type":"Feature","id":"LFLG-c27d0b0bf29947269568","properties":{"airport":"LFLG","name":"COLOR_Taxiway","layer":"Guidance lines","category":"Taxiways","object_type":"Line","style_id":"line.taxiway.c0b631","source_group":"COLOR_Taxiway","vsmr_group_ids":[],"geometry_role":"linework"},"geometry":{"type":"LineString","coordinates":[[5.847398427632262,45.21585861753266],[5.847450507770984,45.21582313030704]]}},{"type":"Feature","id":"LFLG-b0fa53f32d98f50ce6b2","properties":{"airport":"LFLG","name":"COLOR_Taxiway","layer":"Guidance lines","category":"Taxiways","object_type":"Line","style_id":"line.taxiway.c0b631","source_group":"COLOR_Taxiway","vsmr_group_ids":[],"geometry_role":"linework"},"geometry":{"type":"LineString","coordinates":[[5.847423889014085,45.2158015180062],[5.847483087691245,45.2158442349897]]}},{"type":"Feature","id":"LFLG-7ec0318f104c5f4cdf3a","properties":{"airport":"LFLG","name":"COLOR_Taxiway","layer":"Guidance lines","category":"Taxiways","object_type":"Line","style_id":"line.taxiway.c0b631","source_group":"COLOR_Taxiway","vsmr_group_ids":[],"geometry_role":"linework"},"geometry":{"type":"LineString","coordinates":[[5.847524978723209,45.21595021162891],[5.847581845085688,45.21591176237795]]}},{"type":"Feature","id":"LFLG-cae9693c8c3eeb95239c","properties":{"airport":"LFLG","name":"COLOR_Taxiway","layer":"Guidance lines","category":"Taxiways","object_type":"Line","style_id":"line.taxiway.c0b631","source_group":"COLOR_Taxiway","vsmr_group_ids":[],"geometry_role":"linework"},"geometry":{"type":"LineString","coordinates":[[5.847546987508522,45.21589290075013],[5.847604316111548,45.21593059459772]]}},{"type":"Feature","id":"LFLG-8590a78fd08e0fcf9d72","properties":{"airport":"LFLG","name":"COLOR_Taxiway","layer":"Guidance lines","category":"Taxiways","object_type":"Line","style_id":"line.taxiway.c0b631","source_group":"COLOR_Taxiway","vsmr_group_ids":[],"geometry_role":"linework"},"geometry":{"type":"LineString","coordinates":[[5.847654234617556,45.21604044646167],[5.847708163289205,45.21600484560475]]}},{"type":"Feature","id":"LFLG-79d0280ccdfa10ba84e0","properties":{"airport":"LFLG","name":"COLOR_Taxiway","layer":"Guidance lines","category":"Taxiways","object_type":"Line","style_id":"line.taxiway.c0b631","source_group":"COLOR_Taxiway","vsmr_group_ids":[],"geometry_role":"linework"},"geometry":{"type":"LineString","coordinates":[[5.847681450411675,45.21598735038421],[5.847739126896363,45.21602801341739]]}},{"type":"Feature","id":"LFLG-926c45d60d79a2495f8e","properties":{"airport":"LFLG","name":"COLOR_Taxiway","layer":"Guidance lines","category":"Taxiways","object_type":"Line","style_id":"line.taxiway.c0b631","source_group":"COLOR_Taxiway","vsmr_group_ids":[],"geometry_role":"linework"},"geometry":{"type":"LineString","coordinates":[[5.847779699705855,45.2161298314823],[5.847836029317451,45.21609475246463]]}},{"type":"Feature","id":"LFLG-6a178e475d4feed1f9a8","properties":{"airport":"LFLG","name":"COLOR_Taxiway","layer":"Guidance lines","category":"Taxiways","object_type":"Line","style_id":"line.taxiway.c0b631","source_group":"COLOR_Taxiway","vsmr_group_ids":[],"geometry_role":"linework"},"geometry":{"type":"LineString","coordinates":[[5.847804540015904,45.21607458202708],[5.847859621278935,45.21611557256374]]}},{"type":"Feature","id":"LFLG-521fd526344bae324137","properties":{"airport":"LFLG","name":"COLOR_Taxiway","layer":"Guidance lines","category":"Taxiways","object_type":"Line","style_id":"line.taxiway.c0b631","source_group":"COLOR_Taxiway","vsmr_group_ids":[],"geometry_role":"linework"},"geometry":{"type":"LineString","coordinates":[[5.847897374615392,45.21622149680674],[5.847952574846498,45.21618637700687]]}},{"type":"Feature","id":"LFLG-d2fc5014b6e4f1dc539f","properties":{"airport":"LFLG","name":"COLOR_Taxiway","layer":"Guidance lines","category":"Taxiways","object_type":"Line","style_id":"line.taxiway.c0b631","source_group":"COLOR_Taxiway","vsmr_group_ids":[],"geometry_role":"linework"},"geometry":{"type":"LineString","coordinates":[[5.847923018892134,45.216166112311],[5.847985658115782,45.21620942368141]]}},{"type":"Feature","id":"LFLG-31608f4145cbb6600e83","properties":{"airport":"LFLG","name":"COLOR_Taxiway","layer":"Guidance lines","category":"Taxiways","object_type":"Line","style_id":"line.taxiway.c0b631","source_group":"COLOR_Taxiway","vsmr_group_ids":[],"geometry_role":"linework"},"geometry":{"type":"LineString","coordinates":[[5.848018403739534,45.21631232195102],[5.848072259734398,45.21627622625136],[5.848044092913163,45.21625708602214],[5.848102954201106,45.21629777326012]]}},{"type":"Feature","id":"LFLG-d6fec61e473caf00ef52","properties":{"airport":"LFLG","name":"COLOR_Taxiway","layer":"Guidance lines","category":"Taxiways","object_type":"Line","style_id":"line.taxiway.c0b631","source_group":"COLOR_Taxiway","vsmr_group_ids":[],"geometry_role":"linework"},"geometry":{"type":"LineString","coordinates":[[5.848145215710899,45.21639995616599],[5.848195241714298,45.21636643304785],[5.848165356517061,45.21634270339067],[5.848224057203353,45.21638854369419]]}},{"type":"Feature","id":"LFLG-c3b2e597d21e0c81ea94","properties":{"airport":"LFLG","name":"COLOR_Taxiway","layer":"Guidance lines","category":"Taxiways","object_type":"Line","style_id":"line.taxiway.c0b631","source_group":"COLOR_Taxiway","vsmr_group_ids":[],"geometry_role":"linework"},"geometry":{"type":"LineString","coordinates":[[5.848261584650283,45.21649236838626],[5.848311859975106,45.216458346395],[5.848279027724288,45.21643292572448],[5.84834427014987,45.21648032328811]]}},{"type":"Feature","id":"LFLG-38b8707a024138780169","properties":{"airport":"LFLG","name":"COLOR_Taxiway","layer":"Guidance lines","category":"Taxiways","object_type":"Line","style_id":"line.taxiway.c0b631","source_group":"COLOR_Taxiway","vsmr_group_ids":[],"geometry_role":"linework"},"geometry":{"type":"LineString","coordinates":[[5.84837867554848,45.21658455376476],[5.848434129198252,45.21654879904204],[5.848405365383302,45.21652948350421],[5.848464149227794,45.21656874911106]]}},{"type":"Feature","id":"LFLG-44d0511d4374beb02a40","properties":{"airport":"LFLG","name":"COLOR_Taxiway","layer":"Guidance lines","category":"Taxiways","object_type":"Line","style_id":"line.taxiway.c0b631","source_group":"COLOR_Taxiway","vsmr_group_ids":[],"geometry_role":"linework"},"geometry":{"type":"LineString","coordinates":[[5.848495184803085,45.21667693646042],[5.848550760237519,45.21663752953954],[5.848522523910682,45.21661542381045],[5.84857861071908,45.21665731251274]]}},{"type":"Feature","id":"LFLG-58ed62ad2793d5a74fa4","properties":{"airport":"LFLG","name":"COLOR_Taxiway","layer":"Guidance lines","category":"Taxiways","object_type":"Line","style_id":"line.taxiway.c0b631","source_group":"COLOR_Taxiway","vsmr_group_ids":[],"geometry_role":"linework"},"geometry":{"type":"LineString","coordinates":[[5.848617382549426,45.21676321830181],[5.848670990920109,45.21672796498762],[5.848643755563359,45.21670600741555],[5.848702355294526,45.21675081406602]]}},{"type":"Feature","id":"LFLG-ddb5dd684850bd3848f9","properties":{"airport":"LFLG","name":"COLOR_Taxiway","layer":"Guidance lines","category":"Taxiways","object_type":"Line","style_id":"line.taxiway.c0b631","source_group":"COLOR_Taxiway","vsmr_group_ids":[],"geometry_role":"linework"},"geometry":{"type":"LineString","coordinates":[[5.848739499627856,45.21685401353944],[5.848791904273678,45.21681715012227],[5.848759222647713,45.21679416320843],[5.848827467370105,45.2168418024411]]}},{"type":"Feature","id":"LFLG-6a00e21132c9b56b2c7d","properties":{"airport":"LFLG","name":"COLOR_Taxiway","layer":"Guidance lines","category":"Taxiways","object_type":"Line","style_id":"line.taxiway.c0b631","source_group":"COLOR_Taxiway","vsmr_group_ids":[],"geometry_role":"linework"},"geometry":{"type":"LineString","coordinates":[[5.848852632396609,45.2169893567209],[5.848951271218439,45.21692119033406],[5.848974002404073,45.21689352356659],[5.848986808329013,45.21687318525357],[5.84899128400822,45.21685352301076],[5.848993728953326,45.21683175528992],[5.84898774938003,45.21680951142309],[5.84897924237551,45.21678696563071],[5.848965295693541,45.21676661643243],[5.848940749069646,45.21673620409887],[5.848923790694343,45.21672251733956]]}},{"type":"Feature","id":"LFLG-6d3c9d5a3e826662c8b1","properties":{"airport":"LFLG","name":"COLOR_Taxiway","layer":"Guidance lines","category":"Taxiways","object_type":"Line","style_id":"line.taxiway.c0b631","source_group":"COLOR_Taxiway","vsmr_group_ids":[],"geometry_role":"linework"},"geometry":{"type":"LineString","coordinates":[[5.848951271218439,45.21692119033406],[5.848980588754118,45.21690901157969],[5.849006474630521,45.21690242929563],[5.849035806200593,45.21689679214065],[5.849061786374046,45.2168967084749],[5.849083700693485,45.21689750354219],[5.849111880099893,45.21690079951758],[5.84914137586942,45.21690695290043],[5.849171690854242,45.21691778338863],[5.849200803419341,45.21693109059783],[5.849234750519892,45.21695240983455]]}},{"type":"Feature","id":"LFLG-214825f5b3cb8eff378f","properties":{"airport":"LFLG","name":"COLOR_Taxiway","layer":"Guidance lines","category":"Taxiways","object_type":"Line","style_id":"line.taxiway.c0b631","source_group":"COLOR_Taxiway","vsmr_group_ids":[],"geometry_role":"linework"},"geometry":{"type":"LineString","coordinates":[[5.84903537055945,45.21707431334852],[5.849087007520937,45.21703735300145],[5.849058395981199,45.21701779511831],[5.84911662158266,45.21705749435746]]}},{"type":"Feature","id":"LFLG-83f60dca24811f8808e8","properties":{"airport":"LFLG","name":"COLOR_Taxiway","layer":"Guidance lines","category":"Taxiways","object_type":"Line","style_id":"line.taxiway.c0b631","source_group":"COLOR_Taxiway","vsmr_group_ids":[],"geometry_role":"linework"},"geometry":{"type":"LineString","coordinates":[[5.849149213558277,45.21716990712437],[5.849208479497734,45.21712955257523],[5.849179042128652,45.21710633331012],[5.849241193350581,45.21715145175914]]}},{"type":"Feature","id":"LFLG-a0e2df3e1807bdaf77e4","properties":{"airport":"LFLG","name":"COLOR_Taxiway","layer":"Guidance lines","category":"Taxiways","object_type":"Line","style_id":"line.taxiway.c0b631","source_group":"COLOR_Taxiway","vsmr_group_ids":[],"geometry_role":"linework"},"geometry":{"type":"LineString","coordinates":[[5.849282231645163,45.21725534368143],[5.849333248764093,45.2172174826726],[5.849305992892633,45.21719563645582],[5.849364833784172,45.21723969917324]]}},{"type":"Feature","id":"LFLG-7eb871d1efb00b9af547","properties":{"airport":"LFLG","name":"COLOR_Taxiway","layer":"Guidance lines","category":"Taxiways","object_type":"Line","style_id":"line.taxiway.c0b631","source_group":"COLOR_Taxiway","vsmr_group_ids":[],"geometry_role":"linework"},"geometry":{"type":"LineString","coordinates":[[5.847046872839465,45.21594136916879]]}},{"type":"Feature","id":"LFLG-8f364426e7158c6713ac","properties":{"airport":"LFLG","name":"COLOR_Taxiway","layer":"Guidance lines","category":"Taxiways","object_type":"Line","style_id":"line.taxiway.c0b631","source_group":"COLOR_Taxiway","vsmr_group_ids":[],"geometry_role":"linework"},"geometry":{"type":"LineString","coordinates":[[5.84986050263076,45.21722706631807],[5.849572529045322,45.21742286392197],[5.849489636600513,45.21749033848374],[5.849376206913471,45.21758562217629],[5.849220595232509,45.21769434244308],[5.848760345552022,45.21801165071614],[5.848679925898606,45.21806714945991],[5.848643412740389,45.21810766395044],[5.848620988097066,45.21814284232806],[5.848611180254508,45.21817726722981],[5.848612816447309,45.21822366134777],[5.84862555182752,45.21825432125389],[5.848655602117936,45.21829722188873]]}},{"type":"Feature","id":"LFLG-72a340020c420ae53fcf","properties":{"airport":"LFLG","name":"COLOR_Taxiway","layer":"Guidance lines","category":"Taxiways","object_type":"Line","style_id":"line.taxiway.c0b631","source_group":"COLOR_Taxiway","vsmr_group_ids":[],"geometry_role":"linework"},"geometry":{"type":"LineString","coordinates":[[5.848257305934421,45.21800184162729],[5.848299300924227,45.21802910670803],[5.848337078310606,45.21805127660893],[5.848379828549635,45.21807110209124],[5.848412090011676,45.21808476815027],[5.848444966292174,45.21809354197597],[5.848483404980787,45.21809774248604],[5.848523170372206,45.21809628568118],[5.848555358525829,45.21809053356087],[5.848593987721191,45.21808228335904],[5.84863291878974,45.2180706371883],[5.848682959028833,45.21804949023096],[5.848721105926753,45.21803071910081],[5.84877096474179,45.21800337724166]]}},{"type":"Feature","id":"LFLG-df60ec1022fc1e3a404b","properties":{"airport":"LFLG","name":"COLOR_Taxiway","layer":"Guidance lines","category":"Taxiways","object_type":"Line","style_id":"line.taxiway.c0b631","source_group":"COLOR_Taxiway","vsmr_group_ids":[],"geometry_role":"linework"},"geometry":{"type":"LineString","coordinates":[[5.84954850124655,45.2171854551702],[5.849577823694121,45.21721917860957],[5.849607405016832,45.21726009016876],[5.849613558245719,45.21729835450788],[5.849613545974415,45.21734653741262],[5.84960425463218,45.21738297778975],[5.8495881150344,45.21741239309492]]}},{"type":"Feature","id":"LFLG-923311b9f268031e04b1","properties":{"airport":"LFLG","name":"COLOR_Taxiway","layer":"Guidance lines","category":"Taxiways","object_type":"Line","style_id":"line.taxiway.c0b631","source_group":"COLOR_Taxiway","vsmr_group_ids":[],"geometry_role":"linework"},"geometry":{"type":"LineString","coordinates":[[5.849568839222594,45.21773009960755],[5.849536764815523,45.21770714938566],[5.849498154355775,45.21767901848086],[5.849465099898683,45.21766360796503],[5.849428203839516,45.21764997857461],[5.849388218883029,45.21764671710292],[5.849349425287194,45.21764696001572],[5.849312973246268,45.21765281634515],[5.849287768230234,45.21765996568755],[5.849242503860602,45.21767906844666]]}},{"type":"Feature","id":"LFLG-63869ce5fcd9f4a68d97","properties":{"airport":"LFLG","name":"COLOR_Taxiway","layer":"Guidance lines","category":"Taxiways","object_type":"Line","style_id":"line.taxiway.c0b631","source_group":"COLOR_Taxiway","vsmr_group_ids":[],"geometry_role":"linework"},"geometry":{"type":"LineString","coordinates":[[5.849727129756454,45.21745965598278],[5.84968629643617,45.21743375845425],[5.849649519049334,45.21742227201591],[5.849614637513554,45.21741794749065],[5.849587242893421,45.21742042279999],[5.849558277789047,45.21743436221163]]}},{"type":"Feature","id":"LFLG-18a52f55c8e412f3b48c","properties":{"airport":"LFLG","name":"COLOR_Taxiway","layer":"Guidance lines","category":"Taxiways","object_type":"Line","style_id":"line.taxiway.c0b631","source_group":"COLOR_Taxiway","vsmr_group_ids":[],"geometry_role":"linework"},"geometry":{"type":"LineString","coordinates":[[5.849726929227281,45.21745833087424],[5.849709840226886,45.21743283220133],[5.84969879084158,45.21739659331262],[5.849703649871659,45.21736625481124],[5.849709806234817,45.21734517401167],[5.849726300149191,45.2173255581802],[5.849750153616133,45.21730123815016]]}},{"type":"Feature","id":"LFLG-68347d0122ffb333e5ec","properties":{"airport":"LFLG","name":"COLOR_Taxiway","layer":"Guidance lines","category":"Taxiways","object_type":"Line","style_id":"line.taxiway.c0b631","source_group":"COLOR_Taxiway","vsmr_group_ids":[],"geometry_role":"linework"},"geometry":{"type":"LineString","coordinates":[[5.849612695960356,45.21729203989906],[5.849634282898832,45.21732657450828],[5.84968717916424,45.21741381471149],[5.849698207291052,45.21743096098652],[5.849728369414011,45.21746157924838]]}},{"type":"Feature","id":"LFLG-8f8bdbf86ddf3e6c3651","properties":{"airport":"LFLG","name":"COLOR_Taxiway","layer":"Guidance lines","category":"Taxiways","object_type":"Line","style_id":"line.taxiway.c0b631","source_group":"COLOR_Taxiway","vsmr_group_ids":[],"geometry_role":"linework"},"geometry":{"type":"LineString","coordinates":[[5.849568114183425,45.2177307923321],[5.849537792669386,45.21770742972814],[5.849512859568562,45.21768086486614],[5.84949686431472,45.21766288517895],[5.849487113746788,45.21764338832235],[5.849481077972467,45.21762102226142],[5.849476762116574,45.21759991669765],[5.849474346494352,45.21757410998293],[5.84947671012868,45.21755052215273],[5.849479133749944,45.21752836379573],[5.849489048042111,45.21750712333676],[5.849498522659462,45.21749081078146],[5.849515483350254,45.21747083021435]]}},{"type":"Feature","id":"LFLG-de7b1c419314b4df2636","properties":{"airport":"LFLG","name":"COLOR_Taxiway","layer":"Guidance lines","category":"Taxiways","object_type":"Line","style_id":"line.taxiway.c0b631","source_group":"COLOR_Taxiway","vsmr_group_ids":[],"geometry_role":"linework"},"geometry":{"type":"LineString","coordinates":[[5.849728576143964,45.21745990759388],[5.852383423711489,45.2194221242537],[5.852412002678022,45.21944570312078],[5.85241689069925,45.21945475500659],[5.852419952135655,45.21946557212639],[5.852417331730482,45.21948524051198],[5.852404797264197,45.21951372103944],[5.852383101475651,45.21953210756004],[5.852269264520348,45.21961223228531],[5.852249292734284,45.21962702259684],[5.85221605628649,45.21963506734546],[5.852187024469679,45.2196346094849],[5.85216073718589,45.21962867515285],[5.852134367640982,45.21961935427432],[5.852114129855355,45.21960742323438],[5.852086503271874,45.21958663503986],[5.849567275118368,45.21772923588752]]}},{"type":"Feature","id":"LFLG-05c7a05155ae74f6b444","properties":{"airport":"LFLG","name":"COLOR_Taxiway","layer":"Guidance lines","category":"Taxiways","object_type":"Line","style_id":"line.taxiway.c0b631","source_group":"COLOR_Taxiway","vsmr_group_ids":[],"geometry_role":"linework"},"geometry":{"type":"LineString","coordinates":[[5.849970846287491,45.21928862892606],[5.850221547435053,45.21947089640358],[5.850254485092514,45.21948940234119],[5.850281478348245,45.21950288725057],[5.850314305911873,45.21950717063784],[5.850349814825682,45.21951180388665],[5.850383852182375,45.21951156795824],[5.850420006454931,45.21950473549154],[5.850453314609325,45.2194927270007],[5.85048853421068,45.21947864113898],[5.850517223765972,45.21946145282506],[5.850554194580841,45.21943655547722],[5.851461144393633,45.21883063605071],[5.851476354690874,45.2188067618868],[5.851479916351661,45.21878749587316],[5.851476730006233,45.21876846938719],[5.851469387672193,45.21875102354038],[5.8514576190444,45.2187376508956]]}},{"type":"Feature","id":"LFLG-f61eeeeb37a75ab17a14","properties":{"airport":"LFLG","name":"COLOR_Taxiway","layer":"Guidance lines","category":"Taxiways","object_type":"Line","style_id":"line.taxiway.c0b631","source_group":"COLOR_Taxiway","vsmr_group_ids":[],"geometry_role":"linework"},"geometry":{"type":"LineString","coordinates":[[5.850768543837505,45.21986992537591],[5.850512256756069,45.21968532493141],[5.850476413247268,45.21965765344239],[5.850457607253386,45.21963174678854],[5.850443924903912,45.21960771116156],[5.85043725162762,45.21958252922312],[5.850441272283229,45.21956141620036],[5.850448096534353,45.21953835585845],[5.850460435350982,45.21951388713228],[5.850473470050801,45.21949828908372],[5.850500250278277,45.21947257543462]]}},{"type":"Feature","id":"LFLG-aa26c0fd4f6d0417031e","properties":{"airport":"LFLG","name":"COLOR_Taxiway","layer":"Guidance lines","category":"Taxiways","object_type":"Line","style_id":"line.taxiway.c0b631","source_group":"COLOR_Taxiway","vsmr_group_ids":[],"geometry_role":"linework"},"geometry":{"type":"LineString","coordinates":[[5.851175799288628,45.21902230180423],[5.85121157401437,45.21901316446889],[5.851239920839078,45.21901048968369],[5.851267569905234,45.21901407460596],[5.851301250800407,45.21902045769199],[5.851331032247755,45.21903091323979],[5.851344416317767,45.21903794094804]]}},{"type":"Feature","id":"LFLG-31b7b7920ffd324dc196","properties":{"airport":"LFLG","name":"COLOR_Taxiway","layer":"Guidance lines","category":"Taxiways","object_type":"Line","style_id":"line.taxiway.c0b631","source_group":"COLOR_Taxiway","vsmr_group_ids":[],"geometry_role":"linework"},"geometry":{"type":"LineString","coordinates":[[5.851177900657727,45.2190206633673],[5.851189514807009,45.21900567564317],[5.851199397219037,45.21898826039884],[5.851199391981467,45.21897000871228],[5.851196663039775,45.21895225807409],[5.851194142363926,45.21893928236826],[5.851177131747731,45.21891615575821]]}},{"type":"Feature","id":"LFLG-b95fe016b4a5ef24c013","properties":{"airport":"LFLG","name":"COLOR_Taxiway","layer":"Guidance lines","category":"Taxiways","object_type":"Line","style_id":"line.taxiway.c0b631","source_group":"COLOR_Taxiway","vsmr_group_ids":[],"geometry_role":"linework"},"geometry":{"type":"LineString","coordinates":[[5.851333868515455,45.21891725551102],[5.85131716280676,45.21892585518417],[5.851287183217108,45.21893359689179],[5.851263824212078,45.21893403068306],[5.851243331157705,45.21893208460488],[5.851225182020931,45.21892733657818],[5.851202912636135,45.21892189711112],[5.851182475025272,45.21891413271676],[5.85115783010081,45.21890130625499]]}},{"type":"Feature","id":"LFLG-14b0a992a06242ad8c7a","properties":{"airport":"LFLG","name":"COLOR_Taxiway","layer":"Guidance lines","category":"Taxiways","object_type":"Line","style_id":"line.taxiway.c0b631","source_group":"COLOR_Taxiway","vsmr_group_ids":[],"geometry_role":"linework"},"geometry":{"type":"LineString","coordinates":[[5.851337418383496,45.21903469368176],[5.851320985465169,45.21901694844995],[5.85130455191339,45.21899752817768],[5.851298463351116,45.21898868246176],[5.851293024592632,45.21897162017525],[5.851296292436907,45.21895651185093],[5.851302988974771,45.21894454582965],[5.85131565673721,45.2189298266279],[5.851324928080524,45.2189215692636]]}},{"type":"Feature","id":"LFLG-76bc92cdbca8b83331dc","properties":{"airport":"LFLG","name":"COLOR_Taxiway","layer":"Guidance lines","category":"Taxiways","object_type":"Line","style_id":"line.taxiway.c0b631","source_group":"COLOR_Taxiway","vsmr_group_ids":[],"geometry_role":"linework"},"geometry":{"type":"LineString","coordinates":[[5.851596849244169,45.21884025389563],[5.851567195956145,45.21882740835645],[5.851539169794913,45.21882092696327],[5.851507010511597,45.21882072789683],[5.851484373978049,45.21882407999303],[5.851461441825951,45.21882998914121]]}},{"type":"Feature","id":"LFLG-3e3c69b2fc51bca6a412","properties":{"airport":"LFLG","name":"COLOR_Taxiway","layer":"Guidance lines","category":"Taxiways","object_type":"Line","style_id":"line.taxiway.c0b631","source_group":"COLOR_Taxiway","vsmr_group_ids":[],"geometry_role":"linework"},"geometry":{"type":"LineString","coordinates":[[5.851851636725362,45.21903441843614],[5.851888132203142,45.21904934265989],[5.851930214971253,45.21905336594345],[5.851970546263299,45.21905266408131],[5.852121215937216,45.21904374740667],[5.852146253797141,45.21904752230194],[5.852165962704207,45.21905473190215],[5.852195974734789,45.21906941023617],[5.852241098246735,45.21909867789547],[5.852270260702966,45.21912008727171],[5.852469513054923,45.21927819025418],[5.852485619531576,45.21930406419608],[5.852494272114066,45.21932911041294],[5.852497240691291,45.21935458619583],[5.852500445446731,45.21937575744502],[5.852493232078588,45.21940511170746],[5.852483748167831,45.21943799871278],[5.852460060037115,45.21947352942774],[5.852421748507625,45.21950580726545],[5.852396113878447,45.21952332645803],[5.852385566377494,45.21953117891345]]}},{"type":"Feature","id":"LFLG-c79fa5ff269b31c5aee1","properties":{"airport":"LFLG","name":"COLOR_Taxiway","layer":"Guidance lines","category":"Taxiways","object_type":"Line","style_id":"line.taxiway.c0b631","source_group":"COLOR_Taxiway","vsmr_group_ids":[],"geometry_role":"linework"},"geometry":{"type":"LineString","coordinates":[[5.852105782656462,45.21960135153366],[5.852863278336624,45.22015986292117],[5.852917586078068,45.22021395640433],[5.852943313255716,45.22024976117124],[5.852960175740085,45.2202877962537],[5.852968668970644,45.22031942846475],[5.852968904195023,45.22035091112282],[5.852967883075215,45.22038016834054],[5.852955683922428,45.22042662774577],[5.852934052784747,45.22048325231201],[5.852860832962241,45.22066533151443],[5.852831006712711,45.22071661824314],[5.852803627715362,45.2207550704281],[5.852774646058688,45.22078561399492],[5.852732497470308,45.22082515052112],[5.852682714483375,45.22086053298268],[5.852644290069284,45.22088730422647],[5.852594732206011,45.22092201162116],[5.852547415176477,45.22094522751848],[5.85251296454379,45.22095928598216],[5.852458559378578,45.22097434254419],[5.852418614013621,45.220982009899],[5.852378433314733,45.22098632277532],[5.85234260896091,45.22098637866212],[5.852300443320491,45.22098109638221],[5.852263749231184,45.22096853820755],[5.852236058159368,45.22095333643331],[5.852203256773441,45.22092994079323],[5.852045690417498,45.22081362180896]]}},{"type":"Feature","id":"LFLG-4cd98c73b0a74a7745cb","properties":{"airport":"LFLG","name":"COLOR_Taxiway","layer":"Guidance lines","category":"Taxiways","object_type":"Line","style_id":"line.taxiway.c0b631","source_group":"COLOR_Taxiway","vsmr_group_ids":[],"geometry_role":"linework"},"geometry":{"type":"LineString","coordinates":[[5.852249358944621,45.21962711370463],[5.852241935910094,45.21963907108332],[5.852236968193417,45.2196534109138],[5.852236841461531,45.21967083705098],[5.852242894283515,45.21968470861871],[5.852250616187651,45.21969816310773],[5.852256141852816,45.21970815183158],[5.852262064042155,45.21971690321336]]}},{"type":"Feature","id":"LFLG-83947f0743063b930777","properties":{"airport":"LFLG","name":"COLOR_Taxiway","layer":"Guidance lines","category":"Taxiways","object_type":"Line","style_id":"line.taxiway.c0b631","source_group":"COLOR_Taxiway","vsmr_group_ids":[],"geometry_role":"linework"},"geometry":{"type":"LineString","coordinates":[[5.85092846013509,45.21812653009558],[5.850872730088133,45.21816350917701],[5.850843260452341,45.21814268924164],[5.850904333358773,45.21818645584698]]}},{"type":"Feature","id":"LFLG-d7427bb4e8ddf14a822e","properties":{"airport":"LFLG","name":"COLOR_Taxiway","layer":"Guidance lines","category":"Taxiways","object_type":"Line","style_id":"line.taxiway.c0b631","source_group":"COLOR_Taxiway","vsmr_group_ids":[],"geometry_role":"linework"},"geometry":{"type":"LineString","coordinates":[[5.851054961704529,45.21821910615802],[5.851000118484844,45.21825440331307],[5.850970900050791,45.21823277577433],[5.851028877120577,45.21827494013181]]}},{"type":"Feature","id":"LFLG-fb525c2a096e3a056d74","properties":{"airport":"LFLG","name":"COLOR_Taxiway","layer":"Guidance lines","category":"Taxiways","object_type":"Line","style_id":"line.taxiway.c0b631","source_group":"COLOR_Taxiway","vsmr_group_ids":[],"geometry_role":"linework"},"geometry":{"type":"LineString","coordinates":[[5.851179013882899,45.21830929262392],[5.851125863524304,45.21834396544551],[5.851095051114661,45.21832211802956],[5.851153586215467,45.21836399591894]]}},{"type":"Feature","id":"LFLG-bbf5194ad2f11ad06482","properties":{"airport":"LFLG","name":"COLOR_Taxiway","layer":"Guidance lines","category":"Taxiways","object_type":"Line","style_id":"line.taxiway.c0b631","source_group":"COLOR_Taxiway","vsmr_group_ids":[],"geometry_role":"linework"},"geometry":{"type":"LineString","coordinates":[[5.851307760886058,45.21839799501102],[5.851247571160394,45.218434782001],[5.851221198352157,45.21841575129579],[5.851279299776668,45.21845702517033]]}},{"type":"Feature","id":"LFLG-11481dd75a8f20274cd2","properties":{"airport":"LFLG","name":"COLOR_Taxiway","layer":"Guidance lines","category":"Taxiways","object_type":"Line","style_id":"line.taxiway.c0b631","source_group":"COLOR_Taxiway","vsmr_group_ids":[],"geometry_role":"linework"},"geometry":{"type":"LineString","coordinates":[[5.852261921967983,45.21911271429288],[5.851305018062489,45.21839865251307],[5.85072527160291,45.21797939182122],[5.850725167507678,45.21797937136291],[5.850724737749209,45.21797911879189]]}},{"type":"Feature","id":"LFLG-4c57916f2cc8502ed8f6","properties":{"airport":"LFLG","name":"COLOR_Taxiway","layer":"Guidance lines","category":"Taxiways","object_type":"Line","style_id":"line.taxiway.c0b631","source_group":"COLOR_Taxiway","vsmr_group_ids":[],"geometry_role":"linework"},"geometry":{"type":"LineString","coordinates":[[5.845943170709096,45.21461836634498],[5.8459492470578,45.21462174190871],[5.845950972155684,45.21462366485381],[5.845952315153758,45.21462485103362],[5.845954560568272,45.21462683427616],[5.845958848806236,45.21463223605546],[5.845962622684427,45.21464128913939],[5.845961139009903,45.21465076166606],[5.845955463678498,45.21465966195686],[5.845948733080939,45.21466788025544],[5.845938592148306,45.21467318188977],[5.845927604336585,45.21467649611521],[5.8459146684533,45.21467806472746],[5.845901877865371,45.21467605769002],[5.845886600756494,45.21467064007119],[5.845877271324847,45.21466385881293],[5.845871856261089,45.21465291043893],[5.845870882518202,45.21464410864948],[5.845874590793089,45.21463591061009],[5.845874774926118,45.21463519215676],[5.845875233963246,45.2146334010779],[5.845878052017797,45.21462990066237],[5.845879148762272,45.21462733426114],[5.845883479239269,45.21462368390919],[5.845895935267018,45.21461740965375],[5.845914201304461,45.21461423589487],[5.845929954749769,45.21461502836798],[5.845943170709096,45.21461836634498]]}},{"type":"Feature","id":"LFLG-1b223d912e898b1f69cc","properties":{"airport":"LFLG","name":"H","layer":"Labels","category":"Gates","object_type":"Label","style_id":"label.gates","source_group":"LFLG Gates","vsmr_group_ids":[],"geometry_role":"text_label","text-field":"H"},"geometry":{"type":"Point","coordinates":[5.846249167,45.215645]}},{"type":"Feature","id":"LFLG-8c98ddfff190263875ac","properties":{"airport":"LFLG","name":"P-HEL","layer":"Labels","category":"Gates","object_type":"Label","style_id":"label.gates","source_group":"LFLG Gates","vsmr_group_ids":[],"geometry_role":"text_label","text-field":"P-HEL"},"geometry":{"type":"Point","coordinates":[5.846098889,45.214674167]}},{"type":"Feature","id":"LFLG-9bf9236353a7e6550044","properties":{"airport":"LFLG","name":"Terminal","layer":"Labels","category":"Gates","object_type":"Label","style_id":"label.gates","source_group":"LFLG Gates","vsmr_group_ids":[],"geometry_role":"text_label","text-field":"Terminal"},"geometry":{"type":"Point","coordinates":[5.848309167,45.215816389]}},{"type":"Feature","id":"LFLG-1fed94f28e41f06e5234","properties":{"airport":"LFLG","name":"Hangar","layer":"Labels","category":"Gates","object_type":"Label","style_id":"label.gates","source_group":"LFLG Gates","vsmr_group_ids":[],"geometry_role":"text_label","text-field":"Hangar"},"geometry":{"type":"Point","coordinates":[5.8493125,45.216621667]}},{"type":"Feature","id":"LFLG-7fd09d212a55b66adfaf","properties":{"airport":"LFLG","name":"P-Herbe","layer":"Labels","category":"Gates","object_type":"Label","style_id":"label.gates","source_group":"LFLG Gates","vsmr_group_ids":[],"geometry_role":"text_label","text-field":"P-Herbe"},"geometry":{"type":"Point","coordinates":[5.847871111,45.216555278]}},{"type":"Feature","id":"LFLG-08f428a286a9280eaa49","properties":{"airport":"LFLG","name":"TWR","layer":"Labels","category":"Gates","object_type":"Label","style_id":"label.gates","source_group":"LFLG Gates","vsmr_group_ids":[],"geometry_role":"text_label","text-field":"TWR"},"geometry":{"type":"Point","coordinates":[5.850129722,45.217388611]}},{"type":"Feature","id":"LFLG-d9f05c60d1bad02fae0c","properties":{"airport":"LFLG","name":"P","layer":"Labels","category":"Gates","object_type":"Label","style_id":"label.gates","source_group":"LFLG Gates","vsmr_group_ids":[],"geometry_role":"text_label","text-field":"P"},"geometry":{"type":"Point","coordinates":[5.84812,45.216193056]}},{"type":"Feature","id":"LFLG-977fc8a1fba59edad9d1","properties":{"airport":"LFLG","name":"P","layer":"Labels","category":"Gates","object_type":"Label","style_id":"label.gates","source_group":"LFLG Gates","vsmr_group_ids":[],"geometry_role":"text_label","text-field":"P"},"geometry":{"type":"Point","coordinates":[5.8512775,45.218503333]}},{"type":"Feature","id":"LFLG-efef2a2ffdc38d28048b","properties":{"airport":"LFLG","name":"Hangars Planeurs","layer":"Labels","category":"Gates","object_type":"Label","style_id":"label.gates","source_group":"LFLG Gates","vsmr_group_ids":[],"geometry_role":"text_label","text-field":"Hangars Planeurs"},"geometry":{"type":"Point","coordinates":[5.845145278,45.219268333]}},{"type":"Feature","id":"LFLG-2ac40aba703b8e4f3ce4","properties":{"airport":"LFLG","name":"Hangars","layer":"Labels","category":"Gates","object_type":"Label","style_id":"label.gates","source_group":"LFLG Gates","vsmr_group_ids":[],"geometry_role":"text_label","text-field":"Hangars"},"geometry":{"type":"Point","coordinates":[5.852454444,45.218654167]}},{"type":"Feature","id":"LFLG-c48f3a5ee9b5bdb40f0e","properties":{"airport":"LFLG","name":"AVT","layer":"Labels","category":"Gates","object_type":"Label","style_id":"label.gates","source_group":"LFLG Gates","vsmr_group_ids":[],"geometry_role":"text_label","text-field":"AVT"},"geometry":{"type":"Point","coordinates":[5.85235,45.219086389]}},{"type":"Feature","id":"LFLG-aecd1093a46b7c9168f6","properties":{"airport":"LFLG","name":"AVT","layer":"Labels","category":"Gates","object_type":"Label","style_id":"label.gates","source_group":"LFLG Gates","vsmr_group_ids":[],"geometry_role":"text_label","text-field":"AVT"},"geometry":{"type":"Point","coordinates":[5.847119722,45.215036389]}},{"type":"Feature","id":"LFLG-c9c77d888914417d2dee","properties":{"airport":"LFLG","name":"E1","layer":"Labels","category":"Taxiways","object_type":"Label","style_id":"label.taxiways","source_group":"LFLG Taxiways","vsmr_group_ids":[],"geometry_role":"text_label","text-field":"E1"},"geometry":{"type":"Point","coordinates":[5.844963889,45.21497]}},{"type":"Feature","id":"LFLG-127135e2e38a1fc85126","properties":{"airport":"LFLG","name":"E2","layer":"Labels","category":"Taxiways","object_type":"Label","style_id":"label.taxiways","source_group":"LFLG Taxiways","vsmr_group_ids":[],"geometry_role":"text_label","text-field":"E2"},"geometry":{"type":"Point","coordinates":[5.846438333,45.216065833]}},{"type":"Feature","id":"LFLG-8e1a583c6572e2924bf0","properties":{"airport":"LFLG","name":"W1","layer":"Labels","category":"Taxiways","object_type":"Label","style_id":"label.taxiways","source_group":"LFLG Taxiways","vsmr_group_ids":[],"geometry_role":"text_label","text-field":"W1"},"geometry":{"type":"Point","coordinates":[5.845385556,45.216646667]}},{"type":"Feature","id":"LFLG-d9e56bbc9035b592856f","properties":{"airport":"LFLG","name":"E3","layer":"Labels","category":"Taxiways","object_type":"Label","style_id":"label.taxiways","source_group":"LFLG Taxiways","vsmr_group_ids":[],"geometry_role":"text_label","text-field":"E3"},"geometry":{"type":"Point","coordinates":[5.848763056,45.217804444]}},{"type":"Feature","id":"LFLG-fef1ffacc7695cf30f64","properties":{"airport":"LFLG","name":"W2","layer":"Labels","category":"Taxiways","object_type":"Label","style_id":"label.taxiways","source_group":"LFLG Taxiways","vsmr_group_ids":[],"geometry_role":"text_label","text-field":"W2"},"geometry":{"type":"Point","coordinates":[5.8477175,45.218383056]}},{"type":"Feature","id":"LFLG-952845851a0b3e384600","properties":{"airport":"LFLG","name":"E4","layer":"Labels","category":"Taxiways","object_type":"Label","style_id":"label.taxiways","source_group":"LFLG Taxiways","vsmr_group_ids":[],"geometry_role":"text_label","text-field":"E4"},"geometry":{"type":"Point","coordinates":[5.850595556,45.219193611]}},{"type":"Feature","id":"LFLG-8daedd050d02f029834e","properties":{"airport":"LFLG","name":"W3","layer":"Labels","category":"Taxiways","object_type":"Label","style_id":"label.taxiways","source_group":"LFLG Taxiways","vsmr_group_ids":[],"geometry_role":"text_label","text-field":"W3"},"geometry":{"type":"Point","coordinates":[5.849632778,45.219768056]}},{"type":"Feature","id":"LFLG-16e52e28cbd1f29fff66","properties":{"airport":"LFLG","name":"E5","layer":"Labels","category":"Taxiways","object_type":"Label","style_id":"label.taxiways","source_group":"LFLG Taxiways","vsmr_group_ids":[],"geometry_role":"text_label","text-field":"E5"},"geometry":{"type":"Point","coordinates":[5.852603056,45.220674444]}},{"type":"Feature","id":"LFLG-186949f9ba010d71cf47","properties":{"airport":"LFLG","name":"F","layer":"Labels","category":"Taxiways","object_type":"Label","style_id":"label.taxiways","source_group":"LFLG Taxiways","vsmr_group_ids":[],"geometry_role":"text_label","text-field":"F"},"geometry":{"type":"Point","coordinates":[5.850347778,45.217755]}},{"type":"Feature","id":"LFLG-4e9dc5269d0a6e2bf2f6","properties":{"airport":"LFLG","name":"E","layer":"Labels","category":"Taxiways","object_type":"Label","style_id":"label.taxiways","source_group":"LFLG Taxiways","vsmr_group_ids":[],"geometry_role":"text_label","text-field":"E"},"geometry":{"type":"Point","coordinates":[5.850225833,45.217146667]}}]}
