{"type":"FeatureCollection","name":"LFLL AVISO","bbox":[5.074392778,45.6962547335972,5.099089384726751,45.75282321508676],"metadata":{"schema":"vSMR AVISO","schema_version":2,"geometry_mode":"shared","airport":"LFLL","coordinate_reference_system":"WGS84","coordinate_order":"longitude, latitude","default_color_palette":"dark","color_palettes":["dark","light"],"background_colors":{"dark":"#434A4F","light":"#434A4F"},"runways":[{"ends":["17R","35L"],"headings":[173,353],"thresholds":[[5.085938889,45.746588889],[5.0903,45.710746944]]},{"ends":["17L","35R"],"headings":[173,353],"thresholds":[[5.091868889,45.734941944],[5.094780833,45.711005833]]}],"saved_active_runways":[],"saved_active_airport_modes":[],"airport_reference":[5.081110833,45.725555833],"feature_count":407,"style_count":14,"layer_counts":{"Airfield surfaces":40,"Buildings and structures":6,"Guidance lines":180,"Labels":158,"Operational restrictions":5,"Surface markings":17,"Terrain":1},"category_counts":{"Buildings":6,"Closure areas":4,"Danger Area":1,"Gates":99,"Grass":1,"Hard Surface 2":8,"Hard Surface 3":7,"Hard Surface 4":3,"Runways":2,"Stopbars":17,"Taxiway Orange":20,"Taxiways":239},"geometry_source":"local GNG/KMZ","geometry_source_url":"","geometry_license":"GPL-3.0"},"styles":{"polygon.grassurface.00512f":{"name":"Grass","layer":"Terrain","object_type":"Area","paint":{"fill":"#010D19","fill-opacity":1,"palette-overrides":{"light":{"fill":"#00512F"}}},"feature_count":1},"polygon.terrain1.574242":{"name":"Terrain 1","layer":"Terrain","object_type":"Area","paint":{"fill":"#574242","fill-opacity":1,"palette-overrides":{"light":{"fill":"#574242"}}},"feature_count":0},"polygon.hardsurface3.8a807f":{"name":"Hard Surface 3","layer":"Airfield surfaces","object_type":"Area","paint":{"fill":"#222D3C","fill-opacity":1,"palette-overrides":{"light":{"fill":"#8A807F"}}},"feature_count":7},"polygon.hardsurface2.595e5b":{"name":"Hard Surface 2","layer":"Airfield surfaces","object_type":"Area","paint":{"fill":"#2F3949","fill-opacity":1,"palette-overrides":{"light":{"fill":"#595E5B"}}},"feature_count":8},"polygon.hardsurface4.969393":{"name":"Hard Surface 4","layer":"Airfield surfaces","object_type":"Area","paint":{"fill":"#152841","fill-opacity":1,"palette-overrides":{"light":{"fill":"#969393"}}},"feature_count":3},"polygon.runwayconcrete.555555":{"name":"Runways","layer":"Airfield surfaces","object_type":"Area","paint":{"fill":"#111318","fill-opacity":1,"palette-overrides":{"light":{"fill":"#555555"}}},"feature_count":2},"polygon.building.394446":{"name":"Buildings","layer":"Buildings and structures","object_type":"Area","paint":{"fill":"#475570","fill-opacity":1,"palette-overrides":{"light":{"fill":"#394446"}}},"feature_count":6},"polygon.stopbar.7e0000":{"name":"Stopbars","layer":"Surface markings","object_type":"Area","paint":{"fill":"#7E0000","fill-opacity":1,"palette-overrides":{"light":{"fill":"#7E0000"}}},"feature_count":17},"polygon.taxiwayorange.cc6d00":{"name":"Taxiway Orange","layer":"Airfield surfaces","object_type":"Area","paint":{"fill":"#CC8B00","fill-opacity":1,"palette-overrides":{"light":{"fill":"#CC6D00"}}},"feature_count":20},"polygon.closurearea.ff0000":{"name":"Closure areas","layer":"Operational restrictions","object_type":"Area","paint":{"fill":"#FF0000","fill-opacity":1,"palette-overrides":{"light":{"fill":"#FF0000"}}},"feature_count":4},"line.taxiway.c0b631":{"name":"Taxiways","layer":"Guidance lines","object_type":"Line","paint":{"stroke":"#4E5A69","stroke-opacity":1,"stroke-width":1,"palette-overrides":{"light":{"stroke":"#C0B631"}}},"feature_count":180},"label.gates":{"name":"Gates","layer":"Labels","object_type":"Label","paint":{"text-color":"#CCCCCC","text-font":"Arial","text-size":12,"text-halo-color":"#000000","text-halo-width":1,"text-anchor":"center","zoomLevel":9},"feature_count":99},"label.taxiways":{"name":"Taxiways","layer":"Labels","object_type":"Label","paint":{"text-color":"#CCCCCC","text-font":"Arial","text-size":12,"text-halo-color":"#000000","text-halo-width":1,"text-anchor":"center","zoomLevel":7},"feature_count":59},"polygon.dangerarea.280908":{"name":"Danger Area","layer":"Operational restrictions","object_type":"Area","paint":{"fill":"#280908","fill-opacity":1,"palette-overrides":{"light":{"fill":"#280908"}}},"feature_count":1}},"vsmr_groups":[],"features":[{"type":"Feature","id":"LFLL-03fb1eb79ce7d7ccbe72","properties":{"airport":"LFLL","name":"COLOR_GrasSurface","layer":"Terrain","category":"Grass","object_type":"Area","style_id":"polygon.grassurface.00512f","source_group":"COLOR_GrasSurface","vsmr_group_ids":[],"geometry_role":"filled_region"},"geometry":{"type":"Polygon","coordinates":[[[5.076618999869662,45.72469784564108],[5.074983502544493,45.71326253848036],[5.075015112001145,45.71312188064993],[5.075130488807553,45.71297531270163],[5.075392756489745,45.71277498347429],[5.076434965308052,45.7123717804249],[5.076723544150674,45.71229289215383],[5.077894735004014,45.71200591873209],[5.081194428730029,45.71136791227656],[5.081441911689075,45.71131503241194],[5.081579279012152,45.71123304264774],[5.081729517634295,45.7111310603267],[5.081838230896627,45.71099710522322],[5.081904001383803,45.71085816324163],[5.081898607703581,45.71073729718787],[5.081834409790796,45.71036329557584],[5.081813844819029,45.71020663001684],[5.081805235354528,45.70980660359023],[5.081820900203007,45.70895052388632],[5.081824496477305,45.70872804961726],[5.081818314803792,45.70847592517222],[5.081842511704475,45.70832336082595],[5.081901759063374,45.70814724484732],[5.081963742489945,45.70804834897621],[5.08202894805777,45.70800933465428],[5.082082251595694,45.70798999060707],[5.082142732993145,45.70797279260793],[5.082210378623301,45.70793125039063],[5.082260587800238,45.70787610940674],[5.082284138800088,45.70781811130135],[5.082283086633074,45.70776584700332],[5.082263581404282,45.7077164511463],[5.082225623534635,45.70767063966711],[5.082172290637057,45.70763199154705],[5.082112811432555,45.70760336826721],[5.082057433269361,45.7075747439196],[5.082003071974275,45.70752965232186],[5.081965112499251,45.7074802608753],[5.081915322962418,45.70737585760509],[5.08189142774917,45.70676459334954],[5.081802707683396,45.70429786604948],[5.081701690496341,45.70182770291622],[5.081621239038265,45.69969889370624],[5.08153411113859,45.69757302399669],[5.081826298960308,45.69727978907268],[5.083446168172894,45.69673395677494],[5.084087943075255,45.69652720325383],[5.08450141341682,45.69642286882221],[5.084777933991877,45.69635893145653],[5.085058981803881,45.69631785642609],[5.085370510238889,45.69628229110353],[5.085831994492899,45.6962547335972],[5.086370624331411,45.696257496664],[5.086817423749215,45.69630548767567],[5.0872567489409,45.69636786696783],[5.087681190253377,45.69645087310838],[5.088170573576623,45.69656408794018],[5.089111140309301,45.69680241094954],[5.090288163613124,45.69709620440322],[5.090608242357632,45.69718296207285],[5.091256886204986,45.69742356051902],[5.091660313704374,45.69763815694965],[5.092234874860367,45.69808417811096],[5.093919413628083,45.69948916209734],[5.095786607614031,45.701085549596],[5.096481941593584,45.7016612983818],[5.096771095492389,45.7019380585262],[5.097182552210127,45.70238071853976],[5.097484638673651,45.70281585316052],[5.097822401738028,45.70354451659917],[5.098014346536264,45.70427934263395],[5.098560042060432,45.70644000382099],[5.098837714207727,45.70743221881436],[5.098926979903902,45.70775771081268],[5.099052074367789,45.70809337520405],[5.099089384726751,45.70838074530403],[5.098992657285056,45.70929735556943],[5.098506316974712,45.71292672488615],[5.09831927345372,45.71320662589236],[5.09788849914054,45.71451213921344],[5.097414834933542,45.71607796150974],[5.097074397202457,45.71726265912046],[5.096483738631963,45.71924083519821],[5.096466223830893,45.71939844742904],[5.096463891235636,45.71984811107493],[5.096447182942887,45.72003288612934],[5.096176006848827,45.72218340113876],[5.096010575058481,45.72357078660186],[5.095540250931057,45.72752517898058],[5.095424622263915,45.72851870648627],[5.095353457827492,45.72922621665646],[5.095329916237255,45.72965093390162],[5.095233725237469,45.7318672722715],[5.095253229624834,45.73222448275532],[5.095240613486601,45.7323821891526],[5.09517779897199,45.73264843038082],[5.095173357976519,45.73296319862732],[5.095187982238601,45.73445599390253],[5.09535493652028,45.73496468562305],[5.095417087012313,45.73765839844814],[5.094227119468851,45.7380724876649],[5.093649267460427,45.74214227307333],[5.093602618207007,45.74228956451778],[5.093514590643968,45.74252491700604],[5.093431713158094,45.74266641040046],[5.093347630993064,45.74278143130494],[5.093225626279631,45.74291218374114],[5.092199067940157,45.744062298605],[5.091977949426958,45.74431040665373],[5.091813704444544,45.74601553783804],[5.091265288876006,45.74609998507519],[5.091297417148228,45.74628068790933],[5.089545785059393,45.74705466508994],[5.088749023173404,45.74795703238797],[5.089463565974793,45.75164022752225],[5.087047084414859,45.75222855063226],[5.085849838505608,45.75248138492923],[5.085453777563904,45.75256930483567],[5.084545078218454,45.75282321508676],[5.083209555046442,45.75216007862637],[5.083205959308595,45.74829917481539],[5.080941298588122,45.74165597727511],[5.080980342368211,45.74132591574911],[5.08224106921541,45.73095945658247],[5.078036510089346,45.73071772553608],[5.077585404732996,45.72747097320079],[5.077482589080724,45.72740419044669],[5.077337110403479,45.72703061189365],[5.076785722868509,45.72577841483058],[5.076618999869662,45.72469784564108]]]}},{"type":"Feature","id":"LFLL-4a2a2214489078fdad36","properties":{"airport":"LFLL","name":"COLOR_DangerArea","layer":"Operational restrictions","category":"Danger Area","object_type":"Area","style_id":"polygon.dangerarea.280908","source_group":"COLOR_DangerArea","vsmr_group_ids":[],"geometry_role":"filled_region"},"geometry":{"type":"Polygon","coordinates":[[[5.083209061651877,45.72550156515829],[5.081578005584588,45.72520432112863],[5.081511194710336,45.72519802674692],[5.08145233757541,45.72521469689359],[5.081404568757408,45.72523494033824],[5.081374711917448,45.72526054382665],[5.081363511863984,45.72527975560711],[5.081344725633292,45.72529406046576],[5.081317970364932,45.72530558324326],[5.081285523944581,45.72530518423829],[5.081249093429296,45.72529922165991],[5.080945712306932,45.72524348006232],[5.080868104272214,45.72522981727719],[5.080815278114446,45.72522526154086],[5.080762451800003,45.72522207163662],[5.080698537918455,45.72522297867769],[5.080638536773523,45.72522661762841],[5.080591578921276,45.72523298901484],[5.08052699850726,45.72524541261107],[5.078858862214042,45.7256660226392],[5.078768162949863,45.72568301117064],[5.078625788023254,45.72569980825651],[5.078484685683442,45.72570537115784],[5.078357308075441,45.72570663188878],[5.078250554527459,45.72570069565487],[5.07813531148583,45.72567909152627],[5.07805524887287,45.72565749001777],[5.077919983017274,45.72561190526157],[5.077837299833714,45.72558074583892],[5.077750681654005,45.7255344677215],[5.07766598265607,45.72547785922522],[5.077595446387884,45.72542441472829],[5.077539169402572,45.72537044741118],[5.07749284909792,45.72531673588849],[5.077451834131197,45.72526559206423],[5.077420781811741,45.72521608551686],[5.077395003701016,45.72516821584652],[5.077372313155712,45.72510556327101],[5.077354856904268,45.72505049712139],[5.077341909452937,45.72498677828635],[5.077287003982507,45.72428558274578],[5.077284446800121,45.72422895252733],[5.077302701527051,45.72407089020717],[5.077315845275341,45.72401004608668],[5.077333517452383,45.72395290291998],[5.077364808560567,45.72389295148703],[5.077408612684835,45.72382823652707],[5.077458673316755,45.72376074270256],[5.077509918482925,45.72369861884791],[5.077545885215597,45.72366573759389],[5.077672087558634,45.72358101123137],[5.077803577690696,45.72350706635702],[5.077912377240786,45.7234578427333],[5.078006028361923,45.72342742000826],[5.078934626972728,45.72318855580665],[5.079078443813105,45.7231511711232],[5.079089661632659,45.72314515223128],[5.079097901768852,45.72313534111225],[5.079104204659681,45.72311639483941],[5.079105176269733,45.72309981652435],[5.079098393964996,45.72308188433542],[5.079073239406419,45.72303197711474],[5.079071025903998,45.7230205618081],[5.079075457263098,45.72300530755538],[5.079085794380759,45.72298881685073],[5.07910410356383,45.72297562498363],[5.079290619477364,45.72285888696285],[5.079316830112126,45.72284402243241],[5.079339354518067,45.72283373189627],[5.079365154436728,45.72282744404212],[5.079419211022236,45.72281686970932],[5.079718126476244,45.72277090429823],[5.079765353544062,45.72276478915314],[5.079808684936095,45.72276411210442],[5.079844225541594,45.72277023251262],[5.079887555032709,45.72278417104241],[5.080380722398735,45.72302691221904],[5.080423661013038,45.72305103062604],[5.080471214605621,45.7230567143085],[5.08055163635738,45.72306692770603],[5.080727101228913,45.72305417852213],[5.080916836206382,45.72374491588397],[5.083137285011345,45.72415962954488],[5.083415028952212,45.72419762677463],[5.083209061651877,45.72550156515829]]]}},{"type":"Feature","id":"LFLL-6fcf2878c8676fc155e4","properties":{"airport":"LFLL","name":"COLOR_HardSurface3","layer":"Airfield surfaces","category":"Hard Surface 3","object_type":"Area","style_id":"polygon.hardsurface3.8a807f","source_group":"COLOR_HardSurface3","vsmr_group_ids":[],"geometry_role":"filled_region"},"geometry":{"type":"Polygon","coordinates":[[[5.083443727594914,45.72796367836376],[5.083135819461145,45.73051705826985],[5.080458822545564,45.7303512389423],[5.080759566799903,45.72781048495917],[5.083443727594914,45.72796367836376]]]}},{"type":"Feature","id":"LFLL-c0f5d07429e7e4561947","properties":{"airport":"LFLL","name":"COLOR_HardSurface3","layer":"Airfield surfaces","category":"Hard Surface 3","object_type":"Area","style_id":"polygon.hardsurface3.8a807f","source_group":"COLOR_HardSurface3","vsmr_group_ids":[],"geometry_role":"filled_region"},"geometry":{"type":"Polygon","coordinates":[[[5.082745527490681,45.7268688436485],[5.082771427704156,45.72695016505435],[5.082767343473542,45.72697193890722],[5.082754718760468,45.72698982463864],[5.082744321860845,45.72699915634629],[5.082725013185287,45.72700615520555],[5.082698649362123,45.7270121172592],[5.081389306462381,45.72725680687723],[5.081361969560938,45.72726068300925],[5.081326944239155,45.72725740290402],[5.081300888908702,45.72724726482386],[5.081285512092562,45.72723325053054],[5.081274759785456,45.72721494853305],[5.081134137610592,45.7268330966727],[5.081130885012062,45.72681022753373],[5.081142619830359,45.72678633543917],[5.081162666488233,45.72676653920286],[5.081189069197512,45.72675425197095],[5.081228673132083,45.72674435403807],[5.082487600993422,45.72650753419789],[5.082527706684889,45.72650037683024],[5.0825620830289,45.72649932412754],[5.082588619213951,45.72650395509665],[5.082602792009887,45.72651153320493],[5.082612173475871,45.72652706697865],[5.08262703899203,45.72656383135088],[5.082645302368141,45.7266097867786],[5.082745527490681,45.7268688436485]]]}},{"type":"Feature","id":"LFLL-5ff46f86fad98ab84c63","properties":{"airport":"LFLL","name":"COLOR_HardSurface3","layer":"Airfield surfaces","category":"Hard Surface 3","object_type":"Area","style_id":"polygon.hardsurface3.8a807f","source_group":"COLOR_HardSurface3","vsmr_group_ids":[],"geometry_role":"filled_region"},"geometry":{"type":"Polygon","coordinates":[[[5.083415054634568,45.72418425659728],[5.083124493873276,45.72414692212725],[5.08098142104334,45.72373197133294],[5.080719448691029,45.72288693474818],[5.081159779327383,45.72242751202457],[5.080743712196774,45.72142956798531],[5.080178026340656,45.72093613118343],[5.079689165319293,45.72071634050652],[5.080046289406894,45.72024190489977],[5.079488731805646,45.71998686026307],[5.079922358119422,45.71903847890242],[5.079201122637325,45.71814368268374],[5.077747411928215,45.71789260905128],[5.077197610459443,45.71626585688254],[5.07680960153797,45.71528149680496],[5.076803136999965,45.71527177369895],[5.076792196219704,45.7152658701342],[5.07677280057957,45.7152644804572],[5.07673947937985,45.71526864620324],[5.076539551307173,45.71530544681934],[5.076497784609892,45.71519397946418],[5.078029123390213,45.71495117822514],[5.078418604635068,45.71469915059613],[5.079558500994872,45.71450522536105],[5.080790839200573,45.71729907847138],[5.081458292618628,45.71801096511317],[5.08263219156192,45.72083157268694],[5.083019761663152,45.72169521966209],[5.082896816316569,45.72241402658333],[5.082587714362477,45.7232077394092],[5.083513998317095,45.7233818643415],[5.083415054634568,45.72418425659728]]]}},{"type":"Feature","id":"LFLL-a48a8a144402b4c1c418","properties":{"airport":"LFLL","name":"COLOR_HardSurface3","layer":"Airfield surfaces","category":"Hard Surface 3","object_type":"Area","style_id":"polygon.hardsurface3.8a807f","source_group":"COLOR_HardSurface3","vsmr_group_ids":[],"geometry_role":"filled_region"},"geometry":{"type":"Polygon","coordinates":[[[5.081212815425515,45.71725552630502],[5.081985063760374,45.71680429145254],[5.084316718195144,45.71695757437218],[5.084047712553201,45.71903841251397],[5.084025787208521,45.71905082482614],[5.083981980471304,45.71907512153892],[5.083921248004549,45.71911301356495],[5.08382498013879,45.71914684600209],[5.083682839343995,45.71917661883456],[5.083520547831286,45.71920478758164],[5.08283563993211,45.7193308567986],[5.082825971076654,45.71930513374105],[5.082586054064118,45.71934639238363],[5.082542400829251,45.71936229350847],[5.082513931210729,45.71938482022234],[5.082496849318208,45.71941132230533],[5.082382971284964,45.71942457290351],[5.081212815425515,45.71725552630502]]]}},{"type":"Feature","id":"LFLL-a127154db50d86d021d7","properties":{"airport":"LFLL","name":"COLOR_HardSurface3","layer":"Airfield surfaces","category":"Hard Surface 3","object_type":"Area","style_id":"polygon.hardsurface3.8a807f","source_group":"COLOR_HardSurface3","vsmr_group_ids":[],"geometry_role":"filled_region"},"geometry":{"type":"Polygon","coordinates":[[[5.083902825161877,45.71413153707162],[5.084784986404851,45.71434713607897],[5.085022808815436,45.7147169921456],[5.084889196547886,45.71613969147797],[5.084666792551227,45.71666663890309],[5.084440214895929,45.71670471125606],[5.083713475478624,45.71669479886336],[5.082379062203666,45.71666956419375],[5.081619332006673,45.71684585893951],[5.081120123321863,45.71689469605102],[5.080787120327763,45.71668003310435],[5.08014550534392,45.7149061032441],[5.08119402126197,45.71439558854829],[5.083902825161877,45.71413153707162]]]}},{"type":"Feature","id":"LFLL-50ed8a86a8814e52186c","properties":{"airport":"LFLL","name":"COLOR_HardSurface3","layer":"Airfield surfaces","category":"Hard Surface 3","object_type":"Area","style_id":"polygon.hardsurface3.8a807f","source_group":"COLOR_HardSurface3","vsmr_group_ids":[],"geometry_role":"filled_region"},"geometry":{"type":"Polygon","coordinates":[[[5.085991985455777,45.71106147714363],[5.084388554462937,45.71279190785546],[5.083724339902105,45.71275155534681],[5.083766583396628,45.71241720624136],[5.084097216296706,45.71226875986143],[5.08407320041794,45.71210796971754],[5.084207559494784,45.7113992167353],[5.084445992262014,45.7113596158427],[5.084519453959519,45.7112948179903],[5.0845851212063,45.71125326670156],[5.084627161681801,45.71121020961272],[5.084643276831176,45.71118232052513],[5.084653085627691,45.71115149587],[5.084655186515914,45.71111186433068],[5.08415823968275,45.70569654402157],[5.08562120288677,45.70562810281504],[5.085991985455777,45.71106147714363]]]}},{"type":"Feature","id":"LFLL-8f48ae6e84b08a696774","properties":{"airport":"LFLL","name":"COLOR_HardSurface3","layer":"Airfield surfaces","category":"Hard Surface 3","object_type":"Area","style_id":"polygon.hardsurface3.8a807f","source_group":"COLOR_HardSurface3","vsmr_group_ids":[],"geometry_role":"filled_region"},"geometry":{"type":"Polygon","coordinates":[[[5.079945368425962,45.7144877788571],[5.0796091087478,45.71435820511588],[5.078121073513849,45.7146613870221],[5.076392755073124,45.71492512249894],[5.076332142415612,45.7147907525607],[5.077134677721182,45.71463520172312],[5.077184185453456,45.71462209262787],[5.077218329677525,45.71460361889231],[5.077241377698096,45.71458454860821],[5.077264426927542,45.71455355867346],[5.077287476926291,45.7145148209346],[5.077311910960707,45.71441318131625],[5.077318852254407,45.71438150663225],[5.077331129943012,45.71435579457678],[5.077356215939853,45.71433418226944],[5.077405852300414,45.71430958997782],[5.077427201276141,45.71429878424509],[5.077493265968577,45.71427484545644],[5.077689770713254,45.71422767154816],[5.077881828713657,45.71418484295904],[5.079938100412072,45.71379760775881],[5.079984368801012,45.71378845861194],[5.080023287739364,45.71377405721558],[5.080068433934805,45.71375259062799],[5.080169623669337,45.71370367926699],[5.080194302893942,45.71369313944122],[5.080246750458512,45.71368198279087],[5.082520021140089,45.71325135228607],[5.08256400996713,45.71324611188976],[5.082615997057043,45.7132461120615],[5.082667984115281,45.71325344201291],[5.082725469787503,45.7132740354085],[5.082797451939063,45.71330544900415],[5.082863935568184,45.71334419238693],[5.082910914283763,45.71338186735331],[5.082943871135511,45.71343863049131],[5.08296749026756,45.71350114664376],[5.083020016026842,45.71363294095193],[5.08305551346643,45.71369151668739],[5.083106998616733,45.7137533448602],[5.083167949258227,45.71379593205601],[5.08322194781803,45.71382499544853],[5.083300695755002,45.71384659651018],[5.079945368425962,45.7144877788571]]]}},{"type":"Feature","id":"LFLL-ae39ffdb39a7b635f281","properties":{"airport":"LFLL","name":"COLOR_HardSurface2","layer":"Airfield surfaces","category":"Hard Surface 2","object_type":"Area","style_id":"polygon.hardsurface2.595e5b","source_group":"COLOR_HardSurface2","vsmr_group_ids":[],"geometry_role":"filled_region"},"geometry":{"type":"Polygon","coordinates":[[[5.091918974992382,45.71727827229667],[5.091854089688592,45.71806861647956],[5.091820506848443,45.71853318171932],[5.091797791623742,45.71869221470738],[5.091796423908241,45.71882594440343],[5.091808737636738,45.71895585330306],[5.091831218405924,45.71906714315585],[5.09187843278559,45.71920332039155],[5.091941901363343,45.71933301302062],[5.091996148723588,45.71942885377998],[5.092053606012974,45.71951832613491],[5.09243680396906,45.72008656557483],[5.092139786131815,45.72018678535828],[5.092091026017389,45.72014233045711],[5.092051444440733,45.72011389538685],[5.091988917232682,45.72007825145946],[5.091928111100832,45.72005021693429],[5.091863863233305,45.7200273888344],[5.091789289911008,45.7200065631914],[5.09168660826802,45.71999214544721],[5.090377201463737,45.71983491629781],[5.090399499428351,45.71962472184023],[5.091446518432008,45.7196886166834],[5.091514743284716,45.71969044878026],[5.091562631881144,45.71968815878638],[5.0916111764845,45.71967533466253],[5.091654473002931,45.71965747246697],[5.091678089267056,45.71963777824253],[5.091700393501874,45.71961533598758],[5.091704329520066,45.71958922969759],[5.091706953512709,45.71955945936287],[5.091701049411421,45.71952236094538],[5.091680713180661,45.71948709454222],[5.091626145236599,45.71940358232083],[5.091585825217495,45.7193398456986],[5.091546266093079,45.71927079773257],[5.091512793111733,45.7192017497924],[5.091480841727773,45.71913004616369],[5.091459540928948,45.71905515567991],[5.091440522402396,45.71898716994001],[5.09142892690853,45.71890854300001],[5.091421547524366,45.718839631054],[5.091423392629575,45.71877780350741],[5.091428927573558,45.71870116308196],[5.091447014123336,45.71859369672944],[5.091464042157079,45.71850037189734],[5.091496244596434,45.71826868457849],[5.091638994544596,45.71704464509843],[5.091643271768951,45.71693862728921],[5.091637166072482,45.71688892705569],[5.091625844646166,45.71684031342641],[5.09160022494031,45.71678525812247],[5.091562169811761,45.71673109546493],[5.091529237510894,45.71669123987553],[5.091485008652718,45.71665099632808],[5.091429025154102,45.71661144820723],[5.091344062035461,45.71656454220218],[5.09126897836448,45.71653465099555],[5.091197846431617,45.71651349708947],[5.091101686479296,45.71649832120053],[5.0907849813171,45.7164615174174],[5.090818990909143,45.7161831080393],[5.092129739913778,45.71626135324265],[5.092216927082342,45.71626675302815],[5.092285130069561,45.71627657121398],[5.092373723888361,45.71630062615375],[5.092454583520112,45.716326644816],[5.092526302735858,45.71635364537495],[5.092587973089442,45.71638407345507],[5.092643518173833,45.71641815388453],[5.092687281153094,45.71645145093425],[5.092733288556161,45.71649101570983],[5.092770319174173,45.71653253925992],[5.092804765479062,45.71657589605303],[5.092875178251594,45.71667519080441],[5.092570843270579,45.71677197390427],[5.092538857471769,45.71674896506772],[5.092485063450471,45.71672020412019],[5.092415276979469,45.71669990250207],[5.092354213931431,45.71668602978824],[5.092295089545685,45.71668196972593],[5.092232572882518,45.71668670724136],[5.092174417909381,45.71669855044074],[5.092125955475675,45.71671648422235],[5.092077008417368,45.71674152373042],[5.092033392212021,45.71676927015876],[5.09199849931383,45.71680784436607],[5.091978145160767,45.7168487871182],[5.091966514308385,45.71689277518647],[5.091954501118144,45.71698234949393],[5.091918974992382,45.71727827229667]]]}},{"type":"Feature","id":"LFLL-116b964b650a0705092f","properties":{"airport":"LFLL","name":"COLOR_HardSurface2","layer":"Airfield surfaces","category":"Hard Surface 2","object_type":"Area","style_id":"polygon.hardsurface2.595e5b","source_group":"COLOR_HardSurface2","vsmr_group_ids":[],"geometry_role":"filled_region"},"geometry":{"type":"Polygon","coordinates":[[[5.09367813713328,45.71115733770156],[5.093447552892498,45.71113418350324],[5.093352855843336,45.71112805559774],[5.09137898576431,45.71100999936143],[5.091412896166617,45.71081112017992],[5.093704474566554,45.71094827012638],[5.09367813713328,45.71115733770156]]]}},{"type":"Feature","id":"LFLL-89bf4f3c3d0d076e3ebc","properties":{"airport":"LFLL","name":"COLOR_HardSurface2","layer":"Airfield surfaces","category":"Hard Surface 2","object_type":"Area","style_id":"polygon.hardsurface2.595e5b","source_group":"COLOR_HardSurface2","vsmr_group_ids":[],"geometry_role":"filled_region"},"geometry":{"type":"Polygon","coordinates":[[[5.091699151533787,45.72609218478251],[5.091097076516644,45.72670301491144],[5.091008803115436,45.7267968504583],[5.090947511279349,45.72686875645091],[5.090889624454595,45.72694779354072],[5.090841101574702,45.72702980191959],[5.090794281097766,45.72711775297485],[5.09075682455232,45.72719500735111],[5.090721764805974,45.72728498754487],[5.090696028244213,45.72737332096378],[5.090670291602075,45.72748336340914],[5.09064991664903,45.72767649926071],[5.090535993162586,45.7286290150671],[5.090509862586822,45.72886005929682],[5.090504885058193,45.72900424476405],[5.090508617616337,45.72913887589538],[5.090511897444245,45.72920912993104],[5.090532766407463,45.72927468441619],[5.090575307158605,45.72936040950762],[5.090614637406123,45.72941363750873],[5.090654770392817,45.7294528581523],[5.090733430978423,45.72940859481973],[5.090818512654707,45.72934752260259],[5.090897172908077,45.72927860621137],[5.091002320468156,45.72916262485333],[5.091069743272795,45.72909090675413],[5.091329137609106,45.72921694472628],[5.091154938583622,45.72939962453324],[5.091045964183358,45.72950845498893],[5.090989020303107,45.72956114173942],[5.090946385730854,45.72960488704081],[5.091032682942911,45.72962711792435],[5.091129767322807,45.72964325306413],[5.0912360979118,45.72965651955877],[5.09134008010048,45.72965960812513],[5.091311515713883,45.72986626317218],[5.089085020302524,45.72973281878683],[5.089099902789487,45.72953720170206],[5.089270226358895,45.7295442604269],[5.089371793168079,45.7295452965901],[5.08947484281991,45.72953805259057],[5.089612736670109,45.72952149371383],[5.089721717368773,45.72950286442297],[5.089820319175273,45.72947026228445],[5.089906317954371,45.72942886235082],[5.089983420562869,45.72937141955033],[5.090070670874905,45.72928125386526],[5.090126035508682,45.72919342072837],[5.090164022946617,45.72910365029135],[5.090214757592122,45.72886925114747],[5.090230586613416,45.72874901298519],[5.090361411540307,45.72763492714148],[5.090383834788685,45.72748598381007],[5.090400958597836,45.72737641180093],[5.090427357332814,45.727282777561],[5.090474648016963,45.72714907944169],[5.090557511249878,45.72698215633762],[5.090616934679075,45.72688095130486],[5.090701026360394,45.72676119760334],[5.090802776992494,45.72664261773884],[5.091450198153556,45.72598417676602],[5.091699151533787,45.72609218478251]]]}},{"type":"Feature","id":"LFLL-3e2cbd641a2b452a8d91","properties":{"airport":"LFLL","name":"COLOR_HardSurface2","layer":"Airfield surfaces","category":"Hard Surface 2","object_type":"Area","style_id":"polygon.hardsurface2.595e5b","source_group":"COLOR_HardSurface2","vsmr_group_ids":[],"geometry_role":"filled_region"},"geometry":{"type":"Polygon","coordinates":[[[5.090745544883042,45.73527758071384],[5.088464427781072,45.73622788055396],[5.088322497161255,45.73605351534349],[5.090600390554945,45.7351078530722],[5.090745544883042,45.73527758071384]]]}},{"type":"Feature","id":"LFLL-6f0e86781c6420779d30","properties":{"airport":"LFLL","name":"COLOR_HardSurface2","layer":"Airfield surfaces","category":"Hard Surface 2","object_type":"Area","style_id":"polygon.hardsurface2.595e5b","source_group":"COLOR_HardSurface2","vsmr_group_ids":[],"geometry_role":"filled_region"},"geometry":{"type":"Polygon","coordinates":[[[5.084248856787291,45.74633829387955],[5.084203226274163,45.74631164770753],[5.084130293084494,45.74626074538054],[5.084064069940686,45.7461999026955],[5.08400205615372,45.74612925069876],[5.083948253556043,45.74603441288772],[5.083880773230776,45.74590838680388],[5.083852425460624,45.74582575055167],[5.083806516557365,45.74568705238156],[5.083619192230016,45.74512030977782],[5.082050345594473,45.74041134197657],[5.081999968229674,45.74024528272009],[5.081981008103204,45.74013512446008],[5.08196980838779,45.74004061736654],[5.081973966583457,45.73992797998471],[5.081986471182214,45.73980347491316],[5.083048788189615,45.73111060457621],[5.083331225127672,45.73112956348075],[5.082747956776974,45.73595606271596],[5.082727046488833,45.73615571273489],[5.082720673179493,45.73629134845829],[5.082727013418767,45.7364238160232],[5.082739076123721,45.73649305172157],[5.082775621300666,45.73659320179794],[5.082824049246979,45.73667931904136],[5.082894411230379,45.73676926482311],[5.082984880549175,45.7368541086373],[5.08310094078232,45.73693448870178],[5.083214668774742,45.73699476281185],[5.083326983335734,45.73704208359976],[5.083464553898716,45.73708383916289],[5.083620070163302,45.73711631812611],[5.083755650262409,45.73712884954056],[5.083875945400161,45.73713117494237],[5.084014436142194,45.7371193766442],[5.084309050973426,45.73708287772752],[5.084558694657031,45.73703868903792],[5.086053427865198,45.73675418404135],[5.085966084601916,45.73709009197618],[5.085858128424179,45.73707544874202],[5.085780934804562,45.73706809926413],[5.085719530417247,45.73706809723353],[5.085624206788617,45.73707707363948],[5.085240905437239,45.73712368232673],[5.085084427136481,45.73714883813499],[5.084893430977333,45.73718469944271],[5.083388116871987,45.73747072402166],[5.083281133025426,45.73749442207328],[5.08283420460883,45.73761627302881],[5.082748496782614,45.7376484679888],[5.082704992242504,45.73767067034971],[5.082657590411984,45.73770556100477],[5.082629018254243,45.73773592115365],[5.082600445728199,45.73776900026976],[5.082575766982331,45.73781703397776],[5.082557580547693,45.73786869340219],[5.082498446435507,45.73812948585504],[5.082485757298045,45.73819612290445],[5.082341090103341,45.73937677312194],[5.082313441123835,45.73970582196157],[5.082305469062685,45.73987159251715],[5.082300670941744,45.73994674277584],[5.082300661612187,45.74001859717802],[5.082307086634021,45.74009344589209],[5.082321016748404,45.74018476170249],[5.082338165260294,45.74026859290838],[5.082363784789052,45.74036350196021],[5.083066245545435,45.74252321671419],[5.08312668119506,45.74268613458174],[5.083196197429929,45.74285311440138],[5.08322684492583,45.74292303730938],[5.083256747052864,45.74297313179041],[5.083300191849345,45.74303262066563],[5.083359861851145,45.74309711009407],[5.083432366112239,45.74315846540147],[5.083526687977498,45.74322026963618],[5.08362742796545,45.74327311774585],[5.083726885971879,45.74331521806665],[5.083841974898029,45.74335002427171],[5.083945698328294,45.74337321598474],[5.084101284733014,45.74339584455],[5.084285234029149,45.74341621212692],[5.084394799734997,45.74342650419609],[5.084517673278556,45.7434378508941],[5.084671860353485,45.74344615602305],[5.084856869891555,45.74345161310281],[5.085104910884759,45.74345461342417],[5.085155937818897,45.74345315816806],[5.085130480204921,45.7436732675346],[5.08486688990957,45.74365677387463],[5.084573225368166,45.7436401533289],[5.084482048496632,45.74363717544182],[5.084300330552081,45.74363964577014],[5.084076586679371,45.74364541841048],[5.083981288062553,45.74365078383542],[5.083921933736919,45.74365640076063],[5.083856253620294,45.74367098142644],[5.083790572630866,45.74369389569982],[5.083736832696903,45.74372127500374],[5.08368906283112,45.74375490483548],[5.083648969059118,45.74379389241741],[5.083615271316102,45.74384389267668],[5.083595779703078,45.74389351824907],[5.083588704870918,45.74395230174958],[5.083596355200408,45.74402054077189],[5.08362375409622,45.74420144244932],[5.083635251430425,45.74424157569201],[5.083923401945494,45.74510937696088],[5.083966026663549,45.74521556699228],[5.084006447957901,45.74530482844857],[5.084268389328635,45.74583037510905],[5.084308194338123,45.74590213996002],[5.084355873019966,45.74597086562444],[5.084414437424092,45.74602946408348],[5.084483368407953,45.74608733959749],[5.08453032870932,45.74611727099051],[5.084248856787291,45.74633829387955]]]}},{"type":"Feature","id":"LFLL-483db12262c9403371f6","properties":{"airport":"LFLL","name":"COLOR_HardSurface2","layer":"Airfield surfaces","category":"Hard Surface 2","object_type":"Area","style_id":"polygon.hardsurface2.595e5b","source_group":"COLOR_HardSurface2","vsmr_group_ids":[],"geometry_role":"filled_region"},"geometry":{"type":"Polygon","coordinates":[[[5.088814095608964,45.71088067055655],[5.088692420440624,45.71088941259654],[5.088585340109821,45.71090223758382],[5.088255863449307,45.71095934089515],[5.086984939344809,45.71119992563992],[5.086717080108098,45.71125560309189],[5.086506642779196,45.71130322361383],[5.086341718304299,45.71134624413529],[5.086244997385205,45.71137876490413],[5.086149289871312,45.71142144862664],[5.086070903806572,45.71146398743657],[5.086016586901579,45.71149947197092],[5.08594858552283,45.7115477702243],[5.085903414176267,45.71158648810334],[5.085864095446995,45.71162545714549],[5.085823407185075,45.7116713939611],[5.085786328700372,45.71171927281672],[5.085752268170176,45.71177685598758],[5.085716596353135,45.7118500599095],[5.085690774552598,45.71193487703342],[5.085667617719308,45.71202952010548],[5.085355768829496,45.714471451751],[5.085331189173226,45.71467670743765],[5.085318829010673,45.71477633036629],[5.085322833984605,45.71488881409434],[5.085359639785752,45.71548475738118],[5.085368966025272,45.71552482456016],[5.085385846623751,45.7155726535041],[5.085409160883754,45.71562080816069],[5.085451748844172,45.7156694429319],[5.08552020028117,45.71572342023111],[5.085596414574947,45.71576602104745],[5.085691674963424,45.71579323285617],[5.085762084987775,45.71580771750109],[5.085828640062207,45.71581869269369],[5.085786059880686,45.71617129440671],[5.085701562487643,45.71617300665134],[5.085631932727066,45.71617778064892],[5.085545516912362,45.71619514253033],[5.08547837341416,45.71621727943131],[5.085399417218559,45.71625374057498],[5.085334137796411,45.71630192189426],[5.085281291966179,45.71635531229568],[5.085242346377505,45.71642604015161],[5.085058256745027,45.71703422147417],[5.085038333434266,45.71711832639714],[5.084876691599149,45.71845981724196],[5.084864262258073,45.71859253547291],[5.084863016340364,45.71868274924235],[5.084874193063991,45.71881460038731],[5.084891583258435,45.71891348895696],[5.084916428757154,45.71899589636458],[5.084952278428824,45.71906277996697],[5.085006310392068,45.71912484537858],[5.085077773315407,45.71917474155931],[5.085168409858678,45.71922402954705],[5.085255561058295,45.71925567164704],[5.085359271581805,45.71928001226683],[5.085464725591489,45.71929522570092],[5.085423490560698,45.71956431276102],[5.085344411595523,45.71956555637566],[5.085268332576658,45.719570786356],[5.085184760631174,45.71958567361953],[5.085098306563969,45.71960860865422],[5.08501185203775,45.71964120109669],[5.084942687856888,45.719677817761],[5.084871642757804,45.71973726431071],[5.084813318682516,45.71980669276117],[5.084775930384597,45.71987507756826],[5.084739289011921,45.71995860121782],[5.084707108130441,45.72005153660631],[5.084684243739321,45.72016421751621],[5.084643525662571,45.72038892052926],[5.084609010370967,45.72065853166936],[5.084377016885464,45.72252823311962],[5.084258615945092,45.72353358663171],[5.08425481496624,45.72363296478482],[5.084253859748276,45.72375751878663],[5.084264291130134,45.72391321168471],[5.084271880450846,45.72396952630757],[5.084287840084181,45.72401344928016],[5.084315028039947,45.7240561589275],[5.084353545255804,45.7240983415603],[5.084410189204815,45.72414157913832],[5.084475141674178,45.72417743509364],[5.084544626445555,45.72420169113254],[5.084630727821144,45.72421856569317],[5.084718340391882,45.72422278572023],[5.084824080286183,45.72421487878448],[5.085156499153676,45.72417834226098],[5.085258393150536,45.72416479469557],[5.085384547712833,45.72414205330615],[5.087547882395265,45.72373181413064],[5.087511052999951,45.72403166167376],[5.087442153229862,45.72402251511222],[5.087362736004765,45.72401789516738],[5.08728398061,45.724015585263],[5.087186032711848,45.72402020561967],[5.087099997337043,45.72402852204447],[5.086971615758635,45.72404780255717],[5.085374648958436,45.72435015123034],[5.085117922356838,45.72440301151533],[5.084911063669759,45.72444813572972],[5.084747608025959,45.72449003694326],[5.084645101512182,45.72452355832647],[5.084562911104802,45.72455901411066],[5.084480720203577,45.72460156135755],[5.084398528693459,45.72465248945505],[5.084324647903554,45.72470986457095],[5.08426277177837,45.72477175279085],[5.084197385395061,45.72485231733399],[5.084149620162153,45.7249279465151],[5.084119328705789,45.72499950996215],[5.08407388878882,45.72515483568264],[5.084043592594607,45.7253077222589],[5.083712237757019,45.72801662363996],[5.083694954207767,45.72819246409128],[5.083689838023931,45.72830558064643],[5.083691309937882,45.72843365268218],[5.083693409929921,45.72855070870629],[5.083706992020433,45.72863089560765],[5.08374774646807,45.72873608766973],[5.083795913449134,45.72881799999252],[5.083867665579371,45.72890107947611],[5.083953667162686,45.72898500441373],[5.084047992924388,45.72905279048251],[5.084154341671376,45.72911218450168],[5.084261615941184,45.72916124953178],[5.084358718260749,45.7291967575302],[5.084469693056022,45.72922645577394],[5.084597696204862,45.72924686798144],[5.085024163043106,45.7292896760905],[5.085194191539408,45.72930015132344],[5.086401029423635,45.72937393175669],[5.086523738983548,45.72937903777819],[5.086641572674653,45.7293830091112],[5.086755343202811,45.72938300944137],[5.08692252168331,45.72938174755243],[5.086890087787321,45.72962256553613],[5.086762822597814,45.72960560147661],[5.086576721324382,45.72958685136201],[5.086441142286546,45.72957658310808],[5.08528637225401,45.72950650908344],[5.085027612197928,45.72949052777901],[5.084871411334165,45.72948602342446],[5.084691565026058,45.7294835189694],[5.084533781550194,45.72948363293867],[5.084436675598754,45.72948932697353],[5.084322432980968,45.72950413435444],[5.084220430277324,45.72952406843982],[5.084116794871787,45.72955539469363],[5.084004182623801,45.72959583446624],[5.083904626067741,45.72964197066336],[5.083806891934715,45.72970115826745],[5.083741140900717,45.72975015253989],[5.083677166153178,45.72980907005051],[5.083614079201475,45.72987791077519],[5.083565980922195,45.72994262852019],[5.083521921098805,45.73002616984167],[5.083491271019911,45.7300967880497],[5.083468256874822,45.73017796129131],[5.083442131461089,45.73028821813617],[5.083329618381176,45.73113866444178],[5.083048369797353,45.73112038084523],[5.083114393575279,45.73054217102079],[5.083125437501812,45.73044647867869],[5.083126336167614,45.73040084853189],[5.083117384125866,45.73036271889755],[5.083103954478791,45.73032833953358],[5.083077988131919,45.73029583493105],[5.083040380698131,45.73026332991189],[5.083000086263583,45.73023957576248],[5.082948150737683,45.73021582116448],[5.082889946773994,45.73019394151385],[5.082807119934247,45.73017428951276],[5.082729891764089,45.73016068798445],[5.082633182034484,45.73015145664848],[5.08066485157578,45.73003037320367],[5.080688626955025,45.72987856587946],[5.082666324589045,45.72999458417708],[5.082720343911101,45.72999710798168],[5.082811186453049,45.72999155091931],[5.082880794104712,45.72998603793184],[5.082935020185777,45.72997624328119],[5.083012889497716,45.72996042663221],[5.083075698070059,45.72993719624009],[5.083131821135813,45.72989816010789],[5.08316845629444,45.72985856313903],[5.083188302017525,45.72983384032532],[5.083222791980971,45.72956819737833],[5.083221006764935,45.72953382663247],[5.083208272209765,45.7294799615252],[5.083180484656826,45.72943713641165],[5.083142236376803,45.72939733828286],[5.083074482118759,45.72936021635533],[5.082973858198243,45.72932885901527],[5.082896087967468,45.72930872146576],[5.082804317017089,45.72929375042714],[5.082673091899697,45.72928596221826],[5.080771116398082,45.72917176461085],[5.080796741288931,45.72901471692006],[5.082690634356563,45.72912175725238],[5.082818655878767,45.72912968792659],[5.082903736466302,45.72912882477571],[5.082990422946276,45.72912025544899],[5.083079999623652,45.72910311373339],[5.083155851467078,45.72907992034679],[5.083220146106331,45.72904411998914],[5.083266073232373,45.7290005880305],[5.083290633938981,45.72895168098908],[5.08332003966034,45.72871036495453],[5.08332446124286,45.72866267471458],[5.083311393663921,45.72861975629962],[5.083283308808559,45.72856846254271],[5.083214303956806,45.72851682358268],[5.083131214433325,45.72848003203728],[5.083045895376426,45.72845549777388],[5.082937100602836,45.72843692489543],[5.082774037577693,45.72842327019477],[5.080853269311014,45.72831301880083],[5.0808789655627,45.72814785294546],[5.082794132269603,45.72826099551679],[5.082888213506205,45.72826779293534],[5.083002571423421,45.72826836318733],[5.083097464854854,45.72825930787107],[5.083186133093564,45.72824227198711],[5.083261299780739,45.72821854956051],[5.083323250696237,45.72818185910569],[5.083372397123385,45.72813040326038],[5.08339697214846,45.72807623831852],[5.083415085790266,45.72794714383357],[5.083559728484188,45.7268995619627],[5.083567243657252,45.72684319194844],[5.083565368596226,45.72679730913822],[5.08355316460269,45.72675798069037],[5.083522181215335,45.72672323993776],[5.083486106934312,45.72669624235877],[5.083455518691253,45.7266780016012],[5.083408360797204,45.72666598853074],[5.083349730887976,45.726669100761],[5.083274531286371,45.72667799576683],[5.082802555349977,45.72676768557657],[5.082765686788973,45.72677835551193],[5.082743654780055,45.72679498936378],[5.082729715587915,45.7268128789637],[5.082728365340641,45.72683139675816],[5.082738704085481,45.72686027242806],[5.081248748994176,45.72713886448496],[5.081164422586819,45.72691037767114],[5.082652836851798,45.72663213846631],[5.082673055980329,45.72664332681126],[5.08270414380884,45.72665281862734],[5.082741170672316,45.72665208151607],[5.082780314674116,45.72663398954542],[5.082804295896384,45.72653201082466],[5.082810781864966,45.72651297828321],[5.082817396096648,45.72649543632934],[5.082834590627828,45.72648251113063],[5.082870741824164,45.72647389523279],[5.083126810629963,45.7264279595007],[5.083159656803904,45.72642468501097],[5.083191329538859,45.72642659685375],[5.083210488825715,45.7264388810284],[5.08331801348737,45.72653851760118],[5.083332480438987,45.72655243940275],[5.083353986238828,45.72656008317811],[5.083380966572594,45.72656499745202],[5.083427260760618,45.72655849569474],[5.083477356563324,45.726546199934],[5.083522497877451,45.72653390400158],[5.083561584303526,45.72651238489031],[5.083584156221741,45.7264854851959],[5.08360232471609,45.72644974666823],[5.083612235446047,45.72641977225355],[5.083621233847331,45.7263383322142],[5.083665126072625,45.72593957858945],[5.08366859901404,45.72584679180544],[5.083669758248308,45.72578950596768],[5.08366051497558,45.72574028824369],[5.083646720327836,45.72570453185906],[5.083625084708101,45.72566102720221],[5.083593928103105,45.72562054336159],[5.083555846541601,45.72559214373073],[5.083513437085414,45.72556797350784],[5.083469934648641,45.72554712075119],[5.083213702690371,45.72550105055328],[5.083359076296203,45.72451011685477],[5.083390897232169,45.72451132707363],[5.08341327641074,45.7244974411328],[5.083466322648302,45.72447487700099],[5.083524891422433,45.72444756838417],[5.083595091808117,45.7244091582713],[5.083652953832349,45.72437423724417],[5.083715141895608,45.72431991344288],[5.083775309098049,45.72425355406823],[5.083835476832523,45.72417459439493],[5.0838691716484,45.72411327420527],[5.08389444390269,45.72404607358662],[5.083937083582438,45.72375549479801],[5.083942813129254,45.72368754084364],[5.083938234980914,45.72364197145497],[5.083926785984943,45.72359400343611],[5.083901594672346,45.72355323016405],[5.083858080572523,45.72351645363589],[5.083788431874354,45.72347959339664],[5.083693772209767,45.72344317613351],[5.083624226070381,45.72342092071601],[5.083513144730095,45.72339664087847],[5.083538103830321,45.72319522458923],[5.083653037172764,45.72320860635085],[5.083727183465689,45.72321016143223],[5.083793174012836,45.72320498698797],[5.083865096912772,45.72318738945275],[5.083925157233109,45.72315426252725],[5.083965939892138,45.72311388815478],[5.083994118224107,45.72306367833492],[5.0840015348254,45.72302796168909],[5.083995478052577,45.72299488968422],[5.083971958120674,45.72295845419482],[5.083930062357716,45.72291021532799],[5.083889636126234,45.72287326614339],[5.083843329176738,45.72284093524983],[5.083781585888576,45.72281014337482],[5.08372204745831,45.72278499634574],[5.083595869474529,45.72274436129929],[5.083635639347124,45.72241154301274],[5.083699688660436,45.72241644522747],[5.083772976059167,45.72241466743866],[5.083835947205843,45.72240676296718],[5.083886977241601,45.72239511760923],[5.083938989405397,45.72236839996808],[5.084015536509352,45.72231016820924],[5.084065587115891,45.72225947186393],[5.0841048432191,45.72220466459904],[5.084132323198132,45.7221519123205],[5.084142139017209,45.72210327020063],[5.08432772627555,45.72058360109432],[5.084335979278112,45.72049733863041],[5.084335148681101,45.72038527627941],[5.084330973689508,45.72028255241749],[5.084319273471953,45.72020726027673],[5.084296705044087,45.72013955538606],[5.084269577388365,45.72007907774981],[5.084238304374786,45.7200247543469],[5.084191775164822,45.71996830027636],[5.084132278024267,45.7199145087513],[5.084059050082576,45.71986444486101],[5.083980481985828,45.71982449968845],[5.083909541352261,45.71979893416261],[5.083783678517626,45.71976165035439],[5.083828236316417,45.71939840198242],[5.083951344175144,45.71937400765593],[5.084045440381971,45.7193525595509],[5.084127814663506,45.7193241447119],[5.084202436612766,45.71928524244208],[5.084284327405713,45.71923044034906],[5.084356536277454,45.71917265112967],[5.084402699908212,45.71912261294817],[5.084436108255721,45.71907511883253],[5.084445504929979,45.71904816466648],[5.084436955612026,45.71902971317126],[5.084413637649766,45.7190150601314],[5.0843009320397,45.71899063664962],[5.084201439864382,45.71897652439547],[5.084164129990372,45.71897760883605],[5.084131419134508,45.7189832504422],[5.08410342749748,45.71899215895505],[5.084048662272364,45.71902319189147],[5.084218398568523,45.71764103048535],[5.084313431948749,45.71697698763537],[5.084348981181885,45.71670347921895],[5.084654471311838,45.71455406162881],[5.084552447885211,45.71453322739726],[5.084573238040089,45.71434760178484],[5.083191240436873,45.71426538257946],[5.083143313729551,45.7142651666017],[5.08309486636553,45.71426801937644],[5.08303474490496,45.71427739308425],[5.081264924390618,45.71461650788126],[5.080658042886387,45.7147282516401],[5.080566149893732,45.71475434539603],[5.080473477187104,45.71478805126434],[5.080401051328954,45.71482175825708],[5.080341084502269,45.71485981581267],[5.080301363304677,45.71490766175083],[5.080281111527183,45.71494572170864],[5.080269275446588,45.71499114741256],[5.080267850784439,45.71503855266574],[5.080276047027743,45.71509687446539],[5.080344548251896,45.71528998108443],[5.079925700887785,45.71537295796048],[5.079754821064872,45.71500900497895],[5.079657222864751,45.71480031552753],[5.079619459726555,45.7147449344593],[5.079584569813955,45.71471303700794],[5.079536990893412,45.71468246763563],[5.079474459757883,45.71465469868965],[5.079431235846812,45.71463369060993],[5.079386765375267,45.71461893774349],[5.079338402394226,45.71461233578333],[5.079292262206936,45.7146115562412],[5.079235000619445,45.7146149028079],[5.078984794802039,45.71466337488925],[5.078585663454128,45.71473823938865],[5.078513149932499,45.71475925880897],[5.078468592067962,45.71477548660963],[5.078435172565237,45.71479442046798],[5.078396908816247,45.7148211314157],[5.078353801903988,45.71484851829255],[5.078292365346845,45.71489237352209],[5.078224060137817,45.71492601605777],[5.078163141535674,45.71494938067001],[5.078087496032393,45.71497367886725],[5.077992437596331,45.71499984503479],[5.077723495829394,45.71505809164443],[5.076531771923336,45.71528592740258],[5.07649675343121,45.71519425019002],[5.076222569859763,45.71524728672004],[5.07614813784611,45.71502527338644],[5.076409155717448,45.71497354198015],[5.0763688661815,45.71487565592753],[5.077649136246003,45.71464017483791],[5.077752043520944,45.71462046974899],[5.077830857708521,45.71460113302011],[5.07788292338587,45.71458479558819],[5.077923358308061,45.71456795570033],[5.077952454682871,45.71454831042946],[5.078020512036503,45.71449866902151],[5.07808047643487,45.71446423160411],[5.0781531979238,45.71442949827229],[5.07822761986541,45.71439714035031],[5.078308230744561,45.71437081436813],[5.078419216093073,45.71434178206809],[5.078828295710593,45.71426247803464],[5.079039551070199,45.71422477026297],[5.07916763890176,45.71420612976413],[5.079260690467933,45.71419737361805],[5.0793747859934,45.7141978502495],[5.079482167825866,45.71421332221207],[5.07962335418603,45.71424939475189],[5.07975236751313,45.71429147435867],[5.07980548644928,45.71431194998611],[5.079869263922023,45.71433730435317],[5.079929116967323,45.71435854758229],[5.080007614263067,45.71437499599275],[5.080079243655025,45.71438527764504],[5.080156761642193,45.714386652813],[5.080234281191234,45.71437569543677],[5.080453310826383,45.71434153311073],[5.081109254934553,45.71421948833255],[5.08288887112916,45.71387873931189],[5.083004872523231,45.71385845726851],[5.083102473382546,45.71384768840983],[5.08320464901508,45.71384222620333],[5.083361253024821,45.71385502834178],[5.084505712185681,45.71393294576263],[5.084588294744052,45.71393388939637],[5.084665659673755,45.71392195662837],[5.084747950081923,45.71389312327162],[5.084822155600532,45.71385141905775],[5.084890738945116,45.71380521611273],[5.084948227441838,45.71375460130542],[5.084999820168649,45.71369108092901],[5.085024720922768,45.71364862978818],[5.085044447360872,45.71358179182679],[5.08504676061526,45.71351828879546],[5.085045887468684,45.71342307770268],[5.085036971008474,45.71334364953462],[5.085016323896094,45.71329282526405],[5.084986452500038,45.71326425006008],[5.084942282359773,45.71324095379691],[5.084884755264945,45.7132247154289],[5.084810609522239,45.71320790547279],[5.084732367811309,45.71319715599333],[5.084651395475353,45.71317788475039],[5.084565881362561,45.71315097696777],[5.08449045403106,45.71311363100742],[5.084431494282217,45.71307345418681],[5.08438466929543,45.71302923050403],[5.084361827763884,45.71299141416193],[5.084347197697186,45.71294945236255],[5.08433963185785,45.71289811640884],[5.084335212985822,45.71285290523878],[5.084332769484941,45.71280045886861],[5.084312156832156,45.71280015995638],[5.084290480344531,45.71280184837892],[5.084388635262764,45.71199201853031],[5.084795562330047,45.71185850617983],[5.084810024934601,45.71180336191219],[5.084830562521311,45.71173304398807],[5.084857051600922,45.71166263168295],[5.084891137782799,45.71158170400953],[5.084935233230592,45.71150338946642],[5.084990239651869,45.71142490174153],[5.085066481927982,45.71132805920067],[5.085124416486552,45.71126607264632],[5.085195931981898,45.71120014155145],[5.085265643513186,45.71113757913532],[5.085349718690486,45.71107545673395],[5.085436748875825,45.71101595940949],[5.085529711299404,45.71096237984591],[5.085631235254587,45.71090732829866],[5.085747144527366,45.7108533842458],[5.085833167871014,45.71081832291782],[5.085903681003748,45.71079298167096],[5.085432240903569,45.70563689935259],[5.085698034918467,45.70561801187391],[5.085678895988366,45.70535440525353],[5.086220776273689,45.70533170125109],[5.086648811820396,45.71005079254397],[5.086758352413792,45.71048748355707],[5.086787173366336,45.71056798155189],[5.086850581537449,45.71064445396588],[5.086911105288861,45.71069275251806],[5.086988921117362,45.71074708794055],[5.087081143663421,45.71078733512862],[5.087179130574966,45.71081752092821],[5.08727422010012,45.71083361916289],[5.087369309820177,45.71084166727098],[5.087461525208643,45.71083764190237],[5.08826553222081,45.71074997524796],[5.088437256681642,45.71071622253486],[5.088604398655024,45.71068592435019],[5.088694406201519,45.7106739349591],[5.088803596478179,45.71066731313135],[5.088814095608964,45.71088067055655]]]}},{"type":"Feature","id":"LFLL-fb5ead518c00ef6be216","properties":{"airport":"LFLL","name":"COLOR_HardSurface2","layer":"Airfield surfaces","category":"Hard Surface 2","object_type":"Area","style_id":"polygon.hardsurface2.595e5b","source_group":"COLOR_HardSurface2","vsmr_group_ids":[],"geometry_role":"filled_region"},"geometry":{"type":"Polygon","coordinates":[[[5.085395493084421,45.71956469635111],[5.085432580701498,45.71929144191192],[5.085506047597345,45.71930247704395],[5.086103556448962,45.7192844917998],[5.086170208035352,45.71928068784676],[5.086237431574427,45.7192728662379],[5.08630409497155,45.71925761344188],[5.086367397283961,45.71923492943495],[5.086418935506732,45.71920950750958],[5.086464871818206,45.71917978327232],[5.086508007192439,45.71914536563071],[5.086543153208137,45.7191038003652],[5.086571946319312,45.71905869310762],[5.086590205692564,45.71900181860692],[5.086767496841307,45.71843404650766],[5.086773629106882,45.71840586159781],[5.086852341084698,45.71779012976506],[5.086862189209993,45.71764771745912],[5.08687344355347,45.71755048416684],[5.08691113825429,45.71723399858053],[5.08691715796602,45.7171825151857],[5.086918663131632,45.71713103174923],[5.086892118365707,45.71663166039202],[5.086891543570735,45.71655854894558],[5.086888667177172,45.71651235210513],[5.086882913962027,45.71647820657238],[5.086865674452607,45.71644033068352],[5.086833309355525,45.71639478705188],[5.08679297738804,45.71635167697637],[5.086747666098359,45.71631343408247],[5.086705342304489,45.71628701161564],[5.086641973375605,45.71625823905088],[5.086577843917421,45.71623806919402],[5.086503892746714,45.71622233649892],[5.086109240252989,45.71616308782909],[5.085769972487808,45.71617129418626],[5.085805157745956,45.71581487851186],[5.08657641724672,45.7159285389588],[5.087952368455091,45.71601148117708],[5.08802418081387,45.71601220811708],[5.088486003988772,45.71599883397084],[5.088450778323867,45.71630786529268],[5.088376467001591,45.71629515248869],[5.088326816123123,45.71629279485203],[5.08791498129908,45.71630291237405],[5.08783549995961,45.71630753513962],[5.087773519359917,45.71631510270866],[5.087716280429502,45.71632716332731],[5.087661751009723,45.71634489940774],[5.087619396410354,45.71636374184757],[5.087573308949547,45.71638865460206],[5.087525734766634,45.71642117954],[5.08748708071983,45.71645716453992],[5.087454868984391,45.71649280351998],[5.087431577396053,45.71653467066178],[5.087414812142528,45.71657799755571],[5.087393517218784,45.71665335296665],[5.087244219199157,45.71713883045688],[5.087232828624333,45.71718432075193],[5.087172759442364,45.71779253745591],[5.087157692654407,45.71793567230905],[5.087139864785366,45.71806915494366],[5.087083683251022,45.71842545147315],[5.087108049321842,45.71896831190875],[5.087111933370505,45.71905317834403],[5.087118972687435,45.71909544567253],[5.087130939680451,45.7191308322798],[5.087153465916887,45.71917113371025],[5.087186551408314,45.71921536700363],[5.08722949227074,45.7192576343793],[5.087285348759614,45.71929599206096],[5.087342335972642,45.71932348124777],[5.08740864838888,45.71934735339413],[5.087486876328726,45.71936435319271],[5.087597224386338,45.71938099117726],[5.088065330915676,45.71945051971902],[5.088035352949786,45.71970212522722],[5.087878081051123,45.71968785177893],[5.087682277602328,45.71967248019635],[5.085974296350077,45.71956542809971],[5.085857394452075,45.7195617377139],[5.085395493084421,45.71956469635111]]]}},{"type":"Feature","id":"LFLL-e02550ed85a3fa1e860c","properties":{"airport":"LFLL","name":"COLOR_HardSurface2","layer":"Airfield surfaces","category":"Hard Surface 2","object_type":"Area","style_id":"polygon.hardsurface2.595e5b","source_group":"COLOR_HardSurface2","vsmr_group_ids":[],"geometry_role":"filled_region"},"geometry":{"type":"Polygon","coordinates":[[[5.08034458006335,45.71528919404173],[5.080821098627397,45.71659106700021],[5.080849431104062,45.71664896787554],[5.080887688947855,45.71670053815048],[5.080938406157727,45.71674030434795],[5.081008699757068,45.71678442070342],[5.081111369054192,45.71682728783291],[5.08121207072961,45.71684257836277],[5.081337950182032,45.71683914586702],[5.081562599549501,45.71679409279109],[5.082234503378915,45.71666831038812],[5.082412309609554,45.7166316767832],[5.082519619071471,45.71661746230816],[5.082628045814895,45.71660792015067],[5.082860458355947,45.7166164112931],[5.08438995345448,45.71670401900354],[5.084365764235992,45.71698059995746],[5.082841669793082,45.71688808066352],[5.08270642260749,45.71688170916897],[5.082650196060811,45.71688117636497],[5.082608405733233,45.7168843576956],[5.082569654507485,45.71688913066508],[5.082511048054155,45.71689671397469],[5.082342405635984,45.71692692694064],[5.081665227639627,45.71705669860662],[5.081554919053922,45.71709234602642],[5.08148592360045,45.71713109993078],[5.081428029405892,45.71717649848742],[5.081397891173922,45.71721414698099],[5.081372509637749,45.71726397662133],[5.08136071274031,45.71732374389279],[5.081361925081238,45.71740173374188],[5.081386812295088,45.71747955043958],[5.081599533496561,45.71771861665653],[5.08173438234339,45.71789910295316],[5.081823889054993,45.71802735000907],[5.081920680875451,45.71821869204399],[5.082014492728238,45.71842667130401],[5.082161103536691,45.71879747941464],[5.08229951040186,45.71919771650995],[5.082363765821625,45.71929297645801],[5.082424068731431,45.71936614767309],[5.082481629133556,45.7194191592326],[5.082520973188529,45.71945209456617],[5.082576295386652,45.71948084033453],[5.082645902373926,45.71950804089452],[5.082728920659791,45.71953122916722],[5.082818964376554,45.71954683796668],[5.082906454517826,45.7195513000144],[5.082997138441076,45.71954684484427],[5.083114826097496,45.7195281315067],[5.083635084849916,45.71943337615876],[5.083835350326458,45.71939784852809],[5.08378790334911,45.71976215970809],[5.083720487108881,45.71974791521596],[5.083623153765435,45.71973754599114],[5.083520870739826,45.7197340872503],[5.083416112320387,45.71974099442627],[5.083305578897573,45.71975826741745],[5.08320246827809,45.71978648260284],[5.083104107102066,45.71982241349189],[5.083033204151515,45.71986178587736],[5.082967134852582,45.7199050959002],[5.08290025878404,45.71996021837656],[5.082841438373597,45.72002771617295],[5.082787450601625,45.72011040172306],[5.082757178823361,45.72018287868373],[5.082741486041106,45.72024097520587],[5.082738070273898,45.72030526292485],[5.082746932565958,45.72036336047465],[5.082766363304856,45.72043643603146],[5.082870182039945,45.72063527851776],[5.082982431270516,45.72085891591547],[5.083151358606375,45.7211992631584],[5.083234949321705,45.7213707480117],[5.083287461559802,45.72149603113112],[5.083319944310352,45.72159461527846],[5.083338102676162,45.72167362910213],[5.083349974347788,45.72174093707985],[5.083359051002856,45.72181604877404],[5.083360564963114,45.72186572421814],[5.083361267478179,45.72192691660798],[5.083365503363561,45.72200093978056],[5.083375394183265,45.72207397619924],[5.083385992620533,45.72213664946901],[5.08340004465339,45.72219539100552],[5.083422431797489,45.72225424239416],[5.083448112459486,45.72230389848633],[5.083477745131542,45.72234573862537],[5.083519232597984,45.72238022283755],[5.083569282462976,45.72240091418787],[5.083638496129474,45.72241267403579],[5.08360046328538,45.72274555186683],[5.083515798648599,45.72272066139209],[5.083376744655059,45.72268466217674],[5.083298670865506,45.72266749435787],[5.083256829939062,45.72266207230169],[5.083206792977948,45.72266056478103],[5.083165814268842,45.72266116555786],[5.083127423204354,45.72266809040288],[5.083080908121309,45.72268320294074],[5.083038485258986,45.72270397075781],[5.082997714801836,45.72272896942311],[5.082961902425032,45.72275666060216],[5.082929946222247,45.72278781349197],[5.082901846392245,45.72281973576481],[5.082875398808921,45.72285781200745],[5.082857766153605,45.72289396550551],[5.082849355455867,45.72292813784352],[5.082850344157568,45.72296482849935],[5.082857282849829,45.72299771186297],[5.082876121704305,45.72302159610252],[5.0829103304266,45.72304825002531],[5.082957430098243,45.72307628897267],[5.083014446355159,45.72309948234302],[5.083298422526557,45.72315569148257],[5.083538744529355,45.72319658699981],[5.083514016306885,45.72339656230941],[5.082521861015421,45.72322394415033],[5.08242876216785,45.72321768141677],[5.082322536806063,45.72321777259818],[5.082201085010103,45.7232289520395],[5.081219352574458,45.72338553158966],[5.081163233390578,45.72318405018137],[5.082280364941802,45.72300124535523],[5.082360434048008,45.72298331164994],[5.082430346080571,45.72295578314857],[5.082502663338913,45.72288914288512],[5.082573580752094,45.72276185515783],[5.082624235546513,45.72267416810639],[5.08273412086294,45.72254500016708],[5.082825921966658,45.7224254546662],[5.082906098808744,45.72229768375616],[5.082946400086438,45.72217828737249],[5.082962061309937,45.7219984076461],[5.082963420954414,45.72188161144501],[5.082955652022177,45.72176054917502],[5.082916789337746,45.72159883451603],[5.082842658426337,45.72142179431115],[5.082776819510317,45.72128874822678],[5.082615321049493,45.72096441811635],[5.082535518173605,45.72079324474324],[5.082468925093635,45.7206237657368],[5.082406170426013,45.7204639403211],[5.08234088904765,45.72027605737327],[5.082255618361318,45.7200762696419],[5.082134614576286,45.71979115354086],[5.081839283114221,45.71901856793454],[5.081736131846972,45.71874822470356],[5.081635562620765,45.71849786459427],[5.081564048267985,45.7183147353518],[5.081475311205867,45.71815195221829],[5.081367242788213,45.71798371078954],[5.081263989873794,45.7178569091229],[5.081149181076485,45.71771130398124],[5.081042092101238,45.71759667156842],[5.080938884348374,45.717504893535],[5.080818356771735,45.71741223411537],[5.080731003474838,45.7173334743708],[5.080664664052303,45.71723386891216],[5.080593948744474,45.71707431171541],[5.079924144435797,45.71537194768291],[5.08034458006335,45.71528919404173]]]}},{"type":"Feature","id":"LFLL-bfa7b26f79c9d07881cc","properties":{"airport":"LFLL","name":"COLOR_HardSurface4","layer":"Airfield surfaces","category":"Hard Surface 4","object_type":"Area","style_id":"polygon.hardsurface4.969393","source_group":"COLOR_HardSurface4","vsmr_group_ids":[],"geometry_role":"filled_region"},"geometry":{"type":"Polygon","coordinates":[[[5.084214905867414,45.71826562886608],[5.084508838625707,45.71830149352884],[5.084454466237855,45.71870632495618],[5.084156463239577,45.71870440150264],[5.084171933696153,45.71859575874279],[5.083656106798897,45.71856455542729],[5.083558099506775,45.71855855451529],[5.083519819180687,45.71855882619712],[5.083479406924285,45.71855942074829],[5.083423680644574,45.71856447051102],[5.083387094117326,45.71845844127986],[5.083504775984997,45.71834403123886],[5.083524762230875,45.71832376370925],[5.083541893511089,45.71831412822484],[5.083563783602529,45.71830715067301],[5.083589004951978,45.71830416006781],[5.083627550972414,45.71830648526973],[5.084206303776955,45.71834015592015],[5.084214905867414,45.71826562886608]]]}},{"type":"Feature","id":"LFLL-2eefafba87c707c91588","properties":{"airport":"LFLL","name":"COLOR_HardSurface4","layer":"Airfield surfaces","category":"Hard Surface 4","object_type":"Area","style_id":"polygon.hardsurface4.969393","source_group":"COLOR_HardSurface4","vsmr_group_ids":[],"geometry_role":"filled_region"},"geometry":{"type":"Polygon","coordinates":[[[5.084245637045537,45.71799701784536],[5.084253798651948,45.7179269029873],[5.083059926738138,45.7178548405669],[5.083037570890685,45.71782118555564],[5.082751843524218,45.71780167762082],[5.082681422200565,45.71768494629653],[5.08287972868348,45.71756242453812],[5.08293394133241,45.71750564647233],[5.082965327512506,45.71747078276108],[5.082988153733039,45.71744189570987],[5.083010979817622,45.71740703206058],[5.083028812574193,45.71737416064698],[5.0830423653426,45.71734328146441],[5.083050924804839,45.71731439451305],[5.083058057528092,45.71728251926667],[5.083525612956925,45.71731261011511],[5.083484373073997,45.71761713762675],[5.083551283332771,45.71762138509271],[5.083700830391466,45.71776895353152],[5.083691589003991,45.7178528560162],[5.083935628523244,45.71786382377733],[5.0839457939796,45.71778379371887],[5.084129742409589,45.71765858243176],[5.084146288496829,45.71751449278249],[5.084204644693465,45.71735273109975],[5.084249102316887,45.71697231128148],[5.084312662428681,45.71697643508733],[5.084353016210656,45.71698522401952],[5.08439502446601,45.71700008576348],[5.084434689604005,45.71701816857856],[5.084483483092255,45.71704765488289],[5.084531635386666,45.71708525977138],[5.084568274382784,45.71712079112524],[5.084596799259504,45.71715913846026],[5.084612325376437,45.71718506494719],[5.084625576752093,45.71722845301389],[5.084631001145388,45.71727398164514],[5.084629259390068,45.7173347484422],[5.084623106867157,45.71742059133398],[5.084543838987936,45.71800608148736],[5.084245637045537,45.71799701784536]]]}},{"type":"Feature","id":"LFLL-86604ca58ec69d7e419d","properties":{"airport":"LFLL","name":"COLOR_HardSurface4","layer":"Airfield surfaces","category":"Hard Surface 4","object_type":"Area","style_id":"polygon.hardsurface4.969393","source_group":"COLOR_HardSurface4","vsmr_group_ids":[],"geometry_role":"filled_region"},"geometry":{"type":"Polygon","coordinates":[[[5.084551643226051,45.71453002685907],[5.084639248737557,45.7145490462016],[5.084672813524986,45.71455932501199],[5.084698641637235,45.71457099373211],[5.084723710241308,45.71458849693896],[5.084753716754602,45.71461554743539],[5.084808792427104,45.71467946102299],[5.084836900277352,45.7147205673699],[5.084874699275364,45.71479106206672],[5.084885620809001,45.71481775045997],[5.08489008906017,45.71484270590921],[5.084890586080036,45.71486766141057],[5.084877852275104,45.71495322130616],[5.084822785400165,45.71568038305546],[5.084781897301518,45.71609084613993],[5.084754573799637,45.71633755560921],[5.084751838854906,45.7163653079434],[5.084747220472769,45.71638631272197],[5.084740528125193,45.71641471110063],[5.084731960238694,45.71643710249704],[5.084716987037494,45.71646742303671],[5.084702092722033,45.71649257426885],[5.084679906853151,45.7165247877968],[5.084657708076394,45.71655574207992],[5.084636317462914,45.71658124422973],[5.084618399417906,45.7165994587179],[5.084588023251923,45.71662273046145],[5.084555755471197,45.71664104537381],[5.084520374950543,45.7166593520379],[5.084478460891639,45.71667438879349],[5.084431546995612,45.71668720832424],[5.084387900407467,45.71669772565571],[5.084357289491946,45.71670231564344],[5.08428158076314,45.71670078105736],[5.084551643226051,45.71453002685907]]]}},{"type":"Feature","id":"LFLL-90e5530e2b83529f69bb","properties":{"airport":"LFLL","name":"COLOR_RunwayConcrete","layer":"Airfield surfaces","category":"Runways","object_type":"Area","style_id":"polygon.runwayconcrete.555555","source_group":"COLOR_RunwayConcrete","vsmr_group_ids":[],"geometry_role":"filled_region"},"geometry":{"type":"Polygon","coordinates":[[[5.09002919093642,45.71072567851377],[5.090587838565536,45.71075742357785],[5.091482722042238,45.71081492509749],[5.091457577094873,45.7110165494466],[5.090562934905263,45.71095996959757],[5.089934008275668,45.71613009287135],[5.090828626766914,45.71618301319116],[5.09079735088431,45.71646365164595],[5.089908121836356,45.71635306002455],[5.089532305598105,45.71947190357352],[5.089532596580524,45.71948862139677],[5.089536004027648,45.71950941934694],[5.08954264134946,45.71952777901674],[5.089553299221246,45.71954446225492],[5.089569742862574,45.71955759298475],[5.089592001403924,45.71956769268375],[5.089614443814414,45.71957439260446],[5.08963936917355,45.7195786746045],[5.089662669447002,45.71958065068817],[5.090410461032794,45.71962471676888],[5.090383478206101,45.71983590363329],[5.089640188876716,45.71978877899259],[5.089613804624493,45.7197898488788],[5.089586454136659,45.71979712696037],[5.089560232424796,45.71980785819892],[5.08954018283267,45.71982299384249],[5.089522948062539,45.71983827049004],[5.089507000152267,45.71985982670506],[5.089492779511882,45.71988438428362],[5.089480957593957,45.71991279591269],[5.089474636781464,45.71993921392158],[5.089465911190853,45.71999457964279],[5.088330350473155,45.7293327047731],[5.088328232668684,45.72936285568681],[5.088331568002273,45.7293922679488],[5.088339835671403,45.72941918555917],[5.088351786119834,45.72944393759964],[5.088374171515591,45.72946634008034],[5.088398222185726,45.72948073133094],[5.088427122824348,45.72949115500968],[5.088461546226977,45.72949566211713],[5.089179917562014,45.72953986275419],[5.089166273678352,45.72973938685274],[5.088439443333941,45.72969824223671],[5.088409971220171,45.7296994409048],[5.088381859607114,45.72970643949489],[5.088353948754785,45.72971702833047],[5.088335954851077,45.72972686751351],[5.088321282581079,45.72973732742644],[5.088299012013948,45.72975839444194],[5.088284072505278,45.72977550503566],[5.088275992359446,45.72979682011331],[5.088272428813807,45.72981919791169],[5.087470505786104,45.73640866212191],[5.088324331879073,45.73605277476208],[5.08847058275804,45.73622597465022],[5.087439321412481,45.73665556858194],[5.086227016274945,45.74662057656025],[5.085572704236694,45.74658201107378],[5.085030431819584,45.74654888909177],[5.084903991962319,45.74653785931568],[5.084788963266112,45.74652475854363],[5.08469662698523,45.74650947257175],[5.084613692286981,45.74649084958162],[5.084530451841145,45.74646608040562],[5.084436602048068,45.74643419306241],[5.084367253132038,45.74640350325419],[5.084319411188732,45.74638081162611],[5.084281166143601,45.7463594806429],[5.084236732795,45.74633160368778],[5.084515477830114,45.74610753449368],[5.084556540417005,45.74613389973854],[5.084596253378564,45.74615690191419],[5.084649628103963,45.74618236986415],[5.084718530406766,45.74620941288254],[5.084787432428115,45.74623181166309],[5.084853985215716,45.74624847355608],[5.084929150397475,45.74626213000339],[5.085016901824419,45.74627283069704],[5.085108420625996,45.74627700800997],[5.085204921185101,45.74627606861649],[5.085311808079716,45.74626460655053],[5.085384837350066,45.74625170222476],[5.0854689704161,45.74622936758981],[5.085529013199766,45.74620477583247],[5.085588336030773,45.74617190410184],[5.085640467084806,45.74613175631914],[5.085674403988834,45.74609445293262],[5.08570194963286,45.74605384115912],[5.085719899155167,45.74601150175084],[5.085733205681208,45.74597132269374],[5.085745672876325,45.74591144407857],[5.085983910357587,45.74394908569499],[5.085983617755366,45.74391518546589],[5.085976676113145,45.74389480530144],[5.085966553903074,45.74387503065357],[5.085945443302267,45.7438477904112],[5.085917858800883,45.74382154600513],[5.085884848799031,45.74379794154116],[5.085856204207692,45.74378176134788],[5.085818012274997,45.74376862755178],[5.085763452870642,45.74375492339599],[5.08534555386698,45.74369465127553],[5.085281515990959,45.74368600449036],[5.085222844421635,45.74367987868928],[5.085128839565596,45.74367346284914],[5.085153638146284,45.74345268881299],[5.085221509868227,45.74345182472088],[5.08529678550627,45.7434478599505],[5.085356865771833,45.74344062042509],[5.085426111902722,45.74342879079788],[5.085499448206033,45.74341308671966],[5.085572841272457,45.74339179315895],[5.085642447517625,45.74336810518158],[5.085724519777353,45.74333281586429],[5.085796927136381,45.74329926333554],[5.085872973331282,45.74325247799219],[5.085936083145597,45.74320788184583],[5.085987733362741,45.74316186108688],[5.0860307878187,45.743115281432],[5.086063938336791,45.74306629825813],[5.086083310721468,45.74302542925536],[5.08609911609252,45.74295589529294],[5.086116456715137,45.74287774696914],[5.086742817944381,45.73774802914888],[5.086747688469604,45.73769569890949],[5.086742197758078,45.73765613265243],[5.08673609664934,45.73760933380981],[5.086727741189357,45.73755999886776],[5.086716475540562,45.73752541535971],[5.08670408456116,45.73749790594539],[5.086680431141437,45.73746332313174],[5.086649457286097,45.73742520370477],[5.086596521205358,45.737368614374],[5.086550343931393,45.73732774469302],[5.086498536402067,45.7372915912862],[5.086443887391709,45.73725797388138],[5.086380078927677,45.73722272246288],[5.086301382785474,45.73718710068438],[5.086225877428568,45.73715593191206],[5.086151968096173,45.73713292726444],[5.086075932244698,45.73711289148465],[5.086011501350837,45.73709932119786],[5.085909593708992,45.73708298062949],[5.085948233210971,45.73677380525383],[5.086052239738321,45.73675299153064],[5.086137274159126,45.73673430681983],[5.08624556778935,45.73670759457089],[5.086370949276462,45.73667115110198],[5.086478152155756,45.73663568446253],[5.086585820576815,45.73659566305249],[5.086649042199731,45.73656265513355],[5.086722978061344,45.73651542486822],[5.086781567333897,45.73646673482883],[5.086834575756908,45.73641561072781],[5.086873633075268,45.73636546111134],[5.086901681099971,45.73632217952308],[5.086918268254141,45.73628780031229],[5.08693588036749,45.73615281932405],[5.087652404025436,45.73028120281511],[5.087649818463371,45.73022003049269],[5.087641048432889,45.73017037337163],[5.087630731632375,45.73011855728559],[5.087616735898443,45.73006684251707],[5.087599946466899,45.73002203144172],[5.087574345666339,45.72997692802701],[5.087539514069272,45.72993270383448],[5.087477543761187,45.72987379520679],[5.087410528786018,45.72982524253289],[5.087326920839073,45.72977312700669],[5.087243314086731,45.72972992087475],[5.087180026693446,45.72970322147704],[5.08708114667813,45.72966822456098],[5.086990743027684,45.72964308700826],[5.086925766005221,45.72962977984719],[5.086832262309315,45.72961537322632],[5.086859745759931,45.72938183636919],[5.086956297138643,45.72937907048225],[5.087029781112049,45.7293726254393],[5.087133111639424,45.72935840953762],[5.087233625920183,45.72933679616585],[5.087328867323706,45.72930868770415],[5.087429796119666,45.72927159083308],[5.087519834617884,45.72922746308409],[5.087604274529147,45.72917707623414],[5.087679814986057,45.72912006223302],[5.087726455675387,45.72906246155306],[5.087748197016396,45.72902722100679],[5.08777583994666,45.72896802403334],[5.087800133989058,45.72891246039035],[5.08781600042828,45.72886952353566],[5.08783374005289,45.72880563755297],[5.088330772047611,45.72469573076314],[5.088334074148923,45.72464801084053],[5.088333442298452,45.72460766496037],[5.088329032491632,45.72456946286345],[5.088321817705204,45.72453337802541],[5.088306129764637,45.72448698397068],[5.088283009789542,45.72443986679771],[5.088245794255648,45.72438435022037],[5.088196180648805,45.72433312167428],[5.088137170803475,45.72428106128213],[5.088068509247274,45.72423289009089],[5.087990532413585,45.72418533525377],[5.087940020426331,45.72415763869722],[5.087864279103238,45.72412428397655],[5.087766694796063,45.72409028159502],[5.087667148911388,45.72406099288156],[5.087585592162414,45.724043020116],[5.087509731873324,45.72403141652204],[5.087545842017958,45.72373146590744],[5.087651772733897,45.72370913416504],[5.087776779797997,45.723678261667],[5.087901445905554,45.72364577191918],[5.0880315831928,45.72360764718843],[5.088142830169051,45.7235683532482],[5.088223739758259,45.72352901557889],[5.088297041816404,45.72348548920684],[5.088360129333274,45.72343310412634],[5.088402663980698,45.72338996553946],[5.088444617331911,45.72333223160054],[5.088475955823153,45.72327478691447],[5.088521017184475,45.72311413197927],[5.088875405305544,45.72020226461553],[5.088873359099839,45.72014872573705],[5.0888677516195,45.72009791486964],[5.088856253167789,45.72004805750253],[5.088837769599532,45.72000568808939],[5.088813415796299,45.71996058983193],[5.088780256241257,45.71991353733318],[5.088738635243269,45.71986871362103],[5.088673911103361,45.71982019016127],[5.088629182856295,45.71979856002834],[5.088540955320877,45.71977331699682],[5.088394720810157,45.71974575572405],[5.088229216081334,45.71972005428061],[5.088033564045881,45.71970147539688],[5.088064104432382,45.71945107594113],[5.088178402203908,45.71946821061518],[5.08824040962047,45.71947652108911],[5.088286989109776,45.71947790617612],[5.088391892962701,45.71947627237178],[5.088500027550944,45.71946964981493],[5.088568409428404,45.71946313903889],[5.088650622787525,45.71945156751261],[5.088708399657373,45.7194331973828],[5.088769863124869,45.71940427629997],[5.088828032488795,45.71936424807541],[5.088882728235586,45.71931946249522],[5.088931794488428,45.71926960508561],[5.088957706321626,45.71923359391842],[5.088984156684786,45.7191848174499],[5.089002874373485,45.71913155073952],[5.089015470070311,45.7190758392221],[5.089026472901117,45.71900502324896],[5.089036458924106,45.71891078942981],[5.089300188338013,45.71672554164687],[5.089299818093918,45.71667085233007],[5.089292994954564,45.71662438296124],[5.089277337550591,45.71657788627798],[5.089253022389586,45.71653513123328],[5.089217874545831,45.71649490229503],[5.089177071899629,45.71646512429587],[5.089109686719413,45.71642656621782],[5.089037889962993,45.71640040528197],[5.088950677768946,45.71638258511066],[5.088449676687565,45.71630690480904],[5.088484495828576,45.71599929383154],[5.088653294227774,45.71599493235199],[5.088791728471602,45.71598986304701],[5.088946808807835,45.7159863196834],[5.089000119777793,45.71598486641161],[5.089051791599655,45.7159803796921],[5.089107693370007,45.71597269952792],[5.089159453244974,45.71596102810849],[5.089202256695677,45.71594686473849],[5.089248025464313,45.71592441221817],[5.089290947719842,45.71589485501121],[5.089324794257395,45.7158661799083],[5.089358345317865,45.71582742646777],[5.08938141422373,45.71579211203803],[5.089410161588899,45.71574087665132],[5.089925560911379,45.71155373838404],[5.089927968710679,45.71151424381287],[5.089928944283342,45.71147454031967],[5.089927994552288,45.71143216152703],[5.089922775304395,45.71138841760423],[5.089910422209307,45.71134790208107],[5.089891691785835,45.71130157348448],[5.089861201972981,45.71125239598],[5.089829752120638,45.71121310555064],[5.089794895212519,45.71117602106059],[5.089763506575289,45.71114879002976],[5.089725547692971,45.71111971884736],[5.089669627797917,45.71108132751412],[5.089610416501731,45.71104471725761],[5.089543095656033,45.71101035771349],[5.089462714882316,45.71097635418907],[5.089400831476995,45.71095372787571],[5.089329253222932,45.71093319730972],[5.089258334267923,45.71091545900973],[5.08920488602727,45.71090427002682],[5.089161758502838,45.71089771761629],[5.089080581088467,45.71088451703478],[5.088989690985184,45.71087616940649],[5.088856939814548,45.7108795132584],[5.088843772079725,45.71066405232546],[5.089004032071203,45.71066905992652],[5.089135130668621,45.71067191094627],[5.09002919093642,45.71072567851377]]]}},{"type":"Feature","id":"LFLL-a0b31c4797bac488dd2c","properties":{"airport":"LFLL","name":"COLOR_RunwayConcrete","layer":"Airfield surfaces","category":"Runways","object_type":"Area","style_id":"polygon.runwayconcrete.555555","source_group":"COLOR_RunwayConcrete","vsmr_group_ids":[],"geometry_role":"filled_region"},"geometry":{"type":"Polygon","coordinates":[[[5.094500297276106,45.71099713574632],[5.095079385041426,45.7110252703613],[5.092168048068046,45.73495936432253],[5.091594924881118,45.73492433376711],[5.090743784921625,45.73527877974799],[5.090598298574656,45.73510774913638],[5.090862987082607,45.73499726908435],[5.091017775346574,45.73492851758174],[5.091166293131284,45.73485605794848],[5.091249308089651,45.73481501947586],[5.091426375943831,45.73472425159924],[5.091508716080959,45.73467593564255],[5.091549440376555,45.73464381609676],[5.091585307802924,45.73460429827099],[5.091617051111865,45.73455913411993],[5.091638630517108,45.73451380415136],[5.091648516537131,45.73447433595496],[5.091652973740997,45.73443681641842],[5.092173821991127,45.73015901871207],[5.092173930192814,45.73013721797962],[5.092168127303804,45.73011070879006],[5.092156900592084,45.73008226053225],[5.092140285661173,45.73005647263057],[5.092119466483471,45.73003801193755],[5.092085504292951,45.73001254385748],[5.092050585404511,45.72999354705819],[5.091996350157617,45.72997507719474],[5.091748339435458,45.72991953898472],[5.091581947491255,45.72988936249677],[5.091536493436315,45.72988079170721],[5.091488938167732,45.72987652946833],[5.091309896099022,45.72986669687587],[5.091336012772265,45.72965925415847],[5.091562887328327,45.72966205571137],[5.09163851160179,45.7296606158225],[5.091714413742842,45.72965643163358],[5.0918518122921,45.72964573834688],[5.091906951227978,45.72963978148416],[5.091949598688701,45.72963228910422],[5.091994555138644,45.72961745539525],[5.092044412601402,45.72959299449572],[5.092095585290428,45.72955963711501],[5.092154321758118,45.72951563050607],[5.092190960439607,45.72947985406206],[5.09222065094664,45.7294397674944],[5.092247166159824,45.72939729066039],[5.092267121427962,45.72935534662907],[5.092277479997365,45.72931401825219],[5.092286747169115,45.72927130425546],[5.092362068598987,45.72862964598635],[5.092358848980536,45.72860715500179],[5.092352674256125,45.72858440253546],[5.092339591521949,45.72856081222878],[5.092320090118816,45.72853637071466],[5.092296328483137,45.72851781054993],[5.09226041482457,45.72849974736357],[5.092219606970434,45.72848741857924],[5.09217597034672,45.72848188802074],[5.09213347926009,45.72848248717349],[5.092095770084628,45.72848967692028],[5.092063966231417,45.72850202639578],[5.09203438435229,45.72851823587179],[5.09200934952478,45.72853684169671],[5.091294827943738,45.72925330845955],[5.091036867066459,45.72912550293462],[5.091108671798759,45.7290433171036],[5.091760638417191,45.72828705258621],[5.091902211160139,45.7281109139515],[5.091986808363222,45.72799626296283],[5.092098768422346,45.72783205703772],[5.092162836843135,45.72772400276648],[5.092234587340398,45.72760355227306],[5.092285221614612,45.72750902033389],[5.092354115572471,45.72735508614523],[5.092406978615134,45.72723220921709],[5.092460795076881,45.72709195261718],[5.092499218091611,45.72697267738378],[5.092538021105034,45.72684375375723],[5.092574051889709,45.72669819969002],[5.092607315303253,45.72652895499611],[5.092737797110532,45.72550161951673],[5.092736406755161,45.72547678954114],[5.092730160295891,45.72545057574033],[5.092714201634719,45.72542159427981],[5.092683546116055,45.72539392366122],[5.092633720535353,45.72536525978003],[5.092598275753863,45.7253541646939],[5.092564826513706,45.72535056435289],[5.092525707778535,45.72535292123483],[5.092483667935768,45.7253608379815],[5.092440569262697,45.72537458613697],[5.092408644346367,45.72538996356966],[5.092378426990649,45.72541109693369],[5.092343289487662,45.72544332487947],[5.091655746801718,45.72613754211589],[5.091405594466172,45.72602810158523],[5.091499593493014,45.72592690794316],[5.091593477391829,45.72581674407432],[5.091700944630517,45.72568992531605],[5.0918894189105,45.7254682986576],[5.092097938542162,45.72524304957539],[5.092209749184926,45.72511649871125],[5.092309105513571,45.72498659868893],[5.092402527592663,45.72485568827511],[5.092485116775515,45.72472624548352],[5.092566220251231,45.72459037103382],[5.09264914937366,45.72443874096658],[5.092729642332698,45.72427835124049],[5.092808654413277,45.72409152308767],[5.092859025339127,45.72394971448876],[5.092903469292525,45.72379858970267],[5.092943312694662,45.72364867667746],[5.092981312518249,45.72342032766815],[5.093013422056039,45.72322483211972],[5.093060848145853,45.72275771071923],[5.093066269547841,45.72259379562064],[5.093059051167108,45.72244616079139],[5.093044749623838,45.72229130156941],[5.093026557497293,45.72216750008922],[5.09301039992785,45.7220694686058],[5.092983508689635,45.72193587019601],[5.092948836239404,45.72179894903367],[5.092912643351757,45.72166501504043],[5.09286034210958,45.7215122388185],[5.092789814732801,45.72132701492423],[5.092678818218921,45.72109644680267],[5.092506451728759,45.72080043936045],[5.092243497187859,45.72034075653794],[5.092198384729869,45.7202607653674],[5.092174067923681,45.72022412110097],[5.09215151436424,45.72019908739299],[5.092127404345459,45.72017632167413],[5.092104199249194,45.72015549948845],[5.092415851500441,45.72005329555204],[5.09293215788033,45.72081880322126],[5.092958604203462,45.72085334517541],[5.092980559416029,45.72087400791515],[5.093014948890997,45.72089121977065],[5.093055868355894,45.72090566046802],[5.093097923217127,45.72091384714606],[5.093141768144456,45.72091420618841],[5.0931851781323,45.7209067983201],[5.09323248715456,45.72088943091212],[5.093267697619684,45.7208682450426],[5.093292976547574,45.72084214440486],[5.093307217554508,45.72081790079742],[5.093463079528055,45.71957159970175],[5.093476186640851,45.71940284856363],[5.093482930344287,45.71928134947289],[5.093483669020966,45.71914387947596],[5.093479991744204,45.71899033050473],[5.093456957985103,45.71882618531031],[5.093420861904918,45.71860962391973],[5.093383617369742,45.7184369768134],[5.093342812894623,45.71827963491207],[5.093277175226083,45.71808946487116],[5.093191065332887,45.71789077870721],[5.093118609158367,45.71773438300831],[5.092965053323799,45.71745840218397],[5.092665947580565,45.71691251485179],[5.092613973013016,45.71682474694799],[5.092595288203756,45.71679914361387],[5.092575538907598,45.71677698843491],[5.092556680843428,45.71676268884763],[5.092536037398374,45.71674875316235],[5.092506273257302,45.71673317519609],[5.092841468506359,45.71662341558335],[5.09295181758967,45.71678510304875],[5.093090296771992,45.71699652113313],[5.093185469522751,45.71715675096504],[5.09329483672075,45.71731985919831],[5.093346258159757,45.71739737606929],[5.093371797955175,45.71742421910686],[5.093403299140855,45.71744745686624],[5.093437612592355,45.71746588437333],[5.093480892144457,45.71747933363191],[5.093518671168226,45.71748260543817],[5.093563570119784,45.71748094939669],[5.093606310104715,45.71747375817327],[5.093644357401008,45.7174598099972],[5.093678798375841,45.71743649331169],[5.093703864212666,45.71741085067513],[5.093722583711797,45.71738193876615],[5.093728999000497,45.71735455655209],[5.093930603135004,45.71553895214926],[5.094067444440011,45.71456763159971],[5.094422818403768,45.71164431018674],[5.094423433669187,45.71160176521105],[5.094419503476056,45.71155059754467],[5.09441046811042,45.71150328488297],[5.094394754460079,45.71146024173591],[5.094362249957189,45.71140242323671],[5.094327430437382,45.71136027335416],[5.094293718026259,45.71132825901187],[5.094247155025265,45.71129274665434],[5.094182811750536,45.71125630505326],[5.094113300855875,45.71122707834525],[5.094036053999684,45.7112044292767],[5.093955721751211,45.71118999928935],[5.093594469405634,45.71114962755091],[5.093619374457575,45.71094224536289],[5.094500297276106,45.71099713574632]]]}},{"type":"Feature","id":"LFLL-c7b19fe643834491a9ea","properties":{"airport":"LFLL","name":"COLOR_Building","layer":"Buildings and structures","category":"Buildings","object_type":"Area","style_id":"polygon.building.394446","source_group":"COLOR_Building","vsmr_group_ids":[],"geometry_role":"filled_region"},"geometry":{"type":"Polygon","coordinates":[[[5.084254514604504,45.71157397197362],[5.084180920112404,45.71216251702425],[5.084095263865809,45.71212239334144],[5.084084552867161,45.71223358657198],[5.08333493631369,45.71186871744104],[5.084254514604504,45.71157397197362]]]}},{"type":"Feature","id":"LFLL-7b86d3e1ee073929a3c4","properties":{"airport":"LFLL","name":"COLOR_Building","layer":"Buildings and structures","category":"Buildings","object_type":"Area","style_id":"polygon.building.394446","source_group":"COLOR_Building","vsmr_group_ids":[],"geometry_role":"filled_region"},"geometry":{"type":"Polygon","coordinates":[[[5.083308965928368,45.71285169619755],[5.081577935948292,45.71318240885212],[5.081386615625068,45.71270023732807],[5.081923047008021,45.71260180947378],[5.082023275887517,45.71248286276896],[5.082176894601586,45.71245694857733],[5.082316588471818,45.71251051891128],[5.083117201558604,45.71236550463029],[5.083308965928368,45.71285169619755]]]}},{"type":"Feature","id":"LFLL-dfa887765c191e399f02","properties":{"airport":"LFLL","name":"COLOR_Building","layer":"Buildings and structures","category":"Buildings","object_type":"Area","style_id":"polygon.building.394446","source_group":"COLOR_Building","vsmr_group_ids":[],"geometry_role":"filled_region"},"geometry":{"type":"Polygon","coordinates":[[[5.081256475429567,45.71290669857152],[5.081375331685485,45.71322508159217],[5.080205675803215,45.71344610434611],[5.0800872959937,45.71312590652948],[5.081256475429567,45.71290669857152]]]}},{"type":"Feature","id":"LFLL-b022bbe282721e79f22e","properties":{"airport":"LFLL","name":"COLOR_Building","layer":"Buildings and structures","category":"Buildings","object_type":"Area","style_id":"polygon.building.394446","source_group":"COLOR_Building","vsmr_group_ids":[],"geometry_role":"filled_region"},"geometry":{"type":"Polygon","coordinates":[[[5.080146283060552,45.71349454386392],[5.076450329165039,45.71419352707271],[5.07643373268367,45.71415256758003],[5.075840876576263,45.71426476230333],[5.075712793150697,45.7139332610468],[5.075677506876495,45.7139333974589],[5.075621771415468,45.71392546367719],[5.075575763317676,45.71390206892373],[5.075550351616633,45.71386825760683],[5.075546466117031,45.7138301654397],[5.075567859185468,45.71379179782806],[5.075609884004592,45.7137647812664],[5.075659145880092,45.713751532967],[5.076281797504851,45.71363317506755],[5.076279777998369,45.71362495865716],[5.07992705512013,45.71292377628667],[5.080146283060552,45.71349454386392]]]}},{"type":"Feature","id":"LFLL-44f4e27aa395655bfdc6","properties":{"airport":"LFLL","name":"COLOR_Building","layer":"Buildings and structures","category":"Buildings","object_type":"Area","style_id":"polygon.building.394446","source_group":"COLOR_Building","vsmr_group_ids":[],"geometry_role":"filled_region"},"geometry":{"type":"Polygon","coordinates":[[[5.080123761703092,45.71861139340259],[5.080173461148072,45.71872922016555],[5.080260277105775,45.71873687285901],[5.080265123217387,45.71875475623327],[5.080386660305081,45.71874107963979],[5.080391567597074,45.71876298118374],[5.080300205535798,45.7187741730553],[5.080315020835604,45.71883626308988],[5.080286652819847,45.71883925249865],[5.080291899996641,45.71885838302742],[5.080219317765815,45.7188850441473],[5.080229977837021,45.71896923980777],[5.080233803772849,45.71904869869739],[5.080232361100048,45.71910916325535],[5.080225144911601,45.71917567432341],[5.080202722130109,45.71928468223317],[5.080272935550068,45.71931505676563],[5.080268212039685,45.71933296569665],[5.080385108196559,45.71935368253209],[5.080377213601102,45.71937545980624],[5.08028890470015,45.71935948141748],[5.080267696058007,45.71942082553154],[5.080235574583707,45.71941435301881],[5.08022919952035,45.7194332163941],[5.080146560364431,45.71943497281215],[5.08011523362323,45.71950017146997],[5.080060680886462,45.71959101946504],[5.080003775104336,45.7196657483543],[5.079960868502365,45.71971790109825],[5.079924311108812,45.7196595629547],[5.079805456173759,45.7196736206403],[5.079572333013981,45.71996642293839],[5.080226192803135,45.72022087205418],[5.079816997972975,45.72071300599016],[5.080251125392108,45.72088985311121],[5.08025234314113,45.72084477331969],[5.080371126768304,45.72080777311351],[5.08036686174421,45.72073972823207],[5.080357115319003,45.72073632605593],[5.080478025668915,45.7205905899437],[5.080687440275192,45.72067991958505],[5.080692028113241,45.72067231333016],[5.080700353986232,45.72066564284172],[5.080713387796683,45.72066162191169],[5.08072793726781,45.72066204500788],[5.080736727632247,45.72066521923315],[5.08078977335636,45.72070161749925],[5.080776739691652,45.72071241031311],[5.080829482224873,45.72074140184541],[5.080820388979137,45.72074902030361],[5.080861310007842,45.72077272143974],[5.080889903534588,45.72079055363024],[5.080949069962846,45.72082838524905],[5.081038791172867,45.72089254507855],[5.081119427126302,45.72095851024384],[5.08122537011944,45.72105910007043],[5.081278566545224,45.72111663801488],[5.081290479757101,45.72111197711756],[5.081312719755903,45.72111502997971],[5.081324891463385,45.7211301513827],[5.081302509846926,45.72113892378017],[5.081320679082541,45.72116428181228],[5.081360408563247,45.72121762366517],[5.081416267330619,45.72130198714381],[5.081438843205948,45.72134117682133],[5.081469429915312,45.72139382419773],[5.081508019470564,45.72148185943973],[5.081537568717693,45.72157323087675],[5.081561971353105,45.72165325324354],[5.081575056990699,45.72174461859927],[5.081580224068565,45.72183641537237],[5.081663651755203,45.72183614649214],[5.08166517560457,45.72181586237793],[5.081659067800528,45.72178546434124],[5.081662036163184,45.72177366977183],[5.081673803829405,45.72176485637527],[5.081690974246433,45.72176230425998],[5.081706977011007,45.72176688489111],[5.081716097468316,45.72177625190268],[5.08171880809474,45.72178968330375],[5.081711490293534,45.72183639471508],[5.081722179523895,45.72183648790665],[5.081722778214792,45.72187874280203],[5.081670384017252,45.72187896145369],[5.081668566739664,45.72192376202556],[5.081582000725926,45.72192233179781],[5.08157489794738,45.72200536767592],[5.081562763994678,45.72207806184076],[5.081540910007478,45.72215899965481],[5.081511502188018,45.72224138467138],[5.081461887295104,45.72235736133855],[5.08142734987538,45.72241650044793],[5.081492197022952,45.72243546056894],[5.081507794471564,45.72241536432757],[5.081514662367157,45.7223899620022],[5.081522717035289,45.72237803610634],[5.081537212326356,45.7223727051082],[5.081557024233073,45.72237186410458],[5.081571109547407,45.72237862703471],[5.081576658227622,45.72238773165108],[5.081572376974471,45.72240382996242],[5.081547434936495,45.72239835322502],[5.081537858672514,45.72242243621978],[5.081525119314005,45.72244082294877],[5.081542313927878,45.72244667736837],[5.081519428501784,45.72248473924536],[5.081405783042142,45.72245198380026],[5.081376312970658,45.72250043330848],[5.081329866721552,45.72256521900763],[5.081177712180185,45.72250844830644],[5.081151618932123,45.7225441533964],[5.080783455882456,45.72289808345382],[5.080926522037799,45.72340557080501],[5.08095559632004,45.72340062502511],[5.081046810663579,45.72371903812664],[5.081068397520361,45.72370899294701],[5.081104842346318,45.72369530221469],[5.081141244238139,45.72368607371737],[5.081207530108971,45.7236789524562],[5.081258982229935,45.72368529004809],[5.083184183496721,45.72403912979293],[5.083138255426974,45.72416128309442],[5.081181380921915,45.72379968277371],[5.081133089107328,45.72379633643691],[5.081099122898102,45.72379830124922],[5.081075010273586,45.72380266696344],[5.081072559659175,45.72379331762966],[5.081052227914846,45.72379718758398],[5.081035619827581,45.72380307360955],[5.081020561498657,45.72380976458525],[5.081010845255626,45.72381463879309],[5.080975687724701,45.7238178183767],[5.080974064568551,45.72385157533629],[5.080968088170215,45.72387679894903],[5.080950274509608,45.72390673802506],[5.080951538244125,45.72393315192285],[5.080962833359088,45.72397414124422],[5.08100574168618,45.72411176024795],[5.080768592154588,45.72414634341419],[5.080733704691949,45.72402312186193],[5.080669142156092,45.72403838892743],[5.078837910045841,45.72449490129438],[5.078783911157181,45.72437893784237],[5.080705504155523,45.72389695524223],[5.080578529537703,45.72345820290362],[5.080801044629474,45.72342529815613],[5.080678317539304,45.72299032444968],[5.080458023071377,45.72288077712457],[5.080488974316763,45.72285043325383],[5.080033778456539,45.72262922675446],[5.080256377847339,45.72240770479706],[5.080283286813394,45.7224207922305],[5.080470171420304,45.72223265047371],[5.080580220122535,45.72227217551943],[5.0806097180196,45.7222232640037],[5.080646590256124,45.72215976486541],[5.080679774994641,45.72209240433887],[5.080708042756692,45.72200230437259],[5.080722236537563,45.72190352624928],[5.080720017809941,45.72180985731236],[5.080710978103637,45.72175074120023],[5.08069004529665,45.72167169838793],[5.0806529550196,45.7215902850394],[5.080605815694557,45.72150780979858],[5.080542964135919,45.72143183524992],[5.080475457255453,45.72136032979763],[5.080410860507303,45.72130670073852],[5.080315369495505,45.72123715661227],[5.080188091438671,45.72116652616349],[5.080060813785254,45.72111374318805],[5.079574212479566,45.72091247311997],[5.079532106528939,45.7207445962614],[5.078875489191576,45.72048669910609],[5.079100218845523,45.72021550104716],[5.079194346086284,45.72010393443269],[5.07910562628302,45.71999420896626],[5.079499794005143,45.71950291170969],[5.079436076546314,45.71949846308269],[5.079487768259783,45.71943476527823],[5.079529833984466,45.7193723559578],[5.079561383211077,45.71930902883715],[5.07958689948639,45.71924797381799],[5.079611058495703,45.71916763240177],[5.079619323334357,45.71907441860056],[5.079619234357171,45.71898392003709],[5.079602328968202,45.71889216180913],[5.07957105916036,45.71880726383032],[5.079524822071162,45.71872219672996],[5.079482958847075,45.71865632419934],[5.079405119773607,45.71856696537985],[5.079342208946979,45.71850673216935],[5.079250859493298,45.71843669243335],[5.079172259481339,45.71838752132456],[5.079080884825218,45.71833878182892],[5.078958295251546,45.71828806080309],[5.078869758288804,45.71826032249751],[5.078758223147641,45.71823294280598],[5.07863937341093,45.71821345313462],[5.078556005029911,45.71820683922093],[5.078466637808248,45.71820461001822],[5.078351281121485,45.71820460885714],[5.078221789621063,45.71821129258352],[5.07808044284308,45.71822529787291],[5.078023052138471,45.71823350530472],[5.077946683076817,45.7182454039197],[5.077948566987464,45.71825133576265],[5.077875911866585,45.7182567785651],[5.077796522827922,45.71826296355614],[5.077697641036767,45.71826568390887],[5.077614848126119,45.71826438077363],[5.077480400132101,45.71825952102802],[5.077352390516334,45.71824623315202],[5.077230147282719,45.71822932191952],[5.077085992862158,45.71819992974579],[5.076985743240934,45.71817443888581],[5.076876184351873,45.71814165329874],[5.07674449831256,45.71809417116978],[5.076646165024168,45.71805458725484],[5.076541525366169,45.71800417615839],[5.076459733263878,45.71795727498324],[5.076940737973401,45.71755170713712],[5.076872338511906,45.71750952288438],[5.076808539969297,45.71746263133439],[5.076758592801395,45.71741954988933],[5.076692498143829,45.71735352940407],[5.076638901656261,45.71728352718714],[5.076600708635254,45.71722293360924],[5.076573273094276,45.717170336964],[5.076551824405371,45.71711251567713],[5.076532968718039,45.71705261031197],[5.076521899867464,45.71698504905114],[5.076517182335518,45.71693084314404],[5.076521170302235,45.71686651013193],[5.076528146000574,45.71681330507992],[5.07654623487773,45.71674303846888],[5.076575715055169,45.71667571582101],[5.076624993268979,45.71659038758384],[5.075937943561833,45.71633549308686],[5.076018166932039,45.716227930343],[5.076249780020168,45.71631473130091],[5.076710132173325,45.71648361156083],[5.076759176006201,45.71643104073804],[5.076392243236151,45.71621751825889],[5.076377811327344,45.71622895558135],[5.076282644479601,45.71617076116538],[5.076344464328882,45.71611693533752],[5.076433988710249,45.71617473424806],[5.076424395963633,45.71618341585262],[5.076798527887414,45.71639780552358],[5.076869393458785,45.71634766718062],[5.076941840519136,45.71630238817576],[5.077017584502642,45.71626043699544],[5.077113858272657,45.71621894634909],[5.077199951095648,45.71618808872062],[5.077265090635271,45.71616819684701],[5.077345556712451,45.7161484214886],[5.07728379305918,45.71598726270407],[5.077265476592137,45.71599087410858],[5.077233691764986,45.71590963797576],[5.077333894172938,45.71589157776849],[5.077362052088796,45.71597571614183],[5.077343071029272,45.71597900264899],[5.07740454627065,45.7161392841406],[5.077468822766036,45.71612952913914],[5.077544676809003,45.71612256179073],[5.077616538448202,45.71611838181155],[5.07767881846047,45.71611754660907],[5.077747265369529,45.71611849220342],[5.077818983223605,45.71612315341271],[5.077888351487598,45.71613016107429],[5.077949915568112,45.71614010070563],[5.077999024458326,45.71614929472645],[5.078064312086729,45.71616266603111],[5.078270162677503,45.71579944332935],[5.07824947836566,45.71579256412164],[5.078293423868216,45.71571527328953],[5.078390733341456,45.71574128871002],[5.078346086995216,45.71581668944347],[5.07832768833584,45.7158117401744],[5.07811188463589,45.71617694946332],[5.078168454522425,45.71619397237042],[5.078217923525798,45.71621215201593],[5.078252728997823,45.71622574708311],[5.078275475703203,45.71623581384194],[5.078396370363524,45.71611359175436],[5.07837978781599,45.71610539029868],[5.078448538467581,45.71603182061996],[5.078538706126741,45.71607258667838],[5.078465847754625,45.71614582292471],[5.078450085409636,45.71613863545214],[5.078335241770837,45.71625902191409],[5.0783891020174,45.71628746974009],[5.078445323272831,45.71632083688898],[5.078503231183897,45.71635891460602],[5.078560014663456,45.71640248797026],[5.078606678356765,45.71644370596619],[5.078658964205216,45.71649670048101],[5.07868866931193,45.71653523076137],[5.078714117019931,45.71656905467542],[5.078733432700266,45.71659859704922],[5.078751215356315,45.71662920977803],[5.079008102495255,45.71655518263087],[5.07904253601505,45.71654992997397],[5.079078705587108,45.71655457685271],[5.079105905058343,45.71656447650552],[5.079123845077673,45.71657983096463],[5.079132525631649,45.71660023617438],[5.079132525493179,45.7166190251032],[5.079125580783572,45.71663740994409],[5.0791064830721,45.71665357239057],[5.079085938609708,45.71666286575446],[5.078932482780565,45.71669488573201],[5.07889649936228,45.71669400707275],[5.078873600883307,45.71668838481294],[5.078851960631896,45.71667801888713],[5.078840134066449,45.71666589610386],[5.078835101562955,45.71665447612737],[5.07883635983802,45.71664569156427],[5.078773451505276,45.71666326028804],[5.078790813653455,45.716699101468],[5.078805846226981,45.71674922896979],[5.078820546054037,45.71680230853394],[5.078830625714483,45.71685597457345],[5.078835665230628,45.71690582826078],[5.078836274248923,45.71695977718351],[5.078829383557546,45.71702061635968],[5.078815770494389,45.71708270097198],[5.078800460312567,45.71713114310117],[5.078972849980308,45.71716442314267],[5.078977446180508,45.71715228582158],[5.079106012776997,45.7171763307326],[5.079078790150104,45.7172427387304],[5.078962030552095,45.71721869387192],[5.078966622383589,45.71720495428088],[5.07877898378503,45.71717118383289],[5.078750637008584,45.71723385315937],[5.078707616097711,45.71729742523909],[5.078674452600522,45.71734276203271],[5.078642270505394,45.71737981592541],[5.078612075594242,45.71740861018087],[5.078593313794649,45.71742630697333],[5.078531498499586,45.71747767586582],[5.078847487830487,45.71766247162163],[5.078797944323689,45.7178018394315],[5.078687076970692,45.71779272251683],[5.07856948681262,45.7177863922055],[5.078474164719083,45.71778315220567],[5.078364931547594,45.71778427416454],[5.078241241697972,45.71778849335975],[5.078098021494515,45.7177985560304],[5.077945629133924,45.71781859589186],[5.077873045480416,45.71782828059047],[5.077851909863639,45.71773057844332],[5.07794073584445,45.71771918876227],[5.078031550819411,45.71770072025676],[5.078125686531356,45.71767727071271],[5.078204627346441,45.71765238075316],[5.078290570967761,45.71761882347047],[5.078374273659138,45.71757726884446],[5.078456849537414,45.71752981941704],[5.078520333540808,45.71748674367165],[5.078592336033516,45.71742772338369],[5.079104275488485,45.71772525865777],[5.079040826659494,45.71784943465159],[5.079141880528906,45.71787704030366],[5.079200332404685,45.71789700226965],[5.079261803959991,45.71785572381478],[5.079415715206359,45.71791519012769],[5.079396919010559,45.71797358347107],[5.079522876596601,45.71803443672476],[5.079668581688972,45.71812186537089],[5.079820025419868,45.71823727698347],[5.079893061155067,45.71821787758572],[5.079913672299059,45.7182360944774],[5.080019604226649,45.71818472635276],[5.080036139617505,45.71820177326446],[5.079959803448679,45.71823886178939],[5.08001120924278,45.71828965191442],[5.079986666931918,45.71830293659497],[5.080002385225724,45.71831795389562],[5.07995043406523,45.71836578457311],[5.080011163273732,45.71843567427895],[5.080070592325631,45.71852014536581],[5.080123761703092,45.71861139340259]]]}},{"type":"Feature","id":"LFLL-2d0a3c284e960ea34800","properties":{"airport":"LFLL","name":"COLOR_Building","layer":"Buildings and structures","category":"Buildings","object_type":"Area","style_id":"polygon.building.394446","source_group":"COLOR_Building","vsmr_group_ids":[],"geometry_role":"filled_region"},"geometry":{"type":"Polygon","coordinates":[[[5.081283369110389,45.71587154922082],[5.081183757411001,45.71562963071706],[5.081219095413125,45.71562334306768],[5.081214350697785,45.71560953400945],[5.083522542911028,45.71517283230548],[5.083616526377237,45.71540563735277],[5.083598718993569,45.71540967424706],[5.083606922292409,45.71543056844267],[5.081283369110389,45.71587154922082]]]}},{"type":"Feature","id":"LFLL-35a0487c5e8708e6c5a6","properties":{"airport":"LFLL","name":"COLOR_Stopbar","layer":"Surface markings","category":"Stopbars","object_type":"Area","style_id":"polygon.stopbar.7e0000","source_group":"COLOR_Stopbar","vsmr_group_ids":[],"geometry_role":"filled_region"},"geometry":{"type":"Polygon","coordinates":[[[5.084510185385951,45.7461034392797],[5.084532096733767,45.74611739678225],[5.084250916618136,45.74634281035108],[5.084229598351484,45.74632869119242],[5.084510185385951,45.7461034392797]]]}},{"type":"Feature","id":"LFLL-36ef507cc87f0ed371dc","properties":{"airport":"LFLL","name":"COLOR_Stopbar","layer":"Surface markings","category":"Stopbars","object_type":"Area","style_id":"polygon.stopbar.7e0000","source_group":"COLOR_Stopbar","vsmr_group_ids":[],"geometry_role":"filled_region"},"geometry":{"type":"Polygon","coordinates":[[[5.085146120781454,45.74345250580983],[5.085177462287545,45.74345206360865],[5.085150315840254,45.74367568210616],[5.085120658725051,45.74367383070124],[5.085146120781454,45.74345250580983]]]}},{"type":"Feature","id":"LFLL-0334cf3901e49ad82c83","properties":{"airport":"LFLL","name":"COLOR_Stopbar","layer":"Surface markings","category":"Stopbars","object_type":"Area","style_id":"polygon.stopbar.7e0000","source_group":"COLOR_Stopbar","vsmr_group_ids":[],"geometry_role":"filled_region"},"geometry":{"type":"Polygon","coordinates":[[[5.085939789458434,45.73677469712128],[5.085971409420022,45.7367681102798],[5.085931792801757,45.73708729738973],[5.08590098917177,45.73708235949377],[5.085939789458434,45.73677469712128]]]}},{"type":"Feature","id":"LFLL-4a13c30fef01021f4ea2","properties":{"airport":"LFLL","name":"COLOR_Stopbar","layer":"Surface markings","category":"Stopbars","object_type":"Area","style_id":"polygon.stopbar.7e0000","source_group":"COLOR_Stopbar","vsmr_group_ids":[],"geometry_role":"filled_region"},"geometry":{"type":"Polygon","coordinates":[[[5.086851462048394,45.72938168680014],[5.086884585468081,45.72938061180684],[5.086855295895834,45.72961947291397],[5.086825266294208,45.72961468692229],[5.086851462048394,45.72938168680014]]]}},{"type":"Feature","id":"LFLL-ec9c26b3da85f9f8d704","properties":{"airport":"LFLL","name":"COLOR_Stopbar","layer":"Surface markings","category":"Stopbars","object_type":"Area","style_id":"polygon.stopbar.7e0000","source_group":"COLOR_Stopbar","vsmr_group_ids":[],"geometry_role":"filled_region"},"geometry":{"type":"Polygon","coordinates":[[[5.087537085332301,45.72373221135508],[5.087570337976619,45.72372589917173],[5.087535328074402,45.72403622491954],[5.08750387024646,45.72403159163547],[5.087537085332301,45.72373221135508]]]}},{"type":"Feature","id":"LFLL-9ac682b07c5d1984c141","properties":{"airport":"LFLL","name":"COLOR_Stopbar","layer":"Surface markings","category":"Stopbars","object_type":"Area","style_id":"polygon.stopbar.7e0000","source_group":"COLOR_Stopbar","vsmr_group_ids":[],"geometry_role":"filled_region"},"geometry":{"type":"Polygon","coordinates":[[[5.088059243682159,45.71944895779696],[5.088090969314381,45.71945361023377],[5.088058681296561,45.71970549450646],[5.088028253738188,45.71970251171949],[5.088059243682159,45.71944895779696]]]}},{"type":"Feature","id":"LFLL-46728cb516c91e27a8e2","properties":{"airport":"LFLL","name":"COLOR_Stopbar","layer":"Surface markings","category":"Stopbars","object_type":"Area","style_id":"polygon.stopbar.7e0000","source_group":"COLOR_Stopbar","vsmr_group_ids":[],"geometry_role":"filled_region"},"geometry":{"type":"Polygon","coordinates":[[[5.088480347970918,45.71599818547217],[5.088509836030813,45.7159974608382],[5.088473507659542,45.7163129747026],[5.088443613556947,45.71630818825146],[5.088480347970918,45.71599818547217]]]}},{"type":"Feature","id":"LFLL-e21a22ea68868b079e84","properties":{"airport":"LFLL","name":"COLOR_Stopbar","layer":"Surface markings","category":"Stopbars","object_type":"Area","style_id":"polygon.stopbar.7e0000","source_group":"COLOR_Stopbar","vsmr_group_ids":[],"geometry_role":"filled_region"},"geometry":{"type":"Polygon","coordinates":[[[5.088803318875399,45.71066558802068],[5.088841743715329,45.71066283524051],[5.088855551961695,45.71088023714134],[5.088815019893014,45.71088006081205],[5.088803318875399,45.71066558802068]]]}},{"type":"Feature","id":"LFLL-5197f7dd71af6afd822a","properties":{"airport":"LFLL","name":"COLOR_Stopbar","layer":"Surface markings","category":"Stopbars","object_type":"Area","style_id":"polygon.stopbar.7e0000","source_group":"COLOR_Stopbar","vsmr_group_ids":[],"geometry_role":"filled_region"},"geometry":{"type":"Polygon","coordinates":[[[5.088302755266296,45.73606039944945],[5.088328733793666,45.7360496850837],[5.088476635220031,45.73622392176888],[5.08844935086016,45.73623566087732],[5.088302755266296,45.73606039944945]]]}},{"type":"Feature","id":"LFLL-9a20489c6787d5ac2727","properties":{"airport":"LFLL","name":"COLOR_Stopbar","layer":"Surface markings","category":"Stopbars","object_type":"Area","style_id":"polygon.stopbar.7e0000","source_group":"COLOR_Stopbar","vsmr_group_ids":[],"geometry_role":"filled_region"},"geometry":{"type":"Polygon","coordinates":[[[5.089155740091069,45.72953720423973],[5.089189008484909,45.7295392617749],[5.089175114037876,45.72974121251778],[5.089142687763271,45.72973915498626],[5.089155740091069,45.72953720423973]]]}},{"type":"Feature","id":"LFLL-c7394e280534a5309b8a","properties":{"airport":"LFLL","name":"COLOR_Stopbar","layer":"Surface markings","category":"Stopbars","object_type":"Area","style_id":"polygon.stopbar.7e0000","source_group":"COLOR_Stopbar","vsmr_group_ids":[],"geometry_role":"filled_region"},"geometry":{"type":"Polygon","coordinates":[[[5.090385780955873,45.71962249362021],[5.09041717002032,45.71962461916591],[5.090390233749266,45.71983731219582],[5.090360251300863,45.71983531909622],[5.090385780955873,45.71962249362021]]]}},{"type":"Feature","id":"LFLL-8b2367ae77b40c21b4c1","properties":{"airport":"LFLL","name":"COLOR_Stopbar","layer":"Surface markings","category":"Stopbars","object_type":"Area","style_id":"polygon.stopbar.7e0000","source_group":"COLOR_Stopbar","vsmr_group_ids":[],"geometry_role":"filled_region"},"geometry":{"type":"Polygon","coordinates":[[[5.09080698269554,45.71617990313354],[5.090836910283068,45.71618225036483],[5.090803831858168,45.71646578500212],[5.090774484573526,45.71646219976325],[5.09080698269554,45.71617990313354]]]}},{"type":"Feature","id":"LFLL-3b2891e2eac4d639174c","properties":{"airport":"LFLL","name":"COLOR_Stopbar","layer":"Surface markings","category":"Stopbars","object_type":"Area","style_id":"polygon.stopbar.7e0000","source_group":"COLOR_Stopbar","vsmr_group_ids":[],"geometry_role":"filled_region"},"geometry":{"type":"Polygon","coordinates":[[[5.091434890780726,45.71101588012279],[5.091459122603375,45.71081295144146],[5.091488643968347,45.71081465431971],[5.091464007256516,45.71101744331894],[5.091434890780726,45.71101588012279]]]}},{"type":"Feature","id":"LFLL-8570fad511d22dc3437c","properties":{"airport":"LFLL","name":"COLOR_Stopbar","layer":"Surface markings","category":"Stopbars","object_type":"Area","style_id":"polygon.stopbar.7e0000","source_group":"COLOR_Stopbar","vsmr_group_ids":[],"geometry_role":"filled_region"},"geometry":{"type":"Polygon","coordinates":[[[5.090592173711459,45.7351096106275],[5.090614896990697,45.73509917936992],[5.090762803975477,45.73527178834576],[5.090737488038071,45.73528211557047],[5.090592173711459,45.7351096106275]]]}},{"type":"Feature","id":"LFLL-a87d8fa044bd7fb793c1","properties":{"airport":"LFLL","name":"COLOR_Stopbar","layer":"Surface markings","category":"Stopbars","object_type":"Area","style_id":"polygon.stopbar.7e0000","source_group":"COLOR_Stopbar","vsmr_group_ids":[],"geometry_role":"filled_region"},"geometry":{"type":"Polygon","coordinates":[[[5.091327763602697,45.72965850478453],[5.091358662557752,45.72965831481639],[5.091332513121696,45.7298688412795],[5.091302127447259,45.72986693118252],[5.091327763602697,45.72965850478453]]]}},{"type":"Feature","id":"LFLL-98a6016d9703369e9847","properties":{"airport":"LFLL","name":"COLOR_Stopbar","layer":"Surface markings","category":"Stopbars","object_type":"Area","style_id":"polygon.stopbar.7e0000","source_group":"COLOR_Stopbar","vsmr_group_ids":[],"geometry_role":"filled_region"},"geometry":{"type":"Polygon","coordinates":[[[5.091401015655821,45.72603165013953],[5.09141585124344,45.7260149514462],[5.091669369836098,45.72612545233788],[5.091652142640209,45.72614260212596],[5.091401015655821,45.72603165013953]]]}},{"type":"Feature","id":"LFLL-3f330f36a944dbf505c2","properties":{"airport":"LFLL","name":"COLOR_Stopbar","layer":"Surface markings","category":"Stopbars","object_type":"Area","style_id":"polygon.stopbar.7e0000","source_group":"COLOR_Stopbar","vsmr_group_ids":[],"geometry_role":"filled_region"},"geometry":{"type":"Polygon","coordinates":[[[5.093611976539815,45.71094100852045],[5.09364235698026,45.71094235407681],[5.093616097116016,45.71115326012806],[5.093587859846613,45.71114976720523],[5.093611976539815,45.71094100852045]]]}},{"type":"Feature","id":"LFLL-4ab8d0940800821e02e1","properties":{"airport":"LFLL","name":"COLOR_TaxiwayOrange","layer":"Airfield surfaces","category":"Taxiway Orange","object_type":"Area","style_id":"polygon.taxiwayorange.cc6d00","source_group":"COLOR_TaxiwayOrange","vsmr_group_ids":[],"geometry_role":"filled_region"},"geometry":{"type":"Polygon","coordinates":[[[5.087694039895368,45.71599464158064],[5.087723624953211,45.71599617191864],[5.087683845725679,45.71633894228613],[5.087651485602198,45.71635023908979],[5.087694039895368,45.71599464158064]]]}},{"type":"Feature","id":"LFLL-7f89514eebf0dec9f62a","properties":{"airport":"LFLL","name":"COLOR_TaxiwayOrange","layer":"Airfield surfaces","category":"Taxiway Orange","object_type":"Area","style_id":"polygon.taxiwayorange.cc6d00","source_group":"COLOR_TaxiwayOrange","vsmr_group_ids":[],"geometry_role":"filled_region"},"geometry":{"type":"Polygon","coordinates":[[[5.08821263464503,45.71075869931289],[5.088240716411104,45.71075347033888],[5.088316068430007,45.71094988667955],[5.088287050525429,45.71095511568657],[5.08821263464503,45.71075869931289]]]}},{"type":"Feature","id":"LFLL-e722cb72613025dac755","properties":{"airport":"LFLL","name":"COLOR_TaxiwayOrange","layer":"Airfield surfaces","category":"Taxiway Orange","object_type":"Area","style_id":"polygon.taxiwayorange.cc6d00","source_group":"COLOR_TaxiwayOrange","vsmr_group_ids":[],"geometry_role":"filled_region"},"geometry":{"type":"Polygon","coordinates":[[[5.089246836455821,45.73566914117988],[5.089272896818288,45.73565818822395],[5.089418651709085,45.73583116981197],[5.089391818484524,45.73584243778429],[5.089246836455821,45.73566914117988]]]}},{"type":"Feature","id":"LFLL-a32d2586328f76cb27f1","properties":{"airport":"LFLL","name":"COLOR_TaxiwayOrange","layer":"Airfield surfaces","category":"Taxiway Orange","object_type":"Area","style_id":"polygon.taxiwayorange.cc6d00","source_group":"COLOR_TaxiwayOrange","vsmr_group_ids":[],"geometry_role":"filled_region"},"geometry":{"type":"Polygon","coordinates":[[[5.089989036492691,45.7293640022162],[5.090023314686194,45.72932877369043],[5.089965256409847,45.72978634826298],[5.089936357562673,45.72978473482438],[5.089989036492691,45.7293640022162]]]}},{"type":"Feature","id":"LFLL-42eb45c955a4a7add7a3","properties":{"airport":"LFLL","name":"COLOR_TaxiwayOrange","layer":"Airfield surfaces","category":"Taxiway Orange","object_type":"Area","style_id":"polygon.taxiwayorange.cc6d00","source_group":"COLOR_TaxiwayOrange","vsmr_group_ids":[],"geometry_role":"filled_region"},"geometry":{"type":"Polygon","coordinates":[[[5.085401860753073,45.71928583531317],[5.085416171018506,45.71928660741528],[5.08538473088395,45.71956383731124],[5.085368529584649,45.71956562333672],[5.085401860753073,45.71928583531317]]]}},{"type":"Feature","id":"LFLL-8a21eb47cf1bcbe82586","properties":{"airport":"LFLL","name":"COLOR_TaxiwayOrange","layer":"Airfield surfaces","category":"Taxiway Orange","object_type":"Area","style_id":"polygon.taxiwayorange.cc6d00","source_group":"COLOR_TaxiwayOrange","vsmr_group_ids":[],"geometry_role":"filled_region"},"geometry":{"type":"Polygon","coordinates":[[[5.085789378242771,45.71580908833503],[5.085803318077198,45.71581210909271],[5.08576275191345,45.71617186531644],[5.085747058235592,45.71617290054941],[5.085789378242771,45.71580908833503]]]}},{"type":"Feature","id":"LFLL-ce7b03a0cda3728d0d08","properties":{"airport":"LFLL","name":"COLOR_TaxiwayOrange","layer":"Airfield surfaces","category":"Taxiway Orange","object_type":"Area","style_id":"polygon.taxiwayorange.cc6d00","source_group":"COLOR_TaxiwayOrange","vsmr_group_ids":[],"geometry_role":"filled_region"},"geometry":{"type":"Polygon","coordinates":[[[5.086607453288177,45.7189441493882],[5.086608906271611,45.71893216979252],[5.087111216812373,45.7189598895844],[5.087111709479,45.71897262623159],[5.086607453288177,45.7189441493882]]]}},{"type":"Feature","id":"LFLL-3f71bd6775e721ebe709","properties":{"airport":"LFLL","name":"COLOR_TaxiwayOrange","layer":"Airfield surfaces","category":"Taxiway Orange","object_type":"Area","style_id":"polygon.taxiwayorange.cc6d00","source_group":"COLOR_TaxiwayOrange","vsmr_group_ids":[],"geometry_role":"filled_region"},"geometry":{"type":"Polygon","coordinates":[[[5.08688993141087,45.71659307303197],[5.086888839216634,45.71658440883176],[5.087404114251055,45.71661432880662],[5.087399941260562,45.71662376807777],[5.08688993141087,45.71659307303197]]]}},{"type":"Feature","id":"LFLL-d13b35e4aaabe03fb988","properties":{"airport":"LFLL","name":"COLOR_TaxiwayOrange","layer":"Airfield surfaces","category":"Taxiway Orange","object_type":"Area","style_id":"polygon.taxiwayorange.cc6d00","source_group":"COLOR_TaxiwayOrange","vsmr_group_ids":[],"geometry_role":"filled_region"},"geometry":{"type":"Polygon","coordinates":[[[5.08340811880164,45.73054683023827],[5.083405041903024,45.7305597833153],[5.083114201273404,45.73054297247496],[5.083115609984691,45.73052885848089],[5.08340811880164,45.73054683023827]]]}},{"type":"Feature","id":"LFLL-fdb45051630863dc20b7","properties":{"airport":"LFLL","name":"COLOR_TaxiwayOrange","layer":"Airfield surfaces","category":"Taxiway Orange","object_type":"Area","style_id":"polygon.taxiwayorange.cc6d00","source_group":"COLOR_TaxiwayOrange","vsmr_group_ids":[],"geometry_role":"filled_region"},"geometry":{"type":"Polygon","coordinates":[[[5.083973716051615,45.72582191145063],[5.083972279165405,45.72583256075575],[5.083669760693672,45.72581423947104],[5.083668980919168,45.72580384011178],[5.083973716051615,45.72582191145063]]]}},{"type":"Feature","id":"LFLL-a2bc004dc1f22b1eb9bf","properties":{"airport":"LFLL","name":"COLOR_TaxiwayOrange","layer":"Airfield surfaces","category":"Taxiway Orange","object_type":"Area","style_id":"polygon.taxiwayorange.cc6d00","source_group":"COLOR_TaxiwayOrange","vsmr_group_ids":[],"geometry_role":"filled_region"},"geometry":{"type":"Polygon","coordinates":[[[5.083918729784116,45.72388890345078],[5.083919897225599,45.72387905808776],[5.084258744144343,45.72390129915719],[5.084260682439947,45.72391027604524],[5.083918729784116,45.72388890345078]]]}},{"type":"Feature","id":"LFLL-b2744a00f311b7ee9204","properties":{"airport":"LFLL","name":"COLOR_TaxiwayOrange","layer":"Airfield surfaces","category":"Taxiway Orange","object_type":"Area","style_id":"polygon.taxiwayorange.cc6d00","source_group":"COLOR_TaxiwayOrange","vsmr_group_ids":[],"geometry_role":"filled_region"},"geometry":{"type":"Polygon","coordinates":[[[5.085337604665982,45.71463172532219],[5.085336310919732,45.71464233454879],[5.08474138663132,45.7146054790536],[5.084730169999956,45.71459523644706],[5.085337604665982,45.71463172532219]]]}},{"type":"Feature","id":"LFLL-c8a2c560abc610283619","properties":{"airport":"LFLL","name":"COLOR_TaxiwayOrange","layer":"Airfield surfaces","category":"Taxiway Orange","object_type":"Area","style_id":"polygon.taxiwayorange.cc6d00","source_group":"COLOR_TaxiwayOrange","vsmr_group_ids":[],"geometry_role":"filled_region"},"geometry":{"type":"Polygon","coordinates":[[[5.083383270298705,45.72346093982402],[5.083372174489273,45.72346384336484],[5.083405476613592,45.72315497813907],[5.08341518480808,45.72315594650983],[5.083383270298705,45.72346093982402]]]}},{"type":"Feature","id":"LFLL-4a181c0774e653f8c783","properties":{"airport":"LFLL","name":"COLOR_TaxiwayOrange","layer":"Airfield surfaces","category":"Taxiway Orange","object_type":"Area","style_id":"polygon.taxiwayorange.cc6d00","source_group":"COLOR_TaxiwayOrange","vsmr_group_ids":[],"geometry_role":"filled_region"},"geometry":{"type":"Polygon","coordinates":[[[5.083503302724884,45.72271790486938],[5.083488634350568,45.72271404298607],[5.08354022225104,45.72238778561913],[5.083551199668195,45.72239243438573],[5.083503302724884,45.72271790486938]]]}},{"type":"Feature","id":"LFLL-cfa98e30ec43a4eb2f9e","properties":{"airport":"LFLL","name":"COLOR_TaxiwayOrange","layer":"Airfield surfaces","category":"Taxiway Orange","object_type":"Area","style_id":"polygon.taxiwayorange.cc6d00","source_group":"COLOR_TaxiwayOrange","vsmr_group_ids":[],"geometry_role":"filled_region"},"geometry":{"type":"Polygon","coordinates":[[[5.083843731543158,45.71977756776302],[5.083827953961537,45.71977538283906],[5.083878438295231,45.71939255842143],[5.083889394416921,45.71938873420237],[5.083843731543158,45.71977756776302]]]}},{"type":"Feature","id":"LFLL-088e97be017ba8ec8625","properties":{"airport":"LFLL","name":"COLOR_TaxiwayOrange","layer":"Airfield surfaces","category":"Taxiway Orange","object_type":"Area","style_id":"polygon.taxiwayorange.cc6d00","source_group":"COLOR_TaxiwayOrange","vsmr_group_ids":[],"geometry_role":"filled_region"},"geometry":{"type":"Polygon","coordinates":[[[5.084505751370456,45.71434436137887],[5.084557123016634,45.71393280993149],[5.084569827031354,45.71393301197293],[5.084517850491642,45.71434522384777],[5.084505751370456,45.71434436137887]]]}},{"type":"Feature","id":"LFLL-6f0bcd8ec0ab1b7c9497","properties":{"airport":"LFLL","name":"COLOR_TaxiwayOrange","layer":"Airfield surfaces","category":"Taxiway Orange","object_type":"Area","style_id":"polygon.taxiwayorange.cc6d00","source_group":"COLOR_TaxiwayOrange","vsmr_group_ids":[],"geometry_role":"filled_region"},"geometry":{"type":"Polygon","coordinates":[[[5.086270200514209,45.71065691191998],[5.086267357604221,45.71064500429944],[5.08682158061027,45.71062316723315],[5.086818738514911,45.71062912112354],[5.086270200514209,45.71065691191998]]]}},{"type":"Feature","id":"LFLL-518a8cee570b1759bf92","properties":{"airport":"LFLL","name":"COLOR_TaxiwayOrange","layer":"Airfield surfaces","category":"Taxiway Orange","object_type":"Area","style_id":"polygon.taxiwayorange.cc6d00","source_group":"COLOR_TaxiwayOrange","vsmr_group_ids":[],"geometry_role":"filled_region"},"geometry":{"type":"Polygon","coordinates":[[[5.082635953284274,45.73015192372777],[5.082650419008711,45.7299935009201],[5.082669449071517,45.72999424816935],[5.082652506821654,45.73015376669274],[5.082635953284274,45.73015192372777]]]}},{"type":"Feature","id":"LFLL-faf8f70052886008b4aa","properties":{"airport":"LFLL","name":"COLOR_TaxiwayOrange","layer":"Airfield surfaces","category":"Taxiway Orange","object_type":"Area","style_id":"polygon.taxiwayorange.cc6d00","source_group":"COLOR_TaxiwayOrange","vsmr_group_ids":[],"geometry_role":"filled_region"},"geometry":{"type":"Polygon","coordinates":[[[5.082744691109058,45.72929051775147],[5.082764806772193,45.72912590331018],[5.082774873828802,45.72912664353669],[5.08275525143649,45.72929100972106],[5.082744691109058,45.72929051775147]]]}},{"type":"Feature","id":"LFLL-faa755ed801823faa62c","properties":{"airport":"LFLL","name":"COLOR_TaxiwayOrange","layer":"Airfield surfaces","category":"Taxiway Orange","object_type":"Area","style_id":"polygon.taxiwayorange.cc6d00","source_group":"COLOR_TaxiwayOrange","vsmr_group_ids":[],"geometry_role":"filled_region"},"geometry":{"type":"Polygon","coordinates":[[[5.082858537710504,45.72843068358097],[5.082845141505519,45.72842966277133],[5.082867226869876,45.72826583709097],[5.082877991063233,45.7282666882773],[5.082858537710504,45.72843068358097]]]}},{"type":"Feature","id":"LFLL-f5902e4492b55116aca8","properties":{"airport":"LFLL","name":"COLOR_ClosureArea","layer":"Operational restrictions","category":"Closure areas","object_type":"Area","style_id":"polygon.closurearea.ff0000","source_group":"COLOR_ClosureArea","vsmr_group_ids":[],"geometry_role":"filled_region"},"geometry":{"type":"Polygon","coordinates":[[[5.091031848940144,45.72912807874583],[5.091046592112047,45.72911180270214],[5.091309588546478,45.72924008750115],[5.091293131066439,45.72925684230398],[5.091031848940144,45.72912807874583]]]}},{"type":"Feature","id":"LFLL-897e92eacb643ac8f97d","properties":{"airport":"LFLL","name":"COLOR_ClosureArea","layer":"Operational restrictions","category":"Closure areas","object_type":"Area","style_id":"polygon.closurearea.ff0000","source_group":"COLOR_ClosureArea","vsmr_group_ids":[],"geometry_role":"filled_region"},"geometry":{"type":"Polygon","coordinates":[[[5.090162612889706,45.72910053692301],[5.090162611032492,45.72908842865188],[5.090504328786625,45.72910657572385],[5.090506063505074,45.72911989533042],[5.090162612889706,45.72910053692301]]]}},{"type":"Feature","id":"LFLL-bfd772073769ef36ad30","properties":{"airport":"LFLL","name":"COLOR_ClosureArea","layer":"Operational restrictions","category":"Closure areas","object_type":"Area","style_id":"polygon.closurearea.ff0000","source_group":"COLOR_ClosureArea","vsmr_group_ids":[],"geometry_role":"filled_region"},"geometry":{"type":"Polygon","coordinates":[[[5.092118544660034,45.72016944582077],[5.092099124423354,45.72015275998632],[5.092414304837982,45.7200492415198],[5.092427376675075,45.72006749187247],[5.092118544660034,45.72016944582077]]]}},{"type":"Feature","id":"LFLL-0ff5f7be44142c5b2bea","properties":{"airport":"LFLL","name":"COLOR_ClosureArea","layer":"Operational restrictions","category":"Closure areas","object_type":"Area","style_id":"polygon.closurearea.ff0000","source_group":"COLOR_ClosureArea","vsmr_group_ids":[],"geometry_role":"filled_region"},"geometry":{"type":"Polygon","coordinates":[[[5.092524956612046,45.71674472605239],[5.092500839139786,45.71673131334942],[5.092842139982494,45.71661857004332],[5.092853586561439,45.71663769104848],[5.092524956612046,45.71674472605239]]]}},{"type":"Feature","id":"LFLL-d8d6d31d4a8a8b6a8b7c","properties":{"airport":"LFLL","name":"COLOR_Taxiway","layer":"Guidance lines","category":"Taxiways","object_type":"Line","style_id":"line.taxiway.c0b631","source_group":"COLOR_Taxiway","vsmr_group_ids":[],"geometry_role":"linework"},"geometry":{"type":"LineString","coordinates":[[5.082260776758927,45.72984448248549],[5.082317719705484,45.7293867935438]]}},{"type":"Feature","id":"LFLL-baa6e42290f0a63f98ca","properties":{"airport":"LFLL","name":"COLOR_Taxiway","layer":"Guidance lines","category":"Taxiways","object_type":"Line","style_id":"line.taxiway.c0b631","source_group":"COLOR_Taxiway","vsmr_group_ids":[],"geometry_role":"linework"},"geometry":{"type":"LineString","coordinates":[[5.081796026947451,45.72975345926898],[5.081844235695685,45.72935794588022]]}},{"type":"Feature","id":"LFLL-831f5f91a30b6f4caab5","properties":{"airport":"LFLL","name":"COLOR_Taxiway","layer":"Guidance lines","category":"Taxiways","object_type":"Line","style_id":"line.taxiway.c0b631","source_group":"COLOR_Taxiway","vsmr_group_ids":[],"geometry_role":"linework"},"geometry":{"type":"LineString","coordinates":[[5.081323453486428,45.7297262115545],[5.081372116691973,45.7293303209258]]}},{"type":"Feature","id":"LFLL-b613baead6ec5786d679","properties":{"airport":"LFLL","name":"COLOR_Taxiway","layer":"Guidance lines","category":"Taxiways","object_type":"Line","style_id":"line.taxiway.c0b631","source_group":"COLOR_Taxiway","vsmr_group_ids":[],"geometry_role":"linework"},"geometry":{"type":"LineString","coordinates":[[5.080849396805379,45.72969831315096],[5.080898063610864,45.72930100862597]]}},{"type":"Feature","id":"LFLL-5985bab07b6a2b15d807","properties":{"airport":"LFLL","name":"COLOR_Taxiway","layer":"Guidance lines","category":"Taxiways","object_type":"Line","style_id":"line.taxiway.c0b631","source_group":"COLOR_Taxiway","vsmr_group_ids":[],"geometry_role":"linework"},"geometry":{"type":"LineString","coordinates":[[5.082367736862061,45.72898263510982],[5.082422804933664,45.72852455402561]]}},{"type":"Feature","id":"LFLL-969c871e0345b0402e7d","properties":{"airport":"LFLL","name":"COLOR_Taxiway","layer":"Guidance lines","category":"Taxiways","object_type":"Line","style_id":"line.taxiway.c0b631","source_group":"COLOR_Taxiway","vsmr_group_ids":[],"geometry_role":"linework"},"geometry":{"type":"LineString","coordinates":[[5.081893231048939,45.72895524783561],[5.081949295370924,45.72849730929558]]}},{"type":"Feature","id":"LFLL-51bd172c0ab0496b7e35","properties":{"airport":"LFLL","name":"COLOR_Taxiway","layer":"Guidance lines","category":"Taxiways","object_type":"Line","style_id":"line.taxiway.c0b631","source_group":"COLOR_Taxiway","vsmr_group_ids":[],"geometry_role":"linework"},"geometry":{"type":"LineString","coordinates":[[5.081418669358415,45.72892678870969],[5.081476974765318,45.72846697152067]]}},{"type":"Feature","id":"LFLL-e2a2734e8315deede9cf","properties":{"airport":"LFLL","name":"COLOR_Taxiway","layer":"Guidance lines","category":"Taxiways","object_type":"Line","style_id":"line.taxiway.c0b631","source_group":"COLOR_Taxiway","vsmr_group_ids":[],"geometry_role":"linework"},"geometry":{"type":"LineString","coordinates":[[5.080946077286659,45.72889755192305],[5.081002447096918,45.72844023031853]]}},{"type":"Feature","id":"LFLL-0a39dd38069ee7fe3142","properties":{"airport":"LFLL","name":"COLOR_Taxiway","layer":"Guidance lines","category":"Taxiways","object_type":"Line","style_id":"line.taxiway.c0b631","source_group":"COLOR_Taxiway","vsmr_group_ids":[],"geometry_role":"linework"},"geometry":{"type":"LineString","coordinates":[[5.082237364535027,45.72708658190622],[5.082516832653674,45.72694948129309]]}},{"type":"Feature","id":"LFLL-ffb5234ae200bea4cb34","properties":{"airport":"LFLL","name":"COLOR_Taxiway","layer":"Guidance lines","category":"Taxiways","object_type":"Line","style_id":"line.taxiway.c0b631","source_group":"COLOR_Taxiway","vsmr_group_ids":[],"geometry_role":"linework"},"geometry":{"type":"LineString","coordinates":[[5.082524458925867,45.72651728795499],[5.082235780539173,45.72665820637012]]}},{"type":"Feature","id":"LFLL-b39e0169203629c6e14b","properties":{"airport":"LFLL","name":"COLOR_Taxiway","layer":"Guidance lines","category":"Taxiways","object_type":"Line","style_id":"line.taxiway.c0b631","source_group":"COLOR_Taxiway","vsmr_group_ids":[],"geometry_role":"linework"},"geometry":{"type":"LineString","coordinates":[[5.081792241809049,45.72717159505565],[5.082066403542724,45.72703514128993]]}},{"type":"Feature","id":"LFLL-4f911a84e897d864b26a","properties":{"airport":"LFLL","name":"COLOR_Taxiway","layer":"Guidance lines","category":"Taxiways","object_type":"Line","style_id":"line.taxiway.c0b631","source_group":"COLOR_Taxiway","vsmr_group_ids":[],"geometry_role":"linework"},"geometry":{"type":"LineString","coordinates":[[5.081932458489035,45.72661906803548],[5.081772407437883,45.72677756610876]]}},{"type":"Feature","id":"LFLL-c13964377daa63a5aaa9","properties":{"airport":"LFLL","name":"COLOR_Taxiway","layer":"Guidance lines","category":"Taxiways","object_type":"Line","style_id":"line.taxiway.c0b631","source_group":"COLOR_Taxiway","vsmr_group_ids":[],"geometry_role":"linework"},"geometry":{"type":"LineString","coordinates":[[5.08134763146159,45.72725389173917],[5.081627550852317,45.72711570425353]]}},{"type":"Feature","id":"LFLL-50655a29172e4003e36e","properties":{"airport":"LFLL","name":"COLOR_Taxiway","layer":"Guidance lines","category":"Taxiways","object_type":"Line","style_id":"line.taxiway.c0b631","source_group":"COLOR_Taxiway","vsmr_group_ids":[],"geometry_role":"linework"},"geometry":{"type":"LineString","coordinates":[[5.081459115060163,45.72670850793827],[5.081301348130383,45.72686429775184]]}},{"type":"Feature","id":"LFLL-50a0471ceb5c32f4f699","properties":{"airport":"LFLL","name":"COLOR_Taxiway","layer":"Guidance lines","category":"Taxiways","object_type":"Line","style_id":"line.taxiway.c0b631","source_group":"COLOR_Taxiway","vsmr_group_ids":[],"geometry_role":"linework"},"geometry":{"type":"LineString","coordinates":[[5.082747785130557,45.72382827409267],[5.082769663723474,45.72343278917545]]}},{"type":"Feature","id":"LFLL-8a7d1be288f32e0b7718","properties":{"airport":"LFLL","name":"COLOR_Taxiway","layer":"Guidance lines","category":"Taxiways","object_type":"Line","style_id":"line.taxiway.c0b631","source_group":"COLOR_Taxiway","vsmr_group_ids":[],"geometry_role":"linework"},"geometry":{"type":"LineString","coordinates":[[5.082308464503001,45.72374933338492],[5.082335484618685,45.72335205503058]]}},{"type":"Feature","id":"LFLL-571c01cbb6d67d07d9eb","properties":{"airport":"LFLL","name":"COLOR_Taxiway","layer":"Guidance lines","category":"Taxiways","object_type":"Line","style_id":"line.taxiway.c0b631","source_group":"COLOR_Taxiway","vsmr_group_ids":[],"geometry_role":"linework"},"geometry":{"type":"LineString","coordinates":[[5.081834603467909,45.72366147384211],[5.081921983208733,45.72333179178732]]}},{"type":"Feature","id":"LFLL-7c510fb554134684f1eb","properties":{"airport":"LFLL","name":"COLOR_Taxiway","layer":"Guidance lines","category":"Taxiways","object_type":"Line","style_id":"line.taxiway.c0b631","source_group":"COLOR_Taxiway","vsmr_group_ids":[],"geometry_role":"linework"},"geometry":{"type":"LineString","coordinates":[[5.081150395070391,45.72281129314305],[5.082005071440847,45.72302230493666]]}},{"type":"Feature","id":"LFLL-00bd7c6e3c540723fce9","properties":{"airport":"LFLL","name":"COLOR_Taxiway","layer":"Guidance lines","category":"Taxiways","object_type":"Line","style_id":"line.taxiway.c0b631","source_group":"COLOR_Taxiway","vsmr_group_ids":[],"geometry_role":"linework"},"geometry":{"type":"LineString","coordinates":[[5.081579568821748,45.72262677781625],[5.082378048702303,45.72260753741872]]}},{"type":"Feature","id":"LFLL-2479f409f6b6aaf2d674","properties":{"airport":"LFLL","name":"COLOR_Taxiway","layer":"Guidance lines","category":"Taxiways","object_type":"Line","style_id":"line.taxiway.c0b631","source_group":"COLOR_Taxiway","vsmr_group_ids":[],"geometry_role":"linework"},"geometry":{"type":"LineString","coordinates":[[5.081721115148527,45.72211750471109],[5.082505091644968,45.7223243867794]]}},{"type":"Feature","id":"LFLL-c6585df395a198ca902f","properties":{"airport":"LFLL","name":"COLOR_Taxiway","layer":"Guidance lines","category":"Taxiways","object_type":"Line","style_id":"line.taxiway.c0b631","source_group":"COLOR_Taxiway","vsmr_group_ids":[],"geometry_role":"linework"},"geometry":{"type":"LineString","coordinates":[[5.081802572763321,45.72192783857111],[5.082533108328242,45.72172596216654]]}},{"type":"Feature","id":"LFLL-e06d2142c2e73959a5fd","properties":{"airport":"LFLL","name":"COLOR_Taxiway","layer":"Guidance lines","category":"Taxiways","object_type":"Line","style_id":"line.taxiway.c0b631","source_group":"COLOR_Taxiway","vsmr_group_ids":[],"geometry_role":"linework"},"geometry":{"type":"LineString","coordinates":[[5.081583923693691,45.72145671876956],[5.082516917489492,45.72144384953056]]}},{"type":"Feature","id":"LFLL-155f0cb05c81e1f6f12e","properties":{"airport":"LFLL","name":"COLOR_Taxiway","layer":"Guidance lines","category":"Taxiways","object_type":"Line","style_id":"line.taxiway.c0b631","source_group":"COLOR_Taxiway","vsmr_group_ids":[],"geometry_role":"linework"},"geometry":{"type":"LineString","coordinates":[[5.08150413244866,45.72120780816479],[5.082146759686643,45.72088670311076]]}},{"type":"Feature","id":"LFLL-7bd2fc6c8f617522f55a","properties":{"airport":"LFLL","name":"COLOR_Taxiway","layer":"Guidance lines","category":"Taxiways","object_type":"Line","style_id":"line.taxiway.c0b631","source_group":"COLOR_Taxiway","vsmr_group_ids":[],"geometry_role":"linework"},"geometry":{"type":"LineString","coordinates":[[5.0811017605998,45.72085949130648],[5.081984958072116,45.72050645399209]]}},{"type":"Feature","id":"LFLL-dc2fe7dba03f754b95d0","properties":{"airport":"LFLL","name":"COLOR_Taxiway","layer":"Guidance lines","category":"Taxiways","object_type":"Line","style_id":"line.taxiway.c0b631","source_group":"COLOR_Taxiway","vsmr_group_ids":[],"geometry_role":"linework"},"geometry":{"type":"LineString","coordinates":[[5.081000777798979,45.72067783761481],[5.081228313220962,45.7201616346117]]}},{"type":"Feature","id":"LFLL-6e2645b4259093616696","properties":{"airport":"LFLL","name":"COLOR_Taxiway","layer":"Guidance lines","category":"Taxiways","object_type":"Line","style_id":"line.taxiway.c0b631","source_group":"COLOR_Taxiway","vsmr_group_ids":[],"geometry_role":"linework"},"geometry":{"type":"LineString","coordinates":[[5.082282686187098,45.72278027704254],[5.08220467243402,45.7227813010878]]}},{"type":"Feature","id":"LFLL-e54bf420ab3eb2975591","properties":{"airport":"LFLL","name":"COLOR_Taxiway","layer":"Guidance lines","category":"Taxiways","object_type":"Line","style_id":"line.taxiway.c0b631","source_group":"COLOR_Taxiway","vsmr_group_ids":[],"geometry_role":"linework"},"geometry":{"type":"LineString","coordinates":[[5.082172292097868,45.7227823280217],[5.082086923262827,45.72278849131276]]}},{"type":"Feature","id":"LFLL-8b20dc668f188b5e99bc","properties":{"airport":"LFLL","name":"COLOR_Taxiway","layer":"Guidance lines","category":"Taxiways","object_type":"Line","style_id":"line.taxiway.c0b631","source_group":"COLOR_Taxiway","vsmr_group_ids":[],"geometry_role":"linework"},"geometry":{"type":"LineString","coordinates":[[5.082005968298775,45.72279670926722],[5.081914709986767,45.72280287244876]]}},{"type":"Feature","id":"LFLL-383abded1ed5762bf1ca","properties":{"airport":"LFLL","name":"COLOR_Taxiway","layer":"Guidance lines","category":"Taxiways","object_type":"Line","style_id":"line.taxiway.c0b631","source_group":"COLOR_Taxiway","vsmr_group_ids":[],"geometry_role":"linework"},"geometry":{"type":"LineString","coordinates":[[5.081860249070611,45.72280800984787],[5.081745437841128,45.72281417087946]]}},{"type":"Feature","id":"LFLL-03d377ff92302b7b45da","properties":{"airport":"LFLL","name":"COLOR_Taxiway","layer":"Guidance lines","category":"Taxiways","object_type":"Line","style_id":"line.taxiway.c0b631","source_group":"COLOR_Taxiway","vsmr_group_ids":[],"geometry_role":"linework"},"geometry":{"type":"LineString","coordinates":[[5.081663008866641,45.72281827747994],[5.081574692416688,45.72282341088276]]}},{"type":"Feature","id":"LFLL-9b8c37b24065f8d032a8","properties":{"airport":"LFLL","name":"COLOR_Taxiway","layer":"Guidance lines","category":"Taxiways","object_type":"Line","style_id":"line.taxiway.c0b631","source_group":"COLOR_Taxiway","vsmr_group_ids":[],"geometry_role":"linework"},"geometry":{"type":"LineString","coordinates":[[5.08151287081543,45.72282751818533],[5.081426029061822,45.72283367932424]]}},{"type":"Feature","id":"LFLL-a6de007da607ba4ab162","properties":{"airport":"LFLL","name":"COLOR_Taxiway","layer":"Guidance lines","category":"Taxiways","object_type":"Line","style_id":"line.taxiway.c0b631","source_group":"COLOR_Taxiway","vsmr_group_ids":[],"geometry_role":"linework"},"geometry":{"type":"LineString","coordinates":[[5.081358320390732,45.72284086881032],[5.081267058864915,45.72284600134213]]}},{"type":"Feature","id":"LFLL-bda10c98263918e07d91","properties":{"airport":"LFLL","name":"COLOR_Taxiway","layer":"Guidance lines","category":"Taxiways","object_type":"Line","style_id":"line.taxiway.c0b631","source_group":"COLOR_Taxiway","vsmr_group_ids":[],"geometry_role":"linework"},"geometry":{"type":"LineString","coordinates":[[5.08121259853541,45.72284908088111],[5.081113979152329,45.72285524120409]]}},{"type":"Feature","id":"LFLL-679d59a6c11ca96e9a03","properties":{"airport":"LFLL","name":"COLOR_Taxiway","layer":"Guidance lines","category":"Taxiways","object_type":"Line","style_id":"line.taxiway.c0b631","source_group":"COLOR_Taxiway","vsmr_group_ids":[],"geometry_role":"linework"},"geometry":{"type":"LineString","coordinates":[[5.082569834222548,45.72176521138045],[5.082484460706032,45.72180014762763]]}},{"type":"Feature","id":"LFLL-5bc3f6cb18899f0f22c3","properties":{"airport":"LFLL","name":"COLOR_Taxiway","layer":"Guidance lines","category":"Taxiways","object_type":"Line","style_id":"line.taxiway.c0b631","source_group":"COLOR_Taxiway","vsmr_group_ids":[],"geometry_role":"linework"},"geometry":{"type":"LineString","coordinates":[[5.082447665401588,45.72181658966434],[5.082365234221326,45.72185358239883]]}},{"type":"Feature","id":"LFLL-4877c9cd5b9f4cb9b0df","properties":{"airport":"LFLL","name":"COLOR_Taxiway","layer":"Guidance lines","category":"Taxiways","object_type":"Line","style_id":"line.taxiway.c0b631","source_group":"COLOR_Taxiway","vsmr_group_ids":[],"geometry_role":"linework"},"geometry":{"type":"LineString","coordinates":[[5.08231959901821,45.72187618841571],[5.082228332691634,45.72191626373171]]}},{"type":"Feature","id":"LFLL-fbf128bdf52329f84129","properties":{"airport":"LFLL","name":"COLOR_Taxiway","layer":"Guidance lines","category":"Taxiways","object_type":"Line","style_id":"line.taxiway.c0b631","source_group":"COLOR_Taxiway","vsmr_group_ids":[],"geometry_role":"linework"},"geometry":{"type":"LineString","coordinates":[[5.082173865929414,45.72194400714165],[5.082098791593086,45.72197585949139]]}},{"type":"Feature","id":"LFLL-a72da448cc66eaa02188","properties":{"airport":"LFLL","name":"COLOR_Taxiway","layer":"Guidance lines","category":"Taxiways","object_type":"Line","style_id":"line.taxiway.c0b631","source_group":"COLOR_Taxiway","vsmr_group_ids":[],"geometry_role":"linework"},"geometry":{"type":"LineString","coordinates":[[5.082057573944033,45.72199743724585],[5.081976613643509,45.72203237115312]]}},{"type":"Feature","id":"LFLL-af2b7f91f1d2e8716973","properties":{"airport":"LFLL","name":"COLOR_Taxiway","layer":"Guidance lines","category":"Taxiways","object_type":"Line","style_id":"line.taxiway.c0b631","source_group":"COLOR_Taxiway","vsmr_group_ids":[],"geometry_role":"linework"},"geometry":{"type":"LineString","coordinates":[[5.08190301323546,45.72206936111773],[5.081808805573608,45.72211148774058]]}},{"type":"Feature","id":"LFLL-a43ae2616af6c2542e7e","properties":{"airport":"LFLL","name":"COLOR_Taxiway","layer":"Guidance lines","category":"Taxiways","object_type":"Line","style_id":"line.taxiway.c0b631","source_group":"COLOR_Taxiway","vsmr_group_ids":[],"geometry_role":"linework"},"geometry":{"type":"LineString","coordinates":[[5.081758758311095,45.72213511964721],[5.081686631877968,45.72216594388464]]}},{"type":"Feature","id":"LFLL-f16d5d1766f65dce4100","properties":{"airport":"LFLL","name":"COLOR_Taxiway","layer":"Guidance lines","category":"Taxiways","object_type":"Line","style_id":"line.taxiway.c0b631","source_group":"COLOR_Taxiway","vsmr_group_ids":[],"geometry_role":"linework"},"geometry":{"type":"LineString","coordinates":[[5.082178526895166,45.72094977322135],[5.08211361657245,45.72101178188517]]}},{"type":"Feature","id":"LFLL-2b02487127eb11c1fd75","properties":{"airport":"LFLL","name":"COLOR_Taxiway","layer":"Guidance lines","category":"Taxiways","object_type":"Line","style_id":"line.taxiway.c0b631","source_group":"COLOR_Taxiway","vsmr_group_ids":[],"geometry_role":"linework"},"geometry":{"type":"LineString","coordinates":[[5.082093118297393,45.72102489894346],[5.082038454314413,45.72107140544104]]}},{"type":"Feature","id":"LFLL-714b260e9d453f3f897c","properties":{"airport":"LFLL","name":"COLOR_Taxiway","layer":"Guidance lines","category":"Taxiways","object_type":"Line","style_id":"line.taxiway.c0b631","source_group":"COLOR_Taxiway","vsmr_group_ids":[],"geometry_role":"linework"},"geometry":{"type":"LineString","coordinates":[[5.08200087213898,45.72110240935434],[5.081942790772005,45.72115726289516]]}},{"type":"Feature","id":"LFLL-d6899d2a92debef39b0c","properties":{"airport":"LFLL","name":"COLOR_Taxiway","layer":"Guidance lines","category":"Taxiways","object_type":"Line","style_id":"line.taxiway.c0b631","source_group":"COLOR_Taxiway","vsmr_group_ids":[],"geometry_role":"linework"},"geometry":{"type":"LineString","coordinates":[[5.081903500718314,45.72119065166926],[5.081843711802517,45.72123834989335]]}},{"type":"Feature","id":"LFLL-9584289db2e6fe30fae3","properties":{"airport":"LFLL","name":"COLOR_Taxiway","layer":"Guidance lines","category":"Taxiways","object_type":"Line","style_id":"line.taxiway.c0b631","source_group":"COLOR_Taxiway","vsmr_group_ids":[],"geometry_role":"linework"},"geometry":{"type":"LineString","coordinates":[[5.081809546789158,45.7212645835112],[5.081749756565566,45.7213146666103]]}},{"type":"Feature","id":"LFLL-309a7563ba9b551c330a","properties":{"airport":"LFLL","name":"COLOR_Taxiway","layer":"Guidance lines","category":"Taxiways","object_type":"Line","style_id":"line.taxiway.c0b631","source_group":"COLOR_Taxiway","vsmr_group_ids":[],"geometry_role":"linework"},"geometry":{"type":"LineString","coordinates":[[5.081710468063614,45.72134686289271],[5.081637012321185,45.72141721732219]]}},{"type":"Feature","id":"LFLL-d0e4ecb7746382474aa1","properties":{"airport":"LFLL","name":"COLOR_Taxiway","layer":"Guidance lines","category":"Taxiways","object_type":"Line","style_id":"line.taxiway.c0b631","source_group":"COLOR_Taxiway","vsmr_group_ids":[],"geometry_role":"linework"},"geometry":{"type":"LineString","coordinates":[[5.08154039765124,45.72150208376893],[5.08161525656285,45.72143513170316]]}},{"type":"Feature","id":"LFLL-327c91a9f04b2d718731","properties":{"airport":"LFLL","name":"COLOR_Taxiway","layer":"Guidance lines","category":"Taxiways","object_type":"Line","style_id":"line.taxiway.c0b631","source_group":"COLOR_Taxiway","vsmr_group_ids":[],"geometry_role":"linework"},"geometry":{"type":"LineString","coordinates":[[5.081444458692164,45.7202999248419],[5.081411468188096,45.72035325416973]]}},{"type":"Feature","id":"LFLL-541ad355f48637968b64","properties":{"airport":"LFLL","name":"COLOR_Taxiway","layer":"Guidance lines","category":"Taxiways","object_type":"Line","style_id":"line.taxiway.c0b631","source_group":"COLOR_Taxiway","vsmr_group_ids":[],"geometry_role":"linework"},"geometry":{"type":"LineString","coordinates":[[5.081395840207605,45.72037870723571],[5.081359376709265,45.72043688680454]]}},{"type":"Feature","id":"LFLL-ccef7f371ca1caecc44b","properties":{"airport":"LFLL","name":"COLOR_Taxiway","layer":"Guidance lines","category":"Taxiways","object_type":"Line","style_id":"line.taxiway.c0b631","source_group":"COLOR_Taxiway","vsmr_group_ids":[],"geometry_role":"linework"},"geometry":{"type":"LineString","coordinates":[[5.081336804089291,45.72047082444185],[5.081289918535092,45.72054960583753]]}},{"type":"Feature","id":"LFLL-380d8caff0648a1cf7cc","properties":{"airport":"LFLL","name":"COLOR_Taxiway","layer":"Guidance lines","category":"Taxiways","object_type":"Line","style_id":"line.taxiway.c0b631","source_group":"COLOR_Taxiway","vsmr_group_ids":[],"geometry_role":"linework"},"geometry":{"type":"LineString","coordinates":[[5.081267348894136,45.72058596697826],[5.081227411440592,45.7206574742306]]}},{"type":"Feature","id":"LFLL-8d0eb0e83f8104348b2d","properties":{"airport":"LFLL","name":"COLOR_Taxiway","layer":"Guidance lines","category":"Taxiways","object_type":"Line","style_id":"line.taxiway.c0b631","source_group":"COLOR_Taxiway","vsmr_group_ids":[],"geometry_role":"linework"},"geometry":{"type":"LineString","coordinates":[[5.08119789328857,45.72070595308179],[5.08115448445708,45.72078230771928]]}},{"type":"Feature","id":"LFLL-2ab4ec872d8bef7f06bf","properties":{"airport":"LFLL","name":"COLOR_Taxiway","layer":"Guidance lines","category":"Taxiways","object_type":"Line","style_id":"line.taxiway.c0b631","source_group":"COLOR_Taxiway","vsmr_group_ids":[],"geometry_role":"linework"},"geometry":{"type":"LineString","coordinates":[[5.081130946574857,45.72081987146769],[5.081085274408248,45.72090370625415]]}},{"type":"Feature","id":"LFLL-5272bdbbf4993d16e64b","properties":{"airport":"LFLL","name":"COLOR_Taxiway","layer":"Guidance lines","category":"Taxiways","object_type":"Line","style_id":"line.taxiway.c0b631","source_group":"COLOR_Taxiway","vsmr_group_ids":[],"geometry_role":"linework"},"geometry":{"type":"LineString","coordinates":[[5.080181047080794,45.71962215333556],[5.080797734314373,45.71987365901099]]}},{"type":"Feature","id":"LFLL-c018852fee0134a52269","properties":{"airport":"LFLL","name":"COLOR_Taxiway","layer":"Guidance lines","category":"Taxiways","object_type":"Line","style_id":"line.taxiway.c0b631","source_group":"COLOR_Taxiway","vsmr_group_ids":[],"geometry_role":"linework"},"geometry":{"type":"LineString","coordinates":[[5.080566907259603,45.71949541690739],[5.081520519376115,45.71930107740071]]}},{"type":"Feature","id":"LFLL-13a3d3a44753691d8182","properties":{"airport":"LFLL","name":"COLOR_Taxiway","layer":"Guidance lines","category":"Taxiways","object_type":"Line","style_id":"line.taxiway.c0b631","source_group":"COLOR_Taxiway","vsmr_group_ids":[],"geometry_role":"linework"},"geometry":{"type":"LineString","coordinates":[[5.080325363400728,45.71901823118797],[5.081409052822787,45.71901744983952]]}},{"type":"Feature","id":"LFLL-24f009f24ca508bc6273","properties":{"airport":"LFLL","name":"COLOR_Taxiway","layer":"Guidance lines","category":"Taxiways","object_type":"Line","style_id":"line.taxiway.c0b631","source_group":"COLOR_Taxiway","vsmr_group_ids":[],"geometry_role":"linework"},"geometry":{"type":"LineString","coordinates":[[5.080482823096011,45.71886428216931],[5.081194428001352,45.71846107298872]]}},{"type":"Feature","id":"LFLL-59c5b6f86155ae86f0c5","properties":{"airport":"LFLL","name":"COLOR_Taxiway","layer":"Guidance lines","category":"Taxiways","object_type":"Line","style_id":"line.taxiway.c0b631","source_group":"COLOR_Taxiway","vsmr_group_ids":[],"geometry_role":"linework"},"geometry":{"type":"LineString","coordinates":[[5.080117227048236,45.71845787660007],[5.081011513729123,45.71813400903073]]}},{"type":"Feature","id":"LFLL-ac68707846857f550ec4","properties":{"airport":"LFLL","name":"COLOR_Taxiway","layer":"Guidance lines","category":"Taxiways","object_type":"Line","style_id":"line.taxiway.c0b631","source_group":"COLOR_Taxiway","vsmr_group_ids":[],"geometry_role":"linework"},"geometry":{"type":"LineString","coordinates":[[5.080154944349857,45.71825649961084],[5.080438166022871,45.71781560788498]]}},{"type":"Feature","id":"LFLL-0562b36480a47b730508","properties":{"airport":"LFLL","name":"COLOR_Taxiway","layer":"Guidance lines","category":"Taxiways","object_type":"Line","style_id":"line.taxiway.c0b631","source_group":"COLOR_Taxiway","vsmr_group_ids":[],"geometry_role":"linework"},"geometry":{"type":"LineString","coordinates":[[5.078971075839974,45.71752032002081],[5.079714852401633,45.71758252097191]]}},{"type":"Feature","id":"LFLL-8e9b2bad5ad34db8e063","properties":{"airport":"LFLL","name":"COLOR_Taxiway","layer":"Guidance lines","category":"Taxiways","object_type":"Line","style_id":"line.taxiway.c0b631","source_group":"COLOR_Taxiway","vsmr_group_ids":[],"geometry_role":"linework"},"geometry":{"type":"LineString","coordinates":[[5.079330707080761,45.71734444685692],[5.079991027195487,45.71694984922202]]}},{"type":"Feature","id":"LFLL-5e4c6b19df1ea793a116","properties":{"airport":"LFLL","name":"COLOR_Taxiway","layer":"Guidance lines","category":"Taxiways","object_type":"Line","style_id":"line.taxiway.c0b631","source_group":"COLOR_Taxiway","vsmr_group_ids":[],"geometry_role":"linework"},"geometry":{"type":"LineString","coordinates":[[5.081579301139152,45.71946761918105],[5.081497253771571,45.71947930658117]]}},{"type":"Feature","id":"LFLL-0410eb1204e87a7a7121","properties":{"airport":"LFLL","name":"COLOR_Taxiway","layer":"Guidance lines","category":"Taxiways","object_type":"Line","style_id":"line.taxiway.c0b631","source_group":"COLOR_Taxiway","vsmr_group_ids":[],"geometry_role":"linework"},"geometry":{"type":"LineString","coordinates":[[5.081463767390224,45.71948281370739],[5.081378374739874,45.71948865925017]]}},{"type":"Feature","id":"LFLL-34d7fed3f1755a1f23a1","properties":{"airport":"LFLL","name":"COLOR_Taxiway","layer":"Guidance lines","category":"Taxiways","object_type":"Line","style_id":"line.taxiway.c0b631","source_group":"COLOR_Taxiway","vsmr_group_ids":[],"geometry_role":"linework"},"geometry":{"type":"LineString","coordinates":[[5.081346559792996,45.71949216537687],[5.081266184560606,45.71949917667398]]}},{"type":"Feature","id":"LFLL-e3724adb0ebd5e50511e","properties":{"airport":"LFLL","name":"COLOR_Taxiway","layer":"Guidance lines","category":"Taxiways","object_type":"Line","style_id":"line.taxiway.c0b631","source_group":"COLOR_Taxiway","vsmr_group_ids":[],"geometry_role":"linework"},"geometry":{"type":"LineString","coordinates":[[5.081224322139577,45.71950268178437],[5.081117153944898,45.71951320023851]]}},{"type":"Feature","id":"LFLL-654ae4b30b0ef4b23607","properties":{"airport":"LFLL","name":"COLOR_Taxiway","layer":"Guidance lines","category":"Taxiways","object_type":"Line","style_id":"line.taxiway.c0b631","source_group":"COLOR_Taxiway","vsmr_group_ids":[],"geometry_role":"linework"},"geometry":{"type":"LineString","coordinates":[[5.081063569869002,45.71951787426908],[5.080966449914344,45.71952371285833]]}},{"type":"Feature","id":"LFLL-1d9d6a9156b5ace4066b","properties":{"airport":"LFLL","name":"COLOR_Taxiway","layer":"Guidance lines","category":"Taxiways","object_type":"Line","style_id":"line.taxiway.c0b631","source_group":"COLOR_Taxiway","vsmr_group_ids":[],"geometry_role":"linework"},"geometry":{"type":"LineString","coordinates":[[5.080902819264955,45.71952604501229],[5.08079398226704,45.71953655863518]]}},{"type":"Feature","id":"LFLL-bfc10525c1199f1509c1","properties":{"airport":"LFLL","name":"COLOR_Taxiway","layer":"Guidance lines","category":"Taxiways","object_type":"Line","style_id":"line.taxiway.c0b631","source_group":"COLOR_Taxiway","vsmr_group_ids":[],"geometry_role":"linework"},"geometry":{"type":"LineString","coordinates":[[5.080742075579172,45.71954123068805],[5.080636589087191,45.71955174290698]]}},{"type":"Feature","id":"LFLL-ea5c97dfc352cb3c8a2b","properties":{"airport":"LFLL","name":"COLOR_Taxiway","layer":"Guidance lines","category":"Taxiways","object_type":"Line","style_id":"line.taxiway.c0b631","source_group":"COLOR_Taxiway","vsmr_group_ids":[],"geometry_role":"linework"},"geometry":{"type":"LineString","coordinates":[[5.080577986619252,45.71955758346611],[5.080470831708968,45.71957043306575]]}},{"type":"Feature","id":"LFLL-e8d16f4b9879df7a5ec5","properties":{"airport":"LFLL","name":"COLOR_Taxiway","layer":"Guidance lines","category":"Taxiways","object_type":"Line","style_id":"line.taxiway.c0b631","source_group":"COLOR_Taxiway","vsmr_group_ids":[],"geometry_role":"linework"},"geometry":{"type":"LineString","coordinates":[[5.081266269231596,45.7186198989913],[5.081199300103494,45.71865262588296]]}},{"type":"Feature","id":"LFLL-6c6c84a5360fda94773b","properties":{"airport":"LFLL","name":"COLOR_Taxiway","layer":"Guidance lines","category":"Taxiways","object_type":"Line","style_id":"line.taxiway.c0b631","source_group":"COLOR_Taxiway","vsmr_group_ids":[],"geometry_role":"linework"},"geometry":{"type":"LineString","coordinates":[[5.081169162628239,45.71866665291484],[5.081092139685614,45.71870055206854]]}},{"type":"Feature","id":"LFLL-75b0569b7e7ae94fbb35","properties":{"airport":"LFLL","name":"COLOR_Taxiway","layer":"Guidance lines","category":"Taxiways","object_type":"Line","style_id":"line.taxiway.c0b631","source_group":"COLOR_Taxiway","vsmr_group_ids":[],"geometry_role":"linework"},"geometry":{"type":"LineString","coordinates":[[5.081045253811272,45.71872393075464],[5.0809732492986,45.71875549160735]]}},{"type":"Feature","id":"LFLL-452cb80d4f0a0d860a8c","properties":{"airport":"LFLL","name":"COLOR_Taxiway","layer":"Guidance lines","category":"Taxiways","object_type":"Line","style_id":"line.taxiway.c0b631","source_group":"COLOR_Taxiway","vsmr_group_ids":[],"geometry_role":"linework"},"geometry":{"type":"LineString","coordinates":[[5.080936409453685,45.71877185620322],[5.080856032299332,45.71880926086452]]}},{"type":"Feature","id":"LFLL-f6acdb20c91c65aa90d5","properties":{"airport":"LFLL","name":"COLOR_Taxiway","layer":"Guidance lines","category":"Taxiways","object_type":"Line","style_id":"line.taxiway.c0b631","source_group":"COLOR_Taxiway","vsmr_group_ids":[],"geometry_role":"linework"},"geometry":{"type":"LineString","coordinates":[[5.080814169201764,45.71882913168741],[5.080733794144374,45.71886653541993]]}},{"type":"Feature","id":"LFLL-1439f99408874860402b","properties":{"airport":"LFLL","name":"COLOR_Taxiway","layer":"Guidance lines","category":"Taxiways","object_type":"Line","style_id":"line.taxiway.c0b631","source_group":"COLOR_Taxiway","vsmr_group_ids":[],"geometry_role":"linework"},"geometry":{"type":"LineString","coordinates":[[5.080691932103461,45.71888874386675],[5.08060151207038,45.71893199073115]]}},{"type":"Feature","id":"LFLL-b74a47d50f4268e9e8d4","properties":{"airport":"LFLL","name":"COLOR_Taxiway","layer":"Guidance lines","category":"Taxiways","object_type":"Line","style_id":"line.taxiway.c0b631","source_group":"COLOR_Taxiway","vsmr_group_ids":[],"geometry_role":"linework"},"geometry":{"type":"LineString","coordinates":[[5.080552954054451,45.71895185958103],[5.080460863945513,45.71899627355593]]}},{"type":"Feature","id":"LFLL-a549641c51c7ca4a31e0","properties":{"airport":"LFLL","name":"COLOR_Taxiway","layer":"Guidance lines","category":"Taxiways","object_type":"Line","style_id":"line.taxiway.c0b631","source_group":"COLOR_Taxiway","vsmr_group_ids":[],"geometry_role":"linework"},"geometry":{"type":"LineString","coordinates":[[5.080430724020976,45.71900912958388],[5.080340308057161,45.71905705049898]]}},{"type":"Feature","id":"LFLL-5de39fce06b5e628ddcd","properties":{"airport":"LFLL","name":"COLOR_Taxiway","layer":"Guidance lines","category":"Taxiways","object_type":"Line","style_id":"line.taxiway.c0b631","source_group":"COLOR_Taxiway","vsmr_group_ids":[],"geometry_role":"linework"},"geometry":{"type":"LineString","coordinates":[[5.080991797936905,45.71944218319216],[5.080940931182257,45.71947854091761]]}},{"type":"Feature","id":"LFLL-57e404ff3fb83d8b1d87","properties":{"airport":"LFLL","name":"COLOR_Taxiway","layer":"Guidance lines","category":"Taxiways","object_type":"Line","style_id":"line.taxiway.c0b631","source_group":"COLOR_Taxiway","vsmr_group_ids":[],"geometry_role":"linework"},"geometry":{"type":"LineString","coordinates":[[5.080920342035908,45.71949883299945],[5.080893693908344,45.71955125401418]]}},{"type":"Feature","id":"LFLL-48b9dd9e40820a572b01","properties":{"airport":"LFLL","name":"COLOR_Taxiway","layer":"Guidance lines","category":"Taxiways","object_type":"Line","style_id":"line.taxiway.c0b631","source_group":"COLOR_Taxiway","vsmr_group_ids":[],"geometry_role":"linework"},"geometry":{"type":"LineString","coordinates":[[5.080885213162158,45.71958761072389],[5.08088036328356,45.71964087740426]]}},{"type":"Feature","id":"LFLL-85001138888e5b7a1746","properties":{"airport":"LFLL","name":"COLOR_Taxiway","layer":"Guidance lines","category":"Taxiways","object_type":"Line","style_id":"line.taxiway.c0b631","source_group":"COLOR_Taxiway","vsmr_group_ids":[],"geometry_role":"linework"},"geometry":{"type":"LineString","coordinates":[[5.080879149701265,45.71966455150209],[5.080891253338978,45.71971951023017]]}},{"type":"Feature","id":"LFLL-ab06dda73d07105b78c1","properties":{"airport":"LFLL","name":"COLOR_Taxiway","layer":"Guidance lines","category":"Taxiways","object_type":"Line","style_id":"line.taxiway.c0b631","source_group":"COLOR_Taxiway","vsmr_group_ids":[],"geometry_role":"linework"},"geometry":{"type":"LineString","coordinates":[[5.080904571122254,45.71974487674128],[5.080926363370059,45.71979560949197]]}},{"type":"Feature","id":"LFLL-6f104d42e1bbdfb07be6","properties":{"airport":"LFLL","name":"COLOR_Taxiway","layer":"Guidance lines","category":"Taxiways","object_type":"Line","style_id":"line.taxiway.c0b631","source_group":"COLOR_Taxiway","vsmr_group_ids":[],"geometry_role":"linework"},"geometry":{"type":"LineString","coordinates":[[5.08093847079746,45.71982097653974],[5.080966317965752,45.71988270227465]]}},{"type":"Feature","id":"LFLL-06d60cc0647097a0c5e4","properties":{"airport":"LFLL","name":"COLOR_Taxiway","layer":"Guidance lines","category":"Taxiways","object_type":"Line","style_id":"line.taxiway.c0b631","source_group":"COLOR_Taxiway","vsmr_group_ids":[],"geometry_role":"linework"},"geometry":{"type":"LineString","coordinates":[[5.080978425943872,45.71990891369301],[5.081005062359765,45.71996810470552]]}},{"type":"Feature","id":"LFLL-6317bdc50f3a449ccee3","properties":{"airport":"LFLL","name":"COLOR_Taxiway","layer":"Guidance lines","category":"Taxiways","object_type":"Line","style_id":"line.taxiway.c0b631","source_group":"COLOR_Taxiway","vsmr_group_ids":[],"geometry_role":"linework"},"geometry":{"type":"LineString","coordinates":[[5.081015959594279,45.71998924536706],[5.081041386352558,45.72004421125239]]}},{"type":"Feature","id":"LFLL-44f75a99b639365b731e","properties":{"airport":"LFLL","name":"COLOR_Taxiway","layer":"Guidance lines","category":"Taxiways","object_type":"Line","style_id":"line.taxiway.c0b631","source_group":"COLOR_Taxiway","vsmr_group_ids":[],"geometry_role":"linework"},"geometry":{"type":"LineString","coordinates":[[5.080692462549628,45.71801227655647],[5.080646561048288,45.71804889909403]]}},{"type":"Feature","id":"LFLL-4dc0c956ecf417653833","properties":{"airport":"LFLL","name":"COLOR_Taxiway","layer":"Guidance lines","category":"Taxiways","object_type":"Line","style_id":"line.taxiway.c0b631","source_group":"COLOR_Taxiway","vsmr_group_ids":[],"geometry_role":"linework"},"geometry":{"type":"LineString","coordinates":[[5.080615424203605,45.71806991892046],[5.080550051784567,45.71811823747577]]}},{"type":"Feature","id":"LFLL-a8e70575b005553e662d","properties":{"airport":"LFLL","name":"COLOR_Taxiway","layer":"Guidance lines","category":"Taxiways","object_type":"Line","style_id":"line.taxiway.c0b631","source_group":"COLOR_Taxiway","vsmr_group_ids":[],"geometry_role":"linework"},"geometry":{"type":"LineString","coordinates":[[5.080511597357004,45.71815045008392],[5.080450069555051,45.7181960828615]]}},{"type":"Feature","id":"LFLL-1a32991395cdad2a951b","properties":{"airport":"LFLL","name":"COLOR_Taxiway","layer":"Guidance lines","category":"Taxiways","object_type":"Line","style_id":"line.taxiway.c0b631","source_group":"COLOR_Taxiway","vsmr_group_ids":[],"geometry_role":"linework"},"geometry":{"type":"LineString","coordinates":[[5.080394309841925,45.7182336616013],[5.080328935521008,45.71828868709336]]}},{"type":"Feature","id":"LFLL-56d60b31243f6620c13f","properties":{"airport":"LFLL","name":"COLOR_Taxiway","layer":"Guidance lines","category":"Taxiways","object_type":"Line","style_id":"line.taxiway.c0b631","source_group":"COLOR_Taxiway","vsmr_group_ids":[],"geometry_role":"linework"},"geometry":{"type":"LineString","coordinates":[[5.080290481781995,45.71831418583194],[5.080215495974551,45.71837726170941]]}},{"type":"Feature","id":"LFLL-ebb3e1f5052713887f2d","properties":{"airport":"LFLL","name":"COLOR_Taxiway","layer":"Guidance lines","category":"Taxiways","object_type":"Line","style_id":"line.taxiway.c0b631","source_group":"COLOR_Taxiway","vsmr_group_ids":[],"geometry_role":"linework"},"geometry":{"type":"LineString","coordinates":[[5.080178965709559,45.71840141682064],[5.080117440197034,45.71845643754833]]}},{"type":"Feature","id":"LFLL-1e5bf66d37d9c2d6bdea","properties":{"airport":"LFLL","name":"COLOR_Taxiway","layer":"Guidance lines","category":"Taxiways","object_type":"Line","style_id":"line.taxiway.c0b631","source_group":"COLOR_Taxiway","vsmr_group_ids":[],"geometry_role":"linework"},"geometry":{"type":"LineString","coordinates":[[5.080102646077604,45.71727453192204],[5.080021716382159,45.7172916798951]]}},{"type":"Feature","id":"LFLL-fad4d681e4b969458a72","properties":{"airport":"LFLL","name":"COLOR_Taxiway","layer":"Guidance lines","category":"Taxiways","object_type":"Line","style_id":"line.taxiway.c0b631","source_group":"COLOR_Taxiway","vsmr_group_ids":[],"geometry_role":"linework"},"geometry":{"type":"LineString","coordinates":[[5.079961017188488,45.71730378301082],[5.079859852640229,45.71732395428798]]}},{"type":"Feature","id":"LFLL-016f090859f105567b1d","properties":{"airport":"LFLL","name":"COLOR_Taxiway","layer":"Guidance lines","category":"Taxiways","object_type":"Line","style_id":"line.taxiway.c0b631","source_group":"COLOR_Taxiway","vsmr_group_ids":[],"geometry_role":"linework"},"geometry":{"type":"LineString","coordinates":[[5.079810717094877,45.71733706731026],[5.079706663531852,45.71736530722919]]}},{"type":"Feature","id":"LFLL-30dd6c3fb2546818ca30","properties":{"airport":"LFLL","name":"COLOR_Taxiway","layer":"Guidance lines","category":"Taxiways","object_type":"Line","style_id":"line.taxiway.c0b631","source_group":"COLOR_Taxiway","vsmr_group_ids":[],"geometry_role":"linework"},"geometry":{"type":"LineString","coordinates":[[5.079654637581823,45.71738346202139],[5.079560705954966,45.71741069383503]]}},{"type":"Feature","id":"LFLL-d490d7825c174dd2b1c8","properties":{"airport":"LFLL","name":"COLOR_Taxiway","layer":"Guidance lines","category":"Taxiways","object_type":"Line","style_id":"line.taxiway.c0b631","source_group":"COLOR_Taxiway","vsmr_group_ids":[],"geometry_role":"linework"},"geometry":{"type":"LineString","coordinates":[[5.079501457809896,45.71742683093287],[5.079416198277062,45.71745305622568]]}},{"type":"Feature","id":"LFLL-4d5b66259732511bad2b","properties":{"airport":"LFLL","name":"COLOR_Taxiway","layer":"Guidance lines","category":"Taxiways","object_type":"Line","style_id":"line.taxiway.c0b631","source_group":"COLOR_Taxiway","vsmr_group_ids":[],"geometry_role":"linework"},"geometry":{"type":"LineString","coordinates":[[5.079355506851638,45.71747120982215],[5.079257258070546,45.71749741679078]]}},{"type":"Feature","id":"LFLL-fd76dcb1445261b5c87c","properties":{"airport":"LFLL","name":"COLOR_Taxiway","layer":"Guidance lines","category":"Taxiways","object_type":"Line","style_id":"line.taxiway.c0b631","source_group":"COLOR_Taxiway","vsmr_group_ids":[],"geometry_role":"linework"},"geometry":{"type":"LineString","coordinates":[[5.079212467080449,45.71751456025387],[5.079104091754337,45.71754381151992]]}},{"type":"Feature","id":"LFLL-ff7790bd420576736a67","properties":{"airport":"LFLL","name":"COLOR_Taxiway","layer":"Guidance lines","category":"Taxiways","object_type":"Line","style_id":"line.taxiway.c0b631","source_group":"COLOR_Taxiway","vsmr_group_ids":[],"geometry_role":"linework"},"geometry":{"type":"LineString","coordinates":[[5.078665260217408,45.71631950818086],[5.079710540952675,45.71621320564474]]}},{"type":"Feature","id":"LFLL-753a9e88d7fcdc79db05","properties":{"airport":"LFLL","name":"COLOR_Taxiway","layer":"Guidance lines","category":"Taxiways","object_type":"Line","style_id":"line.taxiway.c0b631","source_group":"COLOR_Taxiway","vsmr_group_ids":[],"geometry_role":"linework"},"geometry":{"type":"LineString","coordinates":[[5.07876461184837,45.71605993168478],[5.079484144556825,45.71562731249432]]}},{"type":"Feature","id":"LFLL-3ddfbe6d423f748ed030","properties":{"airport":"LFLL","name":"COLOR_Taxiway","layer":"Guidance lines","category":"Taxiways","object_type":"Line","style_id":"line.taxiway.c0b631","source_group":"COLOR_Taxiway","vsmr_group_ids":[],"geometry_role":"linework"},"geometry":{"type":"LineString","coordinates":[[5.078662409570729,45.71576164641428],[5.079233929910583,45.71497699022767]]}},{"type":"Feature","id":"LFLL-c652d494a7745f1f0fb2","properties":{"airport":"LFLL","name":"COLOR_Taxiway","layer":"Guidance lines","category":"Taxiways","object_type":"Line","style_id":"line.taxiway.c0b631","source_group":"COLOR_Taxiway","vsmr_group_ids":[],"geometry_role":"linework"},"geometry":{"type":"LineString","coordinates":[[5.078468198623285,45.71548834987132],[5.078366964461951,45.71500699706466]]}},{"type":"Feature","id":"LFLL-5fab60253deae3605150","properties":{"airport":"LFLL","name":"COLOR_Taxiway","layer":"Guidance lines","category":"Taxiways","object_type":"Line","style_id":"line.taxiway.c0b631","source_group":"COLOR_Taxiway","vsmr_group_ids":[],"geometry_role":"linework"},"geometry":{"type":"LineString","coordinates":[[5.077754796759361,45.71601237083043],[5.077884559583968,45.71529597738979]]}},{"type":"Feature","id":"LFLL-79f858700a6472f85bb9","properties":{"airport":"LFLL","name":"COLOR_Taxiway","layer":"Guidance lines","category":"Taxiways","object_type":"Line","style_id":"line.taxiway.c0b631","source_group":"COLOR_Taxiway","vsmr_group_ids":[],"geometry_role":"linework"},"geometry":{"type":"LineString","coordinates":[[5.077398483494749,45.71574333407938],[5.077200503683503,45.71522701789857]]}},{"type":"Feature","id":"LFLL-e7eaf5c2909ee9f91f77","properties":{"airport":"LFLL","name":"COLOR_Taxiway","layer":"Guidance lines","category":"Taxiways","object_type":"Line","style_id":"line.taxiway.c0b631","source_group":"COLOR_Taxiway","vsmr_group_ids":[],"geometry_role":"linework"},"geometry":{"type":"LineString","coordinates":[[5.079574515985485,45.71590380727092],[5.079501889961371,45.71593974805054]]}},{"type":"Feature","id":"LFLL-baa9e966aff11a388177","properties":{"airport":"LFLL","name":"COLOR_Taxiway","layer":"Guidance lines","category":"Taxiways","object_type":"Line","style_id":"line.taxiway.c0b631","source_group":"COLOR_Taxiway","vsmr_group_ids":[],"geometry_role":"linework"},"geometry":{"type":"LineString","coordinates":[[5.079466244981443,45.71595817807066],[5.079383079268787,45.7159996457423]]}},{"type":"Feature","id":"LFLL-b8cc50007246f962a6de","properties":{"airport":"LFLL","name":"COLOR_Taxiway","layer":"Guidance lines","category":"Taxiways","object_type":"Line","style_id":"line.taxiway.c0b631","source_group":"COLOR_Taxiway","vsmr_group_ids":[],"geometry_role":"linework"},"geometry":{"type":"LineString","coordinates":[[5.079332916562917,45.71602636942919],[5.079243150821537,45.71607520242312]]}},{"type":"Feature","id":"LFLL-e31f17ec748a2f224a04","properties":{"airport":"LFLL","name":"COLOR_Taxiway","layer":"Guidance lines","category":"Taxiways","object_type":"Line","style_id":"line.taxiway.c0b631","source_group":"COLOR_Taxiway","vsmr_group_ids":[],"geometry_role":"linework"},"geometry":{"type":"LineString","coordinates":[[5.079204871829361,45.71608994079097],[5.079101910998141,45.71614338812605]]}},{"type":"Feature","id":"LFLL-65efb1f479c0be3bf004","properties":{"airport":"LFLL","name":"COLOR_Taxiway","layer":"Guidance lines","category":"Taxiways","object_type":"Line","style_id":"line.taxiway.c0b631","source_group":"COLOR_Taxiway","vsmr_group_ids":[],"geometry_role":"linework"},"geometry":{"type":"LineString","coordinates":[[5.079064946003116,45.71616366762146],[5.078979133026111,45.7162097526648]]}},{"type":"Feature","id":"LFLL-5af9247251cedf9fa5b0","properties":{"airport":"LFLL","name":"COLOR_Taxiway","layer":"Guidance lines","category":"Taxiways","object_type":"Line","style_id":"line.taxiway.c0b631","source_group":"COLOR_Taxiway","vsmr_group_ids":[],"geometry_role":"linework"},"geometry":{"type":"LineString","coordinates":[[5.078939529755148,45.71622910486612],[5.078862968542639,45.71626872757079]]}},{"type":"Feature","id":"LFLL-45436262ee7446803439","properties":{"airport":"LFLL","name":"COLOR_Taxiway","layer":"Guidance lines","category":"Taxiways","object_type":"Line","style_id":"line.taxiway.c0b631","source_group":"COLOR_Taxiway","vsmr_group_ids":[],"geometry_role":"linework"},"geometry":{"type":"LineString","coordinates":[[5.078816770518073,45.7162871518993],[5.078734931433385,45.71632677155959]]}},{"type":"Feature","id":"LFLL-f482a5ca743663997784","properties":{"airport":"LFLL","name":"COLOR_Taxiway","layer":"Guidance lines","category":"Taxiways","object_type":"Line","style_id":"line.taxiway.c0b631","source_group":"COLOR_Taxiway","vsmr_group_ids":[],"geometry_role":"linework"},"geometry":{"type":"LineString","coordinates":[[5.078704572435269,45.71634612074838],[5.078620282978694,45.71639226262651]]}},{"type":"Feature","id":"LFLL-d7dcf600edc63e3ee9ae","properties":{"airport":"LFLL","name":"COLOR_Taxiway","layer":"Guidance lines","category":"Taxiways","object_type":"Line","style_id":"line.taxiway.c0b631","source_group":"COLOR_Taxiway","vsmr_group_ids":[],"geometry_role":"linework"},"geometry":{"type":"LineString","coordinates":[[5.078885118612178,45.71490955516984],[5.078871783119727,45.71497333050266]]}},{"type":"Feature","id":"LFLL-6491b34e8b0186b705a2","properties":{"airport":"LFLL","name":"COLOR_Taxiway","layer":"Guidance lines","category":"Taxiways","object_type":"Line","style_id":"line.taxiway.c0b631","source_group":"COLOR_Taxiway","vsmr_group_ids":[],"geometry_role":"linework"},"geometry":{"type":"LineString","coordinates":[[5.078864161292298,45.71501850311252],[5.078847022950272,45.71510087080947]]}},{"type":"Feature","id":"LFLL-a61952c91c6e0199ff37","properties":{"airport":"LFLL","name":"COLOR_Taxiway","layer":"Guidance lines","category":"Taxiways","object_type":"Line","style_id":"line.taxiway.c0b631","source_group":"COLOR_Taxiway","vsmr_group_ids":[],"geometry_role":"linework"},"geometry":{"type":"LineString","coordinates":[[5.078835599955722,45.71515002480059],[5.078816560970254,45.71523239147464]]}},{"type":"Feature","id":"LFLL-58d9bdb9b6d1342a0805","properties":{"airport":"LFLL","name":"COLOR_Taxiway","layer":"Guidance lines","category":"Taxiways","object_type":"Line","style_id":"line.taxiway.c0b631","source_group":"COLOR_Taxiway","vsmr_group_ids":[],"geometry_role":"linework"},"geometry":{"type":"LineString","coordinates":[[5.078801333158783,45.71527490290612],[5.07878419732635,45.71535195538215]]}},{"type":"Feature","id":"LFLL-573a8b1d05f44f6efe53","properties":{"airport":"LFLL","name":"COLOR_Taxiway","layer":"Guidance lines","category":"Taxiways","object_type":"Line","style_id":"line.taxiway.c0b631","source_group":"COLOR_Taxiway","vsmr_group_ids":[],"geometry_role":"linework"},"geometry":{"type":"LineString","coordinates":[[5.078776581348201,45.71538649617067],[5.078759445659293,45.71546222009155]]}},{"type":"Feature","id":"LFLL-d6f5dea48338a67c3a72","properties":{"airport":"LFLL","name":"COLOR_Taxiway","layer":"Guidance lines","category":"Taxiways","object_type":"Line","style_id":"line.taxiway.c0b631","source_group":"COLOR_Taxiway","vsmr_group_ids":[],"geometry_role":"linework"},"geometry":{"type":"LineString","coordinates":[[5.078746119501236,45.71551137421579],[5.078730887538905,45.71558178488249]]}},{"type":"Feature","id":"LFLL-d5acd923b3b804a8c243","properties":{"airport":"LFLL","name":"COLOR_Taxiway","layer":"Guidance lines","category":"Taxiways","object_type":"Line","style_id":"line.taxiway.c0b631","source_group":"COLOR_Taxiway","vsmr_group_ids":[],"geometry_role":"linework"},"geometry":{"type":"LineString","coordinates":[[5.078708046006679,45.71564422440717],[5.078689003110819,45.7157505054881]]}},{"type":"Feature","id":"LFLL-310452305d11b72224c4","properties":{"airport":"LFLL","name":"COLOR_Taxiway","layer":"Guidance lines","category":"Taxiways","object_type":"Line","style_id":"line.taxiway.c0b631","source_group":"COLOR_Taxiway","vsmr_group_ids":[],"geometry_role":"linework"},"geometry":{"type":"LineString","coordinates":[[5.08080192060183,45.71360527492528],[5.08040805375831,45.71405042965274]]}},{"type":"Feature","id":"LFLL-b31036ea9f5d98f049ff","properties":{"airport":"LFLL","name":"COLOR_Taxiway","layer":"Guidance lines","category":"Taxiways","object_type":"Line","style_id":"line.taxiway.c0b631","source_group":"COLOR_Taxiway","vsmr_group_ids":[],"geometry_role":"linework"},"geometry":{"type":"LineString","coordinates":[[5.081402312111399,45.71347531713761],[5.081618358970021,45.71402763956866]]}},{"type":"Feature","id":"LFLL-24bbe531010ccbc18d1d","properties":{"airport":"LFLL","name":"COLOR_Taxiway","layer":"Guidance lines","category":"Taxiways","object_type":"Line","style_id":"line.taxiway.c0b631","source_group":"COLOR_Taxiway","vsmr_group_ids":[],"geometry_role":"linework"},"geometry":{"type":"LineString","coordinates":[[5.08193958225891,45.71336870595384],[5.082154075659711,45.71392547547033]]}},{"type":"Feature","id":"LFLL-a3425ca35b3cae28a1da","properties":{"airport":"LFLL","name":"COLOR_Taxiway","layer":"Guidance lines","category":"Taxiways","object_type":"Line","style_id":"line.taxiway.c0b631","source_group":"COLOR_Taxiway","vsmr_group_ids":[],"geometry_role":"linework"},"geometry":{"type":"LineString","coordinates":[[5.082479567543777,45.71327161240817],[5.082693028260059,45.71382528045065]]}},{"type":"Feature","id":"LFLL-65245632b9d92f85306c","properties":{"airport":"LFLL","name":"COLOR_Taxiway","layer":"Guidance lines","category":"Taxiways","object_type":"Line","style_id":"line.taxiway.c0b631","source_group":"COLOR_Taxiway","vsmr_group_ids":[],"geometry_role":"linework"},"geometry":{"type":"LineString","coordinates":[[5.083982716608135,45.71515956962408],[5.084051969704452,45.71460537890958]]}},{"type":"Feature","id":"LFLL-376f72976a8a4a06c066","properties":{"airport":"LFLL","name":"COLOR_Taxiway","layer":"Guidance lines","category":"Taxiways","object_type":"Line","style_id":"line.taxiway.c0b631","source_group":"COLOR_Taxiway","vsmr_group_ids":[],"geometry_role":"linework"},"geometry":{"type":"LineString","coordinates":[[5.083531832404741,45.7150667844486],[5.08333801498307,45.71456273525678]]}},{"type":"Feature","id":"LFLL-a5ef2c6326f6dc80e927","properties":{"airport":"LFLL","name":"COLOR_Taxiway","layer":"Guidance lines","category":"Taxiways","object_type":"Line","style_id":"line.taxiway.c0b631","source_group":"COLOR_Taxiway","vsmr_group_ids":[],"geometry_role":"linework"},"geometry":{"type":"LineString","coordinates":[[5.082753946436323,45.71462995534504],[5.082960447440879,45.71517378385332]]}},{"type":"Feature","id":"LFLL-e5fb1203b602e83d64f9","properties":{"airport":"LFLL","name":"COLOR_Taxiway","layer":"Guidance lines","category":"Taxiways","object_type":"Line","style_id":"line.taxiway.c0b631","source_group":"COLOR_Taxiway","vsmr_group_ids":[],"geometry_role":"linework"},"geometry":{"type":"LineString","coordinates":[[5.082397674841197,45.71528445418214],[5.082186855401252,45.71473642192322]]}},{"type":"Feature","id":"LFLL-cfcefec47f5eff0c5a9d","properties":{"airport":"LFLL","name":"COLOR_Taxiway","layer":"Guidance lines","category":"Taxiways","object_type":"Line","style_id":"line.taxiway.c0b631","source_group":"COLOR_Taxiway","vsmr_group_ids":[],"geometry_role":"linework"},"geometry":{"type":"LineString","coordinates":[[5.081618045961362,45.71484509728772],[5.081827838845507,45.71539088754781]]}},{"type":"Feature","id":"LFLL-71023eeae7f233d89ff1","properties":{"airport":"LFLL","name":"COLOR_Taxiway","layer":"Guidance lines","category":"Taxiways","object_type":"Line","style_id":"line.taxiway.c0b631","source_group":"COLOR_Taxiway","vsmr_group_ids":[],"geometry_role":"linework"},"geometry":{"type":"LineString","coordinates":[[5.081052176836264,45.71495302965545],[5.081259796373527,45.71549951361764]]}},{"type":"Feature","id":"LFLL-b7f41daf3c4c8f81f885","properties":{"airport":"LFLL","name":"COLOR_Taxiway","layer":"Guidance lines","category":"Taxiways","object_type":"Line","style_id":"line.taxiway.c0b631","source_group":"COLOR_Taxiway","vsmr_group_ids":[],"geometry_role":"linework"},"geometry":{"type":"LineString","coordinates":[[5.081420211809742,45.71393247894077],[5.081432210889092,45.71389897645413],[5.081447637545504,45.71386786678222]]}},{"type":"Feature","id":"LFLL-b928a8d42c8e6a9e7bd4","properties":{"airport":"LFLL","name":"COLOR_Taxiway","layer":"Guidance lines","category":"Taxiways","object_type":"Line","style_id":"line.taxiway.c0b631","source_group":"COLOR_Taxiway","vsmr_group_ids":[],"geometry_role":"linework"},"geometry":{"type":"LineString","coordinates":[[5.081473346087559,45.71383915016794],[5.081531618870518,45.71377334070234]]}},{"type":"Feature","id":"LFLL-e0e6d6fca09c289b5412","properties":{"airport":"LFLL","name":"COLOR_Taxiway","layer":"Guidance lines","category":"Taxiways","object_type":"Line","style_id":"line.taxiway.c0b631","source_group":"COLOR_Taxiway","vsmr_group_ids":[],"geometry_role":"linework"},"geometry":{"type":"LineString","coordinates":[[5.081557327464532,45.71374103424442],[5.081617312057665,45.71367043959373]]}},{"type":"Feature","id":"LFLL-e9490660b0201df16cd8","properties":{"airport":"LFLL","name":"COLOR_Taxiway","layer":"Guidance lines","category":"Taxiways","object_type":"Line","style_id":"line.taxiway.c0b631","source_group":"COLOR_Taxiway","vsmr_group_ids":[],"geometry_role":"linework"},"geometry":{"type":"LineString","coordinates":[[5.081653301389579,45.71363813485636],[5.08171499731225,45.71356754265604]]}},{"type":"Feature","id":"LFLL-cc0e1b01db5b739d4826","properties":{"airport":"LFLL","name":"COLOR_Taxiway","layer":"Guidance lines","category":"Taxiways","object_type":"Line","style_id":"line.taxiway.c0b631","source_group":"COLOR_Taxiway","vsmr_group_ids":[],"geometry_role":"linework"},"geometry":{"type":"LineString","coordinates":[[5.081738989707461,45.71354002413069],[5.081804110395762,45.71346345227899]]}},{"type":"Feature","id":"LFLL-1c69a609f9fee24011c1","properties":{"airport":"LFLL","name":"COLOR_Taxiway","layer":"Guidance lines","category":"Taxiways","object_type":"Line","style_id":"line.taxiway.c0b631","source_group":"COLOR_Taxiway","vsmr_group_ids":[],"geometry_role":"linework"},"geometry":{"type":"LineString","coordinates":[[5.081838384142463,45.7134347390696],[5.081893221546581,45.71337372150292]]}},{"type":"Feature","id":"LFLL-829a2e08581f3b994d74","properties":{"airport":"LFLL","name":"COLOR_Taxiway","layer":"Guidance lines","category":"Taxiways","object_type":"Line","style_id":"line.taxiway.c0b631","source_group":"COLOR_Taxiway","vsmr_group_ids":[],"geometry_role":"linework"},"geometry":{"type":"LineString","coordinates":[[5.081420580454356,45.71591917469344],[5.08160821263353,45.71639263139644]]}},{"type":"Feature","id":"LFLL-910f17a9a7ab4afbc4c2","properties":{"airport":"LFLL","name":"COLOR_Taxiway","layer":"Guidance lines","category":"Taxiways","object_type":"Line","style_id":"line.taxiway.c0b631","source_group":"COLOR_Taxiway","vsmr_group_ids":[],"geometry_role":"linework"},"geometry":{"type":"LineString","coordinates":[[5.081990104860912,45.71581192823635],[5.082175901713455,45.71628409938148]]}},{"type":"Feature","id":"LFLL-04315bbf8e27e605c437","properties":{"airport":"LFLL","name":"COLOR_Taxiway","layer":"Guidance lines","category":"Taxiways","object_type":"Line","style_id":"line.taxiway.c0b631","source_group":"COLOR_Taxiway","vsmr_group_ids":[],"geometry_role":"linework"},"geometry":{"type":"LineString","coordinates":[[5.082558707554321,45.71570275201992],[5.082744439148145,45.71617140531009]]}},{"type":"Feature","id":"LFLL-99b8edac61063ed67044","properties":{"airport":"LFLL","name":"COLOR_Taxiway","layer":"Guidance lines","category":"Taxiways","object_type":"Line","style_id":"line.taxiway.c0b631","source_group":"COLOR_Taxiway","vsmr_group_ids":[],"geometry_role":"linework"},"geometry":{"type":"LineString","coordinates":[[5.083126252161431,45.71559685146906],[5.083310031125478,45.71606311400873]]}},{"type":"Feature","id":"LFLL-5f8e601c62a74fe6ec16","properties":{"airport":"LFLL","name":"COLOR_Taxiway","layer":"Guidance lines","category":"Taxiways","object_type":"Line","style_id":"line.taxiway.c0b631","source_group":"COLOR_Taxiway","vsmr_group_ids":[],"geometry_role":"linework"},"geometry":{"type":"LineString","coordinates":[[5.083692841491265,45.7154853563794],[5.083876878002735,45.71595167157538]]}},{"type":"Feature","id":"LFLL-3a82825f758d0fd15981","properties":{"airport":"LFLL","name":"COLOR_Taxiway","layer":"Guidance lines","category":"Taxiways","object_type":"Line","style_id":"line.taxiway.c0b631","source_group":"COLOR_Taxiway","vsmr_group_ids":[],"geometry_role":"linework"},"geometry":{"type":"LineString","coordinates":[[5.083821030019697,45.71781876253424],[5.083886628616692,45.71727128244993]]}},{"type":"Feature","id":"LFLL-bd05d3e5290c0813633e","properties":{"airport":"LFLL","name":"COLOR_Taxiway","layer":"Guidance lines","category":"Taxiways","object_type":"Line","style_id":"line.taxiway.c0b631","source_group":"COLOR_Taxiway","vsmr_group_ids":[],"geometry_role":"linework"},"geometry":{"type":"LineString","coordinates":[[5.082765904418767,45.71738810704715],[5.082035779683975,45.71766865532347]]}},{"type":"Feature","id":"LFLL-4a28029e6e6261d01025","properties":{"airport":"LFLL","name":"COLOR_Taxiway","layer":"Guidance lines","category":"Taxiways","object_type":"Line","style_id":"line.taxiway.c0b631","source_group":"COLOR_Taxiway","vsmr_group_ids":[],"geometry_role":"linework"},"geometry":{"type":"LineString","coordinates":[[5.082237429780876,45.71797578727723],[5.083051245610641,45.71802664545638]]}},{"type":"Feature","id":"LFLL-f2ff74c0044134b0d684","properties":{"airport":"LFLL","name":"COLOR_Taxiway","layer":"Guidance lines","category":"Taxiways","object_type":"Line","style_id":"line.taxiway.c0b631","source_group":"COLOR_Taxiway","vsmr_group_ids":[],"geometry_role":"linework"},"geometry":{"type":"LineString","coordinates":[[5.083252745016782,45.71836737574178],[5.082471622653511,45.71851067799447]]}},{"type":"Feature","id":"LFLL-89509f2a194adfeb29fe","properties":{"airport":"LFLL","name":"COLOR_Taxiway","layer":"Guidance lines","category":"Taxiways","object_type":"Line","style_id":"line.taxiway.c0b631","source_group":"COLOR_Taxiway","vsmr_group_ids":[],"geometry_role":"linework"},"geometry":{"type":"LineString","coordinates":[[5.083424578711096,45.71882359721797],[5.082648732794743,45.71896714954435]]}},{"type":"Feature","id":"LFLL-dbd6878d327f828baa0e","properties":{"airport":"LFLL","name":"COLOR_Taxiway","layer":"Guidance lines","category":"Taxiways","object_type":"Line","style_id":"line.taxiway.c0b631","source_group":"COLOR_Taxiway","vsmr_group_ids":[],"geometry_role":"linework"},"geometry":{"type":"LineString","coordinates":[[5.084754237259341,45.71049134905419],[5.085938607112553,45.71043891981166]]}},{"type":"Feature","id":"LFLL-845367675ff7f7952094","properties":{"airport":"LFLL","name":"COLOR_Taxiway","layer":"Guidance lines","category":"Taxiways","object_type":"Line","style_id":"line.taxiway.c0b631","source_group":"COLOR_Taxiway","vsmr_group_ids":[],"geometry_role":"linework"},"geometry":{"type":"LineString","coordinates":[[5.084688896892605,45.70981866876819],[5.085878719072705,45.70976635493903]]}},{"type":"Feature","id":"LFLL-6526ab50552d99b0836c","properties":{"airport":"LFLL","name":"COLOR_Taxiway","layer":"Guidance lines","category":"Taxiways","object_type":"Line","style_id":"line.taxiway.c0b631","source_group":"COLOR_Taxiway","vsmr_group_ids":[],"geometry_role":"linework"},"geometry":{"type":"LineString","coordinates":[[5.084616860668179,45.70896128214244],[5.085776150532844,45.70890922630475]]}},{"type":"Feature","id":"LFLL-3b2fda4e274438aa70e8","properties":{"airport":"LFLL","name":"COLOR_Taxiway","layer":"Guidance lines","category":"Taxiways","object_type":"Line","style_id":"line.taxiway.c0b631","source_group":"COLOR_Taxiway","vsmr_group_ids":[],"geometry_role":"linework"},"geometry":{"type":"LineString","coordinates":[[5.084561677505299,45.70840496249123],[5.085723200608059,45.70835271205266]]}},{"type":"Feature","id":"LFLL-82948eb31a394d1f6fd2","properties":{"airport":"LFLL","name":"COLOR_Taxiway","layer":"Guidance lines","category":"Taxiways","object_type":"Line","style_id":"line.taxiway.c0b631","source_group":"COLOR_Taxiway","vsmr_group_ids":[],"geometry_role":"linework"},"geometry":{"type":"LineString","coordinates":[[5.08450883066012,45.70784902156201],[5.085675931890519,45.70779649079348]]}},{"type":"Feature","id":"LFLL-6305c816bbfdf1de5726","properties":{"airport":"LFLL","name":"COLOR_Taxiway","layer":"Guidance lines","category":"Taxiways","object_type":"Line","style_id":"line.taxiway.c0b631","source_group":"COLOR_Taxiway","vsmr_group_ids":[],"geometry_role":"linework"},"geometry":{"type":"LineString","coordinates":[[5.084459866242559,45.70729103015488],[5.085624937738698,45.70723964565401]]}},{"type":"Feature","id":"LFLL-e785fdbc4226d15df73f","properties":{"airport":"LFLL","name":"COLOR_Taxiway","layer":"Guidance lines","category":"Taxiways","object_type":"Line","style_id":"line.taxiway.c0b631","source_group":"COLOR_Taxiway","vsmr_group_ids":[],"geometry_role":"linework"},"geometry":{"type":"LineString","coordinates":[[5.084405722501069,45.70668056133059],[5.085568715910284,45.70662907901229]]}},{"type":"Feature","id":"LFLL-bdf2d15d2cde282a620f","properties":{"airport":"LFLL","name":"COLOR_Taxiway","layer":"Guidance lines","category":"Taxiways","object_type":"Line","style_id":"line.taxiway.c0b631","source_group":"COLOR_Taxiway","vsmr_group_ids":[],"geometry_role":"linework"},"geometry":{"type":"LineString","coordinates":[[5.084348182346048,45.70607014199977],[5.085499053295068,45.70601859502255]]}},{"type":"Feature","id":"LFLL-f153eb9195fb3bfa9c06","properties":{"airport":"LFLL","name":"COLOR_Taxiway","layer":"Guidance lines","category":"Taxiways","object_type":"Line","style_id":"line.taxiway.c0b631","source_group":"COLOR_Taxiway","vsmr_group_ids":[],"geometry_role":"linework"},"geometry":{"type":"LineString","coordinates":[[5.085281921789953,45.70982826002034],[5.085289884896107,45.70991163897181]]}},{"type":"Feature","id":"LFLL-4a393eab27f4152a7872","properties":{"airport":"LFLL","name":"COLOR_Taxiway","layer":"Guidance lines","category":"Taxiways","object_type":"Line","style_id":"line.taxiway.c0b631","source_group":"COLOR_Taxiway","vsmr_group_ids":[],"geometry_role":"linework"},"geometry":{"type":"LineString","coordinates":[[5.085293866471616,45.70996583573584],[5.085303818108571,45.71006033232992]]}},{"type":"Feature","id":"LFLL-2ecadb3d353217396fc7","properties":{"airport":"LFLL","name":"COLOR_Taxiway","layer":"Guidance lines","category":"Taxiways","object_type":"Line","style_id":"line.taxiway.c0b631","source_group":"COLOR_Taxiway","vsmr_group_ids":[],"geometry_role":"linework"},"geometry":{"type":"LineString","coordinates":[[5.085313769438351,45.71011174928098],[5.085321735743246,45.71021041511769]]}},{"type":"Feature","id":"LFLL-643e27b2ae50b3e16683","properties":{"airport":"LFLL","name":"COLOR_Taxiway","layer":"Guidance lines","category":"Taxiways","object_type":"Line","style_id":"line.taxiway.c0b631","source_group":"COLOR_Taxiway","vsmr_group_ids":[],"geometry_role":"linework"},"geometry":{"type":"LineString","coordinates":[[5.08532571910171,45.7102534952887],[5.085331694058359,45.7103493821993]]}},{"type":"Feature","id":"LFLL-27f8a2941e622b881c97","properties":{"airport":"LFLL","name":"COLOR_Taxiway","layer":"Guidance lines","category":"Taxiways","object_type":"Line","style_id":"line.taxiway.c0b631","source_group":"COLOR_Taxiway","vsmr_group_ids":[],"geometry_role":"linework"},"geometry":{"type":"LineString","coordinates":[[5.085335674336447,45.71040913704463],[5.085343631389303,45.71050362713626]]}},{"type":"Feature","id":"LFLL-289ed15cdf4d52f7bd13","properties":{"airport":"LFLL","name":"COLOR_Taxiway","layer":"Guidance lines","category":"Taxiways","object_type":"Line","style_id":"line.taxiway.c0b631","source_group":"COLOR_Taxiway","vsmr_group_ids":[],"geometry_role":"linework"},"geometry":{"type":"LineString","coordinates":[[5.085353586383992,45.71056338375023],[5.085361557105575,45.71065372030843]]}},{"type":"Feature","id":"LFLL-70d2a665969692a70ab7","properties":{"airport":"LFLL","name":"COLOR_Taxiway","layer":"Guidance lines","category":"Taxiways","object_type":"Line","style_id":"line.taxiway.c0b631","source_group":"COLOR_Taxiway","vsmr_group_ids":[],"geometry_role":"linework"},"geometry":{"type":"LineString","coordinates":[[5.085361214919355,45.710713012575],[5.085369637910519,45.7108031636006]]}},{"type":"Feature","id":"LFLL-a61b00b72d6c171a13ce","properties":{"airport":"LFLL","name":"COLOR_Taxiway","layer":"Guidance lines","category":"Taxiways","object_type":"Line","style_id":"line.taxiway.c0b631","source_group":"COLOR_Taxiway","vsmr_group_ids":[],"geometry_role":"linework"},"geometry":{"type":"LineString","coordinates":[[5.085605264890567,45.70846320186374],[5.085495821110488,45.70852003513174]]}},{"type":"Feature","id":"LFLL-675e17475778b71e9811","properties":{"airport":"LFLL","name":"COLOR_Taxiway","layer":"Guidance lines","category":"Taxiways","object_type":"Line","style_id":"line.taxiway.c0b631","source_group":"COLOR_Taxiway","vsmr_group_ids":[],"geometry_role":"linework"},"geometry":{"type":"LineString","coordinates":[[5.085439697375589,45.70854551132062],[5.08533586521456,45.70859450553235]]}},{"type":"Feature","id":"LFLL-5bb0264869a49db3eab3","properties":{"airport":"LFLL","name":"COLOR_Taxiway","layer":"Guidance lines","category":"Taxiways","object_type":"Line","style_id":"line.taxiway.c0b631","source_group":"COLOR_Taxiway","vsmr_group_ids":[],"geometry_role":"linework"},"geometry":{"type":"LineString","coordinates":[[5.085257284657119,45.70862586349239],[5.085153448605522,45.70867289901908]]}},{"type":"Feature","id":"LFLL-04055766b699848d5c63","properties":{"airport":"LFLL","name":"COLOR_Taxiway","layer":"Guidance lines","category":"Taxiways","object_type":"Line","style_id":"line.taxiway.c0b631","source_group":"COLOR_Taxiway","vsmr_group_ids":[],"geometry_role":"linework"},"geometry":{"type":"LineString","coordinates":[[5.085088903627099,45.70870033555908],[5.084965422083969,45.70875912982572]]}},{"type":"Feature","id":"LFLL-0b3f2fa2450131317d66","properties":{"airport":"LFLL","name":"COLOR_Taxiway","layer":"Guidance lines","category":"Taxiways","object_type":"Line","style_id":"line.taxiway.c0b631","source_group":"COLOR_Taxiway","vsmr_group_ids":[],"geometry_role":"linework"},"geometry":{"type":"LineString","coordinates":[[5.084904856765549,45.70879234416303],[5.084797039576272,45.70884731980329]]}},{"type":"Feature","id":"LFLL-f1c58f9a9555486c133e","properties":{"airport":"LFLL","name":"COLOR_Taxiway","layer":"Guidance lines","category":"Taxiways","object_type":"Line","style_id":"line.taxiway.c0b631","source_group":"COLOR_Taxiway","vsmr_group_ids":[],"geometry_role":"linework"},"geometry":{"type":"LineString","coordinates":[[5.084757283453019,45.70886345201231],[5.084646603368701,45.70891291853671]]}},{"type":"Feature","id":"LFLL-1b1ac6c98017f378cc8f","properties":{"airport":"LFLL","name":"COLOR_Taxiway","layer":"Guidance lines","category":"Taxiways","object_type":"Line","style_id":"line.taxiway.c0b631","source_group":"COLOR_Taxiway","vsmr_group_ids":[],"geometry_role":"linework"},"geometry":{"type":"LineString","coordinates":[[5.085581928898188,45.70731853423218],[5.085500575770534,45.70735552986938]]}},{"type":"Feature","id":"LFLL-75a81c27824c90dd5193","properties":{"airport":"LFLL","name":"COLOR_Taxiway","layer":"Guidance lines","category":"Taxiways","object_type":"Line","style_id":"line.taxiway.c0b631","source_group":"COLOR_Taxiway","vsmr_group_ids":[],"geometry_role":"linework"},"geometry":{"type":"LineString","coordinates":[[5.085440032643103,45.70738195688326],[5.085366241972049,45.70741631041662]]}},{"type":"Feature","id":"LFLL-79fad15f6f8674f58af7","properties":{"airport":"LFLL","name":"COLOR_Taxiway","layer":"Guidance lines","category":"Taxiways","object_type":"Line","style_id":"line.taxiway.c0b631","source_group":"COLOR_Taxiway","vsmr_group_ids":[],"geometry_role":"linework"},"geometry":{"type":"LineString","coordinates":[[5.085309481140694,45.70744141479601],[5.085226233568538,45.70747841122488]]}},{"type":"Feature","id":"LFLL-648065bbf8937ecc7734","properties":{"airport":"LFLL","name":"COLOR_Taxiway","layer":"Guidance lines","category":"Taxiways","object_type":"Line","style_id":"line.taxiway.c0b631","source_group":"COLOR_Taxiway","vsmr_group_ids":[],"geometry_role":"linework"},"geometry":{"type":"LineString","coordinates":[[5.085173257972468,45.70750351664848],[5.085086224757274,45.70754315656774]]}},{"type":"Feature","id":"LFLL-3b27b074e69c916f7ea1","properties":{"airport":"LFLL","name":"COLOR_Taxiway","layer":"Guidance lines","category":"Taxiways","object_type":"Line","style_id":"line.taxiway.c0b631","source_group":"COLOR_Taxiway","vsmr_group_ids":[],"geometry_role":"linework"},"geometry":{"type":"LineString","coordinates":[[5.085046492101828,45.70756429724139],[5.084959458591229,45.70760790055775]]}},{"type":"Feature","id":"LFLL-d863ec7951e84c320594","properties":{"airport":"LFLL","name":"COLOR_Taxiway","layer":"Guidance lines","category":"Taxiways","object_type":"Line","style_id":"line.taxiway.c0b631","source_group":"COLOR_Taxiway","vsmr_group_ids":[],"geometry_role":"linework"},"geometry":{"type":"LineString","coordinates":[[5.084919726098953,45.70762375723519],[5.084827016858009,45.70766735576269]]}},{"type":"Feature","id":"LFLL-4b4ed0500761b8695b0d","properties":{"airport":"LFLL","name":"COLOR_Taxiway","layer":"Guidance lines","category":"Taxiways","object_type":"Line","style_id":"line.taxiway.c0b631","source_group":"COLOR_Taxiway","vsmr_group_ids":[],"geometry_role":"linework"},"geometry":{"type":"LineString","coordinates":[[5.084762691032783,45.70769509773707],[5.084673769935996,45.70774001852769]]}},{"type":"Feature","id":"LFLL-c5595b9bfcff018ffb1f","properties":{"airport":"LFLL","name":"COLOR_Taxiway","layer":"Guidance lines","category":"Taxiways","object_type":"Line","style_id":"line.taxiway.c0b631","source_group":"COLOR_Taxiway","vsmr_group_ids":[],"geometry_role":"linework"},"geometry":{"type":"LineString","coordinates":[[5.08463025293985,45.70776115793304],[5.084541331149559,45.70780740100553]]}},{"type":"Feature","id":"LFLL-64f0f3fdc45bc3572b3d","properties":{"airport":"LFLL","name":"COLOR_Taxiway","layer":"Guidance lines","category":"Taxiways","object_type":"Line","style_id":"line.taxiway.c0b631","source_group":"COLOR_Taxiway","vsmr_group_ids":[],"geometry_role":"linework"},"geometry":{"type":"LineString","coordinates":[[5.085479679516087,45.70608981542108],[5.085381306048875,45.70613737819806]]}},{"type":"Feature","id":"LFLL-2afe8f26de3afee485ff","properties":{"airport":"LFLL","name":"COLOR_Taxiway","layer":"Guidance lines","category":"Taxiways","object_type":"Line","style_id":"line.taxiway.c0b631","source_group":"COLOR_Taxiway","vsmr_group_ids":[],"geometry_role":"linework"},"geometry":{"type":"LineString","coordinates":[[5.085326441317097,45.70616116020602],[5.085218607508115,45.70621400864134]]}},{"type":"Feature","id":"LFLL-2f8ce19056ad66740ae8","properties":{"airport":"LFLL","name":"COLOR_Taxiway","layer":"Guidance lines","category":"Taxiways","object_type":"Line","style_id":"line.taxiway.c0b631","source_group":"COLOR_Taxiway","vsmr_group_ids":[],"geometry_role":"linework"},"geometry":{"type":"LineString","coordinates":[[5.085152390571722,45.70624571874998],[5.085027527859451,45.70631177999914]]}},{"type":"Feature","id":"LFLL-7db30234684bde37aac6","properties":{"airport":"LFLL","name":"COLOR_Taxiway","layer":"Guidance lines","category":"Taxiways","object_type":"Line","style_id":"line.taxiway.c0b631","source_group":"COLOR_Taxiway","vsmr_group_ids":[],"geometry_role":"linework"},"geometry":{"type":"LineString","coordinates":[[5.084968879385734,45.70633952567514],[5.084847798843882,45.70639765951805]]}},{"type":"Feature","id":"LFLL-88abba140e0347349f8d","properties":{"airport":"LFLL","name":"COLOR_Taxiway","layer":"Guidance lines","category":"Taxiways","object_type":"Line","style_id":"line.taxiway.c0b631","source_group":"COLOR_Taxiway","vsmr_group_ids":[],"geometry_role":"linework"},"geometry":{"type":"LineString","coordinates":[[5.084774015072888,45.70642672607113],[5.084637805906402,45.70649146084363]]}},{"type":"Feature","id":"LFLL-65e072d074d0205d0327","properties":{"airport":"LFLL","name":"COLOR_Taxiway","layer":"Guidance lines","category":"Taxiways","object_type":"Line","style_id":"line.taxiway.c0b631","source_group":"COLOR_Taxiway","vsmr_group_ids":[],"geometry_role":"linework"},"geometry":{"type":"LineString","coordinates":[[5.084592403350587,45.70651524174882],[5.084467542048849,45.70657205223885]]}},{"type":"Feature","id":"LFLL-d00594119e23dd34400b","properties":{"airport":"LFLL","name":"TWR","layer":"Labels","category":"Gates","object_type":"Label","style_id":"label.gates","source_group":"LFLL Gates","vsmr_group_ids":[],"geometry_role":"text_label","text-field":"TWR"},"geometry":{"type":"Point","coordinates":[5.081082778,45.725738056]}},{"type":"Feature","id":"LFLL-728359f838de72841c46","properties":{"airport":"LFLL","name":": Aviation Generale","layer":"Labels","category":"Gates","object_type":"Label","style_id":"label.gates","source_group":"LFLL Gates","vsmr_group_ids":[],"geometry_role":"text_label","text-field":": Aviation Generale"},"geometry":{"type":"Point","coordinates":[5.080325833,45.727065278]}},{"type":"Feature","id":"LFLL-084606b9ca427b14c8cd","properties":{"airport":"LFLL","name":": Terminal","layer":"Labels","category":"Gates","object_type":"Label","style_id":"label.gates","source_group":"LFLL Gates","vsmr_group_ids":[],"geometry_role":"text_label","text-field":": Terminal"},"geometry":{"type":"Point","coordinates":[5.074794722,45.719828889]}},{"type":"Feature","id":"LFLL-6d6a36ff4ded93741105","properties":{"airport":"LFLL","name":": Terminal Fret","layer":"Labels","category":"Gates","object_type":"Label","style_id":"label.gates","source_group":"LFLL Gates","vsmr_group_ids":[],"geometry_role":"text_label","text-field":": Terminal Fret"},"geometry":{"type":"Point","coordinates":[5.074392778,45.713046389]}},{"type":"Feature","id":"LFLL-bf30956f46260def1c97","properties":{"airport":"LFLL","name":": Terminal 2","layer":"Labels","category":"Gates","object_type":"Label","style_id":"label.gates","source_group":"LFLL Gates","vsmr_group_ids":[],"geometry_role":"text_label","text-field":": Terminal 2"},"geometry":{"type":"Point","coordinates":[5.079330556,45.721841389]}},{"type":"Feature","id":"LFLL-78b4ef31d6b46075b135","properties":{"airport":"LFLL","name":": Terminal 1","layer":"Labels","category":"Gates","object_type":"Label","style_id":"label.gates","source_group":"LFLL Gates","vsmr_group_ids":[],"geometry_role":"text_label","text-field":": Terminal 1"},"geometry":{"type":"Point","coordinates":[5.076970556,45.718938611]}},{"type":"Feature","id":"LFLL-8f11ae4bca2d412ba40d","properties":{"airport":"LFLL","name":": Terminal 3","layer":"Labels","category":"Gates","object_type":"Label","style_id":"label.gates","source_group":"LFLL Gates","vsmr_group_ids":[],"geometry_role":"text_label","text-field":": Terminal 3"},"geometry":{"type":"Point","coordinates":[5.081859722,45.715646389]}},{"type":"Feature","id":"LFLL-f727bdf1a3e20f43f03e","properties":{"airport":"LFLL","name":": CARGO","layer":"Labels","category":"Gates","object_type":"Label","style_id":"label.gates","source_group":"LFLL Gates","vsmr_group_ids":[],"geometry_role":"text_label","text-field":": CARGO"},"geometry":{"type":"Point","coordinates":[5.077780833,45.713594722]}},{"type":"Feature","id":"LFLL-fc835f5853d78d25e9c9","properties":{"airport":"LFLL","name":": N11","layer":"Labels","category":"Gates","object_type":"Label","style_id":"label.gates","source_group":"LFLL Gates","vsmr_group_ids":[],"geometry_role":"text_label","text-field":": N11"},"geometry":{"type":"Point","coordinates":[5.082421944,45.729408611]}},{"type":"Feature","id":"LFLL-0a9fb9fd89d4b00d81a3","properties":{"airport":"LFLL","name":": N21","layer":"Labels","category":"Gates","object_type":"Label","style_id":"label.gates","source_group":"LFLL Gates","vsmr_group_ids":[],"geometry_role":"text_label","text-field":": N21"},"geometry":{"type":"Point","coordinates":[5.082167778,45.72983]}},{"type":"Feature","id":"LFLL-69325a4e348ef4a2f5be","properties":{"airport":"LFLL","name":": N12","layer":"Labels","category":"Gates","object_type":"Label","style_id":"label.gates","source_group":"LFLL Gates","vsmr_group_ids":[],"geometry_role":"text_label","text-field":": N12"},"geometry":{"type":"Point","coordinates":[5.081928333,45.729368333]}},{"type":"Feature","id":"LFLL-4a4c48c263e8928fcde0","properties":{"airport":"LFLL","name":": N22","layer":"Labels","category":"Gates","object_type":"Label","style_id":"label.gates","source_group":"LFLL Gates","vsmr_group_ids":[],"geometry_role":"text_label","text-field":": N22"},"geometry":{"type":"Point","coordinates":[5.081703333,45.729744444]}},{"type":"Feature","id":"LFLL-64843eee9e84be1b6441","properties":{"airport":"LFLL","name":": N13","layer":"Labels","category":"Gates","object_type":"Label","style_id":"label.gates","source_group":"LFLL Gates","vsmr_group_ids":[],"geometry_role":"text_label","text-field":": N13"},"geometry":{"type":"Point","coordinates":[5.0814675,45.729344444]}},{"type":"Feature","id":"LFLL-9c5adcad25e7a6e568a7","properties":{"airport":"LFLL","name":": N23","layer":"Labels","category":"Gates","object_type":"Label","style_id":"label.gates","source_group":"LFLL Gates","vsmr_group_ids":[],"geometry_role":"text_label","text-field":": N23"},"geometry":{"type":"Point","coordinates":[5.081209722,45.729715833]}},{"type":"Feature","id":"LFLL-8d6791ac155eb4065883","properties":{"airport":"LFLL","name":": N14","layer":"Labels","category":"Gates","object_type":"Label","style_id":"label.gates","source_group":"LFLL Gates","vsmr_group_ids":[],"geometry_role":"text_label","text-field":": N14"},"geometry":{"type":"Point","coordinates":[5.080973889,45.729308611]}},{"type":"Feature","id":"LFLL-6e92c06142771fa9d2f9","properties":{"airport":"LFLL","name":": N24","layer":"Labels","category":"Gates","object_type":"Label","style_id":"label.gates","source_group":"LFLL Gates","vsmr_group_ids":[],"geometry_role":"text_label","text-field":": N24"},"geometry":{"type":"Point","coordinates":[5.0807525,45.729694444]}},{"type":"Feature","id":"LFLL-4a124726f93bae1682e0","properties":{"airport":"LFLL","name":": N31","layer":"Labels","category":"Gates","object_type":"Label","style_id":"label.gates","source_group":"LFLL Gates","vsmr_group_ids":[],"geometry_role":"text_label","text-field":": N31"},"geometry":{"type":"Point","coordinates":[5.082501667,45.728535]}},{"type":"Feature","id":"LFLL-22b93e884725f67e0622","properties":{"airport":"LFLL","name":": N41","layer":"Labels","category":"Gates","object_type":"Label","style_id":"label.gates","source_group":"LFLL Gates","vsmr_group_ids":[],"geometry_role":"text_label","text-field":": N41"},"geometry":{"type":"Point","coordinates":[5.082276667,45.728970833]}},{"type":"Feature","id":"LFLL-75d893bca16b42bbedcb","properties":{"airport":"LFLL","name":": N32","layer":"Labels","category":"Gates","object_type":"Label","style_id":"label.gates","source_group":"LFLL Gates","vsmr_group_ids":[],"geometry_role":"text_label","text-field":": N32"},"geometry":{"type":"Point","coordinates":[5.082062778,45.728499444]}},{"type":"Feature","id":"LFLL-b6f2b786274240c79346","properties":{"airport":"LFLL","name":": N42","layer":"Labels","category":"Gates","object_type":"Label","style_id":"label.gates","source_group":"LFLL Gates","vsmr_group_ids":[],"geometry_role":"text_label","text-field":": N42"},"geometry":{"type":"Point","coordinates":[5.081783333,45.728946944]}},{"type":"Feature","id":"LFLL-3c301cd2c5590b47b023","properties":{"airport":"LFLL","name":": N33","layer":"Labels","category":"Gates","object_type":"Label","style_id":"label.gates","source_group":"LFLL Gates","vsmr_group_ids":[],"geometry_role":"text_label","text-field":": N33"},"geometry":{"type":"Point","coordinates":[5.081572778,45.728475556]}},{"type":"Feature","id":"LFLL-da57c207da5ade15879c","properties":{"airport":"LFLL","name":": N43","layer":"Labels","category":"Gates","object_type":"Label","style_id":"label.gates","source_group":"LFLL Gates","vsmr_group_ids":[],"geometry_role":"text_label","text-field":": N43"},"geometry":{"type":"Point","coordinates":[5.081286111,45.728918333]}},{"type":"Feature","id":"LFLL-10b696ec037b08cd522f","properties":{"airport":"LFLL","name":": N34","layer":"Labels","category":"Gates","object_type":"Label","style_id":"label.gates","source_group":"LFLL Gates","vsmr_group_ids":[],"geometry_role":"text_label","text-field":": N34"},"geometry":{"type":"Point","coordinates":[5.081100833,45.728449444]}},{"type":"Feature","id":"LFLL-d1994601f3ba659efb6f","properties":{"airport":"LFLL","name":": N44","layer":"Labels","category":"Gates","object_type":"Label","style_id":"label.gates","source_group":"LFLL Gates","vsmr_group_ids":[],"geometry_role":"text_label","text-field":": N44"},"geometry":{"type":"Point","coordinates":[5.080828611,45.728889722]}},{"type":"Feature","id":"LFLL-06af59574e9f9c002d27","properties":{"airport":"LFLL","name":": G11","layer":"Labels","category":"Gates","object_type":"Label","style_id":"label.gates","source_group":"LFLL Gates","vsmr_group_ids":[],"geometry_role":"text_label","text-field":": G11"},"geometry":{"type":"Point","coordinates":[5.0825125,45.727011944]}},{"type":"Feature","id":"LFLL-afc2ac224e72f6498e95","properties":{"airport":"LFLL","name":": G12","layer":"Labels","category":"Gates","object_type":"Label","style_id":"label.gates","source_group":"LFLL Gates","vsmr_group_ids":[],"geometry_role":"text_label","text-field":": G12"},"geometry":{"type":"Point","coordinates":[5.082280278,45.726572222]}},{"type":"Feature","id":"LFLL-0b0ea05f839e1a7c4c97","properties":{"airport":"LFLL","name":": G13","layer":"Labels","category":"Gates","object_type":"Label","style_id":"label.gates","source_group":"LFLL Gates","vsmr_group_ids":[],"geometry_role":"text_label","text-field":": G13"},"geometry":{"type":"Point","coordinates":[5.082039167,45.727103611]}},{"type":"Feature","id":"LFLL-783b4373b502f6a2eb91","properties":{"airport":"LFLL","name":": G14","layer":"Labels","category":"Gates","object_type":"Label","style_id":"label.gates","source_group":"LFLL Gates","vsmr_group_ids":[],"geometry_role":"text_label","text-field":": G14"},"geometry":{"type":"Point","coordinates":[5.081772222,45.726690278]}},{"type":"Feature","id":"LFLL-ab67d251a5ad912aebfb","properties":{"airport":"LFLL","name":": G15","layer":"Labels","category":"Gates","object_type":"Label","style_id":"label.gates","source_group":"LFLL Gates","vsmr_group_ids":[],"geometry_role":"text_label","text-field":": G15"},"geometry":{"type":"Point","coordinates":[5.081595,45.727185278]}},{"type":"Feature","id":"LFLL-29f1a05c57e864d3b698","properties":{"airport":"LFLL","name":": G16","layer":"Labels","category":"Gates","object_type":"Label","style_id":"label.gates","source_group":"LFLL Gates","vsmr_group_ids":[],"geometry_role":"text_label","text-field":": G16"},"geometry":{"type":"Point","coordinates":[5.081296111,45.726781667]}},{"type":"Feature","id":"LFLL-51fb39e217f7ca4bf67d","properties":{"airport":"LFLL","name":": B12","layer":"Labels","category":"Gates","object_type":"Label","style_id":"label.gates","source_group":"LFLL Gates","vsmr_group_ids":[],"geometry_role":"text_label","text-field":": B12"},"geometry":{"type":"Point","coordinates":[5.082638611,45.723636389]}},{"type":"Feature","id":"LFLL-bf3e0215a9df984169cd","properties":{"airport":"LFLL","name":": B14","layer":"Labels","category":"Gates","object_type":"Label","style_id":"label.gates","source_group":"LFLL Gates","vsmr_group_ids":[],"geometry_role":"text_label","text-field":": B14"},"geometry":{"type":"Point","coordinates":[5.082170833,45.723561944]}},{"type":"Feature","id":"LFLL-88000d0af50be4005f66","properties":{"airport":"LFLL","name":": B16","layer":"Labels","category":"Gates","object_type":"Label","style_id":"label.gates","source_group":"LFLL Gates","vsmr_group_ids":[],"geometry_role":"text_label","text-field":": B16"},"geometry":{"type":"Point","coordinates":[5.081717222,45.723515278]}},{"type":"Feature","id":"LFLL-abc9019a26cfdb95a253","properties":{"airport":"LFLL","name":": B61","layer":"Labels","category":"Gates","object_type":"Label","style_id":"label.gates","source_group":"LFLL Gates","vsmr_group_ids":[],"geometry_role":"text_label","text-field":": B61"},"geometry":{"type":"Point","coordinates":[5.081419722,45.72299]}},{"type":"Feature","id":"LFLL-f3ad7b50d58444042941","properties":{"airport":"LFLL","name":": B62","layer":"Labels","category":"Gates","object_type":"Label","style_id":"label.gates","source_group":"LFLL Gates","vsmr_group_ids":[],"geometry_role":"text_label","text-field":": B62"},"geometry":{"type":"Point","coordinates":[5.082220833,45.722861111]}},{"type":"Feature","id":"LFLL-99de7ca17d1bcd153c50","properties":{"airport":"LFLL","name":": B63","layer":"Labels","category":"Gates","object_type":"Label","style_id":"label.gates","source_group":"LFLL Gates","vsmr_group_ids":[],"geometry_role":"text_label","text-field":": B63"},"geometry":{"type":"Point","coordinates":[5.082052778,45.7225]}},{"type":"Feature","id":"LFLL-12069d9fcdf9579c088e","properties":{"airport":"LFLL","name":": B71","layer":"Labels","category":"Gates","object_type":"Label","style_id":"label.gates","source_group":"LFLL Gates","vsmr_group_ids":[],"geometry_role":"text_label","text-field":": B71"},"geometry":{"type":"Point","coordinates":[5.082000833,45.722297222]}},{"type":"Feature","id":"LFLL-f6503ea303299160c11f","properties":{"airport":"LFLL","name":": B72","layer":"Labels","category":"Gates","object_type":"Label","style_id":"label.gates","source_group":"LFLL Gates","vsmr_group_ids":[],"geometry_role":"text_label","text-field":": B72"},"geometry":{"type":"Point","coordinates":[5.082597222,45.721863889]}},{"type":"Feature","id":"LFLL-a76f346fae738b4c7fa0","properties":{"airport":"LFLL","name":": B73","layer":"Labels","category":"Gates","object_type":"Label","style_id":"label.gates","source_group":"LFLL Gates","vsmr_group_ids":[],"geometry_role":"text_label","text-field":": B73"},"geometry":{"type":"Point","coordinates":[5.082013889,45.721716667]}},{"type":"Feature","id":"LFLL-be34d9d105f18a12fe86","properties":{"airport":"LFLL","name":": B81","layer":"Labels","category":"Gates","object_type":"Label","style_id":"label.gates","source_group":"LFLL Gates","vsmr_group_ids":[],"geometry_role":"text_label","text-field":": B81"},"geometry":{"type":"Point","coordinates":[5.082007778,45.721544167]}},{"type":"Feature","id":"LFLL-e2797eca80eee7dea06e","properties":{"airport":"LFLL","name":": B82","layer":"Labels","category":"Gates","object_type":"Label","style_id":"label.gates","source_group":"LFLL Gates","vsmr_group_ids":[],"geometry_role":"text_label","text-field":": B82"},"geometry":{"type":"Point","coordinates":[5.082322222,45.720961111]}},{"type":"Feature","id":"LFLL-f295fbc6cbd61036b16d","properties":{"airport":"LFLL","name":": B83","layer":"Labels","category":"Gates","object_type":"Label","style_id":"label.gates","source_group":"LFLL Gates","vsmr_group_ids":[],"geometry_role":"text_label","text-field":": B83"},"geometry":{"type":"Point","coordinates":[5.081672222,45.720947222]}},{"type":"Feature","id":"LFLL-08d6f9415b1afea13f6a","properties":{"airport":"LFLL","name":": B91","layer":"Labels","category":"Gates","object_type":"Label","style_id":"label.gates","source_group":"LFLL Gates","vsmr_group_ids":[],"geometry_role":"text_label","text-field":": B91"},"geometry":{"type":"Point","coordinates":[5.081568333,45.720772222]}},{"type":"Feature","id":"LFLL-dec3332c08314dbb7065","properties":{"airport":"LFLL","name":": B92","layer":"Labels","category":"Gates","object_type":"Label","style_id":"label.gates","source_group":"LFLL Gates","vsmr_group_ids":[],"geometry_role":"text_label","text-field":": B92"},"geometry":{"type":"Point","coordinates":[5.081436111,45.720538889]}},{"type":"Feature","id":"LFLL-860212aba3ed3c17e94d","properties":{"airport":"LFLL","name":": B93","layer":"Labels","category":"Gates","object_type":"Label","style_id":"label.gates","source_group":"LFLL Gates","vsmr_group_ids":[],"geometry_role":"text_label","text-field":": B93"},"geometry":{"type":"Point","coordinates":[5.080986111,45.720275]}},{"type":"Feature","id":"LFLL-c55a69046c89a582beab","properties":{"airport":"LFLL","name":": C19","layer":"Labels","category":"Gates","object_type":"Label","style_id":"label.gates","source_group":"LFLL Gates","vsmr_group_ids":[],"geometry_role":"text_label","text-field":": C19"},"geometry":{"type":"Point","coordinates":[5.081105556,45.720025]}},{"type":"Feature","id":"LFLL-666d36face8f8bfea75d","properties":{"airport":"LFLL","name":": C21","layer":"Labels","category":"Gates","object_type":"Label","style_id":"label.gates","source_group":"LFLL Gates","vsmr_group_ids":[],"geometry_role":"text_label","text-field":": C21"},"geometry":{"type":"Point","coordinates":[5.080375833,45.719824444]}},{"type":"Feature","id":"LFLL-283b7ad72117d642f7a7","properties":{"airport":"LFLL","name":": C22","layer":"Labels","category":"Gates","object_type":"Label","style_id":"label.gates","source_group":"LFLL Gates","vsmr_group_ids":[],"geometry_role":"text_label","text-field":": C22"},"geometry":{"type":"Point","coordinates":[5.081113889,45.719563889]}},{"type":"Feature","id":"LFLL-403f57a730dfa08efa28","properties":{"airport":"LFLL","name":": C23","layer":"Labels","category":"Gates","object_type":"Label","style_id":"label.gates","source_group":"LFLL Gates","vsmr_group_ids":[],"geometry_role":"text_label","text-field":": C23"},"geometry":{"type":"Point","coordinates":[5.080808333,45.719333333]}},{"type":"Feature","id":"LFLL-d555fee52eb1152f0595","properties":{"airport":"LFLL","name":": C41","layer":"Labels","category":"Gates","object_type":"Label","style_id":"label.gates","source_group":"LFLL Gates","vsmr_group_ids":[],"geometry_role":"text_label","text-field":": C41"},"geometry":{"type":"Point","coordinates":[5.080801111,45.719098056]}},{"type":"Feature","id":"LFLL-c2871305817270580230","properties":{"airport":"LFLL","name":": C42","layer":"Labels","category":"Gates","object_type":"Label","style_id":"label.gates","source_group":"LFLL Gates","vsmr_group_ids":[],"geometry_role":"text_label","text-field":": C42"},"geometry":{"type":"Point","coordinates":[5.081216667,45.718747222]}},{"type":"Feature","id":"LFLL-8ca57efc69ce0d12bada","properties":{"airport":"LFLL","name":": C43","layer":"Labels","category":"Gates","object_type":"Label","style_id":"label.gates","source_group":"LFLL Gates","vsmr_group_ids":[],"geometry_role":"text_label","text-field":": C43"},"geometry":{"type":"Point","coordinates":[5.080625,45.718611111]}},{"type":"Feature","id":"LFLL-ad38121d4f3cdd18615b","properties":{"airport":"LFLL","name":": C61","layer":"Labels","category":"Gates","object_type":"Label","style_id":"label.gates","source_group":"LFLL Gates","vsmr_group_ids":[],"geometry_role":"text_label","text-field":": C61"},"geometry":{"type":"Point","coordinates":[5.080597222,45.718383056]}},{"type":"Feature","id":"LFLL-3bc073fb282a73ecf0fd","properties":{"airport":"LFLL","name":": C62","layer":"Labels","category":"Gates","object_type":"Label","style_id":"label.gates","source_group":"LFLL Gates","vsmr_group_ids":[],"geometry_role":"text_label","text-field":": C62"},"geometry":{"type":"Point","coordinates":[5.080775,45.718030556]}},{"type":"Feature","id":"LFLL-ea328051555d1032dfe0","properties":{"airport":"LFLL","name":": C63","layer":"Labels","category":"Gates","object_type":"Label","style_id":"label.gates","source_group":"LFLL Gates","vsmr_group_ids":[],"geometry_role":"text_label","text-field":": C63"},"geometry":{"type":"Point","coordinates":[5.080437778,45.718046111]}},{"type":"Feature","id":"LFLL-97603e5acae0a6a5e681","properties":{"airport":"LFLL","name":": C81","layer":"Labels","category":"Gates","object_type":"Label","style_id":"label.gates","source_group":"LFLL Gates","vsmr_group_ids":[],"geometry_role":"text_label","text-field":": C81"},"geometry":{"type":"Point","coordinates":[5.079321389,45.717656667]}},{"type":"Feature","id":"LFLL-aebfc04084ce7d9dfd1a","properties":{"airport":"LFLL","name":": C82","layer":"Labels","category":"Gates","object_type":"Label","style_id":"label.gates","source_group":"LFLL Gates","vsmr_group_ids":[],"geometry_role":"text_label","text-field":": C82"},"geometry":{"type":"Point","coordinates":[5.07995,45.71735]}},{"type":"Feature","id":"LFLL-3273d72f0769ea4d3f30","properties":{"airport":"LFLL","name":": C83","layer":"Labels","category":"Gates","object_type":"Label","style_id":"label.gates","source_group":"LFLL Gates","vsmr_group_ids":[],"geometry_role":"text_label","text-field":": C83"},"geometry":{"type":"Point","coordinates":[5.079542778,45.717058056]}},{"type":"Feature","id":"LFLL-202e22b71d5494fa75e0","properties":{"airport":"LFLL","name":": D21","layer":"Labels","category":"Gates","object_type":"Label","style_id":"label.gates","source_group":"LFLL Gates","vsmr_group_ids":[],"geometry_role":"text_label","text-field":": D21"},"geometry":{"type":"Point","coordinates":[5.079250556,45.716366389]}},{"type":"Feature","id":"LFLL-6c8e5f255fa9a0ef729f","properties":{"airport":"LFLL","name":": D22","layer":"Labels","category":"Gates","object_type":"Label","style_id":"label.gates","source_group":"LFLL Gates","vsmr_group_ids":[],"geometry_role":"text_label","text-field":": D22"},"geometry":{"type":"Point","coordinates":[5.079525,45.716022222]}},{"type":"Feature","id":"LFLL-de0afb69a6955807222b","properties":{"airport":"LFLL","name":": D23","layer":"Labels","category":"Gates","object_type":"Label","style_id":"label.gates","source_group":"LFLL Gates","vsmr_group_ids":[],"geometry_role":"text_label","text-field":": D23"},"geometry":{"type":"Point","coordinates":[5.079232778,45.715924722]}},{"type":"Feature","id":"LFLL-0c16c2c195935d142758","properties":{"airport":"LFLL","name":": D41","layer":"Labels","category":"Gates","object_type":"Label","style_id":"label.gates","source_group":"LFLL Gates","vsmr_group_ids":[],"geometry_role":"text_label","text-field":": D41"},"geometry":{"type":"Point","coordinates":[5.079082222,45.7154425]}},{"type":"Feature","id":"LFLL-1751a840f6f51e75645d","properties":{"airport":"LFLL","name":": D42","layer":"Labels","category":"Gates","object_type":"Label","style_id":"label.gates","source_group":"LFLL Gates","vsmr_group_ids":[],"geometry_role":"text_label","text-field":": D42"},"geometry":{"type":"Point","coordinates":[5.078966667,45.714941667]}},{"type":"Feature","id":"LFLL-6fd7eacccd10de2f9672","properties":{"airport":"LFLL","name":": D43","layer":"Labels","category":"Gates","object_type":"Label","style_id":"label.gates","source_group":"LFLL Gates","vsmr_group_ids":[],"geometry_role":"text_label","text-field":": D43"},"geometry":{"type":"Point","coordinates":[5.078532778,45.715221667]}},{"type":"Feature","id":"LFLL-6cb21bd45e03d341e5fb","properties":{"airport":"LFLL","name":": D61","layer":"Labels","category":"Gates","object_type":"Label","style_id":"label.gates","source_group":"LFLL Gates","vsmr_group_ids":[],"geometry_role":"text_label","text-field":": D61"},"geometry":{"type":"Point","coordinates":[5.077948056,45.715634167]}},{"type":"Feature","id":"LFLL-f6b79b7ea16719d19a22","properties":{"airport":"LFLL","name":": D63","layer":"Labels","category":"Gates","object_type":"Label","style_id":"label.gates","source_group":"LFLL Gates","vsmr_group_ids":[],"geometry_role":"text_label","text-field":": D63"},"geometry":{"type":"Point","coordinates":[5.0774075,45.715459722]}},{"type":"Feature","id":"LFLL-e421b280091b975d11cf","properties":{"airport":"LFLL","name":": E11","layer":"Labels","category":"Gates","object_type":"Label","style_id":"label.gates","source_group":"LFLL Gates","vsmr_group_ids":[],"geometry_role":"text_label","text-field":": E11"},"geometry":{"type":"Point","coordinates":[5.0830425,45.719010833]}},{"type":"Feature","id":"LFLL-36516a785c6ef1e6d311","properties":{"airport":"LFLL","name":": E13","layer":"Labels","category":"Gates","object_type":"Label","style_id":"label.gates","source_group":"LFLL Gates","vsmr_group_ids":[],"geometry_role":"text_label","text-field":": E13"},"geometry":{"type":"Point","coordinates":[5.082874167,45.718551667]}},{"type":"Feature","id":"LFLL-f90a0d3eb2c209d0f89b","properties":{"airport":"LFLL","name":": E15","layer":"Labels","category":"Gates","object_type":"Label","style_id":"label.gates","source_group":"LFLL Gates","vsmr_group_ids":[],"geometry_role":"text_label","text-field":": E15"},"geometry":{"type":"Point","coordinates":[5.082590833,45.718104167]}},{"type":"Feature","id":"LFLL-c70f9cb21ebdbfd36596","properties":{"airport":"LFLL","name":": E17","layer":"Labels","category":"Gates","object_type":"Label","style_id":"label.gates","source_group":"LFLL Gates","vsmr_group_ids":[],"geometry_role":"text_label","text-field":": E17"},"geometry":{"type":"Point","coordinates":[5.082466667,45.7176275]}},{"type":"Feature","id":"LFLL-671743feb210c6459843","properties":{"airport":"LFLL","name":": K52","layer":"Labels","category":"Gates","object_type":"Label","style_id":"label.gates","source_group":"LFLL Gates","vsmr_group_ids":[],"geometry_role":"text_label","text-field":": K52"},"geometry":{"type":"Point","coordinates":[5.083653889,45.717517222]}},{"type":"Feature","id":"LFLL-36505690c5d6a6236f13","properties":{"airport":"LFLL","name":": J11","layer":"Labels","category":"Gates","object_type":"Label","style_id":"label.gates","source_group":"LFLL Gates","vsmr_group_ids":[],"geometry_role":"text_label","text-field":": J11"},"geometry":{"type":"Point","coordinates":[5.0824675,45.713614722]}},{"type":"Feature","id":"LFLL-71c44775ab839be83c8c","properties":{"airport":"LFLL","name":": J13","layer":"Labels","category":"Gates","object_type":"Label","style_id":"label.gates","source_group":"LFLL Gates","vsmr_group_ids":[],"geometry_role":"text_label","text-field":": J13"},"geometry":{"type":"Point","coordinates":[5.081928611,45.713722778]}},{"type":"Feature","id":"LFLL-e18c97220354f770e87f","properties":{"airport":"LFLL","name":": J14","layer":"Labels","category":"Gates","object_type":"Label","style_id":"label.gates","source_group":"LFLL Gates","vsmr_group_ids":[],"geometry_role":"text_label","text-field":": J14"},"geometry":{"type":"Point","coordinates":[5.081738889,45.713627778]}},{"type":"Feature","id":"LFLL-2cd54f0f758be1af7f63","properties":{"airport":"LFLL","name":": J15","layer":"Labels","category":"Gates","object_type":"Label","style_id":"label.gates","source_group":"LFLL Gates","vsmr_group_ids":[],"geometry_role":"text_label","text-field":": J15"},"geometry":{"type":"Point","coordinates":[5.08139,45.713826944]}},{"type":"Feature","id":"LFLL-cb5df1ff198de1dc03c7","properties":{"airport":"LFLL","name":": J19","layer":"Labels","category":"Gates","object_type":"Label","style_id":"label.gates","source_group":"LFLL Gates","vsmr_group_ids":[],"geometry_role":"text_label","text-field":": J19"},"geometry":{"type":"Point","coordinates":[5.080686944,45.7138825]}},{"type":"Feature","id":"LFLL-a6a63145d51f0d2f55a6","properties":{"airport":"LFLL","name":": J31","layer":"Labels","category":"Gates","object_type":"Label","style_id":"label.gates","source_group":"LFLL Gates","vsmr_group_ids":[],"geometry_role":"text_label","text-field":": J31"},"geometry":{"type":"Point","coordinates":[5.083868611,45.714846944]}},{"type":"Feature","id":"LFLL-9ac69228a0f7df4be058","properties":{"airport":"LFLL","name":": J33","layer":"Labels","category":"Gates","object_type":"Label","style_id":"label.gates","source_group":"LFLL Gates","vsmr_group_ids":[],"geometry_role":"text_label","text-field":": J33"},"geometry":{"type":"Point","coordinates":[5.083266111,45.7148375]}},{"type":"Feature","id":"LFLL-abc6a66b9a157da79076","properties":{"airport":"LFLL","name":": J35","layer":"Labels","category":"Gates","object_type":"Label","style_id":"label.gates","source_group":"LFLL Gates","vsmr_group_ids":[],"geometry_role":"text_label","text-field":": J35"},"geometry":{"type":"Point","coordinates":[5.082713333,45.714935278]}},{"type":"Feature","id":"LFLL-f8210502ddc46b079a9f","properties":{"airport":"LFLL","name":": J37","layer":"Labels","category":"Gates","object_type":"Label","style_id":"label.gates","source_group":"LFLL Gates","vsmr_group_ids":[],"geometry_role":"text_label","text-field":": J37"},"geometry":{"type":"Point","coordinates":[5.082146389,45.715042222]}},{"type":"Feature","id":"LFLL-a70116a3d9c1c00b8c12","properties":{"airport":"LFLL","name":": J39","layer":"Labels","category":"Gates","object_type":"Label","style_id":"label.gates","source_group":"LFLL Gates","vsmr_group_ids":[],"geometry_role":"text_label","text-field":": J39"},"geometry":{"type":"Point","coordinates":[5.081586389,45.715149167]}},{"type":"Feature","id":"LFLL-6854cb927fbe9614ab0c","properties":{"airport":"LFLL","name":": J41","layer":"Labels","category":"Gates","object_type":"Label","style_id":"label.gates","source_group":"LFLL Gates","vsmr_group_ids":[],"geometry_role":"text_label","text-field":": J41"},"geometry":{"type":"Point","coordinates":[5.081012222,45.715256111]}},{"type":"Feature","id":"LFLL-99cd50745ada7d854385","properties":{"airport":"LFLL","name":": L11","layer":"Labels","category":"Gates","object_type":"Label","style_id":"label.gates","source_group":"LFLL Gates","vsmr_group_ids":[],"geometry_role":"text_label","text-field":": L11"},"geometry":{"type":"Point","coordinates":[5.083634722,45.715739444]}},{"type":"Feature","id":"LFLL-cdcf4856f757f1d91d8f","properties":{"airport":"LFLL","name":": L13","layer":"Labels","category":"Gates","object_type":"Label","style_id":"label.gates","source_group":"LFLL Gates","vsmr_group_ids":[],"geometry_role":"text_label","text-field":": L13"},"geometry":{"type":"Point","coordinates":[5.083067778,45.715851111]}},{"type":"Feature","id":"LFLL-9a62ea7563bcd0115d2b","properties":{"airport":"LFLL","name":": L15","layer":"Labels","category":"Gates","object_type":"Label","style_id":"label.gates","source_group":"LFLL Gates","vsmr_group_ids":[],"geometry_role":"text_label","text-field":": L15"},"geometry":{"type":"Point","coordinates":[5.082500833,45.715962778]}},{"type":"Feature","id":"LFLL-f5bd0943bf2475468886","properties":{"airport":"LFLL","name":": L17","layer":"Labels","category":"Gates","object_type":"Label","style_id":"label.gates","source_group":"LFLL Gates","vsmr_group_ids":[],"geometry_role":"text_label","text-field":": L17"},"geometry":{"type":"Point","coordinates":[5.081940833,45.716069722]}},{"type":"Feature","id":"LFLL-4f3842ec421856c49cf0","properties":{"airport":"LFLL","name":": L19","layer":"Labels","category":"Gates","object_type":"Label","style_id":"label.gates","source_group":"LFLL Gates","vsmr_group_ids":[],"geometry_role":"text_label","text-field":": L19"},"geometry":{"type":"Point","coordinates":[5.081373611,45.716195278]}},{"type":"Feature","id":"LFLL-bffcd3977d924e809e0e","properties":{"airport":"LFLL","name":": M11","layer":"Labels","category":"Gates","object_type":"Label","style_id":"label.gates","source_group":"LFLL Gates","vsmr_group_ids":[],"geometry_role":"text_label","text-field":": M11"},"geometry":{"type":"Point","coordinates":[5.085318611,45.710560833]}},{"type":"Feature","id":"LFLL-6f80b7c2cb2cccf7c8f3","properties":{"airport":"LFLL","name":": M12","layer":"Labels","category":"Gates","object_type":"Label","style_id":"label.gates","source_group":"LFLL Gates","vsmr_group_ids":[],"geometry_role":"text_label","text-field":": M12"},"geometry":{"type":"Point","coordinates":[5.085391667,45.7101]}},{"type":"Feature","id":"LFLL-ca8444ac9b6636d3cf6a","properties":{"airport":"LFLL","name":": M13","layer":"Labels","category":"Gates","object_type":"Label","style_id":"label.gates","source_group":"LFLL Gates","vsmr_group_ids":[],"geometry_role":"text_label","text-field":": M13"},"geometry":{"type":"Point","coordinates":[5.085285278,45.709885278]}},{"type":"Feature","id":"LFLL-5d6e7b8fcada94da513e","properties":{"airport":"LFLL","name":": M21","layer":"Labels","category":"Gates","object_type":"Label","style_id":"label.gates","source_group":"LFLL Gates","vsmr_group_ids":[],"geometry_role":"text_label","text-field":": M21"},"geometry":{"type":"Point","coordinates":[5.085196667,45.709020833]}},{"type":"Feature","id":"LFLL-95c61af663c88bb445d6","properties":{"airport":"LFLL","name":": M22","layer":"Labels","category":"Gates","object_type":"Label","style_id":"label.gates","source_group":"LFLL Gates","vsmr_group_ids":[],"geometry_role":"text_label","text-field":": M22"},"geometry":{"type":"Point","coordinates":[5.085458333,45.708633333]}},{"type":"Feature","id":"LFLL-0b143333f0e0c1b3ded7","properties":{"airport":"LFLL","name":": M23","layer":"Labels","category":"Gates","object_type":"Label","style_id":"label.gates","source_group":"LFLL Gates","vsmr_group_ids":[],"geometry_role":"text_label","text-field":": M23"},"geometry":{"type":"Point","coordinates":[5.085130278,45.708483056]}},{"type":"Feature","id":"LFLL-896dccf447001833ba8b","properties":{"airport":"LFLL","name":": M31","layer":"Labels","category":"Gates","object_type":"Label","style_id":"label.gates","source_group":"LFLL Gates","vsmr_group_ids":[],"geometry_role":"text_label","text-field":": M31"},"geometry":{"type":"Point","coordinates":[5.085075,45.707931111]}},{"type":"Feature","id":"LFLL-ece34cdd2e46f156fe1a","properties":{"airport":"LFLL","name":": M32","layer":"Labels","category":"Gates","object_type":"Label","style_id":"label.gates","source_group":"LFLL Gates","vsmr_group_ids":[],"geometry_role":"text_label","text-field":": M32"},"geometry":{"type":"Point","coordinates":[5.085302778,45.707547222]}},{"type":"Feature","id":"LFLL-0e2e7d088960ba2d79d7","properties":{"airport":"LFLL","name":": M33","layer":"Labels","category":"Gates","object_type":"Label","style_id":"label.gates","source_group":"LFLL Gates","vsmr_group_ids":[],"geometry_role":"text_label","text-field":": M33"},"geometry":{"type":"Point","coordinates":[5.085019444,45.70735]}},{"type":"Feature","id":"LFLL-1f7f83a952022b98bcf5","properties":{"airport":"LFLL","name":": M41","layer":"Labels","category":"Gates","object_type":"Label","style_id":"label.gates","source_group":"LFLL Gates","vsmr_group_ids":[],"geometry_role":"text_label","text-field":": M41"},"geometry":{"type":"Point","coordinates":[5.084975278,45.706746944]}},{"type":"Feature","id":"LFLL-b5ce0684aa431f4bb0e6","properties":{"airport":"LFLL","name":": M42","layer":"Labels","category":"Gates","object_type":"Label","style_id":"label.gates","source_group":"LFLL Gates","vsmr_group_ids":[],"geometry_role":"text_label","text-field":": M42"},"geometry":{"type":"Point","coordinates":[5.085319444,45.706327778]}},{"type":"Feature","id":"LFLL-f93b9c3e628aa0eb95ac","properties":{"airport":"LFLL","name":": M43","layer":"Labels","category":"Gates","object_type":"Label","style_id":"label.gates","source_group":"LFLL Gates","vsmr_group_ids":[],"geometry_role":"text_label","text-field":": M43"},"geometry":{"type":"Point","coordinates":[5.084930833,45.706129444]}},{"type":"Feature","id":"LFLL-380156ce8d6918047989","properties":{"airport":"LFLL","name":"B3","layer":"Labels","category":"Taxiways","object_type":"Label","style_id":"label.taxiways","source_group":"LFLL Taxiways","vsmr_group_ids":[],"geometry_role":"text_label","text-field":"B3"},"geometry":{"type":"Point","coordinates":[5.089368056,45.735389722]}},{"type":"Feature","id":"LFLL-584a1d0288a1b472aad1","properties":{"airport":"LFLL","name":"B4","layer":"Labels","category":"Taxiways","object_type":"Label","style_id":"label.taxiways","source_group":"LFLL Taxiways","vsmr_group_ids":[],"geometry_role":"text_label","text-field":"B4"},"geometry":{"type":"Point","coordinates":[5.090358333,45.729947222]}},{"type":"Feature","id":"LFLL-e5db8187108d3698b5b4","properties":{"airport":"LFLL","name":"B6","layer":"Labels","category":"Taxiways","object_type":"Label","style_id":"label.taxiways","source_group":"LFLL Taxiways","vsmr_group_ids":[],"geometry_role":"text_label","text-field":"B6"},"geometry":{"type":"Point","coordinates":[5.09072,45.720120278]}},{"type":"Feature","id":"LFLL-6b28342d07d5cdebba59","properties":{"airport":"LFLL","name":"B8","layer":"Labels","category":"Taxiways","object_type":"Label","style_id":"label.taxiways","source_group":"LFLL Taxiways","vsmr_group_ids":[],"geometry_role":"text_label","text-field":"B8"},"geometry":{"type":"Point","coordinates":[5.090973611,45.715908056]}},{"type":"Feature","id":"LFLL-01ff3d636ea53a93416c","properties":{"airport":"LFLL","name":"B9","layer":"Labels","category":"Taxiways","object_type":"Label","style_id":"label.taxiways","source_group":"LFLL Taxiways","vsmr_group_ids":[],"geometry_role":"text_label","text-field":"B9"},"geometry":{"type":"Point","coordinates":[5.092452222,45.711335556]}},{"type":"Feature","id":"LFLL-65e6ad985e5aa2dfc155","properties":{"airport":"LFLL","name":"V4","layer":"Labels","category":"Taxiways","object_type":"Label","style_id":"label.taxiways","source_group":"LFLL Taxiways","vsmr_group_ids":[],"geometry_role":"text_label","text-field":"V4"},"geometry":{"type":"Point","coordinates":[5.091535556,45.728799167]}},{"type":"Feature","id":"LFLL-c82c79be36153e9b8c3a","properties":{"airport":"LFLL","name":"V5","layer":"Labels","category":"Taxiways","object_type":"Label","style_id":"label.taxiways","source_group":"LFLL Taxiways","vsmr_group_ids":[],"geometry_role":"text_label","text-field":"V5"},"geometry":{"type":"Point","coordinates":[5.091887222,45.725695556]}},{"type":"Feature","id":"LFLL-010e87b88aa2b4a59b28","properties":{"airport":"LFLL","name":"V6","layer":"Labels","category":"Taxiways","object_type":"Label","style_id":"label.taxiways","source_group":"LFLL Taxiways","vsmr_group_ids":[],"geometry_role":"text_label","text-field":"V6"},"geometry":{"type":"Point","coordinates":[5.092427778,45.7203925]}},{"type":"Feature","id":"LFLL-882867a83bfbc1b55e23","properties":{"airport":"LFLL","name":"V8","layer":"Labels","category":"Taxiways","object_type":"Label","style_id":"label.taxiways","source_group":"LFLL Taxiways","vsmr_group_ids":[],"geometry_role":"text_label","text-field":"V8"},"geometry":{"type":"Point","coordinates":[5.0928875,45.717022778]}},{"type":"Feature","id":"LFLL-ff084de4f386b9fda903","properties":{"airport":"LFLL","name":"A1","layer":"Labels","category":"Taxiways","object_type":"Label","style_id":"label.taxiways","source_group":"LFLL Taxiways","vsmr_group_ids":[],"geometry_role":"text_label","text-field":"A1"},"geometry":{"type":"Point","coordinates":[5.084990278,45.746071111]}},{"type":"Feature","id":"LFLL-54261a926cfa89e36233","properties":{"airport":"LFLL","name":"A2","layer":"Labels","category":"Taxiways","object_type":"Label","style_id":"label.taxiways","source_group":"LFLL Taxiways","vsmr_group_ids":[],"geometry_role":"text_label","text-field":"A2"},"geometry":{"type":"Point","coordinates":[5.085206667,45.743109167]}},{"type":"Feature","id":"LFLL-62aed6c3499e31fa5822","properties":{"airport":"LFLL","name":"A3","layer":"Labels","category":"Taxiways","object_type":"Label","style_id":"label.taxiways","source_group":"LFLL Taxiways","vsmr_group_ids":[],"geometry_role":"text_label","text-field":"A3"},"geometry":{"type":"Point","coordinates":[5.0857475,45.736493889]}},{"type":"Feature","id":"LFLL-755000af5d051efee9ee","properties":{"airport":"LFLL","name":"A4","layer":"Labels","category":"Taxiways","object_type":"Label","style_id":"label.taxiways","source_group":"LFLL Taxiways","vsmr_group_ids":[],"geometry_role":"text_label","text-field":"A4"},"geometry":{"type":"Point","coordinates":[5.086433611,45.729851667]}},{"type":"Feature","id":"LFLL-fcf0a3c15e8a0350db8a","properties":{"airport":"LFLL","name":"A5","layer":"Labels","category":"Taxiways","object_type":"Label","style_id":"label.taxiways","source_group":"LFLL Taxiways","vsmr_group_ids":[],"geometry_role":"text_label","text-field":"A5"},"geometry":{"type":"Point","coordinates":[5.087448611,45.723524444]}},{"type":"Feature","id":"LFLL-1ec3e9d497111f907dfe","properties":{"airport":"LFLL","name":"A6","layer":"Labels","category":"Taxiways","object_type":"Label","style_id":"label.taxiways","source_group":"LFLL Taxiways","vsmr_group_ids":[],"geometry_role":"text_label","text-field":"A6"},"geometry":{"type":"Point","coordinates":[5.088097778,45.719179167]}},{"type":"Feature","id":"LFLL-f18e20f18ff03b76692b","properties":{"airport":"LFLL","name":"A8","layer":"Labels","category":"Taxiways","object_type":"Label","style_id":"label.taxiways","source_group":"LFLL Taxiways","vsmr_group_ids":[],"geometry_role":"text_label","text-field":"A8"},"geometry":{"type":"Point","coordinates":[5.088503333,45.715756389]}},{"type":"Feature","id":"LFLL-dc2a755a763ba0d37f00","properties":{"airport":"LFLL","name":"A9","layer":"Labels","category":"Taxiways","object_type":"Label","style_id":"label.taxiways","source_group":"LFLL Taxiways","vsmr_group_ids":[],"geometry_role":"text_label","text-field":"A9"},"geometry":{"type":"Point","coordinates":[5.088962778,45.711180556]}},{"type":"Feature","id":"LFLL-e19e29895986a007e191","properties":{"airport":"LFLL","name":"Y","layer":"Labels","category":"Taxiways","object_type":"Label","style_id":"label.taxiways","source_group":"LFLL Taxiways","vsmr_group_ids":[],"geometry_role":"text_label","text-field":"Y"},"geometry":{"type":"Point","coordinates":[5.091612778,45.718274722]}},{"type":"Feature","id":"LFLL-2112e13b21aeaceace20","properties":{"airport":"LFLL","name":"S6","layer":"Labels","category":"Taxiways","object_type":"Label","style_id":"label.taxiways","source_group":"LFLL Taxiways","vsmr_group_ids":[],"geometry_role":"text_label","text-field":"S6"},"geometry":{"type":"Point","coordinates":[5.086961944,45.717831389]}},{"type":"Feature","id":"LFLL-4a585d4218385e950766","properties":{"airport":"LFLL","name":"T","layer":"Labels","category":"Taxiways","object_type":"Label","style_id":"label.taxiways","source_group":"LFLL Taxiways","vsmr_group_ids":[],"geometry_role":"text_label","text-field":"T"},"geometry":{"type":"Point","coordinates":[5.083715833,45.745015278]}},{"type":"Feature","id":"LFLL-8a71aecbda8f564fe0cd","properties":{"airport":"LFLL","name":"T","layer":"Labels","category":"Taxiways","object_type":"Label","style_id":"label.taxiways","source_group":"LFLL Taxiways","vsmr_group_ids":[],"geometry_role":"text_label","text-field":"T"},"geometry":{"type":"Point","coordinates":[5.082659722,45.741897778]}},{"type":"Feature","id":"LFLL-cc4e74f7657ede6e45e7","properties":{"airport":"LFLL","name":"T","layer":"Labels","category":"Taxiways","object_type":"Label","style_id":"label.taxiways","source_group":"LFLL Taxiways","vsmr_group_ids":[],"geometry_role":"text_label","text-field":"T"},"geometry":{"type":"Point","coordinates":[5.08229,45.738503056]}},{"type":"Feature","id":"LFLL-5cc7637299ab9fb4c7c7","properties":{"airport":"LFLL","name":"T","layer":"Labels","category":"Taxiways","object_type":"Label","style_id":"label.taxiways","source_group":"LFLL Taxiways","vsmr_group_ids":[],"geometry_role":"text_label","text-field":"T"},"geometry":{"type":"Point","coordinates":[5.082923611,45.733237778]}},{"type":"Feature","id":"LFLL-79307048ba36693ce41e","properties":{"airport":"LFLL","name":"T","layer":"Labels","category":"Taxiways","object_type":"Label","style_id":"label.taxiways","source_group":"LFLL Taxiways","vsmr_group_ids":[],"geometry_role":"text_label","text-field":"T"},"geometry":{"type":"Point","coordinates":[5.083663056,45.727383611]}},{"type":"Feature","id":"LFLL-c8022d829adc8b213877","properties":{"airport":"LFLL","name":"T","layer":"Labels","category":"Taxiways","object_type":"Label","style_id":"label.taxiways","source_group":"LFLL Taxiways","vsmr_group_ids":[],"geometry_role":"text_label","text-field":"T"},"geometry":{"type":"Point","coordinates":[5.084145278,45.723068056]}},{"type":"Feature","id":"LFLL-ade5a6c28c2390f41f2a","properties":{"airport":"LFLL","name":"T","layer":"Labels","category":"Taxiways","object_type":"Label","style_id":"label.taxiways","source_group":"LFLL Taxiways","vsmr_group_ids":[],"geometry_role":"text_label","text-field":"T"},"geometry":{"type":"Point","coordinates":[5.084388611,45.721116944]}},{"type":"Feature","id":"LFLL-43e4e52f01627b02c7cb","properties":{"airport":"LFLL","name":"T","layer":"Labels","category":"Taxiways","object_type":"Label","style_id":"label.taxiways","source_group":"LFLL Taxiways","vsmr_group_ids":[],"geometry_role":"text_label","text-field":"T"},"geometry":{"type":"Point","coordinates":[5.084794167,45.71757]}},{"type":"Feature","id":"LFLL-6e302b26df7444d34b35","properties":{"airport":"LFLL","name":"T","layer":"Labels","category":"Taxiways","object_type":"Label","style_id":"label.taxiways","source_group":"LFLL Taxiways","vsmr_group_ids":[],"geometry_role":"text_label","text-field":"T"},"geometry":{"type":"Point","coordinates":[5.085064444,45.715973611]}},{"type":"Feature","id":"LFLL-947d7f19bbc97372b706","properties":{"airport":"LFLL","name":"T","layer":"Labels","category":"Taxiways","object_type":"Label","style_id":"label.taxiways","source_group":"LFLL Taxiways","vsmr_group_ids":[],"geometry_role":"text_label","text-field":"T"},"geometry":{"type":"Point","coordinates":[5.085265556,45.713429444]}},{"type":"Feature","id":"LFLL-3668019402d5a8b1d7fe","properties":{"airport":"LFLL","name":"T","layer":"Labels","category":"Taxiways","object_type":"Label","style_id":"label.taxiways","source_group":"LFLL Taxiways","vsmr_group_ids":[],"geometry_role":"text_label","text-field":"T"},"geometry":{"type":"Point","coordinates":[5.0859575,45.711377222]}},{"type":"Feature","id":"LFLL-947d7f19bbc97372b706-2","properties":{"airport":"LFLL","name":"T","layer":"Labels","category":"Taxiways","object_type":"Label","style_id":"label.taxiways","source_group":"LFLL Taxiways","vsmr_group_ids":[],"geometry_role":"text_label","text-field":"T"},"geometry":{"type":"Point","coordinates":[5.085265556,45.713429444]}},{"type":"Feature","id":"LFLL-3668019402d5a8b1d7fe-2","properties":{"airport":"LFLL","name":"T","layer":"Labels","category":"Taxiways","object_type":"Label","style_id":"label.taxiways","source_group":"LFLL Taxiways","vsmr_group_ids":[],"geometry_role":"text_label","text-field":"T"},"geometry":{"type":"Point","coordinates":[5.0859575,45.711377222]}},{"type":"Feature","id":"LFLL-eb91b44e2754c672662a","properties":{"airport":"LFLL","name":"TN1","layer":"Labels","category":"Taxiways","object_type":"Label","style_id":"label.taxiways","source_group":"LFLL Taxiways","vsmr_group_ids":[],"geometry_role":"text_label","text-field":"TN1"},"geometry":{"type":"Point","coordinates":[5.082843333,45.730098889]}},{"type":"Feature","id":"LFLL-dcd26fe40973a8e1a57e","properties":{"airport":"LFLL","name":"TN2","layer":"Labels","category":"Taxiways","object_type":"Label","style_id":"label.taxiways","source_group":"LFLL Taxiways","vsmr_group_ids":[],"geometry_role":"text_label","text-field":"TN2"},"geometry":{"type":"Point","coordinates":[5.082968056,45.729227222]}},{"type":"Feature","id":"LFLL-bac6c7570c591153f843","properties":{"airport":"LFLL","name":"TN3","layer":"Labels","category":"Taxiways","object_type":"Label","style_id":"label.taxiways","source_group":"LFLL Taxiways","vsmr_group_ids":[],"geometry_role":"text_label","text-field":"TN3"},"geometry":{"type":"Point","coordinates":[5.083064722,45.728364444]}},{"type":"Feature","id":"LFLL-1575755dfe381d0f5174","properties":{"airport":"LFLL","name":"TB","layer":"Labels","category":"Taxiways","object_type":"Label","style_id":"label.taxiways","source_group":"LFLL Taxiways","vsmr_group_ids":[],"geometry_role":"text_label","text-field":"TB"},"geometry":{"type":"Point","coordinates":[5.083673889,45.723342778]}},{"type":"Feature","id":"LFLL-d6c4fb757d5cff45dcae","properties":{"airport":"LFLL","name":"TC","layer":"Labels","category":"Taxiways","object_type":"Label","style_id":"label.taxiways","source_group":"LFLL Taxiways","vsmr_group_ids":[],"geometry_role":"text_label","text-field":"TC"},"geometry":{"type":"Point","coordinates":[5.083715556,45.722571111]}},{"type":"Feature","id":"LFLL-af1896d84bfdaf86c956","properties":{"airport":"LFLL","name":"TD","layer":"Labels","category":"Taxiways","object_type":"Label","style_id":"label.taxiways","source_group":"LFLL Taxiways","vsmr_group_ids":[],"geometry_role":"text_label","text-field":"TD"},"geometry":{"type":"Point","coordinates":[5.083549444,45.719601667]}},{"type":"Feature","id":"LFLL-3ec6f3ea6aa9ffcffdf8","properties":{"airport":"LFLL","name":"K1","layer":"Labels","category":"Taxiways","object_type":"Label","style_id":"label.taxiways","source_group":"LFLL Taxiways","vsmr_group_ids":[],"geometry_role":"text_label","text-field":"K1"},"geometry":{"type":"Point","coordinates":[5.0842675,45.718854722]}},{"type":"Feature","id":"LFLL-a62433a3d4e9f1f8f4cb","properties":{"airport":"LFLL","name":"K3","layer":"Labels","category":"Taxiways","object_type":"Label","style_id":"label.taxiways","source_group":"LFLL Taxiways","vsmr_group_ids":[],"geometry_role":"text_label","text-field":"K3"},"geometry":{"type":"Point","coordinates":[5.084388611,45.718139722]}},{"type":"Feature","id":"LFLL-89753017307c55a9cdc9","properties":{"airport":"LFLL","name":"TL","layer":"Labels","category":"Taxiways","object_type":"Label","style_id":"label.taxiways","source_group":"LFLL Taxiways","vsmr_group_ids":[],"geometry_role":"text_label","text-field":"TL"},"geometry":{"type":"Point","coordinates":[5.084395278,45.716871111]}},{"type":"Feature","id":"LFLL-92d25ebd2328d998cbaf","properties":{"airport":"LFLL","name":"TL","layer":"Labels","category":"Taxiways","object_type":"Label","style_id":"label.taxiways","source_group":"LFLL Taxiways","vsmr_group_ids":[],"geometry_role":"text_label","text-field":"TL"},"geometry":{"type":"Point","coordinates":[5.082102222,45.716839167]}},{"type":"Feature","id":"LFLL-280f3893854e823e23bb","properties":{"airport":"LFLL","name":"TJ","layer":"Labels","category":"Taxiways","object_type":"Label","style_id":"label.taxiways","source_group":"LFLL Taxiways","vsmr_group_ids":[],"geometry_role":"text_label","text-field":"TJ"},"geometry":{"type":"Point","coordinates":[5.084155278,45.714114167]}},{"type":"Feature","id":"LFLL-87f894552829136eaefb","properties":{"airport":"LFLL","name":"TJ","layer":"Labels","category":"Taxiways","object_type":"Label","style_id":"label.taxiways","source_group":"LFLL Taxiways","vsmr_group_ids":[],"geometry_role":"text_label","text-field":"TJ"},"geometry":{"type":"Point","coordinates":[5.081620278,45.714291389]}},{"type":"Feature","id":"LFLL-0d23642010e1b9ecdaaa","properties":{"airport":"LFLL","name":"R1","layer":"Labels","category":"Taxiways","object_type":"Label","style_id":"label.taxiways","source_group":"LFLL Taxiways","vsmr_group_ids":[],"geometry_role":"text_label","text-field":"R1"},"geometry":{"type":"Point","coordinates":[5.082881111,45.72111]}},{"type":"Feature","id":"LFLL-ae2a2d74bf9593d8416e","properties":{"airport":"LFLL","name":"R2","layer":"Labels","category":"Taxiways","object_type":"Label","style_id":"label.taxiways","source_group":"LFLL Taxiways","vsmr_group_ids":[],"geometry_role":"text_label","text-field":"R2"},"geometry":{"type":"Point","coordinates":[5.081777778,45.7184425]}},{"type":"Feature","id":"LFLL-2eb30d005d7d773fe313","properties":{"airport":"LFLL","name":"R3","layer":"Labels","category":"Taxiways","object_type":"Label","style_id":"label.taxiways","source_group":"LFLL Taxiways","vsmr_group_ids":[],"geometry_role":"text_label","text-field":"R3"},"geometry":{"type":"Point","coordinates":[5.080263611,45.715746667]}},{"type":"Feature","id":"LFLL-470edcf6eab990de023c","properties":{"airport":"LFLL","name":"R4","layer":"Labels","category":"Taxiways","object_type":"Label","style_id":"label.taxiways","source_group":"LFLL Taxiways","vsmr_group_ids":[],"geometry_role":"text_label","text-field":"R4"},"geometry":{"type":"Point","coordinates":[5.078662778,45.714483889]}},{"type":"Feature","id":"LFLL-8d2a05bd9c8dcb070965","properties":{"airport":"LFLL","name":"TM","layer":"Labels","category":"Taxiways","object_type":"Label","style_id":"label.taxiways","source_group":"LFLL Taxiways","vsmr_group_ids":[],"geometry_role":"text_label","text-field":"TM"},"geometry":{"type":"Point","coordinates":[5.086476111,45.710496389]}},{"type":"Feature","id":"LFLL-689b1ebe1d04d23ab812","properties":{"airport":"LFLL","name":"TM","layer":"Labels","category":"Taxiways","object_type":"Label","style_id":"label.taxiways","source_group":"LFLL Taxiways","vsmr_group_ids":[],"geometry_role":"text_label","text-field":"TM"},"geometry":{"type":"Point","coordinates":[5.086091944,45.708038611]}},{"type":"Feature","id":"LFLL-5a18acf241fd75d14f0b","properties":{"airport":"LFLL","name":"TM","layer":"Labels","category":"Taxiways","object_type":"Label","style_id":"label.taxiways","source_group":"LFLL Taxiways","vsmr_group_ids":[],"geometry_role":"text_label","text-field":"TM"},"geometry":{"type":"Point","coordinates":[5.085956667,45.706265]}},{"type":"Feature","id":"LFLL-72a3fe490c5dce297f26","properties":{"airport":"LFLL","name":"T3","layer":"Labels","category":"Taxiways","object_type":"Label","style_id":"label.taxiways","source_group":"LFLL Taxiways","vsmr_group_ids":[],"geometry_role":"text_label","text-field":"T3"},"geometry":{"type":"Point","coordinates":[5.083711389,45.73059]}},{"type":"Feature","id":"LFLL-2d95767c8ffd9d2b7c02","properties":{"airport":"LFLL","name":"T4","layer":"Labels","category":"Taxiways","object_type":"Label","style_id":"label.taxiways","source_group":"LFLL Taxiways","vsmr_group_ids":[],"geometry_role":"text_label","text-field":"T4"},"geometry":{"type":"Point","coordinates":[5.084208889,45.725851111]}},{"type":"Feature","id":"LFLL-36b8768303a2938ac246","properties":{"airport":"LFLL","name":"T5","layer":"Labels","category":"Taxiways","object_type":"Label","style_id":"label.taxiways","source_group":"LFLL Taxiways","vsmr_group_ids":[],"geometry_role":"text_label","text-field":"T5"},"geometry":{"type":"Point","coordinates":[5.08449,45.723935556]}},{"type":"Feature","id":"LFLL-d61c5c97e49fdac2f668","properties":{"airport":"LFLL","name":"T6","layer":"Labels","category":"Taxiways","object_type":"Label","style_id":"label.taxiways","source_group":"LFLL Taxiways","vsmr_group_ids":[],"geometry_role":"text_label","text-field":"T6"},"geometry":{"type":"Point","coordinates":[5.085604722,45.714687222]}},{"type":"Feature","id":"LFLL-ce9f094b266c08678523","properties":{"airport":"LFLL","name":"A6","layer":"Labels","category":"Taxiways","object_type":"Label","style_id":"label.taxiways","source_group":"LFLL Taxiways","vsmr_group_ids":[],"geometry_role":"text_label","text-field":"A6"},"geometry":{"type":"Point","coordinates":[5.085344167,45.719795833]}},{"type":"Feature","id":"LFLL-6344f9dfa8c2c9baa931","properties":{"airport":"LFLL","name":"A8","layer":"Labels","category":"Taxiways","object_type":"Label","style_id":"label.taxiways","source_group":"LFLL Taxiways","vsmr_group_ids":[],"geometry_role":"text_label","text-field":"A8"},"geometry":{"type":"Point","coordinates":[5.085831667,45.715601944]}},{"type":"Feature","id":"LFLL-58dcff0423307fe56b08","properties":{"airport":"LFLL","name":"S6-N","layer":"Labels","category":"Taxiways","object_type":"Label","style_id":"label.taxiways","source_group":"LFLL Taxiways","vsmr_group_ids":[],"geometry_role":"text_label","text-field":"S6-N"},"geometry":{"type":"Point","coordinates":[5.086325556,45.718936944]}},{"type":"Feature","id":"LFLL-3400be4ce91a007def80","properties":{"airport":"LFLL","name":"S6-S","layer":"Labels","category":"Taxiways","object_type":"Label","style_id":"label.taxiways","source_group":"LFLL Taxiways","vsmr_group_ids":[],"geometry_role":"text_label","text-field":"S6-S"},"geometry":{"type":"Point","coordinates":[5.086613611,45.716583056]}}]}
