{"type":"FeatureCollection","name":"LFLY AVISO","bbox":[4.934325,45.717701944,4.950228056,45.738321389],"metadata":{"schema":"vSMR AVISO","schema_version":2,"geometry_mode":"shared","airport":"LFLY","coordinate_reference_system":"WGS84","coordinate_order":"longitude, latitude","default_color_palette":"dark","color_palettes":["dark","light"],"background_colors":{"dark":"#434A4F","light":"#434A4F"},"runways":[{"ends":["16","34"],"headings":[162,342],"thresholds":[[4.942038889,45.732421944],[4.946516944,45.721902778]]}],"saved_active_runways":[],"saved_active_airport_modes":[],"airport_reference":[4.938888889,45.729443889],"feature_count":178,"style_count":13,"layer_counts":{"Airfield surfaces":18,"Buildings and structures":17,"Guidance lines":3,"Labels":134,"Surface markings":5,"Terrain":1},"category_counts":{"Buildings":17,"Gates":101,"Grass":1,"Grass runways":2,"Hard Surface 2":3,"Hard Surface 3":4,"Hard Surface 4":7,"Runway Border":1,"Runways":2,"Stopbars":5,"Taxiway Orange":1,"Taxiways":34},"geometry_source":"local GNG","geometry_source_url":"","geometry_license":"GPL-3.0"},"styles":{"polygon.grassurface.00512f":{"name":"Grass","layer":"Terrain","object_type":"Area","paint":{"fill":"#010D19","fill-opacity":1,"palette-overrides":{"light":{"fill":"#00512F"}}},"feature_count":1},"polygon.runwaygrass.008000":{"name":"Grass runways","layer":"Airfield surfaces","object_type":"Area","paint":{"fill":"#859A77","fill-opacity":1,"palette-overrides":{"light":{"fill":"#008000"}}},"feature_count":2},"polygon.hardsurface4.969393":{"name":"Hard Surface 4","layer":"Airfield surfaces","object_type":"Area","paint":{"fill":"#152841","fill-opacity":1,"palette-overrides":{"light":{"fill":"#969393"}}},"feature_count":7},"polygon.hardsurface3.8a807f":{"name":"Hard Surface 3","layer":"Airfield surfaces","object_type":"Area","paint":{"fill":"#222D3C","fill-opacity":1,"palette-overrides":{"light":{"fill":"#8A807F"}}},"feature_count":4},"polygon.hardsurface2.595e5b":{"name":"Hard Surface 2","layer":"Airfield surfaces","object_type":"Area","paint":{"fill":"#2F3949","fill-opacity":1,"palette-overrides":{"light":{"fill":"#595E5B"}}},"feature_count":3},"polygon.runwayconcrete.555555":{"name":"Runways","layer":"Airfield surfaces","object_type":"Area","paint":{"fill":"#111318","fill-opacity":1,"palette-overrides":{"light":{"fill":"#555555"}}},"feature_count":2},"polygon.building.394446":{"name":"Buildings","layer":"Buildings and structures","object_type":"Area","paint":{"fill":"#475570","fill-opacity":1,"palette-overrides":{"light":{"fill":"#394446"}}},"feature_count":17},"polygon.stopbar.7e0000":{"name":"Stopbars","layer":"Surface markings","object_type":"Area","paint":{"fill":"#7E0000","fill-opacity":1,"palette-overrides":{"light":{"fill":"#7E0000"}}},"feature_count":5},"line.runwayborder.808080":{"name":"Runway Border","layer":"Guidance lines","object_type":"Line","paint":{"stroke":"#808080","stroke-opacity":1,"stroke-width":1,"palette-overrides":{"light":{"stroke":"#808080"}}},"feature_count":1},"line.taxiway.c0b631":{"name":"Taxiways","layer":"Guidance lines","object_type":"Line","paint":{"stroke":"#4E5A69","stroke-opacity":1,"stroke-width":1,"palette-overrides":{"light":{"stroke":"#C0B631"}}},"feature_count":1},"line.taxiwayorange.cc6d00":{"name":"Taxiway Orange","layer":"Guidance lines","object_type":"Line","paint":{"stroke":"#CC8B00","stroke-opacity":1,"stroke-width":1,"palette-overrides":{"light":{"stroke":"#CC6D00"}}},"feature_count":1},"label.gates":{"name":"Gates","layer":"Labels","object_type":"Label","paint":{"text-color":"#CCCCCC","text-font":"Arial","text-size":12,"text-halo-color":"#000000","text-halo-width":1,"text-anchor":"center","zoomLevel":9},"feature_count":101},"label.taxiways":{"name":"Taxiways","layer":"Labels","object_type":"Label","paint":{"text-color":"#CCCCCC","text-font":"Arial","text-size":12,"text-halo-color":"#000000","text-halo-width":1,"text-anchor":"center","zoomLevel":7},"feature_count":33}},"vsmr_groups":[],"features":[{"type":"Feature","id":"LFLY-daf34b41ef2136c59057","properties":{"airport":"LFLY","name":"LFLY AVISO","layer":"Terrain","category":"Grass","object_type":"Area","style_id":"polygon.grassurface.00512f","source_group":"LFLY AVISO","vsmr_group_ids":[],"geometry_role":"filled_region"},"geometry":{"type":"Polygon","coordinates":[[[4.942149722,45.738321389],[4.939356667,45.737724444],[4.939193611,45.737688333],[4.939065278,45.737666389],[4.93892,45.737650278],[4.938784167,45.737643611],[4.938615833,45.737649444],[4.938436667,45.737671667],[4.938253611,45.737714722],[4.9380925,45.737769722],[4.937933889,45.737833889],[4.937747222,45.7379125],[4.937677778,45.73794],[4.938253611,45.736601667],[4.934580833,45.735964444],[4.935696389,45.733347222],[4.935697778,45.733323056],[4.935428333,45.733264722],[4.935288611,45.733228611],[4.935195,45.733185278],[4.935095556,45.733143056],[4.9350075,45.733077778],[4.934928333,45.733005278],[4.934878333,45.732937778],[4.934836111,45.732872778],[4.934807222,45.732794444],[4.9348,45.7327125],[4.934795,45.7326325],[4.934806667,45.732561111],[4.934823611,45.732499444],[4.934849167,45.732433056],[4.934876944,45.732372778],[4.934325,45.732272222],[4.934363056,45.732127222],[4.934565556,45.73158],[4.935081111,45.730361944],[4.935050833,45.730351944],[4.9351325,45.730159722],[4.935042778,45.730141111],[4.9350675,45.730073333],[4.935103889,45.729990278],[4.935118889,45.729971944],[4.935138333,45.729956389],[4.93521,45.729931667],[4.935376111,45.729885833],[4.935463333,45.729865833],[4.935568611,45.7298525],[4.9356575,45.729849722],[4.935751667,45.7298525],[4.935840833,45.7298625],[4.935962222,45.729883056],[4.936115,45.729913333],[4.936917778,45.730079444],[4.937060556,45.730109444],[4.937171389,45.730126944],[4.937303889,45.730123056],[4.937372778,45.7301175],[4.937487222,45.730090556],[4.937616111,45.730034444],[4.9376875,45.729978333],[4.937772778,45.729913333],[4.937823333,45.729849722],[4.937854167,45.729801667],[4.937876667,45.729754722],[4.937891944,45.729705556],[4.938136944,45.728238056],[4.938172778,45.728035278],[4.938195833,45.727925556],[4.938218889,45.727821111],[4.938243611,45.727732778],[4.938285278,45.727633889],[4.938881111,45.726271389],[4.939020278,45.7259525],[4.939055556,45.725906944],[4.939093333,45.725866667],[4.939143056,45.725828333],[4.9391875,45.7257875],[4.939236944,45.725737222],[4.939271111,45.725686111],[4.939308889,45.725619722],[4.939768333,45.724540556],[4.940295,45.723248889],[4.940362778,45.723089444],[4.9404275,45.722982778],[4.940479444,45.722938889],[4.940622778,45.722887222],[4.941645,45.722548333],[4.941851389,45.722394167],[4.943003611,45.720906389],[4.942944167,45.720626944],[4.9433,45.719789722],[4.943926944,45.718302222],[4.944229722,45.718192778],[4.944528889,45.718083889],[4.944885,45.717989722],[4.945255833,45.717895556],[4.945719444,45.717808611],[4.946288889,45.717739167],[4.946765556,45.717704722],[4.947235833,45.717701944],[4.9476125,45.717715278],[4.948093333,45.717755278],[4.948593056,45.717823056],[4.949045833,45.717899722],[4.94937,45.717955],[4.949400556,45.717966111],[4.949445556,45.7180025],[4.949567778,45.718143056],[4.949564167,45.718309722],[4.949636111,45.718460278],[4.949891111,45.718644722],[4.9500275,45.718804167],[4.950228056,45.7192925],[4.942149722,45.738321389]]]}},{"type":"Feature","id":"LFLY-e29d7c00e3c30c772d8e","properties":{"airport":"LFLY","name":"LFLY AVISO","layer":"Airfield surfaces","category":"Grass runways","object_type":"Area","style_id":"polygon.runwaygrass.008000","source_group":"LFLY AVISO","vsmr_group_ids":[],"geometry_role":"filled_region"},"geometry":{"type":"Polygon","coordinates":[[[4.940269722,45.727415],[4.940598611,45.727086111],[4.941187222,45.726904722],[4.9416025,45.726939444],[4.940815278,45.728746389],[4.940405833,45.729091389],[4.939836944,45.729284444],[4.939709167,45.729147222],[4.940269722,45.727415]]]}},{"type":"Feature","id":"LFLY-db0c0feb0c9c21a0e8df","properties":{"airport":"LFLY","name":"LFLY AVISO","layer":"Airfield surfaces","category":"Grass runways","object_type":"Area","style_id":"polygon.runwaygrass.008000","source_group":"LFLY AVISO","vsmr_group_ids":[],"geometry_role":"filled_region"},"geometry":{"type":"Polygon","coordinates":[[[4.944929722,45.727910556],[4.945314167,45.727986111],[4.944483611,45.730004444],[4.944068056,45.729921667],[4.944929722,45.727910556]]]}},{"type":"Feature","id":"LFLY-cfbf9b9cec8098a73777","properties":{"airport":"LFLY","name":"LFLY AVISO","layer":"Airfield surfaces","category":"Hard Surface 4","object_type":"Area","style_id":"polygon.hardsurface4.969393","source_group":"LFLY AVISO","vsmr_group_ids":[],"geometry_role":"filled_region"},"geometry":{"type":"Polygon","coordinates":[[[4.940112778,45.737681667],[4.939548889,45.737561944],[4.940654722,45.734958056],[4.941218611,45.735075],[4.940112778,45.737681667]]]}},{"type":"Feature","id":"LFLY-3d788ccc0f91726570ad","properties":{"airport":"LFLY","name":"LFLY AVISO","layer":"Airfield surfaces","category":"Hard Surface 4","object_type":"Area","style_id":"polygon.hardsurface4.969393","source_group":"LFLY AVISO","vsmr_group_ids":[],"geometry_role":"filled_region"},"geometry":{"type":"Polygon","coordinates":[[[4.939331667,45.727566389],[4.939301389,45.727700833],[4.9389825,45.72846],[4.939046667,45.72884],[4.9390525,45.728858889],[4.9390675,45.728888056],[4.939089444,45.728926944],[4.939128333,45.728975833],[4.939174444,45.729028889],[4.939233333,45.729096389],[4.939274444,45.729146389],[4.939337778,45.729187778],[4.939320556,45.729356944],[4.939215833,45.729449722],[4.939098611,45.729717222],[4.938922222,45.729785556],[4.938506389,45.729791111],[4.938185,45.730502778],[4.938031944,45.730606667],[4.937464722,45.732003056],[4.938188056,45.732173056],[4.937921389,45.7328175],[4.937803889,45.732789722],[4.938034444,45.732239444],[4.937072778,45.732022222],[4.937158333,45.731823889],[4.937546389,45.731475556],[4.937923333,45.7305875],[4.938234167,45.729917778],[4.9381475,45.729778056],[4.9381725,45.729530278],[4.938843611,45.729554722],[4.938836389,45.729674167],[4.93884,45.729688333],[4.938854444,45.729701667],[4.9388825,45.729709444],[4.938913056,45.729708889],[4.938945833,45.729701944],[4.938976389,45.729691389],[4.938998333,45.729672222],[4.939015,45.729644444],[4.939075556,45.729479444],[4.938966667,45.729470833],[4.938975556,45.729268333],[4.939086111,45.729270278],[4.939180833,45.729224722],[4.939116944,45.729143889],[4.939164167,45.729120556],[4.939103333,45.7290425],[4.939034167,45.728979722],[4.9388825,45.728866667],[4.938903333,45.728672778],[4.938826111,45.728493611],[4.938981111,45.728127222],[4.939033889,45.72802],[4.939099444,45.727856944],[4.939161667,45.7276775],[4.939547222,45.726787778],[4.939586667,45.726768611],[4.939680556,45.726546944],[4.939685556,45.726502778],[4.939676389,45.726491667],[4.939660278,45.726483889],[4.939626389,45.726475833],[4.939730556,45.725736389],[4.939853611,45.725446389],[4.940450556,45.724679722],[4.940533611,45.724697222],[4.939331667,45.727566389]]]}},{"type":"Feature","id":"LFLY-0d0118949ecea6e6833c","properties":{"airport":"LFLY","name":"LFLY AVISO","layer":"Airfield surfaces","category":"Hard Surface 4","object_type":"Area","style_id":"polygon.hardsurface4.969393","source_group":"LFLY AVISO","vsmr_group_ids":[],"geometry_role":"filled_region"},"geometry":{"type":"Polygon","coordinates":[[[4.936167222,45.732861389],[4.935875,45.732943611],[4.935459444,45.732763889],[4.935471667,45.732385556],[4.935718611,45.731880833],[4.935978056,45.731952778],[4.936035556,45.731965],[4.935782222,45.732584722],[4.935785556,45.732606389],[4.935798056,45.732626111],[4.935821944,45.732643056],[4.935856389,45.732654167],[4.9361575,45.732730556],[4.936224722,45.732743333],[4.936167222,45.732861389]]]}},{"type":"Feature","id":"LFLY-1e51cff47dd635d79634","properties":{"airport":"LFLY","name":"LFLY AVISO","layer":"Airfield surfaces","category":"Hard Surface 4","object_type":"Area","style_id":"polygon.hardsurface4.969393","source_group":"LFLY AVISO","vsmr_group_ids":[],"geometry_role":"filled_region"},"geometry":{"type":"Polygon","coordinates":[[[4.940956111,45.726296111],[4.941047222,45.726316667],[4.941033056,45.726355833],[4.941071389,45.726364167],[4.941023333,45.7264825],[4.940894444,45.726455278],[4.940956111,45.726296111]]]}},{"type":"Feature","id":"LFLY-fbe443e4272affced434","properties":{"airport":"LFLY","name":"LFLY AVISO","layer":"Airfield surfaces","category":"Hard Surface 4","object_type":"Area","style_id":"polygon.hardsurface4.969393","source_group":"LFLY AVISO","vsmr_group_ids":[],"geometry_role":"filled_region"},"geometry":{"type":"Polygon","coordinates":[[[4.938056944,45.733523889],[4.937944444,45.733769167],[4.937598056,45.733687778],[4.937475833,45.7334025],[4.938056944,45.733523889]]]}},{"type":"Feature","id":"LFLY-b73e962da9ffa5c7fb01","properties":{"airport":"LFLY","name":"LFLY AVISO","layer":"Airfield surfaces","category":"Hard Surface 4","object_type":"Area","style_id":"polygon.hardsurface4.969393","source_group":"LFLY AVISO","vsmr_group_ids":[],"geometry_role":"filled_region"},"geometry":{"type":"Polygon","coordinates":[[[4.937956389,45.734425],[4.937711111,45.734562778],[4.937709722,45.734548611],[4.937706667,45.734535833],[4.937699722,45.734526389],[4.937688333,45.734518333],[4.9376725,45.734512778],[4.9376575,45.734513611],[4.937642222,45.734516944],[4.937627778,45.734529444],[4.937543333,45.734619444],[4.937488889,45.73478],[4.937484444,45.734951111],[4.937490278,45.734963056],[4.937505278,45.734974167],[4.937521944,45.734979167],[4.937537778,45.734979167],[4.937552222,45.734975556],[4.937565556,45.734966944],[4.937573611,45.734957222],[4.937705278,45.735100278],[4.9374675,45.735056944],[4.937430833,45.735048889],[4.937398611,45.735035],[4.937369722,45.735017222],[4.937352222,45.734998333],[4.937340833,45.734976944],[4.937331944,45.734958333],[4.937331944,45.734938889],[4.937335833,45.734914444],[4.937461667,45.734543056],[4.937478056,45.734513056],[4.937508056,45.734485556],[4.937553611,45.734459722],[4.937709722,45.734388611],[4.937956389,45.734425]]]}},{"type":"Feature","id":"LFLY-2f50821b60f8afb80907","properties":{"airport":"LFLY","name":"LFLY AVISO","layer":"Airfield surfaces","category":"Hard Surface 4","object_type":"Area","style_id":"polygon.hardsurface4.969393","source_group":"LFLY AVISO","vsmr_group_ids":[],"geometry_role":"filled_region"},"geometry":{"type":"Polygon","coordinates":[[[4.937713889,45.734531111],[4.937956944,45.734420833],[4.93772,45.735102778],[4.937537222,45.735070278],[4.937713889,45.734531111]]]}},{"type":"Feature","id":"LFLY-096c2b0d637f21950c49","properties":{"airport":"LFLY","name":"LFLY AVISO","layer":"Airfield surfaces","category":"Hard Surface 3","object_type":"Area","style_id":"polygon.hardsurface3.8a807f","source_group":"LFLY AVISO","vsmr_group_ids":[],"geometry_role":"filled_region"},"geometry":{"type":"Polygon","coordinates":[[[4.941196389,45.726057778],[4.941164444,45.726052222],[4.941116389,45.726050833],[4.941071389,45.726055],[4.941018611,45.726066944],[4.940966389,45.726086389],[4.940928333,45.726112222],[4.940903333,45.726154167],[4.940875556,45.726204444],[4.940852222,45.726260278],[4.940963611,45.726284444],[4.940895833,45.726456111],[4.940780556,45.726431944],[4.940621111,45.726825278],[4.94063,45.726846667],[4.940644722,45.726865833],[4.940669722,45.726884722],[4.940696389,45.726896389],[4.940730833,45.726902222],[4.940751111,45.726904167],[4.940791667,45.727044722],[4.940768611,45.727055],[4.940715,45.727080278],[4.940654167,45.727112778],[4.940562778,45.727173056],[4.940489167,45.727233889],[4.940413056,45.7273075],[4.940385278,45.727346389],[4.940351111,45.727419167],[4.940276667,45.727581944],[4.940198056,45.7277775],[4.940136389,45.727929167],[4.939996389,45.728355278],[4.939760278,45.729058056],[4.939753611,45.729080833],[4.939749722,45.729105],[4.939748056,45.729138889],[4.939757222,45.729171944],[4.9397725,45.729199167],[4.939796111,45.729218889],[4.939825278,45.729236944],[4.939859444,45.729251389],[4.939877778,45.729245],[4.939910556,45.729232778],[4.939957222,45.729214722],[4.940002778,45.729196944],[4.938248611,45.733399167],[4.935844444,45.732898056],[4.935911389,45.732901944],[4.935968889,45.732898056],[4.936031111,45.7328875],[4.936080833,45.732869167],[4.93612,45.732848889],[4.936154444,45.732824722],[4.936186667,45.732789444],[4.936211111,45.7327475],[4.936279444,45.732583889],[4.9360825,45.732504722],[4.936136944,45.732419444],[4.937906389,45.732790556],[4.938151389,45.732215278],[4.938150556,45.732201111],[4.938143611,45.732190278],[4.938131667,45.732181944],[4.938111667,45.732175556],[4.937505556,45.732047778],[4.937480556,45.732034722],[4.937458889,45.732018889],[4.937441111,45.731996389],[4.937433889,45.731973333],[4.937436389,45.731948611],[4.938008611,45.730626944],[4.938020278,45.730604444],[4.938031111,45.7305875],[4.938049444,45.730570833],[4.938073611,45.730553333],[4.938113333,45.730529167],[4.938143333,45.73051],[4.938164722,45.730489722],[4.938178889,45.730467778],[4.938190556,45.730445],[4.938452778,45.729832222],[4.938465833,45.729808056],[4.938480556,45.729788056],[4.9384975,45.729773056],[4.938519722,45.729761111],[4.938548056,45.729753611],[4.938576667,45.729751389],[4.938612778,45.729751944],[4.938847222,45.729768333],[4.938896389,45.729769722],[4.938933056,45.729767778],[4.938972222,45.729760833],[4.9390075,45.729748889],[4.939038333,45.729733889],[4.939063611,45.729717222],[4.939082778,45.7296975],[4.939098056,45.729675556],[4.939110556,45.729648333],[4.939182222,45.729473889],[4.939191389,45.729453333],[4.939204722,45.729433611],[4.939216389,45.729417222],[4.939233056,45.729402778],[4.93927,45.729373611],[4.939296667,45.729348056],[4.9393125,45.729325278],[4.939321667,45.729300833],[4.939326667,45.729276111],[4.939326111,45.729247222],[4.939321667,45.729219444],[4.939311667,45.729194722],[4.939293333,45.729168611],[4.939271944,45.729143333],[4.939531944,45.729181111],[4.939809444,45.728357222],[4.939826389,45.728305],[4.939836944,45.728252778],[4.939845,45.728206111],[4.939847222,45.728166111],[4.939846111,45.728121389],[4.939837222,45.728082222],[4.939821389,45.728044722],[4.939794722,45.727995833],[4.9397625,45.727954444],[4.939725278,45.727919167],[4.939679167,45.7278825],[4.939622222,45.727845278],[4.939568889,45.727815],[4.939526111,45.727798333],[4.939481111,45.727787778],[4.939063056,45.728755278],[4.939049722,45.728805833],[4.939046667,45.728843333],[4.938969167,45.728499444],[4.938965278,45.7284675],[4.938966111,45.728438056],[4.938977778,45.728408056],[4.939278889,45.727701667],[4.939306389,45.727568056],[4.940522778,45.724694444],[4.9406975,45.724726389],[4.940320833,45.725616389],[4.940316111,45.725635278],[4.940318333,45.725658889],[4.940325278,45.7256825],[4.940335278,45.725696667],[4.940356111,45.725710556],[4.940386667,45.725718611],[4.940841111,45.725815833],[4.940863889,45.725825556],[4.940886111,45.725841389],[4.940910833,45.725857778],[4.940936667,45.725868889],[4.941249167,45.725935],[4.941196389,45.726057778]]]}},{"type":"Feature","id":"LFLY-e7b709c8bab322c1f750","properties":{"airport":"LFLY","name":"LFLY AVISO","layer":"Airfield surfaces","category":"Hard Surface 3","object_type":"Area","style_id":"polygon.hardsurface3.8a807f","source_group":"LFLY AVISO","vsmr_group_ids":[],"geometry_role":"filled_region"},"geometry":{"type":"Polygon","coordinates":[[[4.935270556,45.731663611],[4.9345975,45.731525278],[4.9347675,45.731115556],[4.935397778,45.73125],[4.935935278,45.729994444],[4.936814167,45.730177222],[4.936540833,45.730822778],[4.93701,45.730930556],[4.936896944,45.731208333],[4.936325,45.731085556],[4.936530556,45.730478889],[4.9359075,45.730364722],[4.935270556,45.731663611]]]}},{"type":"Feature","id":"LFLY-8cc758bc9013b2eb60d1","properties":{"airport":"LFLY","name":"LFLY AVISO","layer":"Airfield surfaces","category":"Hard Surface 3","object_type":"Area","style_id":"polygon.hardsurface3.8a807f","source_group":"LFLY AVISO","vsmr_group_ids":[],"geometry_role":"filled_region"},"geometry":{"type":"Polygon","coordinates":[[[4.940743056,45.723978889],[4.9411725,45.724066389],[4.941103611,45.724226389],[4.940678056,45.724137222],[4.940743056,45.723978889]]]}},{"type":"Feature","id":"LFLY-dd6860c7f37768287096","properties":{"airport":"LFLY","name":"LFLY AVISO","layer":"Airfield surfaces","category":"Hard Surface 3","object_type":"Area","style_id":"polygon.hardsurface3.8a807f","source_group":"LFLY AVISO","vsmr_group_ids":[],"geometry_role":"filled_region"},"geometry":{"type":"Polygon","coordinates":[[[4.941204167,45.722933333],[4.941516389,45.723005556],[4.94114,45.723903889],[4.940798333,45.7238325],[4.941204167,45.722933333]]]}},{"type":"Feature","id":"LFLY-0097cae62ebed856bfeb","properties":{"airport":"LFLY","name":"LFLY AVISO","layer":"Airfield surfaces","category":"Hard Surface 2","object_type":"Area","style_id":"polygon.hardsurface2.595e5b","source_group":"LFLY AVISO","vsmr_group_ids":[],"geometry_role":"filled_region"},"geometry":{"type":"Polygon","coordinates":[[[4.939874167,45.734314444],[4.939838611,45.7344425],[4.938553056,45.734246944],[4.938487778,45.734238056],[4.938437222,45.734232778],[4.938391944,45.734228333],[4.938345,45.734229167],[4.938287778,45.734233889],[4.938236667,45.734244722],[4.938179167,45.734259444],[4.938136111,45.734274444],[4.938093333,45.734293056],[4.938055556,45.734316667],[4.938020278,45.734349722],[4.937989722,45.734383889],[4.937955833,45.734426111],[4.937707222,45.73439],[4.937928333,45.733863611],[4.937938333,45.733759722],[4.938031667,45.733540833],[4.937913611,45.733503333],[4.937525833,45.733421944],[4.93723,45.733354722],[4.935563611,45.733004722],[4.935500556,45.732991111],[4.935454444,45.732977222],[4.935419444,45.732966667],[4.935389722,45.732953889],[4.935366389,45.732939167],[4.935342778,45.732922778],[4.935316111,45.7329025],[4.935289722,45.732876667],[4.935259167,45.732846944],[4.935235,45.732813056],[4.935198889,45.732760833],[4.935180833,45.732720833],[4.935173333,45.732679722],[4.935174167,45.732649167],[4.935181667,45.732609167],[4.935463611,45.731943056],[4.935471111,45.731924167],[4.935472222,45.731906389],[4.935472222,45.731885],[4.9354675,45.731860556],[4.935460833,45.731831667],[4.93545,45.731804722],[4.935436389,45.731778333],[4.935420833,45.731756389],[4.935399167,45.731735278],[4.935374167,45.731713889],[4.935343611,45.731695],[4.935310556,45.73168],[4.935284444,45.731669167],[4.935259444,45.731661389],[4.935793611,45.730407222],[4.935810556,45.730376389],[4.935839722,45.730347222],[4.935870278,45.730322778],[4.935898333,45.7303125],[4.935933889,45.730301944],[4.935975,45.730295],[4.9360125,45.730294722],[4.936049444,45.730295],[4.936089167,45.7303025],[4.936470556,45.730382778],[4.936499722,45.730391111],[4.936528056,45.730405],[4.936554444,45.730418333],[4.9365775,45.730436389],[4.936596111,45.730456389],[4.936613056,45.730483056],[4.936621389,45.730512222],[4.936624444,45.730538611],[4.936617778,45.730561944],[4.936603056,45.7305975],[4.936389444,45.7311],[4.936356667,45.731093611],[4.935980278,45.731955],[4.935843889,45.731926667],[4.935821944,45.731924167],[4.935801111,45.731925],[4.935779444,45.7319275],[4.935753333,45.731933611],[4.935728889,45.731944167],[4.935712778,45.731955],[4.935700833,45.731969167],[4.935690556,45.731986667],[4.935531389,45.732356389],[4.935476667,45.732606944],[4.935475,45.732656111],[4.935479722,45.732689444],[4.935498889,45.732723056],[4.935523611,45.732751111],[4.935553333,45.73278],[4.935594444,45.732806111],[4.935631667,45.732825833],[4.935661389,45.732837222],[4.935844722,45.732895],[4.938224722,45.733383056],[4.938426389,45.732913611],[4.938518056,45.732705833],[4.938780556,45.732075556],[4.938891667,45.731815],[4.939685556,45.729944167],[4.939850556,45.729553056],[4.940000278,45.729196667],[4.940205278,45.729130278],[4.9403075,45.729092222],[4.940384722,45.729061389],[4.940441111,45.729033056],[4.940484167,45.729008611],[4.940523333,45.728984722],[4.940559444,45.728960833],[4.940601667,45.728928333],[4.940654444,45.728885833],[4.940706389,45.728833333],[4.940741667,45.728791389],[4.940778333,45.728738889],[4.940821389,45.728671389],[4.940850278,45.728618333],[4.940873056,45.728564722],[4.941481111,45.727129722],[4.941496111,45.727095556],[4.941501389,45.727064722],[4.941498889,45.727032778],[4.941488333,45.727003889],[4.941468611,45.726981667],[4.941431944,45.726957778],[4.941386389,45.726936667],[4.941323333,45.726929722],[4.941225556,45.726933889],[4.941115833,45.726950556],[4.941041667,45.726965],[4.940941389,45.72699],[4.940845556,45.727021944],[4.940787778,45.727046667],[4.940745,45.726903889],[4.940778889,45.726903889],[4.940827222,45.72689],[4.940983333,45.726845833],[4.941126111,45.726810833],[4.941229167,45.726779722],[4.941317778,45.726743056],[4.941394444,45.726704444],[4.941485556,45.726651944],[4.941557222,45.726605],[4.941616111,45.726554722],[4.941678611,45.726497778],[4.941724722,45.726450833],[4.941765556,45.726399444],[4.941786667,45.726365278],[4.941795833,45.726331389],[4.941793056,45.726295556],[4.9417825,45.726255],[4.941755,45.72622],[4.941718056,45.726187778],[4.941675833,45.726163056],[4.941615278,45.726144722],[4.941246389,45.726064722],[4.941195278,45.726056111],[4.9412475,45.725934444],[4.941515556,45.72599],[4.941656389,45.726020556],[4.9417175,45.726032778],[4.941768611,45.726035556],[4.941821389,45.726030556],[4.941868056,45.726018056],[4.941910556,45.725998611],[4.941943889,45.7259725],[4.9419925,45.725918889],[4.942008056,45.725897222],[4.942740556,45.724165],[4.942804444,45.724022222],[4.942848333,45.723935556],[4.942907778,45.723836667],[4.942963056,45.723764444],[4.943031944,45.723689722],[4.943103056,45.723628056],[4.943251389,45.723518889],[4.943365,45.723437222],[4.943471389,45.723354167],[4.943549444,45.723263611],[4.943608056,45.723184444],[4.9436675,45.723077222],[4.943751389,45.722878889],[4.945042778,45.7198475],[4.945113889,45.719673611],[4.945176944,45.719543889],[4.945239722,45.719438889],[4.945335278,45.719333889],[4.945422778,45.719265278],[4.945510278,45.719206111],[4.945593889,45.719165833],[4.945696944,45.719124167],[4.9458125,45.7190875],[4.945944444,45.7190625],[4.946067222,45.719051111],[4.946175556,45.719044722],[4.946274444,45.719049167],[4.946355833,45.7190575],[4.946408889,45.719066111],[4.946341389,45.719228056],[4.946274444,45.719221667],[4.946175,45.719219167],[4.946079722,45.719224722],[4.94597,45.719238333],[4.945866389,45.719263611],[4.945783333,45.719290556],[4.945707222,45.719323611],[4.945627778,45.719368611],[4.945558611,45.719417778],[4.945495278,45.719475],[4.945442222,45.719546389],[4.945385,45.7196475],[4.944970833,45.720621667],[4.944457778,45.721830833],[4.943913611,45.723101389],[4.943872778,45.723188056],[4.9438175,45.723281667],[4.943762222,45.723359722],[4.943696667,45.723433333],[4.943623889,45.723498333],[4.9435375,45.723561111],[4.943340556,45.723696389],[4.943260278,45.723756667],[4.943183333,45.723836667],[4.943116389,45.723925],[4.943058333,45.724029444],[4.942828611,45.724571111],[4.941918056,45.726725278],[4.941919444,45.726755833],[4.941934444,45.726790278],[4.941961389,45.726828333],[4.9419925,45.726854722],[4.942026667,45.726871944],[4.942925278,45.727069167],[4.942875278,45.727198611],[4.942083056,45.727034722],[4.942023889,45.727024167],[4.941971667,45.7270225],[4.941926667,45.727024167],[4.941882778,45.72703],[4.941837778,45.727046389],[4.941796389,45.727069722],[4.941765556,45.727096111],[4.941740556,45.7271375],[4.941147222,45.728534167],[4.941073056,45.728691667],[4.941008056,45.728810833],[4.940938056,45.728902778],[4.940873056,45.728980278],[4.940801389,45.729040833],[4.940671944,45.72915],[4.940556111,45.729254444],[4.940508333,45.729301389],[4.940451389,45.729373611],[4.940364167,45.7295],[4.940318056,45.729590556],[4.940299722,45.729637222],[4.940286389,45.729668333],[4.940283889,45.729695833],[4.940301944,45.7297325],[4.940333333,45.729769167],[4.940362222,45.729784722],[4.940406944,45.729798056],[4.940481944,45.729807222],[4.940568056,45.729816667],[4.941801944,45.729842778],[4.941794444,45.729976111],[4.940570278,45.729953611],[4.940497222,45.729954444],[4.940408333,45.729962222],[4.940338889,45.729972222],[4.940281389,45.729983056],[4.940231944,45.730005833],[4.940179722,45.730036944],[4.940143889,45.730066111],[4.940115,45.730095833],[4.940091667,45.730137778],[4.940010278,45.730330556],[4.939078056,45.7325325],[4.939008889,45.732697778],[4.939011944,45.732720278],[4.938674167,45.733522778],[4.938607222,45.733679444],[4.938582222,45.733739722],[4.938567222,45.733825833],[4.938561389,45.733936667],[4.938561389,45.733959444],[4.9385675,45.73398],[4.938600278,45.734014722],[4.938665,45.734075],[4.938721944,45.734103333],[4.938844722,45.734144167],[4.938925556,45.734170278],[4.939874167,45.734314444]]]}},{"type":"Feature","id":"LFLY-59aea139a12635a2848c","properties":{"airport":"LFLY","name":"LFLY AVISO","layer":"Airfield surfaces","category":"Hard Surface 2","object_type":"Area","style_id":"polygon.hardsurface2.595e5b","source_group":"LFLY AVISO","vsmr_group_ids":[],"geometry_role":"filled_region"},"geometry":{"type":"Polygon","coordinates":[[[4.945419722,45.7275925],[4.946603889,45.727833611],[4.946559444,45.727938889],[4.945379444,45.727693611],[4.945419722,45.7275925]]]}},{"type":"Feature","id":"LFLY-2a37ba40975cac7ecda3","properties":{"airport":"LFLY","name":"LFLY AVISO","layer":"Airfield surfaces","category":"Hard Surface 2","object_type":"Area","style_id":"polygon.hardsurface2.595e5b","source_group":"LFLY AVISO","vsmr_group_ids":[],"geometry_role":"filled_region"},"geometry":{"type":"Polygon","coordinates":[[[4.937532778,45.73342],[4.937515278,45.733421111],[4.937505833,45.733423889],[4.937499444,45.733431389],[4.937503333,45.733443056],[4.937564167,45.733583889],[4.937584722,45.733624167],[4.937603889,45.733646389],[4.9376275,45.733665556],[4.937658056,45.7336825],[4.937693333,45.733695556],[4.937909444,45.733754722],[4.937940833,45.733762222],[4.937936111,45.733864444],[4.937658333,45.733805833],[4.937616111,45.733794167],[4.937576389,45.733781389],[4.937544722,45.733765278],[4.937513889,45.733743889],[4.937485833,45.733721111],[4.937465556,45.733699722],[4.937445278,45.733673056],[4.937426944,45.733641111],[4.937338889,45.733440833],[4.937320278,45.733408889],[4.937296389,45.733387222],[4.937266389,45.733368056],[4.937217222,45.733350278],[4.937532778,45.73342]]]}},{"type":"Feature","id":"LFLY-aca25bef201673319add","properties":{"airport":"LFLY","name":"LFLY AVISO","layer":"Airfield surfaces","category":"Runways","object_type":"Area","style_id":"polygon.runwayconcrete.555555","source_group":"LFLY AVISO","vsmr_group_ids":[],"geometry_role":"filled_region"},"geometry":{"type":"Polygon","coordinates":[[[4.946404444,45.719066389],[4.946509722,45.719085],[4.946656389,45.719116111],[4.947362222,45.719255278],[4.947899444,45.719370278],[4.944480278,45.727404722],[4.945421389,45.727593611],[4.945381944,45.727693611],[4.944437222,45.727503889],[4.9423175,45.732487222],[4.941217778,45.735078611],[4.940651667,45.734961111],[4.94069,45.734873333],[4.940699722,45.734807778],[4.940698611,45.734750556],[4.940685833,45.7347],[4.940665556,45.734654722],[4.940641111,45.734625],[4.940611389,45.7345975],[4.9405775,45.734580278],[4.940512778,45.734555833],[4.940459167,45.734536667],[4.940368889,45.734522778],[4.939829722,45.734441389],[4.939865556,45.7343125],[4.940298889,45.734377778],[4.940388611,45.734391667],[4.940470278,45.734403611],[4.940539722,45.734409722],[4.940598333,45.734409722],[4.940656667,45.734401944],[4.940719444,45.734385833],[4.940774444,45.734364167],[4.940849722,45.734321111],[4.940910556,45.734271944],[4.940962778,45.734216667],[4.941004722,45.734144167],[4.942630833,45.730324167],[4.942639722,45.730273611],[4.942630833,45.730223333],[4.942609167,45.730167222],[4.942584722,45.730112222],[4.942553333,45.730072222],[4.942511944,45.730036667],[4.942463611,45.730013889],[4.942409722,45.729994167],[4.942336944,45.729988056],[4.941791389,45.729977778],[4.941798611,45.7298425],[4.942111944,45.729849722],[4.942296667,45.729854444],[4.942421111,45.729855278],[4.942504444,45.729855],[4.942566944,45.729849722],[4.942615556,45.729844722],[4.942667778,45.729835],[4.942703889,45.729824444],[4.942733611,45.729811389],[4.942766111,45.72979],[4.942808889,45.729758056],[4.942850833,45.729721667],[4.942885556,45.729688056],[4.942920278,45.729644722],[4.943643611,45.727943889],[4.943653333,45.727881667],[4.943649167,45.727813889],[4.943647778,45.7277425],[4.943635556,45.727686111],[4.943619167,45.727623056],[4.943605556,45.727569722],[4.943580833,45.727519167],[4.943536389,45.727466667],[4.943487222,45.727427778],[4.943441944,45.727388333],[4.943393889,45.727352778],[4.943343889,45.727325833],[4.943293056,45.727301944],[4.943231944,45.72728],[4.943178333,45.727265556],[4.942871944,45.727198611],[4.942923889,45.727068056],[4.943928611,45.727275556],[4.946973333,45.720113056],[4.947015556,45.719981111],[4.947025833,45.719896667],[4.947018056,45.719803333],[4.947005,45.719700556],[4.946973333,45.719614444],[4.946931389,45.719543056],[4.946871111,45.719480833],[4.946792222,45.719418333],[4.946718889,45.719361667],[4.946664722,45.719334722],[4.946611667,45.719308333],[4.946539722,45.719278611],[4.946470278,45.719255556],[4.946401667,45.719240833],[4.946333333,45.719228333],[4.946404444,45.719066389]]]}},{"type":"Feature","id":"LFLY-9e264b7a46a3dc4e9ece","properties":{"airport":"LFLY","name":"LFLY AVISO","layer":"Airfield surfaces","category":"Runways","object_type":"Area","style_id":"polygon.runwayconcrete.555555","source_group":"LFLY AVISO","vsmr_group_ids":[],"geometry_role":"filled_region"},"geometry":{"type":"Polygon","coordinates":[[[4.942019444,45.724448889],[4.942074444,45.724319444],[4.942259722,45.724358611],[4.942205833,45.724488056],[4.942019444,45.724448889]]]}},{"type":"Feature","id":"LFLY-3e19a988c758c0a17fb9","properties":{"airport":"LFLY","name":"LFLY AVISO","layer":"Buildings and structures","category":"Buildings","object_type":"Area","style_id":"polygon.building.394446","source_group":"LFLY AVISO","vsmr_group_ids":[],"geometry_role":"filled_region"},"geometry":{"type":"Polygon","coordinates":[[[4.941194167,45.722965833],[4.9410675,45.723263056],[4.940826667,45.723214444],[4.940860278,45.723133056],[4.940738333,45.723107778],[4.940818889,45.722918333],[4.941056389,45.722972222],[4.941071389,45.722940833],[4.941194167,45.722965833]]]}},{"type":"Feature","id":"LFLY-71eb0609a7993f4c7fd1","properties":{"airport":"LFLY","name":"LFLY AVISO","layer":"Buildings and structures","category":"Buildings","object_type":"Area","style_id":"polygon.building.394446","source_group":"LFLY AVISO","vsmr_group_ids":[],"geometry_role":"filled_region"},"geometry":{"type":"Polygon","coordinates":[[[4.940447778,45.723640278],[4.940499722,45.723518611],[4.940576944,45.723533889],[4.9406475,45.723371389],[4.940948889,45.723435],[4.940972778,45.723379167],[4.940865278,45.723354722],[4.940881667,45.723317222],[4.941023056,45.723350833],[4.940810833,45.723848611],[4.940539722,45.723792222],[4.9405875,45.723669444],[4.940447778,45.723640278]]]}},{"type":"Feature","id":"LFLY-3dd70a2fbcb0c36159b9","properties":{"airport":"LFLY","name":"LFLY AVISO","layer":"Buildings and structures","category":"Buildings","object_type":"Area","style_id":"polygon.building.394446","source_group":"LFLY AVISO","vsmr_group_ids":[],"geometry_role":"filled_region"},"geometry":{"type":"Polygon","coordinates":[[[4.940548333,45.723908889],[4.940766111,45.723955],[4.940680833,45.724149167],[4.940465,45.724104722],[4.940548333,45.723908889]]]}},{"type":"Feature","id":"LFLY-63ef85a53530b4416e92","properties":{"airport":"LFLY","name":"LFLY AVISO","layer":"Buildings and structures","category":"Buildings","object_type":"Area","style_id":"polygon.building.394446","source_group":"LFLY AVISO","vsmr_group_ids":[],"geometry_role":"filled_region"},"geometry":{"type":"Polygon","coordinates":[[[4.940134167,45.724625],[4.940459167,45.724691389],[4.940104444,45.725513333],[4.939788056,45.725445],[4.940134167,45.724625]]]}},{"type":"Feature","id":"LFLY-d6135074920a4cee6927","properties":{"airport":"LFLY","name":"LFLY AVISO","layer":"Buildings and structures","category":"Buildings","object_type":"Area","style_id":"polygon.building.394446","source_group":"LFLY AVISO","vsmr_group_ids":[],"geometry_role":"filled_region"},"geometry":{"type":"Polygon","coordinates":[[[4.939661944,45.725703889],[4.939938611,45.725761667],[4.939631667,45.726486111],[4.939579444,45.726475],[4.939598611,45.726435],[4.9392875,45.726361667],[4.939453333,45.725971667],[4.939538889,45.725989444],[4.939661944,45.725703889]]]}},{"type":"Feature","id":"LFLY-8883a8be22a0c9602055","properties":{"airport":"LFLY","name":"LFLY AVISO","layer":"Buildings and structures","category":"Buildings","object_type":"Area","style_id":"polygon.building.394446","source_group":"LFLY AVISO","vsmr_group_ids":[],"geometry_role":"filled_region"},"geometry":{"type":"Polygon","coordinates":[[[4.939008333,45.726656111],[4.939570278,45.726781944],[4.939234444,45.727556944],[4.938678056,45.727439722],[4.939008333,45.726656111]]]}},{"type":"Feature","id":"LFLY-75771ef116b972f3d3b3","properties":{"airport":"LFLY","name":"LFLY AVISO","layer":"Buildings and structures","category":"Buildings","object_type":"Area","style_id":"polygon.building.394446","source_group":"LFLY AVISO","vsmr_group_ids":[],"geometry_role":"filled_region"},"geometry":{"type":"Polygon","coordinates":[[[4.938668611,45.727583889],[4.938712222,45.727485278],[4.939212778,45.727589444],[4.939172222,45.727690278],[4.938668611,45.727583889]]]}},{"type":"Feature","id":"LFLY-82fcb3a1a4dbe42bc77f","properties":{"airport":"LFLY","name":"LFLY AVISO","layer":"Buildings and structures","category":"Buildings","object_type":"Area","style_id":"polygon.building.394446","source_group":"LFLY AVISO","vsmr_group_ids":[],"geometry_role":"filled_region"},"geometry":{"type":"Polygon","coordinates":[[[4.938851944,45.728449722],[4.938695,45.728418611],[4.938755556,45.728098056],[4.938765833,45.728098333],[4.938806389,45.72801],[4.938961944,45.728042222],[4.938931111,45.7281125],[4.938994722,45.72812],[4.938851944,45.728449722]]]}},{"type":"Feature","id":"LFLY-eaeac16448cd64fd3328","properties":{"airport":"LFLY","name":"LFLY AVISO","layer":"Buildings and structures","category":"Buildings","object_type":"Area","style_id":"polygon.building.394446","source_group":"LFLY AVISO","vsmr_group_ids":[],"geometry_role":"filled_region"},"geometry":{"type":"Polygon","coordinates":[[[4.938855278,45.729263056],[4.939084444,45.729269722],[4.939083333,45.729294444],[4.938994722,45.729292222],[4.938970833,45.729562778],[4.938911667,45.729561389],[4.938907778,45.729584167],[4.9388725,45.729608056],[4.938775278,45.729602778],[4.938783611,45.729512778],[4.938838056,45.729512222],[4.938855278,45.729263056]]]}},{"type":"Feature","id":"LFLY-3bd859d75579b3db9213","properties":{"airport":"LFLY","name":"LFLY AVISO","layer":"Buildings and structures","category":"Buildings","object_type":"Area","style_id":"polygon.building.394446","source_group":"LFLY AVISO","vsmr_group_ids":[],"geometry_role":"filled_region"},"geometry":{"type":"Polygon","coordinates":[[[4.937976667,45.729879444],[4.938012222,45.729793056],[4.938035833,45.729639444],[4.938068889,45.729640278],[4.938086667,45.729502778],[4.938373056,45.729524167],[4.938342778,45.729717222],[4.938198056,45.729709444],[4.938187222,45.729764167],[4.938353611,45.729799722],[4.938295833,45.729943889],[4.937976667,45.729879444]]]}},{"type":"Feature","id":"LFLY-8f39c9bfc89c7e22fbfc","properties":{"airport":"LFLY","name":"LFLY AVISO","layer":"Buildings and structures","category":"Buildings","object_type":"Area","style_id":"polygon.building.394446","source_group":"LFLY AVISO","vsmr_group_ids":[],"geometry_role":"filled_region"},"geometry":{"type":"Polygon","coordinates":[[[4.937930833,45.730370556],[4.938013056,45.730175],[4.938059722,45.730183889],[4.938075278,45.730148333],[4.938154722,45.730163056],[4.938139167,45.730200833],[4.938188611,45.730210556],[4.938103611,45.730407222],[4.938056667,45.730397222],[4.938033333,45.73045],[4.937952222,45.730434444],[4.937976389,45.730382222],[4.937930833,45.730370556]]]}},{"type":"Feature","id":"LFLY-b5b01422640e69d6dc2e","properties":{"airport":"LFLY","name":"LFLY AVISO","layer":"Buildings and structures","category":"Buildings","object_type":"Area","style_id":"polygon.building.394446","source_group":"LFLY AVISO","vsmr_group_ids":[],"geometry_role":"filled_region"},"geometry":{"type":"Polygon","coordinates":[[[4.937695278,45.730509444],[4.937950556,45.730564167],[4.937657222,45.731256111],[4.937399722,45.731203056],[4.937695278,45.730509444]]]}},{"type":"Feature","id":"LFLY-549ba520340722c671e9","properties":{"airport":"LFLY","name":"LFLY AVISO","layer":"Buildings and structures","category":"Buildings","object_type":"Area","style_id":"polygon.building.394446","source_group":"LFLY AVISO","vsmr_group_ids":[],"geometry_role":"filled_region"},"geometry":{"type":"Polygon","coordinates":[[[4.937325833,45.7313925],[4.937583611,45.731445556],[4.937393889,45.731881389],[4.937139722,45.731832222],[4.937325833,45.7313925]]]}},{"type":"Feature","id":"LFLY-0510233ee7b780a8a4e3","properties":{"airport":"LFLY","name":"LFLY AVISO","layer":"Buildings and structures","category":"Buildings","object_type":"Area","style_id":"polygon.building.394446","source_group":"LFLY AVISO","vsmr_group_ids":[],"geometry_role":"filled_region"},"geometry":{"type":"Polygon","coordinates":[[[4.937230833,45.732257222],[4.937310556,45.732067778],[4.938048611,45.732226944],[4.937974444,45.732413611],[4.937230833,45.732257222]]]}},{"type":"Feature","id":"LFLY-8b44c1f0021cee40da9b","properties":{"airport":"LFLY","name":"LFLY AVISO","layer":"Buildings and structures","category":"Buildings","object_type":"Area","style_id":"polygon.building.394446","source_group":"LFLY AVISO","vsmr_group_ids":[],"geometry_role":"filled_region"},"geometry":{"type":"Polygon","coordinates":[[[4.936438056,45.732235833],[4.937921111,45.732547778],[4.937816944,45.732786667],[4.9362275,45.732455556],[4.936315278,45.732261667],[4.936417222,45.732281111],[4.936438056,45.732235833]]]}},{"type":"Feature","id":"LFLY-b6b4a29eb8a4007cfede","properties":{"airport":"LFLY","name":"LFLY AVISO","layer":"Buildings and structures","category":"Buildings","object_type":"Area","style_id":"polygon.building.394446","source_group":"LFLY AVISO","vsmr_group_ids":[],"geometry_role":"filled_region"},"geometry":{"type":"Polygon","coordinates":[[[4.935697222,45.729972778],[4.935941111,45.730025833],[4.935865,45.730190556],[4.935618611,45.730141111],[4.935697222,45.729972778]]]}},{"type":"Feature","id":"LFLY-09dc17f42a485972f20b","properties":{"airport":"LFLY","name":"LFLY AVISO","layer":"Buildings and structures","category":"Buildings","object_type":"Area","style_id":"polygon.building.394446","source_group":"LFLY AVISO","vsmr_group_ids":[],"geometry_role":"filled_region"},"geometry":{"type":"Polygon","coordinates":[[[4.935415556,45.731263333],[4.93476,45.731123056],[4.935079444,45.730378333],[4.935735,45.730523611],[4.935415556,45.731263333]]]}},{"type":"Feature","id":"LFLY-7647217bc0cb22df0002","properties":{"airport":"LFLY","name":"LFLY AVISO","layer":"Surface markings","category":"Stopbars","object_type":"Area","style_id":"polygon.stopbar.7e0000","source_group":"LFLY AVISO","vsmr_group_ids":[],"geometry_role":"filled_region"},"geometry":{"type":"Polygon","coordinates":[[[4.946398611,45.719063611],[4.946428333,45.719068889],[4.946355556,45.719233611],[4.946327222,45.719228056],[4.946398611,45.719063611]]]}},{"type":"Feature","id":"LFLY-c315fcb7bc1122cd6308","properties":{"airport":"LFLY","name":"LFLY AVISO","layer":"Surface markings","category":"Stopbars","object_type":"Area","style_id":"polygon.stopbar.7e0000","source_group":"LFLY AVISO","vsmr_group_ids":[],"geometry_role":"filled_region"},"geometry":{"type":"Polygon","coordinates":[[[4.942918611,45.727066667],[4.942946944,45.727071944],[4.942891667,45.727203056],[4.942864722,45.7271975],[4.942918611,45.727066667]]]}},{"type":"Feature","id":"LFLY-9ac5ac684d41713e1154","properties":{"airport":"LFLY","name":"LFLY AVISO","layer":"Surface markings","category":"Stopbars","object_type":"Area","style_id":"polygon.stopbar.7e0000","source_group":"LFLY AVISO","vsmr_group_ids":[],"geometry_role":"filled_region"},"geometry":{"type":"Polygon","coordinates":[[[4.945403611,45.727588611],[4.945429722,45.727593889],[4.945386944,45.727695556],[4.945361944,45.727690278],[4.945403611,45.727588611]]]}},{"type":"Feature","id":"LFLY-1cb35bea994c113172f6","properties":{"airport":"LFLY","name":"LFLY AVISO","layer":"Surface markings","category":"Stopbars","object_type":"Area","style_id":"polygon.stopbar.7e0000","source_group":"LFLY AVISO","vsmr_group_ids":[],"geometry_role":"filled_region"},"geometry":{"type":"Polygon","coordinates":[[[4.941791667,45.729841944],[4.94182,45.729842222],[4.941812222,45.729978611],[4.9417825,45.7299775],[4.941791667,45.729841944]]]}},{"type":"Feature","id":"LFLY-53e783a91623d7b9182d","properties":{"airport":"LFLY","name":"LFLY AVISO","layer":"Surface markings","category":"Stopbars","object_type":"Area","style_id":"polygon.stopbar.7e0000","source_group":"LFLY AVISO","vsmr_group_ids":[],"geometry_role":"filled_region"},"geometry":{"type":"Polygon","coordinates":[[[4.93986,45.734311667],[4.9398875,45.734315556],[4.939850556,45.734445],[4.939821667,45.734440833],[4.93986,45.734311667]]]}},{"type":"Feature","id":"LFLY-aa8b0931932ba3a2e839","properties":{"airport":"LFLY","name":"N11","layer":"Labels","category":"Gates","object_type":"Label","style_id":"label.gates","source_group":"LFLY Gates","vsmr_group_ids":[],"geometry_role":"text_label","text-field":"N11"},"geometry":{"type":"Point","coordinates":[4.938335,45.7328875]}},{"type":"Feature","id":"LFLY-f1f99fc8050459d4a3fc","properties":{"airport":"LFLY","name":"N12","layer":"Labels","category":"Gates","object_type":"Label","style_id":"label.gates","source_group":"LFLY Gates","vsmr_group_ids":[],"geometry_role":"text_label","text-field":"N12"},"geometry":{"type":"Point","coordinates":[4.938103889,45.732845556]}},{"type":"Feature","id":"LFLY-d452f6293376522f9faf","properties":{"airport":"LFLY","name":"N31","layer":"Labels","category":"Gates","object_type":"Label","style_id":"label.gates","source_group":"LFLY Gates","vsmr_group_ids":[],"geometry_role":"text_label","text-field":"N31"},"geometry":{"type":"Point","coordinates":[4.934766667,45.731319444]}},{"type":"Feature","id":"LFLY-e0e0b59d1ae60d1c05fc","properties":{"airport":"LFLY","name":"N32","layer":"Labels","category":"Gates","object_type":"Label","style_id":"label.gates","source_group":"LFLY Gates","vsmr_group_ids":[],"geometry_role":"text_label","text-field":"N32"},"geometry":{"type":"Point","coordinates":[4.936803889,45.731036111]}},{"type":"Feature","id":"LFLY-e2180733991f1ba9fdc2","properties":{"airport":"LFLY","name":"N33","layer":"Labels","category":"Gates","object_type":"Label","style_id":"label.gates","source_group":"LFLY Gates","vsmr_group_ids":[],"geometry_role":"text_label","text-field":"N33"},"geometry":{"type":"Point","coordinates":[4.9365075,45.730165556]}},{"type":"Feature","id":"LFLY-9fadb654979ae1d24f78","properties":{"airport":"LFLY","name":"N34","layer":"Labels","category":"Gates","object_type":"Label","style_id":"label.gates","source_group":"LFLY Gates","vsmr_group_ids":[],"geometry_role":"text_label","text-field":"N34"},"geometry":{"type":"Point","coordinates":[4.936204167,45.730107778]}},{"type":"Feature","id":"LFLY-1e095650af7d1647b1f9","properties":{"airport":"LFLY","name":"C72","layer":"Labels","category":"Gates","object_type":"Label","style_id":"label.gates","source_group":"LFLY Gates","vsmr_group_ids":[],"geometry_role":"text_label","text-field":"C72"},"geometry":{"type":"Point","coordinates":[4.938230278,45.733110833]}},{"type":"Feature","id":"LFLY-863deb94ed70b7b5b520","properties":{"airport":"LFLY","name":"C71","layer":"Labels","category":"Gates","object_type":"Label","style_id":"label.gates","source_group":"LFLY Gates","vsmr_group_ids":[],"geometry_role":"text_label","text-field":"C71"},"geometry":{"type":"Point","coordinates":[4.938013611,45.733071667]}},{"type":"Feature","id":"LFLY-ca52cd0bcf51c4bd29b1","properties":{"airport":"LFLY","name":"C62","layer":"Labels","category":"Gates","object_type":"Label","style_id":"label.gates","source_group":"LFLY Gates","vsmr_group_ids":[],"geometry_role":"text_label","text-field":"C62"},"geometry":{"type":"Point","coordinates":[4.938410278,45.732702222]}},{"type":"Feature","id":"LFLY-65989d1b360e9b0213e1","properties":{"airport":"LFLY","name":"C61","layer":"Labels","category":"Gates","object_type":"Label","style_id":"label.gates","source_group":"LFLY Gates","vsmr_group_ids":[],"geometry_role":"text_label","text-field":"C61"},"geometry":{"type":"Point","coordinates":[4.938184722,45.732664444]}},{"type":"Feature","id":"LFLY-bc1374f8cd57d623e7ad","properties":{"airport":"LFLY","name":"C52","layer":"Labels","category":"Gates","object_type":"Label","style_id":"label.gates","source_group":"LFLY Gates","vsmr_group_ids":[],"geometry_role":"text_label","text-field":"C52"},"geometry":{"type":"Point","coordinates":[4.938595,45.732274444]}},{"type":"Feature","id":"LFLY-fec64cc212ac0c5cd7b4","properties":{"airport":"LFLY","name":"C51","layer":"Labels","category":"Gates","object_type":"Label","style_id":"label.gates","source_group":"LFLY Gates","vsmr_group_ids":[],"geometry_role":"text_label","text-field":"C51"},"geometry":{"type":"Point","coordinates":[4.938369722,45.732236667]}},{"type":"Feature","id":"LFLY-285f0e8142af47830d3f","properties":{"airport":"LFLY","name":"C45","layer":"Labels","category":"Gates","object_type":"Label","style_id":"label.gates","source_group":"LFLY Gates","vsmr_group_ids":[],"geometry_role":"text_label","text-field":"C45"},"geometry":{"type":"Point","coordinates":[4.938774167,45.731800278]}},{"type":"Feature","id":"LFLY-40fbc691e40c3aad0578","properties":{"airport":"LFLY","name":"C44","layer":"Labels","category":"Gates","object_type":"Label","style_id":"label.gates","source_group":"LFLY Gates","vsmr_group_ids":[],"geometry_role":"text_label","text-field":"C44"},"geometry":{"type":"Point","coordinates":[4.938496944,45.731745556]}},{"type":"Feature","id":"LFLY-5c12b2b112d98c066d5b","properties":{"airport":"LFLY","name":"C43","layer":"Labels","category":"Gates","object_type":"Label","style_id":"label.gates","source_group":"LFLY Gates","vsmr_group_ids":[],"geometry_role":"text_label","text-field":"C43"},"geometry":{"type":"Point","coordinates":[4.938213611,45.731695278]}},{"type":"Feature","id":"LFLY-82ca21a36cab1a390a4a","properties":{"airport":"LFLY","name":"C42","layer":"Labels","category":"Gates","object_type":"Label","style_id":"label.gates","source_group":"LFLY Gates","vsmr_group_ids":[],"geometry_role":"text_label","text-field":"C42"},"geometry":{"type":"Point","coordinates":[4.937959444,45.731649167]}},{"type":"Feature","id":"LFLY-80fcccac4c52f90791e3","properties":{"airport":"LFLY","name":"C41","layer":"Labels","category":"Gates","object_type":"Label","style_id":"label.gates","source_group":"LFLY Gates","vsmr_group_ids":[],"geometry_role":"text_label","text-field":"C41"},"geometry":{"type":"Point","coordinates":[4.9377225,45.731603056]}},{"type":"Feature","id":"LFLY-079156b9b8e36b13b51b","properties":{"airport":"LFLY","name":"C34","layer":"Labels","category":"Gates","object_type":"Label","style_id":"label.gates","source_group":"LFLY Gates","vsmr_group_ids":[],"geometry_role":"text_label","text-field":"C34"},"geometry":{"type":"Point","coordinates":[4.938953333,45.731305278]}},{"type":"Feature","id":"LFLY-b57d96a44b0b1057cb87","properties":{"airport":"LFLY","name":"C33","layer":"Labels","category":"Gates","object_type":"Label","style_id":"label.gates","source_group":"LFLY Gates","vsmr_group_ids":[],"geometry_role":"text_label","text-field":"C33"},"geometry":{"type":"Point","coordinates":[4.938647222,45.731250556]}},{"type":"Feature","id":"LFLY-94a466abf047456d5835","properties":{"airport":"LFLY","name":"C32","layer":"Labels","category":"Gates","object_type":"Label","style_id":"label.gates","source_group":"LFLY Gates","vsmr_group_ids":[],"geometry_role":"text_label","text-field":"C32"},"geometry":{"type":"Point","coordinates":[4.938317778,45.731183611]}},{"type":"Feature","id":"LFLY-7c136a288fc54e3e49eb","properties":{"airport":"LFLY","name":"C31","layer":"Labels","category":"Gates","object_type":"Label","style_id":"label.gates","source_group":"LFLY Gates","vsmr_group_ids":[],"geometry_role":"text_label","text-field":"C31"},"geometry":{"type":"Point","coordinates":[4.937994167,45.731116389]}},{"type":"Feature","id":"LFLY-d9887abe4cf1fcf5b191","properties":{"airport":"LFLY","name":"C23","layer":"Labels","category":"Gates","object_type":"Label","style_id":"label.gates","source_group":"LFLY Gates","vsmr_group_ids":[],"geometry_role":"text_label","text-field":"C23"},"geometry":{"type":"Point","coordinates":[4.939216389,45.730611389]}},{"type":"Feature","id":"LFLY-7b8ef5be5fe40ad77618","properties":{"airport":"LFLY","name":"C22","layer":"Labels","category":"Gates","object_type":"Label","style_id":"label.gates","source_group":"LFLY Gates","vsmr_group_ids":[],"geometry_role":"text_label","text-field":"C22"},"geometry":{"type":"Point","coordinates":[4.938775556,45.7305275]}},{"type":"Feature","id":"LFLY-b5cfeb041da77ac5b368","properties":{"airport":"LFLY","name":"C21","layer":"Labels","category":"Gates","object_type":"Label","style_id":"label.gates","source_group":"LFLY Gates","vsmr_group_ids":[],"geometry_role":"text_label","text-field":"C21"},"geometry":{"type":"Point","coordinates":[4.938400278,45.730429167]}},{"type":"Feature","id":"LFLY-ceaca1a15eb11c38e140","properties":{"airport":"LFLY","name":"C13","layer":"Labels","category":"Gates","object_type":"Label","style_id":"label.gates","source_group":"LFLY Gates","vsmr_group_ids":[],"geometry_role":"text_label","text-field":"C13"},"geometry":{"type":"Point","coordinates":[4.939563333,45.729904722]}},{"type":"Feature","id":"LFLY-a172e7712752f0648aef","properties":{"airport":"LFLY","name":"C12","layer":"Labels","category":"Gates","object_type":"Label","style_id":"label.gates","source_group":"LFLY Gates","vsmr_group_ids":[],"geometry_role":"text_label","text-field":"C12"},"geometry":{"type":"Point","coordinates":[4.939397222,45.729899444]}},{"type":"Feature","id":"LFLY-cd3c615d28d43a073bea","properties":{"airport":"LFLY","name":"C11","layer":"Labels","category":"Gates","object_type":"Label","style_id":"label.gates","source_group":"LFLY Gates","vsmr_group_ids":[],"geometry_role":"text_label","text-field":"C11"},"geometry":{"type":"Point","coordinates":[4.939252778,45.729831389]}},{"type":"Feature","id":"LFLY-465fdefb1ab136444442","properties":{"airport":"LFLY","name":"D62","layer":"Labels","category":"Gates","object_type":"Label","style_id":"label.gates","source_group":"LFLY Gates","vsmr_group_ids":[],"geometry_role":"text_label","text-field":"D62"},"geometry":{"type":"Point","coordinates":[4.938508611,45.732474722]}},{"type":"Feature","id":"LFLY-2718f07f55680691eea0","properties":{"airport":"LFLY","name":"D61","layer":"Labels","category":"Gates","object_type":"Label","style_id":"label.gates","source_group":"LFLY Gates","vsmr_group_ids":[],"geometry_role":"text_label","text-field":"D61"},"geometry":{"type":"Point","coordinates":[4.9382775,45.732432778]}},{"type":"Feature","id":"LFLY-e099cf9e64b507859688","properties":{"airport":"LFLY","name":"D52","layer":"Labels","category":"Gates","object_type":"Label","style_id":"label.gates","source_group":"LFLY Gates","vsmr_group_ids":[],"geometry_role":"text_label","text-field":"D52"},"geometry":{"type":"Point","coordinates":[4.938674722,45.732070833]}},{"type":"Feature","id":"LFLY-373c0784edc45489888b","properties":{"airport":"LFLY","name":"D51","layer":"Labels","category":"Gates","object_type":"Label","style_id":"label.gates","source_group":"LFLY Gates","vsmr_group_ids":[],"geometry_role":"text_label","text-field":"D51"},"geometry":{"type":"Point","coordinates":[4.938458056,45.732023611]}},{"type":"Feature","id":"LFLY-2b946380e4fc4b376a84","properties":{"airport":"LFLY","name":"D45","layer":"Labels","category":"Gates","object_type":"Label","style_id":"label.gates","source_group":"LFLY Gates","vsmr_group_ids":[],"geometry_role":"text_label","text-field":"D45"},"geometry":{"type":"Point","coordinates":[4.9388625,45.731604167]}},{"type":"Feature","id":"LFLY-5ae452e273b83af6165f","properties":{"airport":"LFLY","name":"D44","layer":"Labels","category":"Gates","object_type":"Label","style_id":"label.gates","source_group":"LFLY Gates","vsmr_group_ids":[],"geometry_role":"text_label","text-field":"D44"},"geometry":{"type":"Point","coordinates":[4.938588056,45.731546389]}},{"type":"Feature","id":"LFLY-3929e0bb1b2a1563dc33","properties":{"airport":"LFLY","name":"D43","layer":"Labels","category":"Gates","object_type":"Label","style_id":"label.gates","source_group":"LFLY Gates","vsmr_group_ids":[],"geometry_role":"text_label","text-field":"D43"},"geometry":{"type":"Point","coordinates":[4.938299167,45.731488611]}},{"type":"Feature","id":"LFLY-0ceee4e1dec0a8f6b470","properties":{"airport":"LFLY","name":"D42","layer":"Labels","category":"Gates","object_type":"Label","style_id":"label.gates","source_group":"LFLY Gates","vsmr_group_ids":[],"geometry_role":"text_label","text-field":"D42"},"geometry":{"type":"Point","coordinates":[4.938039167,45.731436111]}},{"type":"Feature","id":"LFLY-fb59c5f830e0d1f0423a","properties":{"airport":"LFLY","name":"D41","layer":"Labels","category":"Gates","object_type":"Label","style_id":"label.gates","source_group":"LFLY Gates","vsmr_group_ids":[],"geometry_role":"text_label","text-field":"D41"},"geometry":{"type":"Point","coordinates":[4.9378225,45.731389167]}},{"type":"Feature","id":"LFLY-657f7a6cadb2f08b126f","properties":{"airport":"LFLY","name":"D34","layer":"Labels","category":"Gates","object_type":"Label","style_id":"label.gates","source_group":"LFLY Gates","vsmr_group_ids":[],"geometry_role":"text_label","text-field":"D34"},"geometry":{"type":"Point","coordinates":[4.939079444,45.731011389]}},{"type":"Feature","id":"LFLY-d0da8f850bb0a1ff57fe","properties":{"airport":"LFLY","name":"D33","layer":"Labels","category":"Gates","object_type":"Label","style_id":"label.gates","source_group":"LFLY Gates","vsmr_group_ids":[],"geometry_role":"text_label","text-field":"D33"},"geometry":{"type":"Point","coordinates":[4.938783056,45.730948611]}},{"type":"Feature","id":"LFLY-e18cb2793e0f961b43be","properties":{"airport":"LFLY","name":"D32","layer":"Labels","category":"Gates","object_type":"Label","style_id":"label.gates","source_group":"LFLY Gates","vsmr_group_ids":[],"geometry_role":"text_label","text-field":"D32"},"geometry":{"type":"Point","coordinates":[4.938443611,45.730869722]}},{"type":"Feature","id":"LFLY-e31adac8cd3c2af898b2","properties":{"airport":"LFLY","name":"D31","layer":"Labels","category":"Gates","object_type":"Label","style_id":"label.gates","source_group":"LFLY Gates","vsmr_group_ids":[],"geometry_role":"text_label","text-field":"D31"},"geometry":{"type":"Point","coordinates":[4.938118611,45.730812222]}},{"type":"Feature","id":"LFLY-f85fc0fad251c7043d06","properties":{"airport":"LFLY","name":"D23","layer":"Labels","category":"Gates","object_type":"Label","style_id":"label.gates","source_group":"LFLY Gates","vsmr_group_ids":[],"geometry_role":"text_label","text-field":"D23"},"geometry":{"type":"Point","coordinates":[4.939332222,45.730313889]}},{"type":"Feature","id":"LFLY-2291357e7de041451b80","properties":{"airport":"LFLY","name":"D22","layer":"Labels","category":"Gates","object_type":"Label","style_id":"label.gates","source_group":"LFLY Gates","vsmr_group_ids":[],"geometry_role":"text_label","text-field":"D22"},"geometry":{"type":"Point","coordinates":[4.938898611,45.730224722]}},{"type":"Feature","id":"LFLY-51e59e4b57b571fa8cbf","properties":{"airport":"LFLY","name":"D21","layer":"Labels","category":"Gates","object_type":"Label","style_id":"label.gates","source_group":"LFLY Gates","vsmr_group_ids":[],"geometry_role":"text_label","text-field":"D21"},"geometry":{"type":"Point","coordinates":[4.938515833,45.730140833]}},{"type":"Feature","id":"LFLY-d9bdaff020c99dcf2966","properties":{"airport":"LFLY","name":"D13","layer":"Labels","category":"Gates","object_type":"Label","style_id":"label.gates","source_group":"LFLY Gates","vsmr_group_ids":[],"geometry_role":"text_label","text-field":"D13"},"geometry":{"type":"Point","coordinates":[4.939700556,45.729569167]}},{"type":"Feature","id":"LFLY-01f7fac7417396149f60","properties":{"airport":"LFLY","name":"D12","layer":"Labels","category":"Gates","object_type":"Label","style_id":"label.gates","source_group":"LFLY Gates","vsmr_group_ids":[],"geometry_role":"text_label","text-field":"D12"},"geometry":{"type":"Point","coordinates":[4.939563333,45.729501111]}},{"type":"Feature","id":"LFLY-35bdb1874ca4758c58cb","properties":{"airport":"LFLY","name":"D11","layer":"Labels","category":"Gates","object_type":"Label","style_id":"label.gates","source_group":"LFLY Gates","vsmr_group_ids":[],"geometry_role":"text_label","text-field":"D11"},"geometry":{"type":"Point","coordinates":[4.939375556,45.729506111]}},{"type":"Feature","id":"LFLY-b9ef529b2215533ddd9d","properties":{"airport":"LFLY","name":"E51","layer":"Labels","category":"Gates","object_type":"Label","style_id":"label.gates","source_group":"LFLY Gates","vsmr_group_ids":[],"geometry_role":"text_label","text-field":"E51"},"geometry":{"type":"Point","coordinates":[4.939240278,45.727886111]}},{"type":"Feature","id":"LFLY-d5d6c1bffccb64bca4ca","properties":{"airport":"LFLY","name":"E52","layer":"Labels","category":"Gates","object_type":"Label","style_id":"label.gates","source_group":"LFLY Gates","vsmr_group_ids":[],"geometry_role":"text_label","text-field":"E52"},"geometry":{"type":"Point","coordinates":[4.939160833,45.72808]}},{"type":"Feature","id":"LFLY-21ca85503d6e5ef0cf30","properties":{"airport":"LFLY","name":"E53","layer":"Labels","category":"Gates","object_type":"Label","style_id":"label.gates","source_group":"LFLY Gates","vsmr_group_ids":[],"geometry_role":"text_label","text-field":"E53"},"geometry":{"type":"Point","coordinates":[4.939081389,45.728263611]}},{"type":"Feature","id":"LFLY-d96d0b7370232a3ff121","properties":{"airport":"LFLY","name":"E54","layer":"Labels","category":"Gates","object_type":"Label","style_id":"label.gates","source_group":"LFLY Gates","vsmr_group_ids":[],"geometry_role":"text_label","text-field":"E54"},"geometry":{"type":"Point","coordinates":[4.939009167,45.728441944]}},{"type":"Feature","id":"LFLY-4c3344e1b7e99e0a00fe","properties":{"airport":"LFLY","name":"R15","layer":"Labels","category":"Gates","object_type":"Label","style_id":"label.gates","source_group":"LFLY Gates","vsmr_group_ids":[],"geometry_role":"text_label","text-field":"R15"},"geometry":{"type":"Point","coordinates":[4.939876667,45.727576667]}},{"type":"Feature","id":"LFLY-ae7af3cb37020852cd2e","properties":{"airport":"LFLY","name":"R13","layer":"Labels","category":"Gates","object_type":"Label","style_id":"label.gates","source_group":"LFLY Gates","vsmr_group_ids":[],"geometry_role":"text_label","text-field":"R13"},"geometry":{"type":"Point","coordinates":[4.939677778,45.727529722]}},{"type":"Feature","id":"LFLY-3bff7450916719c49234","properties":{"airport":"LFLY","name":"R11","layer":"Labels","category":"Gates","object_type":"Label","style_id":"label.gates","source_group":"LFLY Gates","vsmr_group_ids":[],"geometry_role":"text_label","text-field":"R11"},"geometry":{"type":"Point","coordinates":[4.939465278,45.727482778]}},{"type":"Feature","id":"LFLY-646341d7af9a15b31f16","properties":{"airport":"LFLY","name":"R25","layer":"Labels","category":"Gates","object_type":"Label","style_id":"label.gates","source_group":"LFLY Gates","vsmr_group_ids":[],"geometry_role":"text_label","text-field":"R25"},"geometry":{"type":"Point","coordinates":[4.940010556,45.727281389]}},{"type":"Feature","id":"LFLY-6d581b5db70a0ce84110","properties":{"airport":"LFLY","name":"R23","layer":"Labels","category":"Gates","object_type":"Label","style_id":"label.gates","source_group":"LFLY Gates","vsmr_group_ids":[],"geometry_role":"text_label","text-field":"R23"},"geometry":{"type":"Point","coordinates":[4.939798056,45.727241111]}},{"type":"Feature","id":"LFLY-843bf7716d506e82ea8f","properties":{"airport":"LFLY","name":"R21","layer":"Labels","category":"Gates","object_type":"Label","style_id":"label.gates","source_group":"LFLY Gates","vsmr_group_ids":[],"geometry_role":"text_label","text-field":"R21"},"geometry":{"type":"Point","coordinates":[4.93959,45.727190556]}},{"type":"Feature","id":"LFLY-37f93fbf0d594c2ac97e","properties":{"airport":"LFLY","name":"R35","layer":"Labels","category":"Gates","object_type":"Label","style_id":"label.gates","source_group":"LFLY Gates","vsmr_group_ids":[],"geometry_role":"text_label","text-field":"R35"},"geometry":{"type":"Point","coordinates":[4.940130833,45.726992778]}},{"type":"Feature","id":"LFLY-adf03b6821889f6a8657","properties":{"airport":"LFLY","name":"R33","layer":"Labels","category":"Gates","object_type":"Label","style_id":"label.gates","source_group":"LFLY Gates","vsmr_group_ids":[],"geometry_role":"text_label","text-field":"R33"},"geometry":{"type":"Point","coordinates":[4.939922778,45.7269525]}},{"type":"Feature","id":"LFLY-7e00b5d5f72f2c646b3c","properties":{"airport":"LFLY","name":"R31","layer":"Labels","category":"Gates","object_type":"Label","style_id":"label.gates","source_group":"LFLY Gates","vsmr_group_ids":[],"geometry_role":"text_label","text-field":"R31"},"geometry":{"type":"Point","coordinates":[4.939705556,45.726908611]}},{"type":"Feature","id":"LFLY-128826f0bf6db6ea237a","properties":{"airport":"LFLY","name":"R45","layer":"Labels","category":"Gates","object_type":"Label","style_id":"label.gates","source_group":"LFLY Gates","vsmr_group_ids":[],"geometry_role":"text_label","text-field":"R45"},"geometry":{"type":"Point","coordinates":[4.940255556,45.726703889]}},{"type":"Feature","id":"LFLY-be196215934b83d854e7","properties":{"airport":"LFLY","name":"R43","layer":"Labels","category":"Gates","object_type":"Label","style_id":"label.gates","source_group":"LFLY Gates","vsmr_group_ids":[],"geometry_role":"text_label","text-field":"R43"},"geometry":{"type":"Point","coordinates":[4.940043056,45.726663611]}},{"type":"Feature","id":"LFLY-edbfc611e0541281a2ef","properties":{"airport":"LFLY","name":"R41","layer":"Labels","category":"Gates","object_type":"Label","style_id":"label.gates","source_group":"LFLY Gates","vsmr_group_ids":[],"geometry_role":"text_label","text-field":"R41"},"geometry":{"type":"Point","coordinates":[4.939839722,45.726633611]}},{"type":"Feature","id":"LFLY-a2d96f2f285a1cf10e31","properties":{"airport":"LFLY","name":"R53","layer":"Labels","category":"Gates","object_type":"Label","style_id":"label.gates","source_group":"LFLY Gates","vsmr_group_ids":[],"geometry_role":"text_label","text-field":"R53"},"geometry":{"type":"Point","coordinates":[4.940153889,45.726391944]}},{"type":"Feature","id":"LFLY-2a003f128805dd9e2a35","properties":{"airport":"LFLY","name":"R51","layer":"Labels","category":"Gates","object_type":"Label","style_id":"label.gates","source_group":"LFLY Gates","vsmr_group_ids":[],"geometry_role":"text_label","text-field":"R51"},"geometry":{"type":"Point","coordinates":[4.939945833,45.726351667]}},{"type":"Feature","id":"LFLY-357cad15e4307374789d","properties":{"airport":"LFLY","name":"S63","layer":"Labels","category":"Gates","object_type":"Label","style_id":"label.gates","source_group":"LFLY Gates","vsmr_group_ids":[],"geometry_role":"text_label","text-field":"S63"},"geometry":{"type":"Point","coordinates":[4.940278889,45.72611]}},{"type":"Feature","id":"LFLY-798d0aa9406b4e0d521f","properties":{"airport":"LFLY","name":"S61","layer":"Labels","category":"Gates","object_type":"Label","style_id":"label.gates","source_group":"LFLY Gates","vsmr_group_ids":[],"geometry_role":"text_label","text-field":"S61"},"geometry":{"type":"Point","coordinates":[4.94008,45.726062778]}},{"type":"Feature","id":"LFLY-dc5452e966b0efc3864c","properties":{"airport":"LFLY","name":"S75","layer":"Labels","category":"Gates","object_type":"Label","style_id":"label.gates","source_group":"LFLY Gates","vsmr_group_ids":[],"geometry_role":"text_label","text-field":"S75"},"geometry":{"type":"Point","coordinates":[4.94057,45.725878333]}},{"type":"Feature","id":"LFLY-ef311536f8c0418211d3","properties":{"airport":"LFLY","name":"S73","layer":"Labels","category":"Gates","object_type":"Label","style_id":"label.gates","source_group":"LFLY Gates","vsmr_group_ids":[],"geometry_role":"text_label","text-field":"S73"},"geometry":{"type":"Point","coordinates":[4.940389722,45.725844722]}},{"type":"Feature","id":"LFLY-b2102fa27d1215fb34f2","properties":{"airport":"LFLY","name":"S71","layer":"Labels","category":"Gates","object_type":"Label","style_id":"label.gates","source_group":"LFLY Gates","vsmr_group_ids":[],"geometry_role":"text_label","text-field":"S71"},"geometry":{"type":"Point","coordinates":[4.940181667,45.725797778]}},{"type":"Feature","id":"LFLY-80bd17e3f3e22e389209","properties":{"airport":"LFLY","name":"R26","layer":"Labels","category":"Gates","object_type":"Label","style_id":"label.gates","source_group":"LFLY Gates","vsmr_group_ids":[],"geometry_role":"text_label","text-field":"R26"},"geometry":{"type":"Point","coordinates":[4.939821111,45.7276975]}},{"type":"Feature","id":"LFLY-7b1f879949183c8507a3","properties":{"airport":"LFLY","name":"R24","layer":"Labels","category":"Gates","object_type":"Label","style_id":"label.gates","source_group":"LFLY Gates","vsmr_group_ids":[],"geometry_role":"text_label","text-field":"R24"},"geometry":{"type":"Point","coordinates":[4.939622222,45.727643889]}},{"type":"Feature","id":"LFLY-deb25d180111508edd68","properties":{"airport":"LFLY","name":"R22","layer":"Labels","category":"Gates","object_type":"Label","style_id":"label.gates","source_group":"LFLY Gates","vsmr_group_ids":[],"geometry_role":"text_label","text-field":"R22"},"geometry":{"type":"Point","coordinates":[4.939409722,45.727606944]}},{"type":"Feature","id":"LFLY-180fe549b91b973e85ee","properties":{"airport":"LFLY","name":"R36","layer":"Labels","category":"Gates","object_type":"Label","style_id":"label.gates","source_group":"LFLY Gates","vsmr_group_ids":[],"geometry_role":"text_label","text-field":"R36"},"geometry":{"type":"Point","coordinates":[4.939941389,45.727405556]}},{"type":"Feature","id":"LFLY-dbdd1b226114517f73f9","properties":{"airport":"LFLY","name":"R34","layer":"Labels","category":"Gates","object_type":"Label","style_id":"label.gates","source_group":"LFLY Gates","vsmr_group_ids":[],"geometry_role":"text_label","text-field":"R34"},"geometry":{"type":"Point","coordinates":[4.939747222,45.727361944]}},{"type":"Feature","id":"LFLY-5ddd73289b14235c6f9e","properties":{"airport":"LFLY","name":"R32","layer":"Labels","category":"Gates","object_type":"Label","style_id":"label.gates","source_group":"LFLY Gates","vsmr_group_ids":[],"geometry_role":"text_label","text-field":"R32"},"geometry":{"type":"Point","coordinates":[4.939525278,45.727335]}},{"type":"Feature","id":"LFLY-b448b932f5b8688c402e","properties":{"airport":"LFLY","name":"R46","layer":"Labels","category":"Gates","object_type":"Label","style_id":"label.gates","source_group":"LFLY Gates","vsmr_group_ids":[],"geometry_role":"text_label","text-field":"R46"},"geometry":{"type":"Point","coordinates":[4.940070833,45.727120278]}},{"type":"Feature","id":"LFLY-4029bed224a8d381aadb","properties":{"airport":"LFLY","name":"R44","layer":"Labels","category":"Gates","object_type":"Label","style_id":"label.gates","source_group":"LFLY Gates","vsmr_group_ids":[],"geometry_role":"text_label","text-field":"R44"},"geometry":{"type":"Point","coordinates":[4.939862778,45.72708]}},{"type":"Feature","id":"LFLY-9ba559ce332288f47c52","properties":{"airport":"LFLY","name":"R42","layer":"Labels","category":"Gates","object_type":"Label","style_id":"label.gates","source_group":"LFLY Gates","vsmr_group_ids":[],"geometry_role":"text_label","text-field":"R42"},"geometry":{"type":"Point","coordinates":[4.93965,45.727049722]}},{"type":"Feature","id":"LFLY-896f8beb8271f40e7de2","properties":{"airport":"LFLY","name":"R56","layer":"Labels","category":"Gates","object_type":"Label","style_id":"label.gates","source_group":"LFLY Gates","vsmr_group_ids":[],"geometry_role":"text_label","text-field":"R56"},"geometry":{"type":"Point","coordinates":[4.940186389,45.726838333]}},{"type":"Feature","id":"LFLY-243f2c9a2400977f7e39","properties":{"airport":"LFLY","name":"R54","layer":"Labels","category":"Gates","object_type":"Label","style_id":"label.gates","source_group":"LFLY Gates","vsmr_group_ids":[],"geometry_role":"text_label","text-field":"R54"},"geometry":{"type":"Point","coordinates":[4.9399875,45.726801389]}},{"type":"Feature","id":"LFLY-8022f02c4dca3aeeb679","properties":{"airport":"LFLY","name":"R52","layer":"Labels","category":"Gates","object_type":"Label","style_id":"label.gates","source_group":"LFLY Gates","vsmr_group_ids":[],"geometry_role":"text_label","text-field":"R52"},"geometry":{"type":"Point","coordinates":[4.939770278,45.726754444]}},{"type":"Feature","id":"LFLY-3fc755529f997ddf9498","properties":{"airport":"LFLY","name":"R64","layer":"Labels","category":"Gates","object_type":"Label","style_id":"label.gates","source_group":"LFLY Gates","vsmr_group_ids":[],"geometry_role":"text_label","text-field":"R64"},"geometry":{"type":"Point","coordinates":[4.940103056,45.726516111]}},{"type":"Feature","id":"LFLY-b3195a2fcfe592926af5","properties":{"airport":"LFLY","name":"R62","layer":"Labels","category":"Gates","object_type":"Label","style_id":"label.gates","source_group":"LFLY Gates","vsmr_group_ids":[],"geometry_role":"text_label","text-field":"R62"},"geometry":{"type":"Point","coordinates":[4.939904444,45.726479167]}},{"type":"Feature","id":"LFLY-e7d37b04e0e61d4a7106","properties":{"airport":"LFLY","name":"R74","layer":"Labels","category":"Gates","object_type":"Label","style_id":"label.gates","source_group":"LFLY Gates","vsmr_group_ids":[],"geometry_role":"text_label","text-field":"R74"},"geometry":{"type":"Point","coordinates":[4.940223333,45.726227222]}},{"type":"Feature","id":"LFLY-43ec02442e5c479b25ba","properties":{"airport":"LFLY","name":"R72","layer":"Labels","category":"Gates","object_type":"Label","style_id":"label.gates","source_group":"LFLY Gates","vsmr_group_ids":[],"geometry_role":"text_label","text-field":"R72"},"geometry":{"type":"Point","coordinates":[4.940015278,45.726193889]}},{"type":"Feature","id":"LFLY-8dd720970db996faba04","properties":{"airport":"LFLY","name":"R75","layer":"Labels","category":"Gates","object_type":"Label","style_id":"label.gates","source_group":"LFLY Gates","vsmr_group_ids":[],"geometry_role":"text_label","text-field":"R75"},"geometry":{"type":"Point","coordinates":[4.940496111,45.726005833]}},{"type":"Feature","id":"LFLY-9247ec2c8ed27e918883","properties":{"airport":"LFLY","name":"R73","layer":"Labels","category":"Gates","object_type":"Label","style_id":"label.gates","source_group":"LFLY Gates","vsmr_group_ids":[],"geometry_role":"text_label","text-field":"R73"},"geometry":{"type":"Point","coordinates":[4.940338889,45.725972222]}},{"type":"Feature","id":"LFLY-9f12d8b50aceac18a481","properties":{"airport":"LFLY","name":"R71","layer":"Labels","category":"Gates","object_type":"Label","style_id":"label.gates","source_group":"LFLY Gates","vsmr_group_ids":[],"geometry_role":"text_label","text-field":"R71"},"geometry":{"type":"Point","coordinates":[4.940112222,45.725925278]}},{"type":"Feature","id":"LFLY-78afd73c1ebfd64e8114","properties":{"airport":"LFLY","name":"F1","layer":"Labels","category":"Gates","object_type":"Label","style_id":"label.gates","source_group":"LFLY Gates","vsmr_group_ids":[],"geometry_role":"text_label","text-field":"F1"},"geometry":{"type":"Point","coordinates":[4.94094,45.726425278]}},{"type":"Feature","id":"LFLY-f34032b84ec544541a82","properties":{"airport":"LFLY","name":"F3","layer":"Labels","category":"Gates","object_type":"Label","style_id":"label.gates","source_group":"LFLY Gates","vsmr_group_ids":[],"geometry_role":"text_label","text-field":"F3"},"geometry":{"type":"Point","coordinates":[4.940981389,45.726321389]}},{"type":"Feature","id":"LFLY-55b522bd8eadd70cdde0","properties":{"airport":"LFLY","name":"PRKG G","layer":"Labels","category":"Gates","object_type":"Label","style_id":"label.gates","source_group":"LFLY Gates","vsmr_group_ids":[],"geometry_role":"text_label","text-field":"PRKG G"},"geometry":{"type":"Point","coordinates":[4.940570556,45.728073889]}},{"type":"Feature","id":"LFLY-418ff10f21f827e6db47","properties":{"airport":"LFLY","name":"H07","layer":"Labels","category":"Gates","object_type":"Label","style_id":"label.gates","source_group":"LFLY Gates","vsmr_group_ids":[],"geometry_role":"text_label","text-field":"H07"},"geometry":{"type":"Point","coordinates":[4.939596944,45.726158333]}},{"type":"Feature","id":"LFLY-b308fa0fc90ded7c2acf","properties":{"airport":"LFLY","name":"H05","layer":"Labels","category":"Gates","object_type":"Label","style_id":"label.gates","source_group":"LFLY Gates","vsmr_group_ids":[],"geometry_role":"text_label","text-field":"H05"},"geometry":{"type":"Point","coordinates":[4.9391175,45.727141667]}},{"type":"Feature","id":"LFLY-582346edce16c0dacd7a","properties":{"airport":"LFLY","name":"B03","layer":"Labels","category":"Gates","object_type":"Label","style_id":"label.gates","source_group":"LFLY Gates","vsmr_group_ids":[],"geometry_role":"text_label","text-field":"B03"},"geometry":{"type":"Point","coordinates":[4.938933889,45.727582222]}},{"type":"Feature","id":"LFLY-6e6b5fa6cec5691e6645","properties":{"airport":"LFLY","name":"H02","layer":"Labels","category":"Gates","object_type":"Label","style_id":"label.gates","source_group":"LFLY Gates","vsmr_group_ids":[],"geometry_role":"text_label","text-field":"H02"},"geometry":{"type":"Point","coordinates":[4.93766,45.730874444]}},{"type":"Feature","id":"LFLY-75d9316b8b0ae972a31b","properties":{"airport":"LFLY","name":"H04","layer":"Labels","category":"Gates","object_type":"Label","style_id":"label.gates","source_group":"LFLY Gates","vsmr_group_ids":[],"geometry_role":"text_label","text-field":"H04"},"geometry":{"type":"Point","coordinates":[4.937343889,45.731654444]}},{"type":"Feature","id":"LFLY-f48e6bc67d40134af8fe","properties":{"airport":"LFLY","name":"H06","layer":"Labels","category":"Gates","object_type":"Label","style_id":"label.gates","source_group":"LFLY Gates","vsmr_group_ids":[],"geometry_role":"text_label","text-field":"H06"},"geometry":{"type":"Point","coordinates":[4.937632778,45.732237778]}},{"type":"Feature","id":"LFLY-f16e3ded9da9c6413d0c","properties":{"airport":"LFLY","name":"H08","layer":"Labels","category":"Gates","object_type":"Label","style_id":"label.gates","source_group":"LFLY Gates","vsmr_group_ids":[],"geometry_role":"text_label","text-field":"H08"},"geometry":{"type":"Point","coordinates":[4.937055,45.7325]}},{"type":"Feature","id":"LFLY-b6d783b99765d26ecdba","properties":{"airport":"LFLY","name":"H14","layer":"Labels","category":"Gates","object_type":"Label","style_id":"label.gates","source_group":"LFLY Gates","vsmr_group_ids":[],"geometry_role":"text_label","text-field":"H14"},"geometry":{"type":"Point","coordinates":[4.935221944,45.730802222]}},{"type":"Feature","id":"LFLY-598e5115bfed23a0a20d","properties":{"airport":"LFLY","name":"B14","layer":"Labels","category":"Gates","object_type":"Label","style_id":"label.gates","source_group":"LFLY Gates","vsmr_group_ids":[],"geometry_role":"text_label","text-field":"B14"},"geometry":{"type":"Point","coordinates":[4.935772778,45.730074444]}},{"type":"Feature","id":"LFLY-aa5c7144dd23f780629d","properties":{"airport":"LFLY","name":"Terminal","layer":"Labels","category":"Gates","object_type":"Label","style_id":"label.gates","source_group":"LFLY Gates","vsmr_group_ids":[],"geometry_role":"text_label","text-field":"Terminal"},"geometry":{"type":"Point","coordinates":[4.938057222,45.730290833]}},{"type":"Feature","id":"LFLY-69f798cfca85878b9866","properties":{"airport":"LFLY","name":"LFLY Groundlayout AVISO","layer":"Guidance lines","category":"Runway Border","object_type":"Line","style_id":"line.runwayborder.808080","source_group":"LFLY Groundlayout AVISO","vsmr_group_ids":[],"geometry_role":"linework"},"geometry":{"type":"MultiLineString","coordinates":[[[4.947593611,45.719373611],[4.947518056,45.719548611]],[[4.947498056,45.719542778],[4.947483611,45.719633056],[4.947541944,45.719552222]],[[4.947374722,45.719889722],[4.947300556,45.720064722]],[[4.947278889,45.720058889],[4.947264444,45.720150278],[4.947321667,45.720068611]],[[4.947153056,45.720409444],[4.94708,45.720581667]],[[4.947058611,45.720576944],[4.947043611,45.720669167],[4.947101389,45.720586111]],[[4.946935,45.720924722],[4.946859444,45.721099722]],[[4.946838611,45.721094167],[4.946823889,45.721185],[4.946881944,45.721104167]],[[4.946713889,45.721443056],[4.946640278,45.721615556]],[[4.946618889,45.721611389],[4.946603333,45.721702778],[4.946661389,45.721620833]],[[4.946234722,45.721850833],[4.946795833,45.7219675]],[[4.941758056,45.732370833],[4.942318056,45.7324875]],[[4.941891389,45.732715833],[4.941949167,45.732633889],[4.941935,45.732723889]],[[4.941913056,45.73272],[4.941837778,45.732894444]],[[4.941671389,45.733233056],[4.941727778,45.733153056],[4.941713611,45.7332425]],[[4.9416925,45.733238333],[4.941618056,45.733410556]],[[4.941449722,45.733752222],[4.941509167,45.733669722],[4.941494167,45.733759167]],[[4.941471667,45.733756389],[4.941398611,45.733928889]],[[4.941231667,45.734268333],[4.941288056,45.734186944],[4.941273056,45.734278889]],[[4.941252778,45.734273056],[4.941178056,45.734446944]],[[4.94101,45.734786944],[4.941070278,45.734702778],[4.941054444,45.734794722]],[[4.940958889,45.734960833],[4.941031667,45.734790556]]]}},{"type":"Feature","id":"LFLY-792bff69bfab5b2559d0","properties":{"airport":"LFLY","name":"LFLY Groundlayout AVISO","layer":"Guidance lines","category":"Taxiways","object_type":"Line","style_id":"line.taxiway.c0b631","source_group":"LFLY Groundlayout AVISO","vsmr_group_ids":[],"geometry_role":"linework"},"geometry":{"type":"MultiLineString","coordinates":[[[4.940170278,45.725842778],[4.940148889,45.725892222]],[[4.940375,45.725885],[4.940353889,45.725935556]],[[4.940546667,45.7259225],[4.940527222,45.725970278]],[[4.940061667,45.726100833],[4.940037778,45.726156667]],[[4.940265,45.726144722],[4.940245278,45.726193611]],[[4.940756111,45.726387222],[4.940878333,45.726411389]],[[4.940798611,45.726276111],[4.940920833,45.726300278]],[[4.9399375,45.726385833],[4.939918611,45.726435]],[[4.940143889,45.726429167],[4.940122778,45.726478611]],[[4.939817778,45.726671944],[4.939796389,45.726718611]],[[4.940023611,45.726713611],[4.940001389,45.726762778]],[[4.940225,45.726755833],[4.940204722,45.726804444]],[[4.939696389,45.726955556],[4.9396775,45.727003611]],[[4.939901389,45.726999167],[4.93988,45.727046667]],[[4.940105278,45.727040278],[4.940085,45.727088889]],[[4.939574444,45.727238333],[4.939553056,45.727289167]],[[4.93978,45.727281667],[4.939759444,45.727330833]],[[4.939983333,45.727324167],[4.939961944,45.727373889]],[[4.939454722,45.727523611],[4.939432778,45.727573611]],[[4.939660556,45.727564722],[4.939639722,45.727611667]],[[4.939863611,45.727608333],[4.939842222,45.727658333]],[[4.939331111,45.727937778],[4.939323056,45.727928889],[4.939319167,45.727917222],[4.939321389,45.727906389],[4.939330556,45.727895],[4.939344167,45.727886944],[4.939360556,45.727883611],[4.939378611,45.727883611],[4.939394167,45.727888611],[4.939406389,45.727897222],[4.939413611,45.727907222],[4.939415278,45.727920278],[4.939410278,45.727931667],[4.9394,45.727940556],[4.939386667,45.727946667],[4.939370556,45.727949444],[4.939355,45.727948056],[4.9393425,45.727944167],[4.939331111,45.727937778]],[[4.939256389,45.728116944],[4.939249167,45.728108611],[4.939245278,45.728097778],[4.939246667,45.728086944],[4.9392525,45.7280775],[4.939260833,45.72807],[4.939274722,45.728064444],[4.939289444,45.728061667],[4.939304444,45.728063333],[4.939318056,45.7280675],[4.939328611,45.728073889],[4.939336111,45.7280825],[4.939338889,45.7280925],[4.939337222,45.728103611],[4.939331111,45.728113333],[4.939321944,45.728120278],[4.939310278,45.728125],[4.939297778,45.728127778],[4.9392825,45.728127222],[4.939268333,45.728123056],[4.939256389,45.728116944]],[[4.939176944,45.728294722],[4.939172222,45.728289722],[4.939168889,45.728282778],[4.939167778,45.728275833],[4.939168333,45.728268889],[4.939171944,45.728260556],[4.9391775,45.728254167],[4.939185278,45.728248611],[4.939195556,45.728244167],[4.939206944,45.728241667],[4.939219167,45.728241389],[4.939231111,45.728242778],[4.939241944,45.728246667],[4.939250833,45.728252222],[4.9392575,45.728258333],[4.939261389,45.728265833],[4.939263333,45.728275],[4.939261389,45.728284444],[4.939255278,45.728293333],[4.939248333,45.728299167],[4.939238333,45.728304444],[4.939226389,45.7283075],[4.939215278,45.728308333],[4.9392025,45.728306944],[4.939190278,45.728303056],[4.9391825,45.728298889],[4.939176944,45.728294722]],[[4.9391025,45.728475556],[4.939096944,45.728470278],[4.939093056,45.728463056],[4.939090833,45.728455],[4.939091944,45.728447222],[4.939095,45.728439722],[4.9391,45.728433611],[4.9391075,45.728428056],[4.939116944,45.728423889],[4.939128611,45.728420833],[4.939139722,45.72842],[4.939151667,45.728420556],[4.939162222,45.728423889],[4.939171667,45.728428333],[4.939179444,45.728434444],[4.939184722,45.728441944],[4.9391875,45.728451111],[4.939186667,45.728460833],[4.9391825,45.728469444],[4.939176389,45.728475556],[4.939167222,45.728481389],[4.939157222,45.728485556],[4.939144444,45.728487222],[4.939131944,45.728486944],[4.939120278,45.728484722],[4.93911,45.728480278],[4.9391025,45.728475556]],[[4.939269444,45.729764167],[4.939361111,45.729543889]],[[4.939418889,45.729824444],[4.939426389,45.7298075]],[[4.939433889,45.729790278],[4.939440833,45.729774167]],[[4.939446389,45.729758333],[4.939454444,45.729740833]],[[4.939461111,45.729723889],[4.939467778,45.729708056]],[[4.939476389,45.729689722],[4.939485,45.729671111]],[[4.939498333,45.729642222],[4.939505556,45.729625556]],[[4.939514722,45.729598611],[4.939521111,45.729581944]],[[4.939528889,45.729565278],[4.939535556,45.729550278]],[[4.939681944,45.729611667],[4.939589167,45.729832778]],[[4.938422222,45.730365833],[4.9384975,45.730194444]],[[4.938807778,45.730448611],[4.938881944,45.730275556]],[[4.939240556,45.7305375],[4.9393125,45.730364444]],[[4.938030833,45.731045],[4.938108333,45.730863611]],[[4.938349444,45.731112222],[4.938429167,45.730930833]],[[4.938671111,45.731180278],[4.938748333,45.730998611]],[[4.938991944,45.731245833],[4.939069444,45.731066667]],[[4.937762778,45.731534444],[4.937809167,45.731426111]],[[4.937983889,45.731579167],[4.938030556,45.731473333]],[[4.938243889,45.731633889],[4.938290556,45.731526667]],[[4.938521667,45.731691944],[4.938567222,45.731584722]],[[4.938798333,45.73175],[4.9388425,45.731641667]],[[4.938391111,45.732176389],[4.938443889,45.7320525]],[[4.938612222,45.732223333],[4.938663889,45.732097778]],[[4.938211944,45.732594444],[4.938265,45.732469722]],[[4.938434444,45.732640556],[4.938487222,45.732518056]],[[4.938034444,45.733009722],[4.938088611,45.732886667]],[[4.938254444,45.733058333],[4.938309722,45.732935]],[[4.935328333,45.731434722],[4.93485,45.731336111]],[[4.936479167,45.7309675],[4.936705556,45.731014167]],[[4.936419444,45.730358611],[4.936479722,45.730214722]],[[4.936128333,45.730294167],[4.936185278,45.730156389]]]}},{"type":"Feature","id":"LFLY-6d85940cb228d175cb1e","properties":{"airport":"LFLY","name":"LFLY Groundlayout AVISO","layer":"Guidance lines","category":"Taxiway Orange","object_type":"Line","style_id":"line.taxiwayorange.cc6d00","source_group":"LFLY Groundlayout AVISO","vsmr_group_ids":[],"geometry_role":"linework"},"geometry":{"type":"MultiLineString","coordinates":[[[4.937911944,45.733755],[4.937908056,45.733764722]],[[4.937904167,45.733773889],[4.937900556,45.733782778]],[[4.9378975,45.733790833],[4.937893889,45.733799167]],[[4.937890556,45.7338075],[4.937886944,45.733815556]],[[4.937883889,45.733823889],[4.937880278,45.733832778]],[[4.937876944,45.733840833],[4.937873611,45.733849444]]]}},{"type":"Feature","id":"LFLY-9af3c11f02a849db1bad","properties":{"airport":"LFLY","name":"16","layer":"Labels","category":"Taxiways","object_type":"Label","style_id":"label.taxiways","source_group":"LFLY Taxiways","vsmr_group_ids":[],"geometry_role":"text_label","text-field":"16"},"geometry":{"type":"Point","coordinates":[4.942153056,45.732119167]}},{"type":"Feature","id":"LFLY-77e6902b7d87752ad6eb","properties":{"airport":"LFLY","name":"34","layer":"Labels","category":"Taxiways","object_type":"Label","style_id":"label.taxiways","source_group":"LFLY Taxiways","vsmr_group_ids":[],"geometry_role":"text_label","text-field":"34"},"geometry":{"type":"Point","coordinates":[4.946357778,45.722161667]}},{"type":"Feature","id":"LFLY-19b6409bfdc4ebf6c9dc","properties":{"airport":"LFLY","name":"A1","layer":"Labels","category":"Taxiways","object_type":"Label","style_id":"label.taxiways","source_group":"LFLY Taxiways","vsmr_group_ids":[],"geometry_role":"text_label","text-field":"A1"},"geometry":{"type":"Point","coordinates":[4.939971944,45.7340075]}},{"type":"Feature","id":"LFLY-6ebf9a09b6aa094f17bd","properties":{"airport":"LFLY","name":"A2","layer":"Labels","category":"Taxiways","object_type":"Label","style_id":"label.taxiways","source_group":"LFLY Taxiways","vsmr_group_ids":[],"geometry_role":"text_label","text-field":"A2"},"geometry":{"type":"Point","coordinates":[4.941625278,45.730305]}},{"type":"Feature","id":"LFLY-e921470c66259ea44346","properties":{"airport":"LFLY","name":"A3","layer":"Labels","category":"Taxiways","object_type":"Label","style_id":"label.taxiways","source_group":"LFLY Taxiways","vsmr_group_ids":[],"geometry_role":"text_label","text-field":"A3"},"geometry":{"type":"Point","coordinates":[4.9427275,45.727491944]}},{"type":"Feature","id":"LFLY-4934751a348082579489","properties":{"airport":"LFLY","name":"A4","layer":"Labels","category":"Taxiways","object_type":"Label","style_id":"label.taxiways","source_group":"LFLY Taxiways","vsmr_group_ids":[],"geometry_role":"text_label","text-field":"A4"},"geometry":{"type":"Point","coordinates":[4.946171667,45.719557778]}},{"type":"Feature","id":"LFLY-1ce73033a42fdc140fe8","properties":{"airport":"LFLY","name":"A5","layer":"Labels","category":"Taxiways","object_type":"Label","style_id":"label.taxiways","source_group":"LFLY Taxiways","vsmr_group_ids":[],"geometry_role":"text_label","text-field":"A5"},"geometry":{"type":"Point","coordinates":[4.9455175,45.727347778]}},{"type":"Feature","id":"LFLY-d0c1838e4ea9193f5526","properties":{"airport":"LFLY","name":"T1","layer":"Labels","category":"Taxiways","object_type":"Label","style_id":"label.taxiways","source_group":"LFLY Taxiways","vsmr_group_ids":[],"geometry_role":"text_label","text-field":"T1"},"geometry":{"type":"Point","coordinates":[4.939111111,45.731939722]}},{"type":"Feature","id":"LFLY-6be13370fa5f971f6bd0","properties":{"airport":"LFLY","name":"T2","layer":"Labels","category":"Taxiways","object_type":"Label","style_id":"label.taxiways","source_group":"LFLY Taxiways","vsmr_group_ids":[],"geometry_role":"text_label","text-field":"T2"},"geometry":{"type":"Point","coordinates":[4.941239722,45.727963056]}},{"type":"Feature","id":"LFLY-0b559ecb4fc63560f9dc","properties":{"airport":"LFLY","name":"T3","layer":"Labels","category":"Taxiways","object_type":"Label","style_id":"label.taxiways","source_group":"LFLY Taxiways","vsmr_group_ids":[],"geometry_role":"text_label","text-field":"T3"},"geometry":{"type":"Point","coordinates":[4.944004722,45.722548333]}},{"type":"Feature","id":"LFLY-f2dce3986587f2e10685","properties":{"airport":"LFLY","name":"TA","layer":"Labels","category":"Taxiways","object_type":"Label","style_id":"label.taxiways","source_group":"LFLY Taxiways","vsmr_group_ids":[],"geometry_role":"text_label","text-field":"TA"},"geometry":{"type":"Point","coordinates":[4.939799722,45.728674444]}},{"type":"Feature","id":"LFLY-deab4e2393bbc4e57098","properties":{"airport":"LFLY","name":"TB","layer":"Labels","category":"Taxiways","object_type":"Label","style_id":"label.taxiways","source_group":"LFLY Taxiways","vsmr_group_ids":[],"geometry_role":"text_label","text-field":"TB"},"geometry":{"type":"Point","coordinates":[4.941063889,45.726897222]}},{"type":"Feature","id":"LFLY-1592f3128047d4bbb6e0","properties":{"airport":"LFLY","name":"TC","layer":"Labels","category":"Taxiways","object_type":"Label","style_id":"label.taxiways","source_group":"LFLY Taxiways","vsmr_group_ids":[],"geometry_role":"text_label","text-field":"TC"},"geometry":{"type":"Point","coordinates":[4.941451944,45.726046389]}},{"type":"Feature","id":"LFLY-08ed27db661a8bc2dcf2","properties":{"airport":"LFLY","name":"TN","layer":"Labels","category":"Taxiways","object_type":"Label","style_id":"label.taxiways","source_group":"LFLY Taxiways","vsmr_group_ids":[],"geometry_role":"text_label","text-field":"TN"},"geometry":{"type":"Point","coordinates":[4.936251111,45.733064167]}},{"type":"Feature","id":"LFLY-aa6e97a3633ef66ce811","properties":{"airport":"LFLY","name":"TN","layer":"Labels","category":"Taxiways","object_type":"Label","style_id":"label.taxiways","source_group":"LFLY Taxiways","vsmr_group_ids":[],"geometry_role":"text_label","text-field":"TN"},"geometry":{"type":"Point","coordinates":[4.937831111,45.733379167]}},{"type":"Feature","id":"LFLY-e3037655f1c58ed10976","properties":{"airport":"LFLY","name":"TN2","layer":"Labels","category":"Taxiways","object_type":"Label","style_id":"label.taxiways","source_group":"LFLY Taxiways","vsmr_group_ids":[],"geometry_role":"text_label","text-field":"TN2"},"geometry":{"type":"Point","coordinates":[4.937706944,45.733757222]}},{"type":"Feature","id":"LFLY-1d06a074e85a75e1acc6","properties":{"airport":"LFLY","name":"TC1","layer":"Labels","category":"Taxiways","object_type":"Label","style_id":"label.taxiways","source_group":"LFLY Taxiways","vsmr_group_ids":[],"geometry_role":"text_label","text-field":"TC1"},"geometry":{"type":"Point","coordinates":[4.939580556,45.729400556]}},{"type":"Feature","id":"LFLY-35892eec76e424423e50","properties":{"airport":"LFLY","name":"TC2","layer":"Labels","category":"Taxiways","object_type":"Label","style_id":"label.taxiways","source_group":"LFLY Taxiways","vsmr_group_ids":[],"geometry_role":"text_label","text-field":"TC2"},"geometry":{"type":"Point","coordinates":[4.939264444,45.730125278]}},{"type":"Feature","id":"LFLY-c2432b67f9d274340713","properties":{"airport":"LFLY","name":"TC3","layer":"Labels","category":"Taxiways","object_type":"Label","style_id":"label.taxiways","source_group":"LFLY Taxiways","vsmr_group_ids":[],"geometry_role":"text_label","text-field":"TC3"},"geometry":{"type":"Point","coordinates":[4.938993611,45.730763611]}},{"type":"Feature","id":"LFLY-610ec9502929425fa23f","properties":{"airport":"LFLY","name":"TC4","layer":"Labels","category":"Taxiways","object_type":"Label","style_id":"label.taxiways","source_group":"LFLY Taxiways","vsmr_group_ids":[],"geometry_role":"text_label","text-field":"TC4"},"geometry":{"type":"Point","coordinates":[4.938722778,45.731409444]}},{"type":"Feature","id":"LFLY-e886fae800b49c733425","properties":{"airport":"LFLY","name":"TC5","layer":"Labels","category":"Taxiways","object_type":"Label","style_id":"label.taxiways","source_group":"LFLY Taxiways","vsmr_group_ids":[],"geometry_role":"text_label","text-field":"TC5"},"geometry":{"type":"Point","coordinates":[4.938169722,45.731803611]}},{"type":"Feature","id":"LFLY-9e382a72cb7b16595501","properties":{"airport":"LFLY","name":"TC6","layer":"Labels","category":"Taxiways","object_type":"Label","style_id":"label.taxiways","source_group":"LFLY Taxiways","vsmr_group_ids":[],"geometry_role":"text_label","text-field":"TC6"},"geometry":{"type":"Point","coordinates":[4.938406667,45.732347222]}},{"type":"Feature","id":"LFLY-a077e30cf312ff189587","properties":{"airport":"LFLY","name":"TC7","layer":"Labels","category":"Taxiways","object_type":"Label","style_id":"label.taxiways","source_group":"LFLY Taxiways","vsmr_group_ids":[],"geometry_role":"text_label","text-field":"TC7"},"geometry":{"type":"Point","coordinates":[4.938226111,45.732780278]}},{"type":"Feature","id":"LFLY-12d3ff969d2f5f1dc894","properties":{"airport":"LFLY","name":"TR1","layer":"Labels","category":"Taxiways","object_type":"Label","style_id":"label.taxiways","source_group":"LFLY Taxiways","vsmr_group_ids":[],"geometry_role":"text_label","text-field":"TR1"},"geometry":{"type":"Point","coordinates":[4.939698056,45.727751389]}},{"type":"Feature","id":"LFLY-a8a4b2ab2b2138fd2140","properties":{"airport":"LFLY","name":"TR2","layer":"Labels","category":"Taxiways","object_type":"Label","style_id":"label.taxiways","source_group":"LFLY Taxiways","vsmr_group_ids":[],"geometry_role":"text_label","text-field":"TR2"},"geometry":{"type":"Point","coordinates":[4.939813611,45.727469167]}},{"type":"Feature","id":"LFLY-80eb252a624d46b98377","properties":{"airport":"LFLY","name":"TR3","layer":"Labels","category":"Taxiways","object_type":"Label","style_id":"label.taxiways","source_group":"LFLY Taxiways","vsmr_group_ids":[],"geometry_role":"text_label","text-field":"TR3"},"geometry":{"type":"Point","coordinates":[4.939940833,45.727182778]}},{"type":"Feature","id":"LFLY-bdd510843e965983d608","properties":{"airport":"LFLY","name":"TR4","layer":"Labels","category":"Taxiways","object_type":"Label","style_id":"label.taxiways","source_group":"LFLY Taxiways","vsmr_group_ids":[],"geometry_role":"text_label","text-field":"TR4"},"geometry":{"type":"Point","coordinates":[4.940067778,45.726884167]}},{"type":"Feature","id":"LFLY-65f5bd9be2cc077a7170","properties":{"airport":"LFLY","name":"TR5","layer":"Labels","category":"Taxiways","object_type":"Label","style_id":"label.taxiways","source_group":"LFLY Taxiways","vsmr_group_ids":[],"geometry_role":"text_label","text-field":"TR5"},"geometry":{"type":"Point","coordinates":[4.939986944,45.7265575]}},{"type":"Feature","id":"LFLY-47136805e6225a7986f8","properties":{"airport":"LFLY","name":"TR6","layer":"Labels","category":"Taxiways","object_type":"Label","style_id":"label.taxiways","source_group":"LFLY Taxiways","vsmr_group_ids":[],"geometry_role":"text_label","text-field":"TR6"},"geometry":{"type":"Point","coordinates":[4.9401025,45.726275]}},{"type":"Feature","id":"LFLY-7104f158a840959f76bf","properties":{"airport":"LFLY","name":"TS7","layer":"Labels","category":"Taxiways","object_type":"Label","style_id":"label.taxiways","source_group":"LFLY Taxiways","vsmr_group_ids":[],"geometry_role":"text_label","text-field":"TS7"},"geometry":{"type":"Point","coordinates":[4.940212222,45.726000833]}},{"type":"Feature","id":"LFLY-490261302af0dd33f08f","properties":{"airport":"LFLY","name":"TS8","layer":"Labels","category":"Taxiways","object_type":"Label","style_id":"label.taxiways","source_group":"LFLY Taxiways","vsmr_group_ids":[],"geometry_role":"text_label","text-field":"TS8"},"geometry":{"type":"Point","coordinates":[4.940495556,45.725807222]}},{"type":"Feature","id":"LFLY-149583384a49c05755c5","properties":{"airport":"LFLY","name":"HEL","layer":"Labels","category":"Taxiways","object_type":"Label","style_id":"label.taxiways","source_group":"LFLY Taxiways","vsmr_group_ids":[],"geometry_role":"text_label","text-field":"HEL"},"geometry":{"type":"Point","coordinates":[4.944718333,45.728924167]}},{"type":"Feature","id":"LFLY-599b0abb5b8c6dee36ef","properties":{"airport":"LFLY","name":"H","layer":"Labels","category":"Taxiways","object_type":"Label","style_id":"label.taxiways","source_group":"LFLY Taxiways","vsmr_group_ids":[],"geometry_role":"text_label","text-field":"H"},"geometry":{"type":"Point","coordinates":[4.942150556,45.724386389]}}]}
