{"type":"FeatureCollection","name":"LFML AVISO","bbox":[5.154772324453902,43.40614322939593,7.627030740688381,48.54231934995884],"metadata":{"schema":"vSMR AVISO","schema_version":2,"geometry_mode":"shared","airport":"LFML","coordinate_reference_system":"WGS84","coordinate_order":"longitude, latitude","default_color_palette":"dark","color_palettes":["dark","light","real"],"background_colors":{"dark":"#434A4F","light":"#434A4F","real":"#434A4F"},"runways":[{"ends":["13R","31L"],"headings":[133,313],"thresholds":[[5.203546944,43.440921944],[5.223432778,43.426530833]]},{"ends":["13L","31R"],"headings":[132,312],"thresholds":[[5.200338889,43.447013889],[5.222588889,43.431382778]]}],"saved_active_runways":[],"saved_active_airport_modes":[],"airport_reference":[5.214999722,43.436666944],"feature_count":553,"style_count":15,"layer_counts":{"Airfield surfaces":42,"Buildings and structures":30,"Guidance lines":148,"Labels":188,"Operational restrictions":19,"Surface markings":116,"Terrain":9,"Water":1},"category_counts":{"Buildings":30,"Coastline":1,"Gates":139,"Grass":8,"Hard Surface 2":14,"Hard Surface 3":7,"Hard Surface 4":7,"Prohibited areas":19,"Runways":3,"Surface markings":152,"Taxiway Orange":11,"Taxiways":161,"Water":1},"geometry_source":"local GNG/KMZ","geometry_source_url":"","geometry_license":"GPL-3.0"},"styles":{"polygon.landmark3.212a45":{"name":"Water","layer":"Water","object_type":"Area","paint":{"fill":"#2B314D","fill-opacity":1,"palette-overrides":{"light":{"fill":"#004080"},"real":{"fill":"#212A45"}}},"feature_count":1},"polygon.landmark4.222b2b":{"name":"Coastline","layer":"Terrain","object_type":"Area","paint":{"fill":"#000311","fill-opacity":1,"palette-overrides":{"light":{"fill":"#202224"},"real":{"fill":"#222B2B"}}},"feature_count":1},"polygon.terrain5.6b7a52":{"name":"Grass","layer":"Terrain","object_type":"Area","paint":{"fill":"#010D19","fill-opacity":1,"palette-overrides":{"light":{"fill":"#00512F"},"real":{"fill":"#6B7A52"}}},"feature_count":8},"polygon.terrain6.535353":{"name":"Hard Surface 2","layer":"Airfield surfaces","object_type":"Area","paint":{"fill":"#2F3949","fill-opacity":1,"palette-overrides":{"light":{"fill":"#595E5B"},"real":{"fill":"#535353"}}},"feature_count":14},"polygon.terrain8.595959":{"name":"Hard Surface 4","layer":"Airfield surfaces","object_type":"Area","paint":{"fill":"#152841","fill-opacity":1,"palette-overrides":{"light":{"fill":"#969393"},"real":{"fill":"#595959"}}},"feature_count":7},"polygon.hardsurface5.262626":{"name":"Runways","layer":"Airfield surfaces","object_type":"Area","paint":{"fill":"#111318","fill-opacity":1,"palette-overrides":{"light":{"fill":"#555555"},"real":{"fill":"#262626"}}},"feature_count":3},"polygon.terrain7.4d4d4d":{"name":"Hard Surface 3","layer":"Airfield surfaces","object_type":"Area","paint":{"fill":"#222D3C","fill-opacity":1,"palette-overrides":{"light":{"fill":"#8A807F"},"real":{"fill":"#4D4D4D"}}},"feature_count":7},"polygon.terrain9.a84b24":{"name":"Buildings","layer":"Buildings and structures","object_type":"Area","paint":{"fill":"#475570","fill-opacity":1,"palette-overrides":{"light":{"fill":"#394446"},"real":{"fill":"#A84B24"}}},"feature_count":30},"polygon.stopbar.7e0000":{"name":"Prohibited areas","layer":"Operational restrictions","object_type":"Area","paint":{"fill":"#5F272A","fill-opacity":1,"palette-overrides":{"light":{"fill":"#280908"},"real":{"fill":"#7E0000"}}},"feature_count":19},"polygon.landmark5.b3b300":{"name":"Taxiway Orange","layer":"Airfield surfaces","object_type":"Area","paint":{"fill":"#CC8B00","fill-opacity":1,"palette-overrides":{"light":{"fill":"#CC6D00"},"real":{"fill":"#B3B300"}}},"feature_count":11},"polygon.landmark6.a6a6a6":{"name":"Surface markings","layer":"Surface markings","object_type":"Area","paint":{"fill":"#666666","fill-opacity":1,"palette-overrides":{"light":{"fill":"#B3B3B3"},"real":{"fill":"#A6A6A6"}}},"feature_count":116},"line.hardsurface5.262626":{"name":"Taxiways","layer":"Guidance lines","object_type":"Line","paint":{"stroke":"#4E5A69","stroke-opacity":1,"stroke-width":1,"palette-overrides":{"light":{"stroke":"#C0B631"},"real":{"stroke":"#262626"}}},"feature_count":112},"line.landmark6.a6a6a6":{"name":"Surface markings","layer":"Guidance lines","object_type":"Line","paint":{"stroke":"#666666","stroke-opacity":1,"stroke-width":1,"palette-overrides":{"light":{"stroke":"#B3B3B3"},"real":{"stroke":"#A6A6A6"}}},"feature_count":36},"label.gates":{"name":"Gates","layer":"Labels","object_type":"Label","paint":{"text-color":"#CCCCCC","text-font":"Arial","text-size":12,"text-halo-color":"#000000","text-halo-width":1,"text-anchor":"center","zoomLevel":9},"feature_count":139},"label.taxiways":{"name":"Taxiways","layer":"Labels","object_type":"Label","paint":{"text-color":"#CCCCCC","text-font":"Arial","text-size":12,"text-halo-color":"#000000","text-halo-width":1,"text-anchor":"center","zoomLevel":7},"feature_count":49}},"vsmr_groups":[],"features":[{"type":"Feature","id":"LFML-b5a2681e465069e86ef4","properties":{"airport":"LFML","name":"COLOR_Landmark3","layer":"Water","category":"Water","object_type":"Area","style_id":"polygon.landmark3.212a45","source_group":"COLOR_Landmark3","vsmr_group_ids":[],"geometry_role":"filled_region"},"geometry":{"type":"Polygon","coordinates":[[[5.198055375860977,43.42266014987095],[5.2353387630688,43.44960758273932],[5.193275403326552,43.47795228731005],[5.154772324453902,43.45038316869651],[5.198055375860977,43.42266014987095]]]}},{"type":"Feature","id":"LFML-e933c01307b2bd4f9cb1","properties":{"airport":"LFML","name":"COLOR_Landmark4","layer":"Terrain","category":"Coastline","object_type":"Area","style_id":"polygon.landmark4.222b2b","source_group":"COLOR_Landmark4","vsmr_group_ids":[],"geometry_role":"filled_region"},"geometry":{"type":"Polygon","coordinates":[[[5.200543906177531,43.43924730268495],[5.197949096342251,43.43835138288474],[5.197277028963443,43.43802960262336],[5.195749588617858,43.43737490630374],[5.194583750109425,43.43708048694934],[5.194164196807066,43.43742849107299],[5.192726619671813,43.43623172998354],[5.19113931967579,43.43499142982544],[5.189582224293678,43.43329428564677],[5.186303117040749,43.43014075397693],[5.190286761350393,43.42761102537577],[5.190911000012274,43.42769049495648],[5.192518489246978,43.42758471719092],[5.193322415296889,43.42694818599087],[5.194235571885133,43.42731976656444],[5.195404337745567,43.42800972249315],[5.197267447114009,43.42779780701296],[5.197413820847643,43.42689586876894],[5.197523804428245,43.42543682408283],[5.197397493062539,43.42297623164651],[5.225125642283535,43.40614322939593],[5.261002327724147,43.43232547998167],[5.227083142190862,43.45522821285358],[5.226902596554441,43.45406977455281],[5.226504770691689,43.45288315125231],[5.225400145736662,43.45196922185892],[5.223588659593354,43.45083084541164],[5.221288210886308,43.44958839997341],[5.219377139911579,43.44853471239893],[5.216684947935848,43.44731003330055],[5.215338305184638,43.44685682156052],[5.214419731103879,43.44665610442983],[5.213541696958428,43.44662140428809],[5.213046398629677,43.44657203975274],[5.212755055884029,43.44633230253847],[5.212551125314457,43.44599385452006],[5.212084988535961,43.44556373931303],[5.211686840220604,43.44509837041728],[5.211240126420833,43.44482337191373],[5.210505797655138,43.44446180029334],[5.20978582666759,43.44425447557737],[5.200543906177531,43.43924730268495]]]}},{"type":"Feature","id":"0FEAC7F5AE15334C84A3","properties":{"airport":"LFML","name":"COLOR_Terrain5","layer":"Terrain","category":"Grass","object_type":"Area","style_id":"polygon.terrain5.6b7a52","source_group":"COLOR_Terrain5","vsmr_group_ids":[],"geometry_role":"filled_region"},"geometry":{"type":"Polygon","coordinates":[[[5.204554942296555,43.44215521184164],[5.204547436831007,43.44208425064208],[5.204479785114417,43.44203238862503],[5.20427305896386,43.4419477624794],[5.204096409143208,43.44183857555475],[5.20397614754363,43.44170755972091],[5.203855874625345,43.44163931646276],[5.203682964739516,43.44163656990306],[5.203397263988299,43.44175116954871],[5.2026569444444,43.442042222222],[5.202535747855366,43.44207764032452],[5.202383105365858,43.44206442929741],[5.202226841019355,43.44199316314408],[5.201921608812325,43.44172924469979],[5.201841687723658,43.4415682665142],[5.201848979197004,43.44146535278229],[5.201932591829341,43.44136508672683],[5.202027113443557,43.44123579474051],[5.202023506417879,43.44110913026555],[5.2016830555556,43.440700277778],[5.201388317230031,43.44046675056078],[5.201139536346897,43.44020996372964],[5.200759811616697,43.4398580654528],[5.200236020828955,43.43952041125758],[5.199553076634238,43.43924553964079],[5.199282862480226,43.43934359517696],[5.198791742236393,43.43885306598569],[5.197790961122073,43.43832232684339],[5.200153559930285,43.43616298344235],[5.201306457745281,43.43524901803992],[5.20476335836332,43.43275303389102],[5.206222371655242,43.43173917912632],[5.206988430716867,43.43123941758841],[5.207488010493256,43.43098954499244],[5.208031972591121,43.43084447286508],[5.208431755089427,43.42945793575172],[5.208524976553594,43.4292077961129],[5.208651655097909,43.42898785459538],[5.208838894123053,43.42887989046515],[5.209042646486695,43.42882791396147],[5.209389570245815,43.42877594467173],[5.210011824358791,43.42869599396138],[5.211830494735848,43.42857484416992],[5.213157904808867,43.42853653669125],[5.214524687061564,43.42848694008332],[5.216420434362023,43.42869294373894],[5.219276027317321,43.42686305511723],[5.221198758329026,43.42579905201805],[5.222800956173604,43.4250675237039],[5.223624924983625,43.42475162218008],[5.224563351063869,43.42460194277707],[5.225684895983345,43.42456860438942],[5.230471423484159,43.42464822948612],[5.231211987323632,43.42467713469999],[5.231542552049104,43.42472816741466],[5.231802805213484,43.42484561204789],[5.231957565336421,43.42496817926296],[5.232077183727252,43.42517247776939],[5.232119447847117,43.42540743490809],[5.232091378543795,43.42563218667723],[5.231450207403075,43.42696806505825],[5.231112175453044,43.42793610005685],[5.2309419032067,43.42871349057373],[5.230907012904153,43.42901824795833],[5.230848796877414,43.42927786019258],[5.23064682605185,43.42958828514048],[5.227741438018971,43.43329020425278],[5.226529636771005,43.4327544903285],[5.22356714552145,43.43478661487175],[5.218535096333554,43.44212340047615],[5.216328383777089,43.44545392045858],[5.214021549634462,43.44452172124689],[5.210646779344961,43.44309809332426],[5.209796536220555,43.44425666870648],[5.209663043272958,43.44420915032207],[5.20959498517726,43.44421674897326],[5.209443167346732,43.4441863337408],[5.2088791666667,43.443976388889],[5.2088058333333,43.443952777778],[5.2087666666667,43.443928333333],[5.2087241666667,43.44388],[5.2086661111111,43.44385],[5.2085897222222,43.443829444444],[5.2085355555556,43.443823611111],[5.2084916666667,43.443825833333],[5.2084527777778,43.443833055556],[5.2084188888889,43.443844444444],[5.2083816666667,43.443866388889],[5.2083238888889,43.443900833333],[5.2082230555556,43.443964444444],[5.1981272222222,43.451081111111],[5.1951016666667,43.448791388889],[5.204554942296555,43.44215521184164]]]}},{"type":"Feature","id":"0D824DCC0C15334FEB7C","properties":{"airport":"LFML","name":"COLOR_Terrain6","layer":"Airfield surfaces","category":"Hard Surface 2","object_type":"Area","style_id":"polygon.terrain6.535353","source_group":"COLOR_Terrain6","vsmr_group_ids":[],"geometry_role":"filled_region"},"geometry":{"type":"Polygon","coordinates":[[[5.223099289404642,43.43431220894321],[5.223060996320539,43.43436925036545],[5.223047466582909,43.43443151563425],[5.223053491976453,43.43448941000899],[5.223083588513015,43.43456478023675],[5.223119698216343,43.43461174875334],[5.223164832609665,43.43465107006824],[5.223237043983906,43.43468820457101],[5.223339340922206,43.43472315194537],[5.223055535087992,43.43496068367084],[5.222943088168117,43.43479585608042],[5.22291066310922,43.43476572392117],[5.222871754164413,43.43473747561548],[5.22281598858436,43.43472523746444],[5.222749851533623,43.43473654265692],[5.222263281005595,43.43531251730762],[5.222272237042926,43.43534399465189],[5.222294500061455,43.4353690471762],[5.222339023095454,43.4353957145361],[5.222591538982096,43.43551460902071],[5.222500033450064,43.43563151540117],[5.222236854219855,43.43550607551435],[5.222165911980472,43.43548613987097],[5.222135019577776,43.43549195786334],[5.222092687579809,43.43551605530612],[5.221819419389573,43.43586608403314],[5.221823576671152,43.43587671089664],[5.221849307743465,43.43589569456881],[5.22216568981089,43.43603229509963],[5.222077902216156,43.43614463398582],[5.221750916270135,43.43600607426483],[5.221730057199665,43.43600129257754],[5.221714687669436,43.43600049638198],[5.221405073958627,43.4363791302643],[5.221392512911405,43.4364201911201],[5.221396384867221,43.43644497843289],[5.221437652493996,43.43645662898528],[5.221798749782507,43.43660866106786],[5.221844361222692,43.43662035810688],[5.221894485029916,43.43662035487606],[5.222416419689628,43.43695960061467],[5.223204054277899,43.43656886942269],[5.223774157443815,43.43686954931935],[5.223947295176165,43.43697373854287],[5.22376371895604,43.43717748334107],[5.223759596134256,43.43719845589121],[5.223767852553445,43.43722691748749],[5.223575990929776,43.43721944289464],[5.221901837289797,43.43726013660878],[5.221141106418282,43.43662693673026],[5.221235097457793,43.43633276709641],[5.222970753761473,43.43412565657434],[5.223468244178255,43.43377150768965],[5.223602454800112,43.43396319343797],[5.223099289404642,43.43431220894321]]]}},{"type":"Feature","id":"0020DB3B6615336D2A1C","properties":{"airport":"LFML","name":"COLOR_Terrain6","layer":"Airfield surfaces","category":"Hard Surface 2","object_type":"Area","style_id":"polygon.terrain6.535353","source_group":"COLOR_Terrain6","vsmr_group_ids":[],"geometry_role":"filled_region"},"geometry":{"type":"Polygon","coordinates":[[[5.223156891471579,43.43513475134061],[5.2230480555556,43.434950555556],[5.223324006358667,43.43471872705722],[5.223383993045026,43.43472283701208],[5.223476746408915,43.43471174138417],[5.223544102419964,43.43468866121557],[5.224081112213856,43.43430278714835],[5.224120311705449,43.43425291133165],[5.224129154488195,43.43420903325524],[5.2241225,43.434158611111],[5.224396052308141,43.43394995855554],[5.224456129547884,43.43394361291227],[5.224514022092261,43.43392457600123],[5.22456,43.433890277778],[5.224943139231504,43.43344772439347],[5.2251322222222,43.433541666667],[5.2259566666667,43.432955833333],[5.2260563888889,43.432871944444],[5.226385,43.433024166667],[5.2264433333333,43.432981111111],[5.226821631177678,43.43326880016003],[5.226779613029818,43.43348764065745],[5.226768845200189,43.43351181180534],[5.226741434836491,43.43354024876736],[5.226318941565102,43.43400014033188],[5.225990401257863,43.4343337149333],[5.225265075010119,43.43519641115183],[5.225320761926358,43.43522356959073],[5.2250827777778,43.435493055556],[5.2240983333333,43.435044444444],[5.2243975,43.434721666667],[5.2241722222222,43.434611111111],[5.223645,43.434974166667],[5.2234572222222,43.435105555556],[5.223461955385888,43.43515176726015],[5.223476809615595,43.4351860352568],[5.223506305120833,43.43522261218009],[5.223156891471579,43.43513475134061]]]}},{"type":"Feature","id":"LFML-485ed55937559adfeb32","properties":{"airport":"LFML","name":"COLOR_Terrain6","layer":"Airfield surfaces","category":"Hard Surface 2","object_type":"Area","style_id":"polygon.terrain6.535353","source_group":"COLOR_Terrain6","vsmr_group_ids":[],"geometry_role":"filled_region"},"geometry":{"type":"Polygon","coordinates":[[[5.225572510988954,43.43220723703305],[5.2283733333333,43.430238888889],[5.228448519931672,43.42999721503643],[5.2289980555556,43.429611944444],[5.2291369444444,43.4296175],[5.2291205555556,43.429713333333],[5.229821397084273,43.42921946696941],[5.229897177779073,43.42915427204726],[5.229951017160086,43.4290890799987],[5.229982914355331,43.42901954514875],[5.22999287367502,43.42896305015465],[5.229988868078605,43.42889641707624],[5.229978878570845,43.42882978475822],[5.229934979356661,43.42875881110274],[5.22986714571136,43.42869218609923],[5.229795329256717,43.4286516355792],[5.229697585099768,43.42862122813917],[5.229545,43.428106388889],[5.2297877777778,43.428223611111],[5.2299894444444,43.428336666667],[5.230126341058686,43.42843029433476],[5.230231559423306,43.42851972087769],[5.230300854497765,43.42859797190964],[5.230362454738053,43.42868554050946],[5.230395830778265,43.42876938610471],[5.230416380862739,43.42886441337527],[5.230416404353568,43.42895758004985],[5.230398473960878,43.42907683583944],[5.230354882816483,43.42918491513899],[5.230265267608189,43.42931602488572],[5.230156104376135,43.42941696017173],[5.2290011111111,43.430226944444],[5.228890932873094,43.43034076056811],[5.2280861111111,43.43091],[5.228256133839375,43.43105638173896],[5.22834944385389,43.43111528625941],[5.228414350748888,43.43113589908574],[5.228531987767175,43.43114275885315],[5.228652324420098,43.43112899788169],[5.228725338183812,43.43112309775071],[5.228791593056741,43.43112505373395],[5.2285772222222,43.431348333333],[5.228445485105282,43.43129693038433],[5.2283127777778,43.431255277778],[5.228250096409958,43.43120941270366],[5.228161696897009,43.43119376586657],[5.227924499694209,43.43102156639078],[5.2274833333333,43.4313325],[5.226145304649357,43.43217207722525],[5.226101535377429,43.43221181883983],[5.226074530010787,43.43224971109971],[5.226062877281066,43.43228599862983],[5.22606288535065,43.43233075188662],[5.226074552060929,43.43237187539032],[5.226104540808933,43.43241420669771],[5.226146186958043,43.4324456509369],[5.226227382024772,43.4325296395172],[5.226537904654762,43.43285334843963],[5.226464400309752,43.43284780489556],[5.226423285623635,43.43285975254057],[5.226391767045088,43.43288264725974],[5.226383548726283,43.43290852539518],[5.226397262276478,43.43294833517106],[5.226449352038083,43.43298913619738],[5.226375351712615,43.43304288909248],[5.22604775303517,43.4328826825208],[5.226075153699467,43.43282594864647],[5.226094331164064,43.43277120617297],[5.226097063450101,43.43272542287283],[5.226080609065966,43.43268660846267],[5.22606415618233,43.43265575628331],[5.226021147659448,43.43261446002513],[5.225846783149757,43.43254124192595],[5.225742511974383,43.43252759811093],[5.22566046538606,43.43253257125541],[5.225593805349009,43.43255243824947],[5.225528858607545,43.43259464815644],[5.224172524927415,43.4335567594043],[5.224132270411954,43.43362172833816],[5.224117705453755,43.43369022788799],[5.224126610847597,43.43376664594822],[5.224162194867368,43.43383768010396],[5.224214078883991,43.43388288113587],[5.224288194964464,43.43392269860991],[5.224346003608136,43.43394206736428],[5.224426043890218,43.4339538999057],[5.224125055649147,43.434166168834],[5.224103178638984,43.43412470228045],[5.224050927766655,43.43409382597634],[5.223809121396148,43.43398885146566],[5.223726876984647,43.43396670020053],[5.223656216595947,43.43395715989254],[5.223615136271864,43.43396074298833],[5.223590489216887,43.43397029104263],[5.223462532684358,43.43377691439084],[5.225239640652379,43.43252749134589],[5.225275695235978,43.43249916691572],[5.225297325839666,43.43247518505685],[5.225306428893797,43.43243962791428],[5.225305282199278,43.43239497592698],[5.225287055354984,43.43235032551447],[5.225255164978244,43.43230898389435],[5.2252073343082,43.43227425880806],[5.225180001744107,43.43225028139037],[5.225572510988954,43.43220723703305]]]}},{"type":"Feature","id":"LFML-1de9c6e8440fc84d029e","properties":{"airport":"LFML","name":"COLOR_Terrain6","layer":"Airfield surfaces","category":"Hard Surface 2","object_type":"Area","style_id":"polygon.terrain6.535353","source_group":"COLOR_Terrain6","vsmr_group_ids":[],"geometry_role":"filled_region"},"geometry":{"type":"Polygon","coordinates":[[[5.216701153872101,43.43666644207719],[5.2164094444444,43.436726388889],[5.2160319444444,43.436823055556],[5.215755,43.436916111111],[5.2154927777778,43.437006666667],[5.2152786111111,43.437096666667],[5.2149897222222,43.437233888889],[5.2146480555556,43.437407222222],[5.2144441666667,43.437513055556],[5.213759750599651,43.43785201422403],[5.2163625,43.436040555556],[5.216304910374248,43.43619594998763],[5.216303397675722,43.43623441147134],[5.216313991533832,43.43626188385505],[5.216345772117636,43.43628166375154],[5.216397226038341,43.43629155335969],[5.216468353063211,43.43628276146689],[5.216562179953428,43.43626188140171],[5.216701153872101,43.43666644207719]]]}},{"type":"Feature","id":"LFML-48f8659d41cf758da1ae","properties":{"airport":"LFML","name":"COLOR_Terrain6","layer":"Airfield surfaces","category":"Hard Surface 2","object_type":"Area","style_id":"polygon.terrain6.535353","source_group":"COLOR_Terrain6","vsmr_group_ids":[],"geometry_role":"filled_region"},"geometry":{"type":"Polygon","coordinates":[[[5.214404752780856,43.44069754344978],[5.2146688888889,43.441014166667],[5.214562038392332,43.44103063230768],[5.214458820208412,43.44105561409602],[5.214337579585751,43.441087733419],[5.21423272263169,43.44111866305153],[5.213996795120543,43.44086051841964],[5.214404752780856,43.44069754344978]]]}},{"type":"Feature","id":"LFML-962458093b8cf30e8964","properties":{"airport":"LFML","name":"COLOR_Terrain6","layer":"Airfield surfaces","category":"Hard Surface 2","object_type":"Area","style_id":"polygon.terrain6.535353","source_group":"COLOR_Terrain6","vsmr_group_ids":[],"geometry_role":"filled_region"},"geometry":{"type":"Polygon","coordinates":[[[5.2158494444444,43.440130555556],[5.216345622732412,43.4399390699624],[5.217031335176858,43.44049170203804],[5.216732052085749,43.44074393944707],[5.215906021622199,43.44130271953168],[5.215620226574591,43.4411226181258],[5.215553028410458,43.4408601362569],[5.215826553266543,43.44089907903075],[5.216538784367279,43.44061839137212],[5.216732660202426,43.44048069887329],[5.216681068347797,43.44045469985438],[5.216625178475467,43.44043895763424],[5.2165578807441,43.44042901180097],[5.216476892605185,43.44043065970899],[5.216390199055625,43.44044224571649],[5.2162863888889,43.440461666667],[5.2158494444444,43.440130555556]]]}},{"type":"Feature","id":"LFML-d0ee349b9a43234b8590","properties":{"airport":"LFML","name":"COLOR_Terrain6","layer":"Airfield surfaces","category":"Hard Surface 2","object_type":"Area","style_id":"polygon.terrain6.535353","source_group":"COLOR_Terrain6","vsmr_group_ids":[],"geometry_role":"filled_region"},"geometry":{"type":"Polygon","coordinates":[[[5.2034936111111,43.436075],[5.203495682670363,43.43603134825133],[5.203486844464715,43.43598562630869],[5.203463645729682,43.43594150880596],[5.203423877059825,43.43589338075858],[5.203380794673946,43.43585648268543],[5.2029463888889,43.435531944444],[5.202888486951817,43.43549232383045],[5.202835579670482,43.43546820092782],[5.202774059720547,43.43545211909032],[5.202713770244197,43.43544407827573],[5.202625181714804,43.43545033272504],[5.20253659318649,43.43547088233911],[5.202477534125909,43.43549857945867],[5.20243570059389,43.43552627653893],[5.202395097423165,43.43557005575602],[5.202358185329263,43.43562455641303],[5.202345881302346,43.43567458979452],[5.202352033278514,43.43573087734633],[5.202384023876665,43.43579252560438],[5.202414142653358,43.43582453934934],[5.201460330283211,43.43654754961717],[5.2010630555556,43.436248611111],[5.2010077777778,43.436266111111],[5.2007416666667,43.436071666667],[5.20139474968566,43.43554957842484],[5.2017125,43.435319444444],[5.201822388596602,43.43540384980978],[5.201890568708438,43.4354352460464],[5.201980367085833,43.43545335936932],[5.20207016548373,43.43545335955258],[5.202164952660917,43.43543766168573],[5.2022144444444,43.435416944444],[5.2023013888889,43.435376388889],[5.2024261111111,43.435324722222],[5.2025119444444,43.435290555556],[5.2025766666667,43.435273888889],[5.20265,43.435266111111],[5.2027230555556,43.435264166667],[5.2027991666667,43.435270277778],[5.2028616666667,43.435281944444],[5.2029366666667,43.435303611111],[5.2030055555556,43.435333611111],[5.2030638888889,43.435364444444],[5.2031186111111,43.435399166667],[5.2033341666667,43.435556666667],[5.20377116863862,43.43587930478234],[5.2034936111111,43.436075]]]}},{"type":"Feature","id":"LFML-cc781e019d0f4e7288ba","properties":{"airport":"LFML","name":"COLOR_Terrain6","layer":"Airfield surfaces","category":"Hard Surface 2","object_type":"Area","style_id":"polygon.terrain6.535353","source_group":"COLOR_Terrain6","vsmr_group_ids":[],"geometry_role":"filled_region"},"geometry":{"type":"Polygon","coordinates":[[[5.205536647563753,43.43403615191761],[5.204540116334517,43.43328317604509],[5.205079640054637,43.43288513136672],[5.206112311761844,43.43358832347135],[5.205536647563753,43.43403615191761]]]}},{"type":"Feature","id":"LFML-6ac96378781de0fa73c9","properties":{"airport":"LFML","name":"COLOR_Terrain6","layer":"Airfield surfaces","category":"Hard Surface 2","object_type":"Area","style_id":"polygon.terrain6.535353","source_group":"COLOR_Terrain6","vsmr_group_ids":[],"geometry_role":"filled_region"},"geometry":{"type":"Polygon","coordinates":[[[5.21784,43.445410277778],[5.216730032036261,43.44459564090776],[5.2168022222222,43.444024722222],[5.22326479382623,43.43934842359531],[5.223753006619902,43.43819148140533],[5.224286485225194,43.43828294710657],[5.224015135811555,43.43901854833316],[5.224585756538385,43.43934922108124],[5.225470485961887,43.43952834584536],[5.225440040820799,43.43961728362328],[5.225364075191951,43.43961561627204],[5.225301920790146,43.43960726226804],[5.224528438704066,43.43945352606378],[5.222225,43.440501111111],[5.219666629334732,43.44297114818976],[5.219722829142919,43.44302879052739],[5.219546186496249,43.44315357821996],[5.218122320186291,43.44379809614772],[5.218181763397345,43.44391941166115],[5.218109464034169,43.44397073661424],[5.218006641133675,43.44388791480142],[5.217974062343269,43.44388969524515],[5.2179044360479,43.44392761192905],[5.217625932510808,43.44414499747203],[5.217605045872848,43.44419049590363],[5.217598085680226,43.44425621536422],[5.21763638375212,43.44431435084272],[5.217984536954708,43.44453677724231],[5.218675,43.445059722222],[5.2188238888889,43.445176388889],[5.219243827309661,43.44549324664189],[5.218882946659937,43.44584217952619],[5.21784,43.445410277778]]]}},{"type":"Feature","id":"LFML-8e4079fb837209fccb4e","properties":{"airport":"LFML","name":"COLOR_Terrain6","layer":"Airfield surfaces","category":"Hard Surface 2","object_type":"Area","style_id":"polygon.terrain6.535353","source_group":"COLOR_Terrain6","vsmr_group_ids":[],"geometry_role":"filled_region"},"geometry":{"type":"Polygon","coordinates":[[[5.22038783311271,43.43748040541708],[5.220641667523999,43.4371610446966],[5.221110050534237,43.43701822117109],[5.22138895482406,43.43711686479642],[5.220452218471574,43.4377348416804],[5.22038783311271,43.43748040541708]]]}},{"type":"Feature","id":"LFML-d4ae05d4dbd3c6d8252d","properties":{"airport":"LFML","name":"COLOR_Terrain6","layer":"Airfield surfaces","category":"Hard Surface 2","object_type":"Area","style_id":"polygon.terrain6.535353","source_group":"COLOR_Terrain6","vsmr_group_ids":[],"geometry_role":"filled_region"},"geometry":{"type":"Polygon","coordinates":[[[5.212003261425742,43.44216091748656],[5.211762221223603,43.44264000709105],[5.211406087332366,43.44262474102619],[5.21110220626128,43.44304297700227],[5.214903472090267,43.444731750785],[5.214833840299913,43.44484755443133],[5.214546871910921,43.44473566583296],[5.210851900487472,43.44329567172687],[5.210638990959364,43.44356770610559],[5.210252498057342,43.44342310441441],[5.210227512116825,43.44328394171191],[5.210204870730379,43.44321995384217],[5.210157051097106,43.44315413382562],[5.21009664373997,43.44308282741358],[5.209994677204954,43.44301316723887],[5.209923498438673,43.44296504035847],[5.209828526044604,43.44292040007669],[5.20968467159725,43.4428503966224],[5.210585926611548,43.44237360953478],[5.21048257334896,43.44288836072194],[5.21049367878539,43.44289700133736],[5.210553458233543,43.44285836277573],[5.210620192860686,43.44281517845339],[5.21086725859246,43.44265146347549],[5.211079413570205,43.44250138933486],[5.211623299542165,43.44211897595819],[5.212003261425742,43.44216091748656]]]}},{"type":"Feature","id":"0CD118630915336C8A6A","properties":{"airport":"LFML","name":"COLOR_Terrain8","layer":"Airfield surfaces","category":"Hard Surface 4","object_type":"Area","style_id":"polygon.terrain8.595959","source_group":"COLOR_Terrain8","vsmr_group_ids":[],"geometry_role":"filled_region"},"geometry":{"type":"Polygon","coordinates":[[[5.203345276173446,43.43878648970028],[5.20279,43.438611666667],[5.2027419444444,43.438318611111],[5.2031413888889,43.438071388889],[5.2045830555556,43.437024444444],[5.204624363158654,43.43699153179179],[5.204645922457781,43.43695849895983],[5.20465790507364,43.43692024862337],[5.204662705530671,43.4368767811093],[5.204659122921522,43.43684200605854],[5.204641175364042,43.43679940473326],[5.204616043395096,43.43676027984569],[5.2045844444444,43.436732777778],[5.20406998654436,43.43636385548734],[5.204013813335974,43.43632659800618],[5.203953973370372,43.43629909574791],[5.203896572521238,43.4362848971514],[5.203834283951736,43.43627867982776],[5.203762221615317,43.436282216816],[5.203690156221366,43.43629639645891],[5.203635187104567,43.43632122128817],[5.203603978647189,43.43633856194027],[5.203415,43.4361975],[5.203451143729487,43.43616056089891],[5.203477254033486,43.43611851703983],[5.2034936111111,43.436073611111],[5.2037688888889,43.435873333333],[5.204781672256003,43.43661665021171],[5.204836241342832,43.43663919170356],[5.204902582063069,43.43665940366727],[5.204967856472946,43.43666485180813],[5.205036343929872,43.43665942189229],[5.20510590419476,43.43664311362963],[5.205170118680488,43.43660815584314],[5.20521,43.4365825],[5.2082747222222,43.434366666667],[5.208322624411172,43.4343229745289],[5.208349423784194,43.43426992403845],[5.208360391504585,43.43422659832731],[5.208357965845272,43.43417885007739],[5.208344580316925,43.43413552175809],[5.208320235685255,43.43409307646656],[5.2082875,43.434063055556],[5.2084744444444,43.433929722222],[5.208538929030149,43.43396087206438],[5.208596390789419,43.43398302052238],[5.208651509301914,43.43399324586728],[5.208717184614782,43.43399410433078],[5.208782862041399,43.43398389156943],[5.208834467434638,43.43396686427841],[5.20890718713416,43.43392684512406],[5.2090486111111,43.433849444444],[5.2092427777778,43.433750555556],[5.2094505555556,43.4336575],[5.210909488185063,43.43300080112476],[5.211167626151965,43.43287731561508],[5.211331714485265,43.4327872418031],[5.211557837668743,43.43264486418835],[5.2161392182086,43.42932845010284],[5.216330624447978,43.42918725945453],[5.216493118385143,43.4290725423488],[5.216646582826518,43.42897913058718],[5.21679553119168,43.42891521870482],[5.216953505024176,43.42886605703163],[5.217147585131361,43.42883164630388],[5.217361974483412,43.4288136247413],[5.217627319416598,43.42882662409306],[5.218324244797683,43.42892051229914],[5.218270746677889,43.42913220664236],[5.218119934420027,43.42909985375205],[5.217681474843181,43.42904221277283],[5.217494163657738,43.42902440665485],[5.217307519015018,43.42902565649411],[5.2171459775402,43.42904553492894],[5.216971408841625,43.42909144763532],[5.216817370588931,43.42915092125943],[5.216686129234307,43.42922386801654],[5.2165288888889,43.429333333333],[5.2163261111111,43.429480555556],[5.2139961111111,43.43117],[5.211906108855853,43.43268803865977],[5.211617059622105,43.43288656583907],[5.211338128520708,43.43303882712897],[5.211149818794976,43.43313109789608],[5.2109863888889,43.433203611111],[5.2092313888889,43.434001388889],[5.209047125703772,43.43409905698551],[5.2088541666667,43.434211111111],[5.2037466666667,43.437904444444],[5.2036197222222,43.437998888889],[5.2033386111111,43.438203333333],[5.203285990939984,43.4382421781368],[5.203249198463357,43.43827720048755],[5.203221746085367,43.43832090164913],[5.2032084554432,43.43836717585266],[5.203207556792746,43.43841409466384],[5.203221439481225,43.43846301732282],[5.203247548156746,43.43850095273618],[5.203293680209304,43.43854458087295],[5.203354615394062,43.43858125711053],[5.203804530099553,43.43876295629632],[5.20369251801073,43.43891575764921],[5.203345276173446,43.43878648970028]]]}},{"type":"Feature","id":"LFML-06c48bd391841fbba0c4","properties":{"airport":"LFML","name":"COLOR_Terrain8","layer":"Airfield surfaces","category":"Hard Surface 4","object_type":"Area","style_id":"polygon.terrain8.595959","source_group":"COLOR_Terrain8","vsmr_group_ids":[],"geometry_role":"filled_region"},"geometry":{"type":"Polygon","coordinates":[[[5.205632964088589,43.44167462852019],[5.20604793466513,43.44180059845822],[5.205884586395239,43.4420078797167],[5.204547982351635,43.44147920838302],[5.204702596189687,43.4412631298616],[5.205632964088589,43.44167462852019]]]}},{"type":"Feature","id":"LFML-30234dcbc5020af8f131","properties":{"airport":"LFML","name":"COLOR_Terrain8","layer":"Airfield surfaces","category":"Hard Surface 4","object_type":"Area","style_id":"polygon.terrain8.595959","source_group":"COLOR_Terrain8","vsmr_group_ids":[],"geometry_role":"filled_region"},"geometry":{"type":"Polygon","coordinates":[[[5.208017663925029,43.4404386937842],[5.207901745306705,43.4405995830201],[5.206485121161155,43.44003150188286],[5.206603055685221,43.43987816447965],[5.208017663925029,43.4404386937842]]]}},{"type":"Feature","id":"LFML-23ba736b8f10026e80da","properties":{"airport":"LFML","name":"COLOR_Terrain8","layer":"Airfield surfaces","category":"Hard Surface 4","object_type":"Area","style_id":"polygon.terrain8.595959","source_group":"COLOR_Terrain8","vsmr_group_ids":[],"geometry_role":"filled_region"},"geometry":{"type":"Polygon","coordinates":[[[5.2211855555556,43.429303055556],[5.2224111111111,43.429459444444],[5.2224741666667,43.429468333333],[5.2225325,43.429477222222],[5.2226680555556,43.429503333333],[5.2228088888889,43.429534444444],[5.2229344444444,43.4295675],[5.2230602777778,43.429604166667],[5.2232111111111,43.429653055556],[5.223321176801998,43.4296932198533],[5.223196079222763,43.42985423432673],[5.2231333333333,43.429830555556],[5.2230697222222,43.429806944444],[5.2230066666667,43.429786388889],[5.2229291666667,43.429762222222],[5.2228430555556,43.429737222222],[5.2227352777778,43.42971],[5.2224094444444,43.429645277778],[5.221145,43.429476666667],[5.2211855555556,43.429303055556]]]}},{"type":"Feature","id":"LFML-f45558dfb74c82cb4360","properties":{"airport":"LFML","name":"COLOR_Terrain8","layer":"Airfield surfaces","category":"Hard Surface 4","object_type":"Area","style_id":"polygon.terrain8.595959","source_group":"COLOR_Terrain8","vsmr_group_ids":[],"geometry_role":"filled_region"},"geometry":{"type":"Polygon","coordinates":[[[5.2274675,43.4266275],[5.227526472599926,43.42664498811333],[5.227393656092653,43.42686869683953],[5.2262416666667,43.4265825],[5.2254475,43.426422777778],[5.2255241666667,43.426218611111],[5.2274675,43.4266275]]]}},{"type":"Feature","id":"LFML-2b4ef4cca4f175d32775","properties":{"airport":"LFML","name":"COLOR_Terrain8","layer":"Airfield surfaces","category":"Hard Surface 4","object_type":"Area","style_id":"polygon.terrain8.595959","source_group":"COLOR_Terrain8","vsmr_group_ids":[],"geometry_role":"filled_region"},"geometry":{"type":"Polygon","coordinates":[[[5.229227285944669,43.42784538328009],[5.229488961257966,43.42804574299389],[5.229549213165489,43.4280996382452],[5.229618077059057,43.42817931200437],[5.229669809801088,43.42826564801051],[5.229713360147496,43.42835644040517],[5.22974302151372,43.42845799579367],[5.229750460331061,43.42857636864168],[5.2297394444444,43.4286625],[5.2297216666667,43.428728333333],[5.2296952777778,43.428794166667],[5.2296638888889,43.428858333333],[5.2296236111111,43.428917222222],[5.2295666666667,43.42899],[5.229498943711171,43.4290533256512],[5.2294130555556,43.429120833333],[5.2293255555556,43.429183611111],[5.2256566666667,43.431758055556],[5.225574806038564,43.4318182185747],[5.225529724472205,43.4318640644399],[5.225502678863492,43.43190990858184],[5.225485778890651,43.43195820754711],[5.225482406078101,43.4320073238144],[5.225492560011356,43.43205480157601],[5.225513987543384,43.43210800844081],[5.2255489407915,43.43215384657227],[5.225600801564177,43.43219231564435],[5.2257433333333,43.432270277778],[5.226158853714886,43.43246256237764],[5.226246811938291,43.43252330322381],[5.22738931558612,43.43305201855829],[5.227269232767132,43.43319577882244],[5.226049197949038,43.43263887179863],[5.225843144657249,43.43254823274052],[5.225176942204087,43.43226327438109],[5.225089496692195,43.43225954709114],[5.224986622717555,43.43227325289626],[5.224909469890888,43.43229940755596],[5.224837463132712,43.43233925810345],[5.223911678472978,43.43297489589309],[5.223593011304406,43.4332234886903],[5.223445640185139,43.43334194655407],[5.223335603600814,43.43343899556063],[5.22327469090019,43.43349751002379],[5.223233427936105,43.43354175232474],[5.223170557044452,43.43365306862224],[5.22302364579001,43.43397432322691],[5.222968543941587,43.43409388182424],[5.222859086109708,43.434360512388],[5.222273808967037,43.43506760948188],[5.221892995231072,43.4355453655808],[5.221319636142365,43.43627892874699],[5.221271572234931,43.43634874515718],[5.221245056798784,43.43641133820186],[5.221235119174561,43.43648596713733],[5.221247570358864,43.43657220585977],[5.221283538281904,43.43665923849198],[5.221367451156073,43.4367524849728],[5.221475335516159,43.43683826979962],[5.221272757504753,43.43709297633703],[5.221247438132215,43.43707546951521],[5.221200419116993,43.43706671812875],[5.221091915936913,43.43706672442457],[5.220988236493803,43.43707986156529],[5.220877324550932,43.43710437942856],[5.220780880450187,43.43713765056211],[5.22068684899928,43.43718755443561],[5.220612389702692,43.43723970225282],[5.220564789755588,43.43728756698238],[5.220502545512469,43.43736999960329],[5.220475697623296,43.43743204460498],[5.220454954207132,43.43750827070349],[5.220447759332176,43.4375868977104],[5.22045204908463,43.43762035670181],[5.22046812482337,43.43763591828377],[5.220749778274472,43.43784867894902],[5.22039535540326,43.43808635284935],[5.220372733379306,43.43804718937875],[5.220339672241739,43.43801118484384],[5.22029438653985,43.43797612353108],[5.220235477738912,43.43794418963932],[5.220171857459068,43.43792309162647],[5.220095467405905,43.4379093818247],[5.220022494292794,43.43791048927043],[5.219955602969732,43.43791987564046],[5.21988415165171,43.43793919731379],[5.219814221725201,43.43797286962826],[5.2197630555556,43.438006666667],[5.2195597222222,43.438149444444],[5.219383276098696,43.43828631520466],[5.219208532767952,43.43842429199441],[5.219120417959243,43.43849939003235],[5.219041649699568,43.43857069536423],[5.218960723856101,43.43865532106397],[5.218899134759758,43.43873485407509],[5.218872053042349,43.43880217971925],[5.21886476523755,43.43886799169386],[5.218879355100947,43.43893304638352],[5.218910613566942,43.43899583106204],[5.218951638724154,43.43905104024279],[5.218987370611643,43.43908496469585],[5.218711889720784,43.4392769389709],[5.218691271782427,43.43924810998127],[5.21866381803749,43.43920948480077],[5.218625085335025,43.43917651520881],[5.218572997353177,43.43914451580208],[5.218520365848402,43.43912199329316],[5.218457909029985,43.4391039588059],[5.218398291733246,43.43909571552083],[5.2183372554474,43.43909520225452],[5.2182613888889,43.439104444444],[5.218193656864916,43.43912486325142],[5.2181505555556,43.439143333333],[5.218098173429098,43.43917987459508],[5.2171938888889,43.439811944444],[5.217147193894059,43.43984530921152],[5.217118196950232,43.43986923640156],[5.217085246153461,43.4399036913506],[5.217058885878878,43.43994053880093],[5.217038457360681,43.43998647820639],[5.217031209694813,43.4400305032026],[5.21703659815609,43.44009124246324],[5.217058755629966,43.44014259593582],[5.217086877744324,43.44018776203109],[5.217130338075258,43.44023045286284],[5.217186579989863,43.44026509996859],[5.217262420628552,43.44029417807231],[5.2170633096096,43.44044306288978],[5.216914127627332,43.44050658849368],[5.21683937790508,43.44041022440445],[5.216777264126041,43.44034016234846],[5.216721805506424,43.44027815336899],[5.216653037183048,43.44020970194968],[5.216569850195389,43.44013963998536],[5.216417878783015,43.44002003501518],[5.216266499076465,43.43990534533264],[5.216151097585701,43.4398271081803],[5.216007347737357,43.43973412192026],[5.215871439279349,43.43965252168887],[5.215728996939626,43.43956712581312],[5.215578713957287,43.43948837164133],[5.215444112730882,43.43942764532548],[5.215347675345445,43.43940198091701],[5.215250829985434,43.4393898276028],[5.21516474529272,43.43938809183098],[5.21506790001718,43.43939590561167],[5.214962685328,43.43941847777096],[5.214847905495262,43.43946188532895],[5.2147061111111,43.439525833333],[5.214472109680754,43.43965168060386],[5.214376256363451,43.43970571121842],[5.214300582402133,43.43975791028836],[5.2140833333333,43.439931388889],[5.2140122222222,43.439997222222],[5.2139438888889,43.440066388889],[5.2139027777778,43.440113611111],[5.21384,43.440188055556],[5.2137958333333,43.440245833333],[5.213763105670372,43.44030008175348],[5.213742685777216,43.44035392406727],[5.213736236835375,43.44041244844376],[5.213746982783887,43.44049048109192],[5.21376987609901,43.44055145640747],[5.2137930555556,43.44059],[5.2133127777778,43.440928888889],[5.213222710740588,43.44089741422087],[5.213151101609084,43.44088070089053],[5.213079492335453,43.44087048682331],[5.213014276553198,43.4408677005769],[5.212956732980352,43.44087419913299],[5.212878729150416,43.44089091059623],[5.212810955041292,43.4409113360697],[5.212665375242955,43.44097546815912],[5.212495350145893,43.44105967315672],[5.212427790155831,43.441097279358],[5.212369237870171,43.44113488570802],[5.212300550848921,43.44119211314417],[5.212212720743672,43.44127631954857],[5.212083490235157,43.44140908601309],[5.212035933930384,43.44147760022764],[5.211999917271948,43.44156223717705],[5.211989203279854,43.44165855585495],[5.211999992716758,43.44173675116856],[5.212022385795949,43.44179618761618],[5.212043235330448,43.44183263464731],[5.21159,43.442145277778],[5.211511772874545,43.44212611390722],[5.2114344449753,43.44211329600239],[5.211365522055709,43.44210597080724],[5.211294077134769,43.44210535859504],[5.211237761457568,43.44210840846049],[5.211169677874756,43.44211878136232],[5.211085980582459,43.44213898726477],[5.211017067531055,43.44216191776429],[5.210935711068608,43.4421994413205],[5.210635973037632,43.44235178458523],[5.210494105751273,43.44243286578299],[5.2102983333333,43.442548333333],[5.2101394444444,43.442642222222],[5.2099352777778,43.442753888889],[5.2098058333333,43.442817777778],[5.2097119444444,43.442857222222],[5.2094394444444,43.442964444444],[5.2092319444444,43.443049444444],[5.2087816666667,43.443252777778],[5.2085919444444,43.443340277778],[5.20840471419924,43.44344139316016],[5.208154201822596,43.44359626535965],[5.2077136111111,43.443874722222],[5.199468912079173,43.44966139515027],[5.199225051551021,43.44947360619],[5.199323833436173,43.44943264782992],[5.199401407971608,43.44939511754298],[5.1996119444444,43.449264722222],[5.2000575,43.448975],[5.2001088888889,43.448940833333],[5.2020075,43.447604444444],[5.202152408136937,43.4475026861621],[5.202295120481539,43.44738138979528],[5.202413422545444,43.44727235826773],[5.202501680714098,43.44718376924474],[5.20256177464481,43.44710608161412],[5.202603091494831,43.44704065939924],[5.202625594049451,43.44698234393931],[5.202636269735166,43.44693416138017],[5.2026377777778,43.446895555556],[5.203064059071441,43.44660137843121],[5.203139001705019,43.44660760298422],[5.203219718615236,43.44660857162994],[5.20331366989627,43.44659801328446],[5.20340762303398,43.44657688732168],[5.203497608156913,43.44654615404696],[5.203575685898105,43.44650581269779],[5.2078647222222,43.443495555556],[5.208011397470694,43.44339382860097],[5.208103567018187,43.44333198780074],[5.208161110532082,43.44329962011273],[5.208187722486802,43.44327627659889],[5.208201029582207,43.44325373735033],[5.20820546708801,43.4432287826163],[5.208202143234577,43.44320624244652],[5.208187732434544,43.44318048166844],[5.208161125131843,43.44315955021178],[5.208118995483593,43.44314022786079],[5.208043604491883,43.44311607361566],[5.207957936407716,43.44307811450523],[5.207879619162088,43.44303509580226],[5.207727000225679,43.44295853607792],[5.208001110462868,43.44275984560291],[5.208084573990737,43.44280671684835],[5.208188475506208,43.44285786555577],[5.208257698115393,43.44288534618142],[5.208318760157975,43.44290435067355],[5.208385274907803,43.44291781340632],[5.208477960247306,43.4429281106036],[5.208577010480282,43.44292763293403],[5.208671316060347,43.44291607779056],[5.208800943926148,43.44288358936524],[5.209383081365342,43.44270817047889],[5.209562275894557,43.44265228415011],[5.209668944266951,43.44261106768774],[5.209903225705341,43.44248778485094],[5.210284025803416,43.44226054088735],[5.2107738888889,43.441920555556],[5.210812198203152,43.44189456271494],[5.210833068279738,43.44187436034494],[5.210846982293919,43.44184994878827],[5.210850461846526,43.44182637869415],[5.210844666362673,43.44180280830016],[5.21082959586778,43.44177923760739],[5.210804090920726,43.44175650836371],[5.210050464481393,43.44145815694524],[5.210223772511999,43.44122822418839],[5.21037272484217,43.44131782127563],[5.210434168625191,43.44135378245637],[5.210472436082814,43.44137252324876],[5.210504474402191,43.44138157099374],[5.210533843410636,43.44138157200837],[5.210563212962168,43.44137317257537],[5.210583683270116,43.44135766476631],[5.210600798908502,43.44133087526311],[5.210606106690356,43.44129167646311],[5.210601894130735,43.44121512027539],[5.210608224464632,43.44115157899109],[5.210614554069972,43.4410987555586],[5.210638809822699,43.44101684143246],[5.210691386673152,43.44088400734632],[5.210954544137392,43.44094054739669],[5.211325657420376,43.44079180783381],[5.211364796758247,43.44083756380213],[5.211415311350976,43.44087773772877],[5.211473043015184,43.4409091786389],[5.211544005412103,43.44093712657902],[5.211622184761637,43.44095896143417],[5.211712392413226,43.44096944342809],[5.211800969139759,43.44097051509326],[5.211878385231876,43.44096114851604],[5.211966358460678,43.44093815542588],[5.212066061940391,43.44089642581394],[5.212302929397598,43.4407855555917],[5.212507506614125,43.44067930593516],[5.212727093944725,43.44054563302328],[5.2129788888889,43.440370833333],[5.2146044444444,43.439228055556],[5.214709201411902,43.43915856152022],[5.214806006778725,43.43910145005992],[5.214904828636342,43.43905898246867],[5.215011717354039,43.43902530112316],[5.215128689755584,43.43900772790409],[5.215243645353844,43.43900186967301],[5.215356584253776,43.43900772642208],[5.215465489736408,43.43902529816308],[5.215574395472058,43.43905604925404],[5.215697369856233,43.43910734613621],[5.215817787933084,43.43918784044547],[5.216061085572059,43.43936792891679],[5.216184563809234,43.43945129144748],[5.216295044072632,43.43951420613637],[5.216401191435532,43.43955981875789],[5.216524825436348,43.43959885472447],[5.216652477530863,43.43961486603981],[5.216785807306364,43.43960727187342],[5.216890198992479,43.43958937267811],[5.2169875,43.439555833333],[5.217230666213255,43.43944138537906],[5.217464380599499,43.43931417413964],[5.217636257773732,43.43921235549887],[5.217925041514273,43.43902238462177],[5.2193888888889,43.437997222222],[5.219455556931356,43.43794786218346],[5.219505230781609,43.43790380841505],[5.219546111433832,43.43785569295712],[5.219581351952476,43.43779836448523],[5.219603903399186,43.43773284698563],[5.219612357199925,43.43767347225146],[5.219612426765998,43.43761453869914],[5.219597198483383,43.43754991797767],[5.219571431247399,43.43748444743396],[5.219530441409475,43.43742152838117],[5.219495308469937,43.43738156663732],[5.219700217907375,43.43723275818906],[5.219934086679602,43.43741264033883],[5.219963360688419,43.43742980681318],[5.220000514761278,43.43743634517228],[5.220045549125136,43.43743470796451],[5.220090581942031,43.4374167204008],[5.220123229182503,43.43738728819408],[5.222387444401759,43.43456177979371],[5.22243795679109,43.43447857719176],[5.222516020467993,43.43437629549994],[5.222568061414645,43.43429847307367],[5.222604794807832,43.43423399211042],[5.222633873375107,43.43416839999578],[5.222659888694185,43.43409280281783],[5.222673657259314,43.43402165325528],[5.222681303362764,43.433959397665],[5.222671298425285,43.43389660186588],[5.222651081867077,43.43384308135625],[5.222615409308951,43.43377574980556],[5.222579738998725,43.43372482009994],[5.222528614559623,43.43367389142192],[5.222476432602368,43.43362658683334],[5.222419101128319,43.4335842799438],[5.222345794062681,43.43354538626741],[5.222262149627603,43.43350717562927],[5.222159710522805,43.43347510803384],[5.222043175885425,43.43345259527072],[5.221907634740717,43.43344311017752],[5.221548907276263,43.43343850066222],[5.221554999345733,43.43324385579716],[5.221952659442763,43.43324967517049],[5.222049194302169,43.43325717964527],[5.2221441666667,43.433269722222],[5.222237668967963,43.4332888791867],[5.22231811691319,43.43331390956221],[5.222422987067869,43.43334958087424],[5.222507239090688,43.4333901144477],[5.222579310943194,43.43343138584935],[5.222649353284242,43.43347634271425],[5.222708231077662,43.43352572279917],[5.222751882141285,43.43356404776645],[5.222767483347972,43.43357906314677],[5.222783419522152,43.43358732739534],[5.222804666317415,43.43358787687142],[5.22282970595456,43.43357960963576],[5.222851708958578,43.43356142413005],[5.222867639706859,43.43353056544339],[5.222890398270073,43.43348923675136],[5.222925630505042,43.43343782474873],[5.222974975712422,43.43337638216529],[5.223054870777347,43.4332995776787],[5.2231927777778,43.433201388889],[5.22377997555253,43.4327853631303],[5.224113255957523,43.43254725644989],[5.2243511111111,43.432358055556],[5.224489900061728,43.4322530630351],[5.224578234943698,43.43218533522919],[5.224642031358169,43.43213186647317],[5.224689877030572,43.43208285441834],[5.224721772971841,43.43204364535076],[5.22474998659262,43.43199730820743],[5.224773291323506,43.4319465162331],[5.224791687941874,43.43189572468718],[5.224802574564197,43.43181678171223],[5.224804384176378,43.43170133537812],[5.2248027777778,43.431586666667],[5.2247969444444,43.431500833333],[5.224785,43.431405555556],[5.2247761111111,43.431338333333],[5.2247427777778,43.431226944444],[5.224709308862677,43.43114308938059],[5.224667104108985,43.43105117963314],[5.224926431649286,43.43098447408148],[5.224982289909983,43.43109891021424],[5.225019701889837,43.43119667014181],[5.225051764932457,43.43129640237696],[5.22507900591261,43.43140858431462],[5.225099458669577,43.4314967039637],[5.225113524476736,43.43158296903406],[5.2251247222222,43.431668888889],[5.225128901980527,43.4317000484372],[5.225140673998887,43.43172015603795],[5.225169753239642,43.43174378103774],[5.225205061074877,43.43175735108425],[5.225234136218111,43.43175785106109],[5.225262516938745,43.43174628589189],[5.225349200562284,43.43168586087804],[5.227972891244537,43.42983978544208],[5.228331536309064,43.42952904823212],[5.228403922596128,43.42946570571149],[5.228446694389235,43.42942029139668],[5.228481236288436,43.4293641232529],[5.228515774264495,43.4292912253317],[5.228528270153838,43.42924020680463],[5.228533691773311,43.42916812876635],[5.228530958637673,43.42910790009176],[5.228517349336848,43.42904964748082],[5.228496942618872,43.42899337041359],[5.228461579665387,43.42893314569309],[5.228411260500232,43.42886897325601],[5.228274802535924,43.42873578000206],[5.228185139181023,43.42865780593956],[5.22812484053107,43.42861587927965],[5.228360758506165,43.42845187664758],[5.228586313177585,43.42862557878752],[5.228651957276322,43.42868276637635],[5.228708512869571,43.42873482204192],[5.22875194287872,43.42878907909387],[5.228791336386176,43.42885286919785],[5.22882770224494,43.42892252588586],[5.228851232287514,43.4289813080145],[5.228862146666655,43.4290185765984],[5.228869852219331,43.42905025507907],[5.228883328948204,43.42907214947076],[5.228905143522951,43.42908705469024],[5.228935296054402,43.42909543660681],[5.228966088290223,43.42909636445528],[5.228993029503544,43.42908890705733],[5.2292044444444,43.428865555556],[5.229247385377207,43.42881424007759],[5.229282338093468,43.42876962871888],[5.229317286690145,43.42870854715832],[5.229339007295519,43.42865364365212],[5.229353169204066,43.42860285866709],[5.229355043098904,43.42853766379228],[5.22934802627814,43.42848418486392],[5.229330291223815,43.42842584593134],[5.229303105363671,43.42836836619378],[5.229266468075508,43.42830917173747],[5.229196747789784,43.42823196430716],[5.229063430594421,43.42808208904563],[5.229021121985604,43.42804780256168],[5.228976191701071,43.42802053930595],[5.229227285944669,43.42784538328009]]]}},{"type":"Feature","id":"LFML-2db4d13270ada7a4f3fc","properties":{"airport":"LFML","name":"COLOR_Terrain8","layer":"Airfield surfaces","category":"Hard Surface 4","object_type":"Area","style_id":"polygon.terrain8.595959","source_group":"COLOR_Terrain8","vsmr_group_ids":[],"geometry_role":"filled_region"},"geometry":{"type":"Polygon","coordinates":[[[5.2027927777778,43.438611944444],[5.202593381556017,43.43859349684876],[5.2022369444444,43.4386225],[5.2022319444444,43.438607222222],[5.201538518807607,43.43866994777],[5.201091667130767,43.43871240566645],[5.201017588897498,43.43871937721747],[5.200957228442524,43.43873730591692],[5.200892752200059,43.43876220715509],[5.200861199519091,43.43878710890166],[5.200847481602588,43.43877913996668],[5.2005438888889,43.438998333333],[5.2003277777778,43.438838611111],[5.2006783333333,43.438586944444],[5.200662354380176,43.43857554564649],[5.200690416376643,43.43855609668592],[5.20071337652019,43.43852923831337],[5.200729959131754,43.43850052750278],[5.20072613370314,43.43846718551321],[5.200699349240033,43.4384292122834],[5.200660719002204,43.43839676287183],[5.2005608084408,43.43846484129796],[5.200345626847676,43.43831639947732],[5.200773977034537,43.43800798350281],[5.200982364876198,43.43815930432174],[5.200891191082844,43.43822786849632],[5.2009888888889,43.438294166667],[5.2010675,43.438351111111],[5.2011316666667,43.438385833333],[5.2011969444444,43.438414166667],[5.2013041666667,43.43845],[5.2013916666667,43.4384675],[5.2014761111111,43.438478333333],[5.2015905555556,43.438480833333],[5.2016838888889,43.438473611111],[5.2022022222222,43.438425555556],[5.2021988888889,43.438407777778],[5.202562898805114,43.43837600237389],[5.202705,43.438333888889],[5.2027441666667,43.438317222222],[5.2027927777778,43.438611944444]]]}},{"type":"Feature","id":"LFML-5365a8f983edbf981ee6","properties":{"airport":"LFML","name":"COLOR_HardSurface5","layer":"Airfield surfaces","category":"Runways","object_type":"Area","style_id":"polygon.hardsurface5.262626","source_group":"COLOR_HardSurface5","vsmr_group_ids":[],"geometry_role":"filled_region"},"geometry":{"type":"Polygon","coordinates":[[[5.199471710732961,43.44965736423914],[5.1987147222222,43.450195277778],[5.1975091666667,43.449291388889],[5.1971291666667,43.449003888889],[5.2064294444444,43.4424725],[5.2065355555556,43.442389722222],[5.206549502932569,43.44237401089212],[5.206557560003859,43.44235500493927],[5.20655957651238,43.44233307450315],[5.206556558926239,43.44231114372251],[5.206541459584361,43.44228848109167],[5.206513271688324,43.44226508652859],[5.206470988119558,43.44224315300451],[5.205885724678727,43.44201012261927],[5.206042169940792,43.44179954308675],[5.206718572221318,43.44200583076744],[5.206787491774662,43.44202494242325],[5.206840067189644,43.44203372682838],[5.206902856059108,43.44203689691911],[5.206968261970535,43.4420331021001],[5.207042679971556,43.44201527975356],[5.207119004251053,43.44198082003266],[5.2071377777778,43.441967777778],[5.208049325222572,43.44132942788914],[5.208120115998673,43.4412686922546],[5.208163020351844,43.44122275060169],[5.208196522970423,43.44117430337803],[5.208220867520918,43.44112633647689],[5.20823362158862,43.4410800520704],[5.208244057924995,43.44103040136621],[5.208241745074965,43.44097990843514],[5.20823131914984,43.44092857350569],[5.208206986454362,43.44086293148666],[5.208175626514477,43.44081106893574],[5.208137931380802,43.44075832207404],[5.208081845964831,43.4407035711874],[5.208020242504618,43.44065749943667],[5.207970591070854,43.44062878735971],[5.207902549250996,43.44059807116797],[5.208017718873275,43.44043981383847],[5.208398422719862,43.44058853985741],[5.20850045614641,43.44062744138506],[5.208589736551019,43.44064967236005],[5.208671365238208,43.44066078968657],[5.208747823454846,43.44066526488617],[5.208817307323626,43.44066325028263],[5.208885865266428,43.44065450879539],[5.208969247125905,43.44063567779691],[5.209061894716784,43.4406007028922],[5.209150103082196,43.44055853069622],[5.223409387561235,43.4305377733698],[5.223464309206207,43.43048246629936],[5.223500504676728,43.43042716070339],[5.223531707009506,43.43037548190608],[5.223549175792945,43.43031655135896],[5.223557587527374,43.43026067911865],[5.223557579926594,43.4302100894849],[5.223551462138998,43.43016305050732],[5.223536789094738,43.43011423714817],[5.223505005282676,43.43006009992128],[5.223475666992199,43.43001395031045],[5.223443885770005,43.42997667623143],[5.223404772493947,43.42994472792013],[5.223352216333163,43.42991721829011],[5.223195501664661,43.42985331394769],[5.223311321920427,43.42969080212449],[5.223519259457716,43.42978066594396],[5.223631435771175,43.42983135941788],[5.22371910171432,43.42987155860301],[5.223805228039011,43.42990058941508],[5.223888277298022,43.42992180252654],[5.223968249008695,43.42993184745302],[5.224040529458181,43.42993072460324],[5.224122036087506,43.42992289992127],[5.224215843908078,43.42990390579289],[5.224303498647924,43.4298759774478],[5.224387891103448,43.42984089905716],[5.224450803938829,43.42980588573275],[5.227648343192064,43.42755382105525],[5.227703002218728,43.42750902170152],[5.227747845660429,43.42744997121776],[5.227782876443483,43.42738990390959],[5.227801088074147,43.42733900076332],[5.227808085631381,43.42728809893718],[5.22780947458825,43.42723007162012],[5.227799651314435,43.42718018975262],[5.227770202637119,43.42712623805069],[5.227733745668255,43.42707432312447],[5.227689940684455,43.42703051651733],[5.227639015462375,43.4269882620748],[5.22757717971901,43.42694600883687],[5.227499585407074,43.42690903986251],[5.227436433432764,43.42688288217243],[5.227392910052703,43.42686740633504],[5.227523598180104,43.42664432923347],[5.227594456172957,43.42666759492853],[5.227656104993386,43.42669344020143],[5.227726437584557,43.42672685092118],[5.227799667725868,43.42677200048544],[5.227884527541383,43.426831578006],[5.2292297222222,43.427848333333],[5.2289791666667,43.428024444444],[5.228720230713226,43.42788828026829],[5.228640884046629,43.42785508605674],[5.228570135966475,43.4278316733109],[5.228509793305507,43.42781732561333],[5.228442169321434,43.42780751195254],[5.228373505990733,43.42780223156324],[5.228286117853607,43.42780299764676],[5.228191590703579,43.42781266849762],[5.228086278521524,43.4278356944226],[5.2280261111111,43.427855555556],[5.227629838637835,43.42813268041852],[5.227707843784836,43.4281425234289],[5.2277855555556,43.428158055556],[5.2278613888889,43.4281775],[5.227941865811594,43.42820489162195],[5.2280188888889,43.428235],[5.2280875,43.428267777778],[5.2281525,43.428305555556],[5.2282091666667,43.428341666667],[5.2282652777778,43.428382777778],[5.228363636151247,43.42845510090661],[5.2281325,43.42862],[5.2279547222222,43.428511666667],[5.227873876083546,43.4284669570888],[5.227810918004776,43.42843696239622],[5.227748945729685,43.42841696822784],[5.22767910510564,43.42839983225869],[5.227606313828894,43.42838412523505],[5.227497704377502,43.42837514145928],[5.227412474272048,43.42837634144065],[5.227341072730949,43.42838202043658],[5.227285700376248,43.42839382304406],[5.2272319444444,43.428413333333],[5.224818720255222,43.43010902234747],[5.22475527065323,43.43016412933232],[5.224705617029217,43.43022324242102],[5.224676655981377,43.43027934816111],[5.224649075952577,43.4303444703694],[5.224636671560523,43.43041359861844],[5.224640820283168,43.43047370883377],[5.224654626563967,43.43053782556079],[5.224684987690759,43.43060294266314],[5.224739645403556,43.43068107183034],[5.224816656538964,43.43079494210518],[5.224880989488392,43.43090491926395],[5.2249287209433,43.43098928536668],[5.22467,43.431055277778],[5.224637435095518,43.43101481723641],[5.224590780485823,43.43096612637454],[5.224531492728599,43.43091884801676],[5.224463459489776,43.43087580468054],[5.224406118481295,43.43084758057779],[5.224323510540367,43.43081935851833],[5.224224383036962,43.4307989007131],[5.224119273221111,43.43078995988441],[5.22403325006869,43.43079339952028],[5.2239311583129,43.43080919729159],[5.223838521044164,43.43083529164105],[5.223743994613601,43.43087305653818],[5.223647132049032,43.43093368979401],[5.220609932078868,43.43306662389042],[5.220581383148528,43.43309506014304],[5.220569148803092,43.43311638685176],[5.220563440518406,43.43313712082797],[5.220565889972506,43.43315844676205],[5.220573233978369,43.43317918004365],[5.220592814672456,43.43320168983615],[5.220620552467996,43.43321827526619],[5.220665420579442,43.43322715867647],[5.221556151956599,43.4332461007027],[5.221552777402483,43.43343851727912],[5.2208569444444,43.433436666667],[5.2206602777778,43.433440833333],[5.2205561111111,43.433449722222],[5.220465,43.433461666667],[5.2203691666667,43.433477777778],[5.2202741666667,43.433498055556],[5.2201733333333,43.433524722222],[5.2200919444444,43.43355],[5.2200102777778,43.433576944444],[5.2199175,43.433614166667],[5.2198311111111,43.433650555556],[5.2197527777778,43.433689444444],[5.2196808333333,43.433729722222],[5.2195344444444,43.433819166667],[5.2123080555556,43.438894722222],[5.2121233333333,43.4390325],[5.2119994444444,43.439129722222],[5.2119233333333,43.439195555556],[5.2118566666667,43.439256388889],[5.2118013888889,43.439311388889],[5.2117472222222,43.439369444444],[5.2116975,43.439424722222],[5.2116413888889,43.4394925],[5.2116016666667,43.439544444444],[5.2115722222222,43.439586388889],[5.2115336111111,43.439642777778],[5.211495,43.439701666667],[5.2114386111111,43.439803333333],[5.2113569444444,43.440016666667],[5.2113083333333,43.440167222222],[5.21129,43.440243333333],[5.2112727777778,43.440349166667],[5.2112636111111,43.440428333333],[5.2112563888889,43.440513611111],[5.2112527777778,43.440583055556],[5.211262107302328,43.44065771648507],[5.211276996616229,43.44071610801591],[5.211304623562121,43.44077099646002],[5.2113305555556,43.440798888889],[5.2109536111111,43.440941388889],[5.2106916666667,43.440886111111],[5.2109538888889,43.4402225],[5.210966482802188,43.44018565880993],[5.210972833117062,43.44015953673502],[5.210973892665911,43.44013495110133],[5.21096437083215,43.44011113343981],[5.210944267768896,43.4400857788258],[5.210918873816414,43.44006426554699],[5.210886072936662,43.44004275200565],[5.210851155327079,43.44002892138671],[5.210807772201667,43.44002200521464],[5.210764388667202,43.44002123544291],[5.210710422949287,43.44003275814575],[5.210656456089506,43.44006118355925],[5.2106161111111,43.440082222222],[5.2099441666667,43.440559444444],[5.209910830778453,43.44060220246252],[5.209886839342095,43.44064708479588],[5.209866537924928,43.44069732648493],[5.209854540006189,43.44074823841274],[5.209850845620851,43.44079915068423],[5.209858221475598,43.44086547112748],[5.209881281651468,43.44093581159675],[5.209918450113835,43.44100084220678],[5.209962385401424,43.44105543442237],[5.210025849325119,43.44111002732788],[5.210125481565218,43.44117255032685],[5.2102255555556,43.441229166667],[5.21005277512359,43.44145776524162],[5.20950185549967,43.44123676633061],[5.209440052349033,43.44121855428924],[5.209371131628282,43.44120644413966],[5.209299987246876,43.44119836954302],[5.209231065311837,43.44119917355266],[5.209166589453684,43.44120482057953],[5.2090969444444,43.441215555556],[5.2090247222222,43.441235833333],[5.2089575,43.441261666667],[5.2088402777778,43.441328888889],[5.2077866666667,43.442075277778],[5.207764142261226,43.44209959698923],[5.20775594504594,43.44212594479338],[5.207747371943292,43.44241300429975],[5.207748447483869,43.44246206584553],[5.207755836305823,43.44249427029777],[5.207772464409297,43.44253720995096],[5.207800179902257,43.44259088488893],[5.207836212535155,43.44263852203188],[5.2078796384488,43.44267810856515],[5.207927684632172,43.44271769533086],[5.207977579747811,43.44274990209349],[5.2080044444444,43.442761666667],[5.207727752139071,43.44295754042239],[5.207269109594068,43.44273875401332],[5.207214204991284,43.44271565040062],[5.207164712428836,43.44270240774846],[5.207113482737666,43.44269294766904],[5.207057042371166,43.44268916129681],[5.207008415960209,43.44269231039913],[5.206961525675813,43.44269924232496],[5.20690942477332,43.44271058707916],[5.206854717519094,43.44273201894356],[5.206791725571276,43.44277337251888],[5.202601354585714,43.445719142372],[5.202548492954822,43.44577617436827],[5.202508485089981,43.44584150408772],[5.202478475609899,43.44590787193127],[5.202462752530801,43.44596179672947],[5.202452740671979,43.44602712968697],[5.202454156396936,43.44609038977511],[5.202465572181493,43.44614742863422],[5.202487422303406,43.44621007773492],[5.202525015712071,43.44628069451383],[5.202579468045554,43.44634942997021],[5.202657262987143,43.44641816776304],[5.202760266817927,43.44649396771671],[5.202819411317405,43.44653078367948],[5.202881374620834,43.44655669321213],[5.202956482659262,43.44658260399498],[5.203066338810578,43.44660292851858],[5.2026386111111,43.446898888889],[5.202619763023688,43.44684844178911],[5.202596001859272,43.44680058838766],[5.202562518573767,43.44674175178431],[5.202507428380501,43.44666957736236],[5.202302568367227,43.44643769330824],[5.201952221221992,43.4461734600148],[5.198660094342666,43.44848852236963],[5.198589600534036,43.44854968959022],[5.198534429268379,43.44860529739361],[5.198479255465633,43.44866980371074],[5.198431740908984,43.44873876037095],[5.198390353563993,43.44881216719632],[5.198352027306205,43.4488966976754],[5.198323070823674,43.44899057088929],[5.198298544225681,43.44910235372416],[5.198252479452106,43.44945043567539],[5.198317230277447,43.44949963732703],[5.19837722080847,43.44953734108296],[5.198441828485738,43.44956834401783],[5.19849951480518,43.44959264454232],[5.198558355839983,43.4496135944823],[5.19862066015583,43.44962784347205],[5.198682967510266,43.44963036501964],[5.198753354372105,43.44962283556116],[5.198819278294486,43.44961345910377],[5.198946161608342,43.44958112582089],[5.1990808333333,43.4495325],[5.199225948360169,43.44947558639563],[5.199471710732961,43.44965736423914]]]}},{"type":"Feature","id":"LFML-2427bf1cc4c484d1c279","properties":{"airport":"LFML","name":"COLOR_HardSurface5","layer":"Airfield surfaces","category":"Runways","object_type":"Area","style_id":"polygon.hardsurface5.262626","source_group":"COLOR_HardSurface5","vsmr_group_ids":[],"geometry_role":"filled_region"},"geometry":{"type":"Polygon","coordinates":[[[5.20455178732745,43.44147897570044],[5.204183530224298,43.441337340735],[5.204112018120579,43.44130877449835],[5.204057192588206,43.44128453698129],[5.203996409143827,43.44124991349277],[5.203943968884113,43.44121788707099],[5.2033647222222,43.440786388889],[5.204565315516938,43.43991521672495],[5.204618113025483,43.43986539207659],[5.204662112605163,43.439813011369],[5.204697314690709,43.43975551924793],[5.204720199868142,43.43969419309243],[5.20473076713984,43.43963542123541],[5.204734295423686,43.43957920411304],[5.204723746659823,43.43952298578139],[5.2047079185995,43.43946932231092],[5.204679773139778,43.43941565776533],[5.204646348004798,43.43936710339497],[5.204592800767534,43.43931586756302],[5.204518017108208,43.43926056646256],[5.2044155555556,43.439205],[5.203681906666427,43.43891694787519],[5.203794616020357,43.43876216503737],[5.204539195589097,43.43905823539681],[5.204822313358686,43.43916950996552],[5.204912196677894,43.43920623118619],[5.204979609988327,43.43922867291527],[5.205045619738233,43.43924499553341],[5.205111630269215,43.43925621899123],[5.205190282238052,43.43926234430636],[5.205268935437626,43.43926031098196],[5.205350398891808,43.43925011923427],[5.205438642282223,43.43923078349588],[5.205521303449714,43.43920186586517],[5.205594006920197,43.43916571638955],[5.2056725,43.4391175],[5.2183747222222,43.429920833333],[5.218446004778401,43.42986618147275],[5.218507972209567,43.42980556078393],[5.218557292568224,43.42974953286958],[5.218597759117635,43.42968432067376],[5.218619255198432,43.42962461992695],[5.218630633634904,43.42956675645322],[5.218633159174003,43.42951073019496],[5.218620506987164,43.42943817211265],[5.218580115443494,43.42935713438635],[5.218544521615469,43.42930696287193],[5.218495319607682,43.42925451126072],[5.218426229039734,43.42920358070132],[5.218334109583092,43.42915417123946],[5.2182669444444,43.429130833333],[5.2183180555556,43.428920833333],[5.219049117548227,43.42901755501917],[5.219166216823703,43.42902627232257],[5.219269803889707,43.42902626802945],[5.219391405079945,43.42901536033073],[5.219520511047342,43.42898809837383],[5.219618090265188,43.42895865717734],[5.2196941666667,43.428926944444],[5.2197636111111,43.428895],[5.2198294444444,43.428859444444],[5.219903016675973,43.42881133853278],[5.224170818535447,43.42572621229009],[5.2245552777778,43.4260125],[5.2255522222222,43.426223333333],[5.2254702777778,43.426426388889],[5.2247822222222,43.426304166667],[5.2246813888889,43.426288888889],[5.2245447222222,43.426276666667],[5.2244608333333,43.426272222222],[5.2243894444444,43.426273888889],[5.2243261111111,43.426284444444],[5.2242613888889,43.4263],[5.2241838888889,43.426326111111],[5.2240925,43.426365],[5.2239858333333,43.426428055556],[5.2238458333333,43.426523333333],[5.2236113888889,43.426688888889],[5.2204186111111,43.429001944444],[5.22033083678873,43.42906998150227],[5.220306056502226,43.4290954797461],[5.220296765782873,43.42912472675473],[5.220297800858857,43.42915022368297],[5.220315357651097,43.4291742199447],[5.220347370807083,43.42919521581061],[5.220405023543688,43.42920621437837],[5.2212083333333,43.429306666667],[5.2211666666667,43.429478888889],[5.2203905555556,43.429379444444],[5.2203127777778,43.429371944444],[5.2202427777778,43.429368888889],[5.2201980555556,43.429371666667],[5.220145,43.429379444444],[5.2200802777778,43.429392222222],[5.2199588888889,43.429425277778],[5.2198552777778,43.429464166667],[5.2197638888889,43.429504444444],[5.219682552163367,43.42954952076835],[5.219586526075646,43.42961268581213],[5.206402877694458,43.43915027981518],[5.20635017888724,43.43919562517809],[5.206318246247408,43.439228079495],[5.206283119042682,43.43927289798322],[5.206251182714441,43.43933162665644],[5.206229887322891,43.43940349330052],[5.206225225932537,43.43948806028489],[5.206245878908566,43.43959222322667],[5.206299358358835,43.43967873393315],[5.206369938472609,43.4397546984593],[5.206457886441416,43.43981360185179],[5.206556586400641,43.43985973303212],[5.206603493549586,43.43988031481913],[5.2064897222222,43.440031666667],[5.205742467203065,43.43973817337336],[5.205709267023679,43.43972617756882],[5.205674672155729,43.43972066081614],[5.205636700664198,43.43972494665922],[5.205590289833819,43.43973842202857],[5.204530179357856,43.44051041304256],[5.20447724809932,43.44056698304425],[5.204431913251164,43.4406273137643],[5.204400427760369,43.44068673152039],[5.204376494941963,43.44075437739662],[5.204366411221484,43.44082293867636],[5.204365140210488,43.44089424324235],[5.204377719315845,43.44096097827596],[5.204401705034396,43.44102953356601],[5.204433203074772,43.44108529873476],[5.204487348842202,43.44113034232522],[5.204590897904766,43.44120164459764],[5.204660317380913,43.44124456644965],[5.204707223424643,43.4412677314141],[5.20455178732745,43.44147897570044]]]}},{"type":"Feature","id":"LFML-bcbcb0b7b228b3866845","properties":{"airport":"LFML","name":"COLOR_HardSurface5","layer":"Airfield surfaces","category":"Runways","object_type":"Area","style_id":"polygon.hardsurface5.262626","source_group":"COLOR_HardSurface5","vsmr_group_ids":[],"geometry_role":"filled_region"},"geometry":{"type":"Polygon","coordinates":[[[5.2097847222222,43.433532777778],[5.2100494444444,43.433341944444],[5.2102697222222,43.433502222222],[5.2100052777778,43.4336925],[5.2097847222222,43.433532777778]]]}},{"type":"Feature","id":"0BF1E3395315336D28C0","properties":{"airport":"LFML","name":"COLOR_Terrain7","layer":"Airfield surfaces","category":"Hard Surface 3","object_type":"Area","style_id":"polygon.terrain7.4d4d4d","source_group":"COLOR_Terrain7","vsmr_group_ids":[],"geometry_role":"filled_region"},"geometry":{"type":"Polygon","coordinates":[[[5.214761878655709,43.44134925379662],[5.215409737481096,43.44142021307316],[5.215387226005532,43.44138138844023],[5.215345094370232,43.44133856218829],[5.215133033225547,43.44116521802816],[5.215041749060001,43.44110607706047],[5.214977148083333,43.44107344757306],[5.214906929692211,43.44104489675478],[5.214840924474579,43.44102348362844],[5.2147707061556,43.4410122672823],[5.214701892212457,43.44101328705191],[5.214661204475917,43.4410153858619],[5.214508046968181,43.44088082268115],[5.2143827777778,43.440705],[5.2158508333333,43.44013],[5.2162897222222,43.440461111111],[5.2161327777778,43.440507222222],[5.215987990808138,43.44054752919588],[5.215882404650321,43.44059708278569],[5.215780681417743,43.44065598570891],[5.215687971505316,43.44071769332752],[5.215631315449669,43.44076444137153],[5.215600412350669,43.44080464451381],[5.215590111536168,43.44083269310775],[5.215583673889832,43.4408728960237],[5.215619004944754,43.44101700761089],[5.21564763537584,43.44107485021738],[5.21567751039232,43.44112003968362],[5.215712917280961,43.44114991070458],[5.215749913118495,43.44117399310088],[5.215775981950868,43.44115587008778],[5.21591762249582,43.441269655955],[5.216701179214929,43.44071638578788],[5.216600431083432,43.44064111622757],[5.2165380555556,43.440626388889],[5.2168983333333,43.440488611111],[5.2170063888889,43.440440833333],[5.2170886111111,43.440399444444],[5.2171641666667,43.440355555556],[5.217257447684915,43.44029223653321],[5.21731188546362,43.44030379336035],[5.217372704397949,43.44031093532828],[5.217428156516686,43.44030898567883],[5.217487185941274,43.44030249004899],[5.217536976123052,43.44029141957298],[5.217597303528663,43.44026555764594],[5.217670149978934,43.4402258245993],[5.218695031350265,43.43949294314403],[5.218713311202176,43.43945046191278],[5.21872976180128,43.43939470557827],[5.218731587080347,43.43935222497009],[5.218726099614845,43.43931505469956],[5.2187086111111,43.439270277778],[5.218980239005737,43.43907932116319],[5.21901816131529,43.4391013471656],[5.219054818825517,43.43911327726418],[5.219110436313592,43.43912061752004],[5.219181220750744,43.43911143650761],[5.219276019922976,43.43908206258411],[5.2203227777778,43.438350833333],[5.220363030072727,43.43831744149841],[5.220396660058904,43.43826859433409],[5.220410110361236,43.43823195958152],[5.220416831909054,43.43817741519198],[5.220411221131571,43.43812694187259],[5.220393782651032,43.43808144658009],[5.220561939730533,43.43795193629346],[5.220601152563193,43.43791402050994],[5.220639344456042,43.43787243850171],[5.220694260237324,43.43780899177084],[5.220510398492834,43.43766776944565],[5.221146214603096,43.43722791383008],[5.221254208465529,43.43715007789642],[5.221271388327462,43.43712928271112],[5.221272204047294,43.43710730024709],[5.221257473770176,43.43708353633365],[5.221464456159124,43.4368292289711],[5.2216608333333,43.436976388889],[5.2219775,43.437212222222],[5.2221302777778,43.437103055556],[5.2222488888889,43.437192777778],[5.2223480555556,43.4371225],[5.222396059456829,43.4370925516395],[5.2224683333333,43.4370575],[5.2226252777778,43.437034444444],[5.222716068660864,43.43699241051296],[5.222762422825911,43.43697317226972],[5.22280972498608,43.4369683601194],[5.222863650478571,43.43697041707701],[5.222924199591795,43.43698140400952],[5.2235794444444,43.437118055556],[5.2235969444444,43.437145],[5.223605,43.437165555556],[5.2236086111111,43.437186944444],[5.223811244053098,43.43722594614674],[5.2255463888889,43.437588333333],[5.2259994444444,43.438193055556],[5.2254661111111,43.4395425],[5.2254258333333,43.439547777778],[5.2253858333333,43.439549444444],[5.2253402777778,43.439541666667],[5.2248841666667,43.439443333333],[5.2246347222222,43.439391111111],[5.224518381330052,43.43936492135829],[5.224439016900244,43.43934434823726],[5.2243422222222,43.43931],[5.22422,43.439258333333],[5.2241172222222,43.439201944444],[5.2240488888889,43.439152777778],[5.2240122222222,43.439121944444],[5.2239911111111,43.439098611111],[5.2239808333333,43.439081111111],[5.2239741666667,43.439065555556],[5.2239791666667,43.439021944444],[5.2239983333333,43.438945555556],[5.224172996750776,43.43851072203995],[5.224188382533603,43.43846397941471],[5.224193974530489,43.43842943102153],[5.224184171293627,43.43838269055023],[5.224165974677312,43.43835424085882],[5.224130984291165,43.43831867976556],[5.224088998617207,43.43829328038927],[5.224042815610089,43.43827296191722],[5.223992435869369,43.43826178881348],[5.223943457290236,43.43826179285042],[5.223888882556984,43.43827094237237],[5.22382171498462,43.43829127018792],[5.223771341925117,43.43832379003063],[5.223746160520875,43.43837358182259],[5.223533721342406,43.4389185432293],[5.223452285538965,43.4391175177964],[5.223383800468271,43.4392546498465],[5.223311609775607,43.43937699411792],[5.223169547036635,43.43952506922986],[5.222873997058524,43.43973190675391],[5.2223236111111,43.440116944444],[5.2211402777778,43.440947777778],[5.2203680555556,43.441496666667],[5.219715,43.441959166667],[5.2193975,43.442243055556],[5.2192108333333,43.442506944444],[5.2191816666667,43.442543888889],[5.2191430555556,43.442583055556],[5.2188366666667,43.442859722222],[5.2187263888889,43.442959722222],[5.218656646250246,43.44302157554843],[5.218146091370633,43.44337203678898],[5.218010292547365,43.44347590158615],[5.21792519343437,43.44357187657999],[5.217789397744177,43.44375330805646],[5.217723561976159,43.44383621898243],[5.217677576657547,43.44387084583272],[5.217602635902026,43.4438968171002],[5.217543023158184,43.44390423850618],[5.217461267503318,43.44389434770175],[5.217396543770505,43.44387703662993],[5.217244952927647,43.44381644569069],[5.216941721907673,43.44402575025463],[5.216871243446306,43.44408916118834],[5.21682834451388,43.44415479638905],[5.216809961039417,43.44422821817224],[5.216819157827808,43.4443183260381],[5.216917226079527,43.44449631512353],[5.2169705555556,43.444576666667],[5.2170083333333,43.444643055556],[5.2170788888889,43.444745],[5.2171283333333,43.444806944444],[5.2171722222222,43.444852777778],[5.2172144444444,43.444889444444],[5.2172783333333,43.444939166667],[5.2173361111111,43.444982222222],[5.2174077777778,43.445027222222],[5.217684470505759,43.44521387712017],[5.217929260024434,43.44534075869159],[5.2179658333333,43.445380277778],[5.2181416666667,43.445285555556],[5.2181775,43.445295833333],[5.2182502777778,43.445257222222],[5.2183127777778,43.445306388889],[5.2183747222222,43.445275],[5.2184141666667,43.445316944444],[5.2184527777778,43.445298055556],[5.2185411111111,43.445390277778],[5.2184619444444,43.445434722222],[5.2185355555556,43.445522777778],[5.2185794444444,43.445500277778],[5.2186419444444,43.445560833333],[5.2185825,43.445592777778],[5.2186655555556,43.445676111111],[5.2187852777778,43.445612777778],[5.21888,43.445705555556],[5.2188086111111,43.445744166667],[5.2188966666667,43.445837222222],[5.2186297222222,43.446102222222],[5.2180952777778,43.446649722222],[5.2176005555556,43.447156666667],[5.217557522623952,43.44717563680046],[5.2172263888889,43.446987777778],[5.2173413888889,43.4468675],[5.2164786111111,43.446416666667],[5.2164052777778,43.44612],[5.216545,43.445783055556],[5.217031820215388,43.44528460373718],[5.217033031168725,43.44523704798344],[5.21703060299928,43.44518508900607],[5.217017258712325,43.44514898217974],[5.21700027550944,43.44511287541566],[5.216980866482615,43.44507941069414],[5.216932345136933,43.44502392999743],[5.216879545854967,43.44497062600468],[5.216835313523389,43.44492610667998],[5.2163944444444,43.445523888889],[5.2158166666667,43.445296944444],[5.2149752777778,43.444963611111],[5.2155272222222,43.444223888889],[5.2149969444444,43.444012777778],[5.214948926488193,43.44407194505383],[5.215044328006178,43.44423768492814],[5.215203219343025,43.44429904658836],[5.214985611706875,43.44459200937745],[5.21489444385201,43.44474741761088],[5.213257702333611,43.44409933629118],[5.213055993279731,43.44395989753258],[5.2111086111111,43.443188055556],[5.21106715299535,43.4431686144536],[5.211036440605479,43.44314631370255],[5.211009567879195,43.44311704435014],[5.21098653520137,43.44307383771172],[5.210978859659987,43.44302505656844],[5.21099037992397,43.44297906349614],[5.211144244681105,43.4426952438348],[5.211188733688942,43.44264021621228],[5.211262879170797,43.44259715222156],[5.21133462649388,43.44257453957177],[5.21142773345632,43.4425599614673],[5.211517188126171,43.44256394031304],[5.211624898268257,43.44257984910489],[5.211697220278976,43.44252433275345],[5.211752810510594,43.44247653869488],[5.211798161175299,43.44241918529438],[5.211844974780471,43.4423575834128],[5.211869845578052,43.44229916732021],[5.211876344693018,43.44227498424579],[5.211878249980606,43.44225631661794],[5.211872537182312,43.44224041440016],[5.211856349654633,43.44222520333688],[5.211829687432403,43.44220999202989],[5.21178874138569,43.44219823736247],[5.2115861111111,43.442143611111],[5.2120386111111,43.441823888889],[5.212065424486001,43.44186442641957],[5.212083726473966,43.44188680860537],[5.212100102328298,43.44189730041288],[5.212125148187625,43.44190149750995],[5.212153084201388,43.44190009921053],[5.212178130695426,43.44188750994694],[5.21339209784589,43.44103384160567],[5.213404603444807,43.44101898369509],[5.213408014249845,43.44100412570199],[5.213400056641452,43.44098514037213],[5.21337732006743,43.44096285311758],[5.2133091666667,43.440926944444],[5.2137925,43.440588611111],[5.213845101689067,43.44066159107505],[5.214156562037719,43.44100730617733],[5.214248559705624,43.44110312118177],[5.21432994508438,43.44116843862291],[5.214408734169256,43.44121849497811],[5.214501592784952,43.44126752968933],[5.214604300140413,43.44131145652051],[5.214685903301222,43.44133801685325],[5.214761878655709,43.44134925379662]]]}},{"type":"Feature","id":"LFML-fa8b2406615c186da9bc","properties":{"airport":"LFML","name":"COLOR_Terrain7","layer":"Airfield surfaces","category":"Hard Surface 3","object_type":"Area","style_id":"polygon.terrain7.4d4d4d","source_group":"COLOR_Terrain7","vsmr_group_ids":[],"geometry_role":"filled_region"},"geometry":{"type":"Polygon","coordinates":[[[5.222065942571541,43.43614018416284],[5.222154175974945,43.43602626974349],[5.222265038657219,43.43606896289183],[5.222303673008357,43.43607262282404],[5.222343987484754,43.43606530507714],[5.222377583229301,43.43604822924897],[5.222398580984655,43.43602444460343],[5.222606248070583,43.43576391591839],[5.222619558321884,43.43574277451389],[5.222622054552706,43.43571921676972],[5.222612904902169,43.43569445075797],[5.22259543654255,43.43567693316638],[5.222475651667391,43.43562015092306],[5.222572565763819,43.43550304712857],[5.222678960943485,43.43555191386158],[5.22271260737099,43.43556446079172],[5.222741707247957,43.43556578188704],[5.222777172935964,43.43555917899292],[5.222806273231857,43.43554399159789],[5.222825370512634,43.4355255023679],[5.223156891471579,43.43513475134061],[5.22350445837062,43.43522080620567],[5.223559265661446,43.43525573200137],[5.223684742249766,43.43531530902931],[5.223729868821765,43.43533365981874],[5.223778605607412,43.43534414609152],[5.223814707003105,43.43534414626239],[5.223832757722564,43.43534152483581],[5.2242988888889,43.435556111111],[5.2238608333333,43.436056111111],[5.2243186111111,43.436268611111],[5.2237794444444,43.436889166667],[5.2232022222222,43.436625555556],[5.2231333333333,43.436708888889],[5.2232086111111,43.436743333333],[5.2230847222222,43.436895555556],[5.222909893198205,43.43686087356574],[5.222847125301124,43.43685301449037],[5.222775699461721,43.43685537101351],[5.222707519996987,43.43686558580856],[5.222642586659361,43.43689151716949],[5.2223997222222,43.437002777778],[5.221891325043424,43.43662144484833],[5.221924284225907,43.43661299875604],[5.221953366638205,43.43658554734704],[5.22218808982881,43.4362831452849],[5.222200820252945,43.43625455905816],[5.222194729766169,43.43622801955193],[5.222179937326736,43.43619832041524],[5.222157312644809,43.43618062703412],[5.222065942571541,43.43614018416284]]]}},{"type":"Feature","id":"LFML-cbdaf1636409b79d9a40","properties":{"airport":"LFML","name":"COLOR_Terrain7","layer":"Airfield surfaces","category":"Hard Surface 3","object_type":"Area","style_id":"polygon.terrain7.4d4d4d","source_group":"COLOR_Terrain7","vsmr_group_ids":[],"geometry_role":"filled_region"},"geometry":{"type":"Polygon","coordinates":[[[5.2036063888889,43.436337777778],[5.203559856724953,43.43637323396428],[5.203524308544054,43.43641195411122],[5.20350235258868,43.43645978471768],[5.203491897793051,43.43651824424307],[5.203502354025151,43.43657594442947],[5.203530584688019,43.43663288531751],[5.203573267213892,43.43667875833579],[5.2036183333333,43.436708055556],[5.2026027777778,43.437427777778],[5.201977014188513,43.43696997210765],[5.201860807801559,43.43621327117432],[5.2024091666667,43.435819722222],[5.202891831188485,43.43618983961272],[5.202959028704617,43.4362339423876],[5.203041733281763,43.43626678475331],[5.203115392038078,43.43628649006008],[5.203189050693632,43.43628930486945],[5.203261416986291,43.43628085933689],[5.20333507532478,43.43625270823048],[5.2034194444444,43.436195],[5.2036063888889,43.436337777778]]]}},{"type":"Feature","id":"LFML-cd033a809c4b3d61772b","properties":{"airport":"LFML","name":"COLOR_Terrain7","layer":"Airfield surfaces","category":"Hard Surface 3","object_type":"Area","style_id":"polygon.terrain7.4d4d4d","source_group":"COLOR_Terrain7","vsmr_group_ids":[],"geometry_role":"filled_region"},"geometry":{"type":"Polygon","coordinates":[[[5.208345187046513,43.4328891414326],[5.2087561111111,43.432583055556],[5.2087794444444,43.4326],[5.2090486111111,43.432401944444],[5.209120223063457,43.43246441290532],[5.209163028676212,43.43251592434348],[5.209188712190866,43.43256388329927],[5.209199719658624,43.43261805921725],[5.209200201386381,43.43268493811678],[5.209185610957777,43.43275487093163],[5.2091516666667,43.432811388889],[5.2091144444444,43.4328625],[5.20909,43.432886944444],[5.208707042607408,43.43316012433967],[5.208345187046513,43.4328891414326]]]}},{"type":"Feature","id":"LFML-a5cb92d69f25455c7c65","properties":{"airport":"LFML","name":"COLOR_Terrain7","layer":"Airfield surfaces","category":"Hard Surface 3","object_type":"Area","style_id":"polygon.terrain7.4d4d4d","source_group":"COLOR_Terrain7","vsmr_group_ids":[],"geometry_role":"filled_region"},"geometry":{"type":"Polygon","coordinates":[[[5.219215338245373,43.43717160864961],[5.219427509574979,43.43703254348718],[5.219714784341534,43.43724386949543],[5.219504276902374,43.4373917260415],[5.219215338245373,43.43717160864961]]]}},{"type":"Feature","id":"LFML-595f022499181864df27","properties":{"airport":"LFML","name":"COLOR_Terrain7","layer":"Airfield surfaces","category":"Hard Surface 3","object_type":"Area","style_id":"polygon.terrain7.4d4d4d","source_group":"COLOR_Terrain7","vsmr_group_ids":[],"geometry_role":"filled_region"},"geometry":{"type":"Polygon","coordinates":[[[5.2273891666667,43.4330275],[5.2277011111111,43.432676388889],[5.2277886111111,43.432523888889],[5.2280069444444,43.432153888889],[5.2281,43.431999444444],[5.2282069444444,43.431829166667],[5.2283883333333,43.431578055556],[5.228565,43.431351944444],[5.2287666666667,43.431123055556],[5.228924713091936,43.43094677610956],[5.229122998924089,43.43074077977982],[5.229431441402667,43.43047878327869],[5.2296505555556,43.430300277778],[5.2298055555556,43.430184166667],[5.2299783333333,43.430053333333],[5.2301408333333,43.429940277778],[5.230325916357752,43.42980834710107],[5.230448032555985,43.42972199438653],[5.230558900287841,43.42962980735191],[5.230642452218294,43.42955279045142],[5.230688165628791,43.42950754868644],[5.230748728479886,43.42947822504627],[5.23098366165542,43.42978876547147],[5.230565333877721,43.43039119499549],[5.22996620183886,43.4312542049969],[5.229336631657972,43.43246492868344],[5.2291377777778,43.432479444444],[5.2283122222222,43.433803611111],[5.2276869444444,43.434778611111],[5.2273638888889,43.434625277778],[5.2273294444444,43.4346475],[5.2263694444444,43.434205],[5.2272438888889,43.433199166667],[5.2273891666667,43.4330275]]]}},{"type":"Feature","id":"LFML-6b3db50ddbecfcb26d4d","properties":{"airport":"LFML","name":"COLOR_Terrain7","layer":"Airfield surfaces","category":"Hard Surface 3","object_type":"Area","style_id":"polygon.terrain7.4d4d4d","source_group":"COLOR_Terrain7","vsmr_group_ids":[],"geometry_role":"filled_region"},"geometry":{"type":"Polygon","coordinates":[[[5.208295097695526,43.43406648894614],[5.2078036111111,43.433707222222],[5.2077416666667,43.433751388889],[5.207624963052268,43.43369676085679],[5.207577805560217,43.43367722693964],[5.207535784652064,43.43366441319493],[5.207495445169171,43.43365892259998],[5.207452584978514,43.43365892453247],[5.207409725361658,43.4336662496921],[5.20736518547368,43.43368028789612],[5.20731888470692,43.43370758127488],[5.207133415018472,43.43384239840407],[5.207104074155673,43.43386926620071],[5.207090043130371,43.43390169195463],[5.207081115061987,43.43393226462783],[5.207086221302037,43.43397117461301],[5.207102809321675,43.43400637838161],[5.207139810713485,43.43405084561032],[5.207275,43.434145],[5.206482502657641,43.43473629009151],[5.205523803423602,43.43399002389675],[5.206028597615489,43.4335940532748],[5.205061726407092,43.43289787844566],[5.2052394444444,43.432771944444],[5.205373932223651,43.43287764539599],[5.205439177021896,43.43291210038081],[5.205536054367341,43.43293794021157],[5.205636884552622,43.43294080866082],[5.205725851157165,43.43292357761384],[5.205816793622704,43.43288768237734],[5.2064458333333,43.432436388889],[5.206400038789387,43.43280473753598],[5.206305952038557,43.43282179636899],[5.206222725434968,43.4328571329704],[5.206136939363761,43.43291757515571],[5.20600377830714,43.43301149302214],[5.205964041993381,43.43305273443085],[5.205933236766011,43.43310821924109],[5.205915987397878,43.43316638832839],[5.205927082057029,43.4332254514283],[5.205951732641543,43.43328630391454],[5.206021980537143,43.43335162939692],[5.206432666697203,43.43364877808801],[5.20651488851038,43.43365673590245],[5.206595281732261,43.43364479153639],[5.206679328551025,43.43362488609647],[5.206765201331931,43.43359038560695],[5.206863163103526,43.43353143862877],[5.206941550666667,43.43347280999151],[5.206990688563138,43.43343032579238],[5.207017596394421,43.43339463966944],[5.207033973819257,43.43335725470238],[5.207036311043072,43.43332156960518],[5.207024607840705,43.4332841858031],[5.206984823142989,43.43323490813889],[5.2070719444444,43.433170277778],[5.2066641666667,43.432871111111],[5.206610324712441,43.43283978143096],[5.206540632348582,43.43281706205391],[5.206472363000527,43.43280467075439],[5.206399827681317,43.43280467336849],[5.2064461111111,43.432436388889],[5.208485265024569,43.43393875982818],[5.208295097695526,43.43406648894614]]]}},{"type":"Feature","id":"LFML-7e20f915f0f06c9b108f","properties":{"airport":"LFML","name":"COLOR_Terrain6","layer":"Airfield surfaces","category":"Hard Surface 2","object_type":"Area","style_id":"polygon.terrain6.535353","source_group":"COLOR_Terrain6","vsmr_group_ids":[],"geometry_role":"filled_region"},"geometry":{"type":"Polygon","coordinates":[[[5.215433029859002,43.44330517300615],[5.215400699750172,43.44325906595245],[5.215384534263803,43.44321212042787],[5.2153798124036,43.44316630205998],[5.215388590590038,43.44310335694759],[5.215424803615177,43.44303802128083],[5.215465364757281,43.44299027935708],[5.215683099742384,43.44283667816737],[5.215742481936725,43.44280613739029],[5.215826433319131,43.4427847643104],[5.215901737373603,43.44277783274077],[5.215982344697839,43.44278014197223],[5.216057649173953,43.44279477241002],[5.216123408352935,43.44282018397363],[5.2161922222222,43.442861666667],[5.2169608333333,43.443446666667],[5.2170097222222,43.443494166667],[5.2170394444444,43.4435475],[5.2170547222222,43.443600555556],[5.2170508333333,43.443654166667],[5.2170391666667,43.443691944444],[5.217004530476698,43.44375101087036],[5.216959059853572,43.44379378158838],[5.2169036111111,43.443831666667],[5.2168569444444,43.443863888889],[5.2168080555556,43.443886111111],[5.2167566666667,43.443903055556],[5.2167088888889,43.443909722222],[5.2166536111111,43.443911388889],[5.2165952777778,43.443905277778],[5.2165355555556,43.443892777778],[5.216467370598162,43.4438637932113],[5.216414771121727,43.44382641788074],[5.2163591666667,43.443780833333],[5.2162961111111,43.443735],[5.2162052777778,43.443677777778],[5.2161052777778,43.443623055556],[5.2160008333333,43.4435725],[5.215833686003483,43.44350552576532],[5.215625853211947,43.44342337345121],[5.215543874762378,43.44339151836063],[5.215474596839361,43.4433462500521],[5.215433029859002,43.44330517300615]]]}},{"type":"Feature","id":"LFML-011f69c3715b9c628ce5","properties":{"airport":"LFML","name":"COLOR_Terrain6","layer":"Airfield surfaces","category":"Hard Surface 2","object_type":"Area","style_id":"polygon.terrain6.535353","source_group":"COLOR_Terrain6","vsmr_group_ids":[],"geometry_role":"filled_region"},"geometry":{"type":"Polygon","coordinates":[[[5.211001545613822,43.4410127342415],[5.211050039754566,43.4410585699519],[5.21110854167925,43.44110161132962],[5.211184748762355,43.44115080181295],[5.211257107917582,43.44118713634548],[5.211326123617996,43.44121470488489],[5.211399521494573,43.44123957858976],[5.211475016933513,43.44125886912416],[5.211553308947405,43.44127257652062],[5.211646281184434,43.44128273150823],[5.21160713295072,43.441305062686],[5.211525341167733,43.44134921731691],[5.211438832851982,43.44139123311206],[5.211341562671392,43.44143473797517],[5.211252109417908,43.44146500127987],[5.211154840509041,43.44148706689411],[5.21107572030779,43.44150054701827],[5.211032818064412,43.44144685472077],[5.210992655411328,43.4413838827138],[5.210966634208836,43.44132027685346],[5.210947308880658,43.44125851908811],[5.21093668206535,43.4412002706428],[5.210935721585415,43.44113079412192],[5.210940559615132,43.44106903746167],[5.210949262601163,43.44102061483794],[5.210963190131832,43.44097058594814],[5.211001545613822,43.4410127342415]]]}},{"type":"Feature","id":"LFML-9f23efc21816c19f49a3","properties":{"airport":"LFML","name":"COLOR_Terrain6","layer":"Airfield surfaces","category":"Hard Surface 2","object_type":"Area","style_id":"polygon.terrain6.535353","source_group":"COLOR_Terrain6","vsmr_group_ids":[],"geometry_role":"filled_region"},"geometry":{"type":"Polygon","coordinates":[[[5.216305132649506,43.44113467923178],[5.216331017596452,43.44113553239373],[5.216327995005314,43.44131871243056],[5.216469121244549,43.44139805679927],[5.216455151075168,43.44141189055264],[5.216300188782411,43.44132428763614],[5.216305132649506,43.44113467923178]]]}},{"type":"Feature","id":"LFML-5a931258ee6e4bef3401","properties":{"airport":"LFML","name":"COLOR_Terrain5","layer":"Terrain","category":"Grass","object_type":"Area","style_id":"polygon.terrain5.6b7a52","source_group":"COLOR_Terrain5","vsmr_group_ids":[],"geometry_role":"filled_region"},"geometry":{"type":"Polygon","coordinates":[[[5.212854779116361,43.44277662667297],[5.212894927764027,43.44273581670053],[5.2129330555556,43.442709722222],[5.2129636111111,43.442692777778],[5.212997306191083,43.44268261819911],[5.2130516666667,43.442685],[5.213168280714802,43.44270560623251],[5.213254567843224,43.44272887639004],[5.213640077304637,43.44288187411587],[5.213954926445876,43.44302872257153],[5.213984814786199,43.44305177923934],[5.214000693149943,43.44308297366175],[5.214011901585702,43.44312230579776],[5.214010033890504,43.44315485658294],[5.214002562142943,43.44318605111575],[5.213970806756222,43.44327895666131],[5.212827678527887,43.44282399547129],[5.212854779116361,43.44277662667297]]]}},{"type":"Feature","id":"LFML-65f0ca4a08131d4c88ce","properties":{"airport":"LFML","name":"COLOR_Terrain5","layer":"Terrain","category":"Grass","object_type":"Area","style_id":"polygon.terrain5.6b7a52","source_group":"COLOR_Terrain5","vsmr_group_ids":[],"geometry_role":"filled_region"},"geometry":{"type":"Polygon","coordinates":[[[5.21434557412602,43.44376040322506],[5.214285629203115,43.44372349209815],[5.214237825022501,43.44369209006031],[5.214216578667566,43.44367225712195],[5.214204437730849,43.44364856767625],[5.214191537975466,43.44362047088297],[5.21418091438208,43.44357749925115],[5.214177878873397,43.44354995330503],[5.214192295404985,43.44351524529689],[5.214300135975359,43.44337569535342],[5.214349044363818,43.44331874383103],[5.214403489702136,43.44327586252886],[5.21444962983445,43.44324437151931],[5.214498538662278,43.44323030080802],[5.214548370532748,43.44323097036305],[5.214594511385466,43.44324370016587],[5.214697867237104,43.44328724994506],[5.21434557412602,43.44376040322506]]]}},{"type":"Feature","id":"LFML-37cc92d315e0d3598a86","properties":{"airport":"LFML","name":"COLOR_Terrain5","layer":"Terrain","category":"Grass","object_type":"Area","style_id":"polygon.terrain5.6b7a52","source_group":"COLOR_Terrain5","vsmr_group_ids":[],"geometry_role":"filled_region"},"geometry":{"type":"Polygon","coordinates":[[[5.2146969444444,43.443405],[5.2147894444444,43.443440833333],[5.2145483333333,43.443765277778],[5.2144536111111,43.4437275],[5.2146969444444,43.443405]]]}},{"type":"Feature","id":"LFML-c4526afd34300927e7fd","properties":{"airport":"LFML","name":"COLOR_Terrain5","layer":"Terrain","category":"Grass","object_type":"Area","style_id":"polygon.terrain5.6b7a52","source_group":"COLOR_Terrain5","vsmr_group_ids":[],"geometry_role":"filled_region"},"geometry":{"type":"Polygon","coordinates":[[[5.2148566666667,43.443468611111],[5.2149469444444,43.443503888889],[5.2147061111111,43.443828888889],[5.2146133333333,43.443791944444],[5.2148566666667,43.443468611111]]]}},{"type":"Feature","id":"LFML-bfa6cd659e87de6d8e1a","properties":{"airport":"LFML","name":"COLOR_Terrain5","layer":"Terrain","category":"Grass","object_type":"Area","style_id":"polygon.terrain5.6b7a52","source_group":"COLOR_Terrain5","vsmr_group_ids":[],"geometry_role":"filled_region"},"geometry":{"type":"Polygon","coordinates":[[[5.2150136111111,43.443530555556],[5.2151044444444,43.443566388889],[5.2148613888889,43.443888333333],[5.2147702777778,43.4438525],[5.2150136111111,43.443530555556]]]}},{"type":"Feature","id":"LFML-dd2318e16b0ace477187","properties":{"airport":"LFML","name":"COLOR_Terrain5","layer":"Terrain","category":"Grass","object_type":"Area","style_id":"polygon.terrain5.6b7a52","source_group":"COLOR_Terrain5","vsmr_group_ids":[],"geometry_role":"filled_region"},"geometry":{"type":"Polygon","coordinates":[[[5.2151708333333,43.443588888889],[5.2152469444444,43.443624444444],[5.2152686111111,43.443636388889],[5.2152741666667,43.443646111111],[5.2150325,43.443959444444],[5.2149308333333,43.443918055556],[5.2151708333333,43.443588888889]]]}},{"type":"Feature","id":"LFML-f3ebd2041571759eb9e9","properties":{"airport":"LFML","name":"COLOR_Terrain5","layer":"Terrain","category":"Grass","object_type":"Area","style_id":"polygon.terrain5.6b7a52","source_group":"COLOR_Terrain5","vsmr_group_ids":[],"geometry_role":"filled_region"},"geometry":{"type":"Polygon","coordinates":[[[5.2164297222222,43.443638055556],[5.2164022222222,43.443609444444],[5.216279063440654,43.44348253665762],[5.216275832200818,43.44347197929285],[5.2162825,43.443460833333],[5.2163263888889,43.443426944444],[5.2165011111111,43.443556111111],[5.2165588888889,43.443595555556],[5.216812319797606,43.44378636059092],[5.216806277850983,43.44380061769483],[5.216791172871935,43.44381213307328],[5.216757941852279,43.44382584188967],[5.216710361021284,43.44383955071949],[5.216681661450744,43.44384503426482],[5.216670332662677,43.44384119582294],[5.2164297222222,43.443638055556]]]}},{"type":"Feature","id":"LFML-6f293f4b0dbf9c2269d8","properties":{"airport":"LFML","name":"COLOR_Terrain9","layer":"Buildings and structures","category":"Buildings","object_type":"Area","style_id":"polygon.terrain9.a84b24","source_group":"COLOR_Terrain9","vsmr_group_ids":[],"geometry_role":"filled_region"},"geometry":{"type":"Polygon","coordinates":[[[5.2045702777778,43.433284444444],[5.205473468050991,43.43394741138526],[5.205509984321659,43.43394210793376],[5.205557455517074,43.43394608537731],[5.205597623507947,43.43396199543421],[5.205626836694417,43.43398851227675],[5.205641443421005,43.43402165839224],[5.20563048874402,43.43405878212673],[5.205623185546013,43.43407071476744],[5.2065169444444,43.434715],[5.205935409783217,43.43514343345475],[5.203989062989363,43.43371832070455],[5.2045702777778,43.433284444444]]]}},{"type":"Feature","id":"LFML-d29308e35014ccc5ec90","properties":{"airport":"LFML","name":"COLOR_Terrain9","layer":"Buildings and structures","category":"Buildings","object_type":"Area","style_id":"polygon.terrain9.a84b24","source_group":"COLOR_Terrain9","vsmr_group_ids":[],"geometry_role":"filled_region"},"geometry":{"type":"Polygon","coordinates":[[[5.2018622222222,43.436205277778],[5.202471551815742,43.43664916453655],[5.201985590643778,43.43699505880495],[5.20138,43.436550555556],[5.2018622222222,43.436205277778]]]}},{"type":"Feature","id":"LFML-b93fbb9bbd829dce6534","properties":{"airport":"LFML","name":"COLOR_Terrain9","layer":"Buildings and structures","category":"Buildings","object_type":"Area","style_id":"polygon.terrain9.a84b24","source_group":"COLOR_Terrain9","vsmr_group_ids":[],"geometry_role":"filled_region"},"geometry":{"type":"Polygon","coordinates":[[[5.20055819600725,43.43619471212999],[5.2024752777778,43.437590277778],[5.202141844188121,43.43783332121492],[5.200230402960444,43.43643535079469],[5.20055819600725,43.43619471212999]]]}},{"type":"Feature","id":"LFML-a8825ade475417bea061","properties":{"airport":"LFML","name":"COLOR_Terrain9","layer":"Buildings and structures","category":"Buildings","object_type":"Area","style_id":"polygon.terrain9.a84b24","source_group":"COLOR_Terrain9","vsmr_group_ids":[],"geometry_role":"filled_region"},"geometry":{"type":"Polygon","coordinates":[[[5.200223587293992,43.43723986686433],[5.200556338201221,43.43724312469451],[5.200799746934671,43.4374166465928],[5.200799812309535,43.43766651249879],[5.200558563398627,43.43784672180838],[5.200802106389881,43.43801179189895],[5.200349760377554,43.43834189514182],[5.200112776923993,43.43817543837361],[5.200118485461116,43.43797706402285],[5.200052086805762,43.43793160012043],[5.200090033388738,43.43790404980965],[5.200010355434983,43.43784480918835],[5.20011470832749,43.43777042339773],[5.199977895155299,43.43766309554086],[5.199980150056504,43.43741174621792],[5.200223587293992,43.43723986686433]]]}},{"type":"Feature","id":"LFML-360f026f8a631d171b04","properties":{"airport":"LFML","name":"COLOR_Terrain9","layer":"Buildings and structures","category":"Buildings","object_type":"Area","style_id":"polygon.terrain9.a84b24","source_group":"COLOR_Terrain9","vsmr_group_ids":[],"geometry_role":"filled_region"},"geometry":{"type":"Polygon","coordinates":[[[5.208644020633089,43.43335053308504],[5.208504640618459,43.43324787290562],[5.208510614062439,43.433243535158],[5.208205970079898,43.43302520106359],[5.208387164170469,43.43289506873461],[5.2088280555556,43.433216666667],[5.208644020633089,43.43335053308504]]]}},{"type":"Feature","id":"LFML-d3149ccdd864e3edf29e","properties":{"airport":"LFML","name":"COLOR_Terrain9","layer":"Buildings and structures","category":"Buildings","object_type":"Area","style_id":"polygon.terrain9.a84b24","source_group":"COLOR_Terrain9","vsmr_group_ids":[],"geometry_role":"filled_region"},"geometry":{"type":"Polygon","coordinates":[[[5.210833964615644,43.44323260755174],[5.213235787072625,43.44417890680796],[5.212969978223954,43.44452388529825],[5.210583968284348,43.4435732084541],[5.210833964615644,43.44323260755174]]]}},{"type":"Feature","id":"LFML-24c6e2e76ef3e1652d64","properties":{"airport":"LFML","name":"COLOR_Terrain9","layer":"Buildings and structures","category":"Buildings","object_type":"Area","style_id":"polygon.terrain9.a84b24","source_group":"COLOR_Terrain9","vsmr_group_ids":[],"geometry_role":"filled_region"},"geometry":{"type":"Polygon","coordinates":[[[5.213155255207389,43.44438711471559],[5.213277250523638,43.44422928663616],[5.213596668078884,43.44435489968662],[5.21347689164751,43.44451272797131],[5.213155255207389,43.44438711471559]]]}},{"type":"Feature","id":"LFML-ee4b0643edd5039f7412","properties":{"airport":"LFML","name":"COLOR_Terrain9","layer":"Buildings and structures","category":"Buildings","object_type":"Area","style_id":"polygon.terrain9.a84b24","source_group":"COLOR_Terrain9","vsmr_group_ids":[],"geometry_role":"filled_region"},"geometry":{"type":"Polygon","coordinates":[[[5.21389685026775,43.44447532465465],[5.214574715228693,43.44474297148804],[5.214386432294429,43.4449948061282],[5.213716493194354,43.44472715849222],[5.21389685026775,43.44447532465465]]]}},{"type":"Feature","id":"LFML-f892e4c6ba6f0819bd55","properties":{"airport":"LFML","name":"COLOR_Terrain9","layer":"Buildings and structures","category":"Buildings","object_type":"Area","style_id":"polygon.terrain9.a84b24","source_group":"COLOR_Terrain9","vsmr_group_ids":[],"geometry_role":"filled_region"},"geometry":{"type":"Polygon","coordinates":[[[5.216269020655691,43.44546960807385],[5.216131247333619,43.44565199049593],[5.215689902449561,43.44547690635113],[5.21583082241202,43.44529723441045],[5.216269020655691,43.44546960807385]]]}},{"type":"Feature","id":"LFML-5bb4e9baee4f877eb593","properties":{"airport":"LFML","name":"COLOR_Terrain9","layer":"Buildings and structures","category":"Buildings","object_type":"Area","style_id":"polygon.terrain9.a84b24","source_group":"COLOR_Terrain9","vsmr_group_ids":[],"geometry_role":"filled_region"},"geometry":{"type":"Polygon","coordinates":[[[5.219151095505906,43.44546271293792],[5.218794083721829,43.44519193826142],[5.219046381584372,43.44501464313829],[5.219207684037546,43.44513175424671],[5.219315218959892,43.445057583848],[5.21951684772162,43.44520787590642],[5.219151095505906,43.44546271293792]]]}},{"type":"Feature","id":"LFML-b8a041dcd261527a4157","properties":{"airport":"LFML","name":"COLOR_Terrain9","layer":"Buildings and structures","category":"Buildings","object_type":"Area","style_id":"polygon.terrain9.a84b24","source_group":"COLOR_Terrain9","vsmr_group_ids":[],"geometry_role":"filled_region"},"geometry":{"type":"Polygon","coordinates":[[[5.219014121425527,43.44487801349705],[5.219213060470684,43.44473748034554],[5.219414688062088,43.44488386902524],[5.219213060740609,43.44502635431947],[5.219014121425527,43.44487801349705]]]}},{"type":"Feature","id":"LFML-3f0647a821a83430b90e","properties":{"airport":"LFML","name":"COLOR_Terrain9","layer":"Buildings and structures","category":"Buildings","object_type":"Area","style_id":"polygon.terrain9.a84b24","source_group":"COLOR_Terrain9","vsmr_group_ids":[],"geometry_role":"filled_region"},"geometry":{"type":"Polygon","coordinates":[[[5.21864063048813,43.44508390129114],[5.217932853637681,43.44454744232335],[5.217955053403427,43.44453132494763],[5.217881796386294,43.44447813594847],[5.218066053584474,43.44434919702901],[5.218141530442278,43.44440077419166],[5.218470082508171,43.44416868308552],[5.219175339295861,43.44470653737692],[5.21864063048813,43.44508390129114]]]}},{"type":"Feature","id":"LFML-4640833d5347ae103749","properties":{"airport":"LFML","name":"COLOR_Terrain9","layer":"Buildings and structures","category":"Buildings","object_type":"Area","style_id":"polygon.terrain9.a84b24","source_group":"COLOR_Terrain9","vsmr_group_ids":[],"geometry_role":"filled_region"},"geometry":{"type":"Polygon","coordinates":[[[5.217694112772064,43.4441422101693],[5.21803086719575,43.44389951694672],[5.218103037842909,43.44395207270252],[5.218152195128312,43.4439121024076],[5.217986299594902,43.44379344892658],[5.218373397219576,43.44351567391276],[5.218109989793344,43.44331157664735],[5.218146383269938,43.44328679533155],[5.217859549697663,43.44307060890409],[5.217976665239268,43.44298188186843],[5.216687217711835,43.44200065336346],[5.216928604226911,43.44182732565431],[5.218581579306205,43.4430760242455],[5.218652982176022,43.44303066257635],[5.218756515162585,43.44310194618368],[5.218685112269528,43.44315249214496],[5.218935020372919,43.4433430134866],[5.219006423284802,43.44329246734368],[5.218833272494436,43.44315767691297],[5.219280770340335,43.44283786032937],[5.219460428255481,43.44297099151071],[5.219430794122413,43.44299116300051],[5.219551183695364,43.44308260643868],[5.219590078474621,43.44305436631226],[5.219810484748013,43.44321170242776],[5.21865353927375,43.44401921595378],[5.218413073585888,43.4438358943431],[5.21850324975508,43.44377187824617],[5.218421090830835,43.44371077097189],[5.21820266327815,43.44386790125709],[5.218328907856302,43.44395519767027],[5.217867436812664,43.44427884170394],[5.217694112772064,43.4441422101693]]]}},{"type":"Feature","id":"LFML-68ce2718c85e3898f252","properties":{"airport":"LFML","name":"COLOR_Terrain9","layer":"Buildings and structures","category":"Buildings","object_type":"Area","style_id":"polygon.terrain9.a84b24","source_group":"COLOR_Terrain9","vsmr_group_ids":[],"geometry_role":"filled_region"},"geometry":{"type":"Polygon","coordinates":[[[5.220166608876959,43.44244803154205],[5.219929666715089,43.44226739795519],[5.22000616694452,43.44220799539114],[5.219835733544206,43.44208163192471],[5.219738812105033,43.44214761347107],[5.219694476658558,43.44211341141392],[5.219788688131062,43.44204701832588],[5.219636285374307,43.44193334674381],[5.219605781452379,43.44193139622426],[5.219579015015572,43.44192167917218],[5.21956228596231,43.44191014011566],[5.2195505755368,43.44188766924538],[5.219550575396593,43.44186641298025],[5.219563121988877,43.44184758596534],[5.219584033095264,43.44183422481666],[5.219615818055008,43.44182754416745],[5.219649275979059,43.44182997332205],[5.219677715291205,43.44184211964921],[5.219693607959006,43.44186155388014],[5.219697790359712,43.44188038083797],[5.219843724014952,43.44200503960805],[5.22043347593659,43.44159148351435],[5.220277403147177,43.44147492830317],[5.220252822652938,43.44147379184029],[5.220229074357108,43.44146708644556],[5.220208624303937,43.4414531964271],[5.220197513719944,43.44143458243418],[5.220195213306105,43.44141939373184],[5.220201572131531,43.44140138648114],[5.220221285174709,43.44138476427617],[5.22024481384558,43.44137737649795],[5.22028106088549,43.441375990993],[5.220309677107641,43.44138245484795],[5.220330662501505,43.44139584460618],[5.220342745226365,43.44141523685459],[5.220345289180832,43.44143093540236],[5.220486851201038,43.44155205042973],[5.221193387038734,43.44105834031767],[5.221160679159988,43.44103005027289],[5.222706903322736,43.43993314655931],[5.22258055202731,43.43983721394725],[5.222560733047612,43.43983661492783],[5.222534307253039,43.43982702204962],[5.222519442040059,43.43980903438857],[5.222517789523556,43.43979224555068],[5.222523569101291,43.4397754564848],[5.22254586469866,43.43976286418643],[5.222567334867843,43.43975686753086],[5.222594586119618,43.4397610639557],[5.222612754079174,43.43977185627428],[5.22262431604358,43.43978804521416],[5.222628445942923,43.43980483397701],[5.222755622907882,43.43989896770881],[5.22298985836847,43.43973577610198],[5.222862385654985,43.43964829962442],[5.222835468882733,43.43964662526344],[5.222812396938439,43.43963824992291],[5.222795477155843,43.43962652395366],[5.222784709594621,43.43961200576322],[5.222783170472171,43.43959469526438],[5.222787783690399,43.43957738456734],[5.222799318530602,43.43956286568105],[5.222818543990106,43.4395511385819],[5.222846229211862,43.43954332006017],[5.222878529276864,43.43954499425799],[5.222904677545694,43.43955616153061],[5.222926211786724,43.43957123776797],[5.222932365201942,43.43958798971022],[5.222933904202089,43.43960250817108],[5.223045180229182,43.43969476637672],[5.223341065341913,43.43948511533867],[5.223377059372809,43.43945316896625],[5.223395721656388,43.43941831914267],[5.223574168708542,43.43895019988575],[5.223410704021996,43.43892279741067],[5.223388659415395,43.43893112194684],[5.223363968970947,43.43893368399363],[5.223337514513502,43.43893048351797],[5.223312823050348,43.43891831895236],[5.223296067578298,43.43890231237479],[5.223292538847211,43.43888054273227],[5.223296946392,43.43885877280507],[5.223314581408247,43.43884212471416],[5.223342798343875,43.43882931796804],[5.223376306819409,43.43882675561768],[5.223409816000359,43.43883443785156],[5.223429216596768,43.43884660259874],[5.223438917364838,43.43885940798584],[5.223595881622789,43.43889845957044],[5.223727108449195,43.43856006450191],[5.223563505101145,43.43853178686049],[5.22353666531605,43.43854151592323],[5.223509710042478,43.43854254707922],[5.223486301101992,43.43853791234403],[5.223466438486759,43.43852709664851],[5.22345154120567,43.43851473555753],[5.223445155954343,43.43849928373281],[5.22344586413118,43.43848280150792],[5.223452956342078,43.43846477384096],[5.223472107545081,43.43844674572469],[5.223503318190829,43.43843592813979],[5.223540204565264,43.4384379870373],[5.223566451267356,43.43844828742811],[5.223583724683774,43.43845824610505],[5.223591989596708,43.43847197960776],[5.223747891324695,43.43850859099195],[5.223764870769965,43.43846406626728],[5.224088844689597,43.4385342786215],[5.224069312526849,43.4385803815933],[5.224267440740064,43.43860967457407],[5.224297456837252,43.43860221689241],[5.224331423122976,43.43860221537911],[5.224359860792996,43.43861139115028],[5.224375660389646,43.43862687670126],[5.224383561150631,43.43864580399799],[5.22438119318357,43.43866645245156],[5.22437171573908,43.43868423340112],[5.224358288373461,43.43869799957279],[5.2243322219274,43.4387066042265],[5.22430299527604,43.43870889980379],[5.224276137730333,43.43870373891339],[5.224251649303686,43.43869112156611],[5.224242959516536,43.43868251846919],[5.224239009271765,43.4386744887278],[5.224051795305815,43.43862689085397],[5.223917999357715,43.43897635164888],[5.224106799976054,43.43900397620637],[5.224132113453788,43.43899381726418],[5.224159426017279,43.43899091385065],[5.224185406840871,43.4389952660962],[5.224210722019265,43.43900590656729],[5.224224046620467,43.43902138463351],[5.224231376217436,43.4390426674367],[5.224226048624249,43.43906346708557],[5.22421272683276,43.43908184854325],[5.224190744350425,43.43909394218311],[5.224166762716946,43.43909829659223],[5.224142114547162,43.43909829766064],[5.224112802332026,43.43908765736231],[5.224093482428409,43.43907459808844],[5.224084155136151,43.43906298950503],[5.223902453392979,43.43901586830205],[5.223783636316282,43.43931184003961],[5.224265066815887,43.43940949214632],[5.224246221793725,43.43945587407456],[5.224278684510859,43.43946347610216],[5.22428706007762,43.43944294639959],[5.224308001321099,43.4394193747525],[5.224335225975989,43.43940112524619],[5.224372922540439,43.43938667699602],[5.224416902969917,43.43938287328831],[5.224452506628539,43.43938515270829],[5.224494394243835,43.43939883700883],[5.224520574791425,43.43941632374187],[5.224543614607939,43.43944217439863],[5.224554088576192,43.43946878597703],[5.224554091683067,43.43950376183276],[5.224542575604517,43.43953417615595],[5.224517445731593,43.43955698767321],[5.224492315364406,43.43957447677703],[5.224479749877736,43.43957979977039],[5.224527228940216,43.43961628245068],[5.224557243001433,43.4395982388405],[5.224581395698696,43.43959297642812],[5.224607964566701,43.43959735958799],[5.224629703686925,43.43961138864721],[5.22463453598049,43.43962980289884],[5.22463212216884,43.43964646373247],[5.224617631616582,43.4396613713691],[5.224558460227133,43.43970521813608],[5.224784308289205,43.43987532188569],[5.224344972678394,43.44018817162866],[5.224301049878397,43.44015339874004],[5.224289890231171,43.44016047716305],[5.224307259571937,43.44017582867527],[5.224318588370696,43.4401972117025],[5.224324631433426,43.44022078814371],[5.224323878306205,43.44024436488774],[5.224317084208221,43.44026903849951],[5.224301983307791,43.44028987441371],[5.224283106360126,43.44030632413495],[5.22425969844446,43.44032112917543],[5.224231759388312,43.44033209635226],[5.224195513509713,43.44033922581901],[5.224161532581562,43.44034142052109],[5.224129816515488,43.44033703555034],[5.224098099946676,43.44032661932038],[5.224066382925887,43.44031072009951],[5.224045238042843,43.44029756190251],[5.223742211087334,43.44051251862673],[5.223545179631024,43.44036923161472],[5.22347325219058,43.4404182650288],[5.223338191339297,43.44032127454737],[5.22328241093674,43.44036284609014],[5.223172306807047,43.44028077680741],[5.222900101131886,43.44047193082012],[5.222673941075064,43.44030268036833],[5.222250944085529,43.44060185002333],[5.222482612718586,43.44076308878204],[5.222220744664465,43.44094503357176],[5.222723402725899,43.44132874675322],[5.221319754841936,43.44232298780334],[5.220985763273394,43.44206773698949],[5.220826676246761,43.44217885687922],[5.220959713335507,43.44226699520908],[5.221004611486004,43.44223439470503],[5.221204167577196,43.44237082753889],[5.220565075465804,43.44282336958502],[5.220354952114066,43.44267272933409],[5.220463672405136,43.44259722148541],[5.220432157153827,43.44251713901741],[5.220700020017017,43.44245421368414],[5.220698443996962,43.44244048521927],[5.220804300583898,43.44236439957304],[5.22074780867259,43.44223820188461],[5.220179301314261,43.44264118695839],[5.220439849094971,43.44284140143187],[5.22032154686358,43.44292006301492],[5.220051471860718,43.44272205697705],[5.219727317486955,43.44294772415257],[5.219787913232756,43.44299117652924],[5.21966129278419,43.44307863338386],[5.219447977497476,43.442916380699],[5.219566574259467,43.44283861156271],[5.21962449176224,43.44287765899997],[5.219676203521654,43.44284311645931],[5.219643107840519,43.44281908728109],[5.220166608876959,43.44244803154205]]]}},{"type":"Feature","id":"LFML-ca048c2aa9d8baa1a7b1","properties":{"airport":"LFML","name":"COLOR_Terrain9","layer":"Buildings and structures","category":"Buildings","object_type":"Area","style_id":"polygon.terrain9.a84b24","source_group":"COLOR_Terrain9","vsmr_group_ids":[],"geometry_role":"filled_region"},"geometry":{"type":"Polygon","coordinates":[[[5.221052237042363,43.44094087396586],[5.221030151044772,43.44093947986645],[5.220998462276722,43.44093250808626],[5.220981177191959,43.44091856378321],[5.220965812567986,43.44090252776046],[5.220962931329758,43.44088718877622],[5.2209677319987,43.44086627184266],[5.220984055819855,43.44084744641501],[5.221012863192122,43.44083559308019],[5.221045511852058,43.44083210641944],[5.2210704787088,43.44083698661593],[5.221090050464476,43.44084332096971],[5.221508973649338,43.44055114364719],[5.221496482924904,43.4405362449167],[5.221489345018277,43.44051810716985],[5.22149112861203,43.44049932146131],[5.221505402359174,43.4404811832835],[5.221528597772405,43.44046693161545],[5.221558930681289,43.44046045317508],[5.221587479614587,43.44046239592817],[5.221611567991939,43.44046952102055],[5.221623166200173,43.44047535080825],[5.222087372079169,43.44014599897606],[5.222070267498957,43.44012611613965],[5.222064717191744,43.4401052981492],[5.222072115183702,43.44008246517597],[5.222093386685183,43.44006500427111],[5.222123907393983,43.44005560176208],[5.222152578762723,43.44005492947336],[5.222185875100909,43.44006567344894],[5.222205298428655,43.44008111864606],[5.222213623323988,43.44009992189207],[5.22221639858425,43.44011200976108],[5.222351210204057,43.4402102345731],[5.222278019360251,43.44026144818984],[5.222146254039517,43.44016300844405],[5.222132116446341,43.44016200074598],[5.221937033721467,43.44030049942132],[5.222067991495791,43.44040315907998],[5.222022444207671,43.44043761084599],[5.221883894983397,43.44033564033008],[5.221643821203621,43.44050858805731],[5.221644770660834,43.44052167930523],[5.221767572103069,43.44061271414454],[5.221699723259166,43.44066550044867],[5.221571204373752,43.44057069576101],[5.22155544475758,43.44057069608959],[5.221386199300271,43.4406884438738],[5.221516811153024,43.4407870244607],[5.221470324730433,43.44082077946454],[5.22133823711237,43.44072434194227],[5.221116972292803,43.44088088746756],[5.221118468248143,43.44089500360455],[5.221235867904818,43.44098132730094],[5.221163337716204,43.44103182101531],[5.221052237042363,43.44094087396586]]]}},{"type":"Feature","id":"LFML-b8dbf05b95e1db675a04","properties":{"airport":"LFML","name":"COLOR_Terrain9","layer":"Buildings and structures","category":"Buildings","object_type":"Area","style_id":"polygon.terrain9.a84b24","source_group":"COLOR_Terrain9","vsmr_group_ids":[],"geometry_role":"filled_region"},"geometry":{"type":"Polygon","coordinates":[[[5.226474030414405,43.43628609261297],[5.226877607792321,43.43561085926923],[5.22698617306915,43.43564513431703],[5.22741836459204,43.43495886090791],[5.228562565400201,43.43532906839007],[5.227725253739514,43.43670323421916],[5.226474030414405,43.43628609261297]]]}},{"type":"Feature","id":"LFML-28db2a2418df55bdf02a","properties":{"airport":"LFML","name":"COLOR_Terrain9","layer":"Buildings and structures","category":"Buildings","object_type":"Area","style_id":"polygon.terrain9.a84b24","source_group":"COLOR_Terrain9","vsmr_group_ids":[],"geometry_role":"filled_region"},"geometry":{"type":"Polygon","coordinates":[[[5.224585500797096,43.43578569215143],[5.224777021337824,43.4358726185072],[5.22473512301813,43.43592259741998],[5.224676767424912,43.435930201635],[5.22451666783053,43.4358628333148],[5.224585500797096,43.43578569215143]]]}},{"type":"Feature","id":"LFML-8ed12cdfce574874d785","properties":{"airport":"LFML","name":"COLOR_Terrain9","layer":"Buildings and structures","category":"Buildings","object_type":"Area","style_id":"polygon.terrain9.a84b24","source_group":"COLOR_Terrain9","vsmr_group_ids":[],"geometry_role":"filled_region"},"geometry":{"type":"Polygon","coordinates":[[[5.224088770437591,43.43580298646805],[5.224329020537386,43.43553075278911],[5.224443675185821,43.43558097506651],[5.224505556816341,43.4355162205373],[5.22429438197225,43.43542237065907],[5.224433834598916,43.43526144752673],[5.225055457279226,43.43555222621911],[5.22483636839689,43.43580169229938],[5.2246762855392,43.43573130863796],[5.224715968747979,43.43568904858103],[5.224618090541579,43.43564582469594],[5.224365685455687,43.4359255860245],[5.224088770437591,43.43580298646805]]]}},{"type":"Feature","id":"LFML-37cde1fa4492ed8d87af","properties":{"airport":"LFML","name":"COLOR_Terrain9","layer":"Buildings and structures","category":"Buildings","object_type":"Area","style_id":"polygon.terrain9.a84b24","source_group":"COLOR_Terrain9","vsmr_group_ids":[],"geometry_role":"filled_region"},"geometry":{"type":"Polygon","coordinates":[[[5.223970354975636,43.4352341468034],[5.224191599967723,43.43533390053901],[5.224106659492049,43.43542831523861],[5.22402696918024,43.43539252570859],[5.224048990935759,43.43536663778021],[5.223971397881837,43.43533084828758],[5.22398817641416,43.43531029021943],[5.223927360098517,43.43528516119663],[5.223970354975636,43.4352341468034]]]}},{"type":"Feature","id":"LFML-1ded5636f8416892fd26","properties":{"airport":"LFML","name":"COLOR_Terrain9","layer":"Buildings and structures","category":"Buildings","object_type":"Area","style_id":"polygon.terrain9.a84b24","source_group":"COLOR_Terrain9","vsmr_group_ids":[],"geometry_role":"filled_region"},"geometry":{"type":"Polygon","coordinates":[[[5.223806966494591,43.43509294707652],[5.223868380293377,43.43501890860489],[5.224164990717099,43.43515521937731],[5.224192800189325,43.43512745505545],[5.224366955062807,43.43520423126704],[5.224351046560671,43.43522117281217],[5.224406191666853,43.43524658729699],[5.224316043483334,43.43534053582764],[5.224231204751835,43.43530202892124],[5.224223780631176,43.43531203988501],[5.223963962200027,43.43519420823594],[5.223979870960076,43.43517495644593],[5.223806966494591,43.43509294707652]]]}},{"type":"Feature","id":"LFML-e2fec60ce48d1f21f9d3","properties":{"airport":"LFML","name":"COLOR_Terrain9","layer":"Buildings and structures","category":"Buildings","object_type":"Area","style_id":"polygon.terrain9.a84b24","source_group":"COLOR_Terrain9","vsmr_group_ids":[],"geometry_role":"filled_region"},"geometry":{"type":"Polygon","coordinates":[[[5.224259283942228,43.43482146121995],[5.224129136587933,43.43497436563433],[5.223945681250253,43.43489298406286],[5.224081251463948,43.43473942370881],[5.224259283942228,43.43482146121995]]]}},{"type":"Feature","id":"LFML-1250054ba117f9124640","properties":{"airport":"LFML","name":"COLOR_Terrain9","layer":"Buildings and structures","category":"Buildings","object_type":"Area","style_id":"polygon.terrain9.a84b24","source_group":"COLOR_Terrain9","vsmr_group_ids":[],"geometry_role":"filled_region"},"geometry":{"type":"Polygon","coordinates":[[[5.225450207781613,43.43503816479448],[5.225505012644181,43.43506185462761],[5.225344261076343,43.43524754802325],[5.225232043782206,43.43519643060137],[5.225402419676419,43.43499938076314],[5.225319139280399,43.4349623447235],[5.225696695975728,43.43452451261024],[5.22575060854148,43.43454960943062],[5.225771345096913,43.43452551762893],[5.225852695319311,43.43456161145631],[5.225450207781613,43.43503816479448]]]}},{"type":"Feature","id":"LFML-35cddcdb7002c23ea650","properties":{"airport":"LFML","name":"COLOR_Terrain9","layer":"Buildings and structures","category":"Buildings","object_type":"Area","style_id":"polygon.terrain9.a84b24","source_group":"COLOR_Terrain9","vsmr_group_ids":[],"geometry_role":"filled_region"},"geometry":{"type":"Polygon","coordinates":[[[5.227420670392431,43.43473703280136],[5.226374632235597,43.43594240566679],[5.225401236715451,43.43549817667797],[5.225658825541359,43.43520924057599],[5.225557478516327,43.43516355981124],[5.226286527104927,43.43431776618191],[5.226319353524249,43.43430398778403],[5.226348582146391,43.43430550416024],[5.226377810561759,43.43431763290402],[5.226392424535511,43.43433658372707],[5.226391380251732,43.43435856651663],[5.22637885340629,43.43437372693054],[5.226440647133186,43.43437540799709],[5.226529249780105,43.43438699008847],[5.226628484515714,43.43441144017304],[5.226711770311554,43.43447192035905],[5.226775563620429,43.43452853990536],[5.226800371956235,43.4345671439924],[5.226876950753758,43.43457251936278],[5.226972257994758,43.43458840384422],[5.227061315495691,43.43461449923187],[5.227136311111728,43.43466101658098],[5.227195682599374,43.43471774485082],[5.227231617930266,43.43476766563125],[5.2273081766117,43.43468938109348],[5.227420670392431,43.43473703280136]]]}},{"type":"Feature","id":"LFML-991b0e9f0118e152623c","properties":{"airport":"LFML","name":"COLOR_Terrain9","layer":"Buildings and structures","category":"Buildings","object_type":"Area","style_id":"polygon.terrain9.a84b24","source_group":"COLOR_Terrain9","vsmr_group_ids":[],"geometry_role":"filled_region"},"geometry":{"type":"Polygon","coordinates":[[[5.229307881629035,43.4353153426106],[5.22787306775678,43.43483265293783],[5.227835585995626,43.4348925320296],[5.227684104260111,43.43484203336489],[5.228199770658812,43.43405622939912],[5.229324275255152,43.434421952846],[5.229294519604388,43.43447381381338],[5.229764807986745,43.43461704885419],[5.229307881629035,43.4353153426106]]]}},{"type":"Feature","id":"LFML-740592f99873132f3491","properties":{"airport":"LFML","name":"COLOR_Terrain9","layer":"Buildings and structures","category":"Buildings","object_type":"Area","style_id":"polygon.terrain9.a84b24","source_group":"COLOR_Terrain9","vsmr_group_ids":[],"geometry_role":"filled_region"},"geometry":{"type":"Polygon","coordinates":[[[5.228438539860083,43.43364231784451],[5.22870563833454,43.43321257247165],[5.228873579863905,43.43327180563031],[5.228817601785751,43.4333589162671],[5.229054319583075,43.43343673159801],[5.229099101945973,43.43337052745232],[5.229587686790436,43.43352971332433],[5.229324066471142,43.43394042919809],[5.228438539860083,43.43364231784451]]]}},{"type":"Feature","id":"LFML-af944ead6d26ddcdc2c8","properties":{"airport":"LFML","name":"COLOR_Terrain9","layer":"Buildings and structures","category":"Buildings","object_type":"Area","style_id":"polygon.terrain9.a84b24","source_group":"COLOR_Terrain9","vsmr_group_ids":[],"geometry_role":"filled_region"},"geometry":{"type":"Polygon","coordinates":[[[5.229544867493208,43.43391025246265],[5.230032410180769,43.43406376107858],[5.22991847136181,43.43425563385887],[5.229447816002224,43.4340973497977],[5.229476381528888,43.43404498671911],[5.229316444055463,43.43399279157785],[5.229495137147846,43.43370301325602],[5.229638111984157,43.43375541655144],[5.229544867493208,43.43391025246265]]]}},{"type":"Feature","id":"LFML-c12c8484b06057f54af9","properties":{"airport":"LFML","name":"COLOR_Terrain9","layer":"Buildings and structures","category":"Buildings","object_type":"Area","style_id":"polygon.terrain9.a84b24","source_group":"COLOR_Terrain9","vsmr_group_ids":[],"geometry_role":"filled_region"},"geometry":{"type":"Polygon","coordinates":[[[5.22874122953223,43.43317079548097],[5.228926439472154,43.43287413031796],[5.2290275,43.432906666667],[5.2289863888889,43.432971944444],[5.230236686684602,43.43338203824575],[5.230310958848481,43.43325842704272],[5.2306216086793,43.43335659152073],[5.230493495600754,43.43356158015502],[5.230533531472332,43.43357702381103],[5.230277075496157,43.43400312262794],[5.22992459228254,43.43388430551574],[5.229944766561827,43.43384442160365],[5.229806896465248,43.43379802940497],[5.229962688819625,43.43355221379966],[5.22874122953223,43.43317079548097]]]}},{"type":"Feature","id":"LFML-0a4e2c41bccde4dc8036","properties":{"airport":"LFML","name":"COLOR_Terrain9","layer":"Buildings and structures","category":"Buildings","object_type":"Area","style_id":"polygon.terrain9.a84b24","source_group":"COLOR_Terrain9","vsmr_group_ids":[],"geometry_role":"filled_region"},"geometry":{"type":"Polygon","coordinates":[[[5.23086902795145,43.43322890785125],[5.229193027977366,43.43267474004483],[5.229451094800377,43.43222975735802],[5.229342234730319,43.43219023345988],[5.229951083116047,43.43120859151776],[5.231055505538582,43.4315903666408],[5.230410558893333,43.43258160003415],[5.231136427072876,43.43280659914823],[5.23086902795145,43.43322890785125]]]}},{"type":"Feature","id":"LFML-a28e38fede403aec86ac","properties":{"airport":"LFML","name":"COLOR_Terrain9","layer":"Buildings and structures","category":"Buildings","object_type":"Area","style_id":"polygon.terrain9.a84b24","source_group":"COLOR_Terrain9","vsmr_group_ids":[],"geometry_role":"filled_region"},"geometry":{"type":"Polygon","coordinates":[[[5.230024668362443,43.43115534674674],[5.230267002192626,43.4307626248708],[5.230234955460837,43.43074953512367],[5.230498353180113,43.43033524445742],[5.230569812824834,43.43035813695882],[5.230932181456895,43.42978652385223],[5.23097475232097,43.42980265215431],[5.230740164444166,43.42948841737245],[5.230975643184912,43.42939476041137],[5.231209277299646,43.4297123494273],[5.23097475232097,43.42980265215431],[5.23130358220609,43.42991112642758],[5.23094879164508,43.43049151585446],[5.231518090923899,43.43067400931485],[5.231432795195339,43.43081427745542],[5.231444507723426,43.43081810220843],[5.231176472760062,43.4312686554354],[5.231110383555492,43.43124570740165],[5.231065970850059,43.43131651358236],[5.23096738507034,43.43128347435668],[5.230937052709976,43.43130392999701],[5.230887220053935,43.43132202604897],[5.230837469691306,43.43132966987439],[5.23102697493772,43.43139125323133],[5.230983645424622,43.43146441963411],[5.23068,43.431360833333],[5.2305594444444,43.431235833333],[5.23055912011076,43.43120442494067],[5.230602573511797,43.43113277767405],[5.23062451772984,43.43113489509121],[5.230641394429279,43.43109509244604],[5.230676739318154,43.43106111810556],[5.230723520248823,43.4310354480475],[5.230773421349975,43.43103620160583],[5.231036371540916,43.43111889145302],[5.231015421222796,43.43114863127432],[5.231015423256449,43.43118390333219],[5.231012567786228,43.4312122593908],[5.231049710738862,43.4312233239939],[5.231141129037214,43.4310746252324],[5.231084938607344,43.43105871998765],[5.231272052141831,43.43074779139696],[5.230838350303848,43.43060376209035],[5.230576970569651,43.43086218692085],[5.23033316622274,43.43126098680375],[5.230024668362443,43.43115534674674]]]}},{"type":"Feature","id":"LFML-bac6d32741c94e2fa415","properties":{"airport":"LFML","name":"COLOR_Terrain9","layer":"Buildings and structures","category":"Buildings","object_type":"Area","style_id":"polygon.terrain9.a84b24","source_group":"COLOR_Terrain9","vsmr_group_ids":[],"geometry_role":"filled_region"},"geometry":{"type":"Polygon","coordinates":[[[5.225792295638774,43.43444815104128],[5.225990632824988,43.43421601952983],[5.226101093979592,43.43427435837626],[5.22590694144734,43.43450284400132],[5.225792295638774,43.43444815104128]]]}},{"type":"Feature","id":"LFML-0f615e01eefe2f37cbfc","properties":{"airport":"LFML","name":"COLOR_Stopbar","layer":"Operational restrictions","category":"Prohibited areas","object_type":"Area","style_id":"polygon.stopbar.7e0000","source_group":"COLOR_Stopbar","vsmr_group_ids":[],"geometry_role":"filled_region"},"geometry":{"type":"Polygon","coordinates":[[[5.199453966719143,43.44967024605489],[5.199204696387227,43.44948063298414],[5.199235569088502,43.44946893929848],[5.199477852893382,43.4496548869632],[5.199453966719143,43.44967024605489]]]}},{"type":"Feature","id":"LFML-ed2bb7dc4565814cf2cd","properties":{"airport":"LFML","name":"COLOR_Stopbar","layer":"Operational restrictions","category":"Prohibited areas","object_type":"Area","style_id":"polygon.stopbar.7e0000","source_group":"COLOR_Stopbar","vsmr_group_ids":[],"geometry_role":"filled_region"},"geometry":{"type":"Polygon","coordinates":[[[5.202635864727059,43.44690978293882],[5.202629926395373,43.44688227553431],[5.203035105423881,43.44659693053362],[5.20307457667387,43.44660178372031],[5.202635864727059,43.44690978293882]]]}},{"type":"Feature","id":"LFML-94bda6e3d40e237f3977","properties":{"airport":"LFML","name":"COLOR_Stopbar","layer":"Operational restrictions","category":"Prohibited areas","object_type":"Area","style_id":"polygon.stopbar.7e0000","source_group":"COLOR_Stopbar","vsmr_group_ids":[],"geometry_role":"filled_region"},"geometry":{"type":"Polygon","coordinates":[[[5.2080069444444,43.442765],[5.20773091225442,43.44296207412188],[5.207710324897421,43.44295003135983],[5.207985338228389,43.44275225023049],[5.2080069444444,43.442765]]]}},{"type":"Feature","id":"LFML-eebde8f0f4ec95d42d82","properties":{"airport":"LFML","name":"COLOR_Stopbar","layer":"Operational restrictions","category":"Prohibited areas","object_type":"Area","style_id":"polygon.stopbar.7e0000","source_group":"COLOR_Stopbar","vsmr_group_ids":[],"geometry_role":"filled_region"},"geometry":{"type":"Polygon","coordinates":[[[5.210033546600137,43.44145127093086],[5.210208234700922,43.44121881054938],[5.210229755090891,43.44123040454351],[5.210056352437475,43.44146068754201],[5.210033546600137,43.44145127093086]]]}},{"type":"Feature","id":"LFML-a1e79466a99065536711","properties":{"airport":"LFML","name":"COLOR_Stopbar","layer":"Operational restrictions","category":"Prohibited areas","object_type":"Area","style_id":"polygon.stopbar.7e0000","source_group":"COLOR_Stopbar","vsmr_group_ids":[],"geometry_role":"filled_region"},"geometry":{"type":"Polygon","coordinates":[[[5.210694536254927,43.44087300950947],[5.210950033023249,43.44092582570715],[5.2113166666667,43.440784444444],[5.2113316666667,43.440800833333],[5.21095182709554,43.44094799476456],[5.21068651147055,43.44089113280922],[5.210694536254927,43.44087300950947]]]}},{"type":"Feature","id":"LFML-4192a01f3dc4d065c157","properties":{"airport":"LFML","name":"COLOR_Stopbar","layer":"Operational restrictions","category":"Prohibited areas","object_type":"Area","style_id":"polygon.stopbar.7e0000","source_group":"COLOR_Stopbar","vsmr_group_ids":[],"geometry_role":"filled_region"},"geometry":{"type":"Polygon","coordinates":[[[5.221559630941918,43.43343914908291],[5.221530215269681,43.43343865369369],[5.221538458863209,43.43324410436395],[5.221566707819703,43.4332434814306],[5.221559630941918,43.43343914908291]]]}},{"type":"Feature","id":"LFML-291cf7b1c36874c461e0","properties":{"airport":"LFML","name":"COLOR_Stopbar","layer":"Operational restrictions","category":"Prohibited areas","object_type":"Area","style_id":"polygon.stopbar.7e0000","source_group":"COLOR_Stopbar","vsmr_group_ids":[],"geometry_role":"filled_region"},"geometry":{"type":"Polygon","coordinates":[[[5.224670774545759,43.43106075585034],[5.224658259949599,43.43104149410372],[5.2249211111111,43.430975],[5.224932111035708,43.43099429414134],[5.224670774545759,43.43106075585034]]]}},{"type":"Feature","id":"LFML-44a84bc835de01fd688d","properties":{"airport":"LFML","name":"COLOR_Stopbar","layer":"Operational restrictions","category":"Prohibited areas","object_type":"Area","style_id":"polygon.stopbar.7e0000","source_group":"COLOR_Stopbar","vsmr_group_ids":[],"geometry_role":"filled_region"},"geometry":{"type":"Polygon","coordinates":[[[5.228369856573625,43.42845931598947],[5.22813685521192,43.42862547791849],[5.228115290983057,43.4286104239364],[5.22834912163376,43.42844426196676],[5.228369856573625,43.42845931598947]]]}},{"type":"Feature","id":"LFML-f23bcdab3d8655838f62","properties":{"airport":"LFML","name":"COLOR_Stopbar","layer":"Operational restrictions","category":"Prohibited areas","object_type":"Area","style_id":"polygon.stopbar.7e0000","source_group":"COLOR_Stopbar","vsmr_group_ids":[],"geometry_role":"filled_region"},"geometry":{"type":"Polygon","coordinates":[[[5.2292341666667,43.427851111111],[5.228985,43.428026666667],[5.2289619444444,43.428014444444],[5.2292138888889,43.427836388889],[5.2292341666667,43.427851111111]]]}},{"type":"Feature","id":"LFML-72c9b81a0132bd927140","properties":{"airport":"LFML","name":"COLOR_Stopbar","layer":"Operational restrictions","category":"Prohibited areas","object_type":"Area","style_id":"polygon.stopbar.7e0000","source_group":"COLOR_Stopbar","vsmr_group_ids":[],"geometry_role":"filled_region"},"geometry":{"type":"Polygon","coordinates":[[[5.2273844444444,43.426864722222],[5.227515,43.426644722222],[5.2275455555556,43.426652777778],[5.2274144444444,43.426872222222],[5.2273844444444,43.426864722222]]]}},{"type":"Feature","id":"LFML-a6683a3048c42a113957","properties":{"airport":"LFML","name":"COLOR_Stopbar","layer":"Operational restrictions","category":"Prohibited areas","object_type":"Area","style_id":"polygon.stopbar.7e0000","source_group":"COLOR_Stopbar","vsmr_group_ids":[],"geometry_role":"filled_region"},"geometry":{"type":"Polygon","coordinates":[[[5.2254466666667,43.42642],[5.225525,43.426221666667],[5.225555,43.426228333333],[5.2254769444444,43.426425555556],[5.2254466666667,43.42642]]]}},{"type":"Feature","id":"LFML-eb4fd8a734983c7e6c7b","properties":{"airport":"LFML","name":"COLOR_Stopbar","layer":"Operational restrictions","category":"Prohibited areas","object_type":"Area","style_id":"polygon.stopbar.7e0000","source_group":"COLOR_Stopbar","vsmr_group_ids":[],"geometry_role":"filled_region"},"geometry":{"type":"Polygon","coordinates":[[[5.221143360935015,43.42947714326416],[5.221184726860139,43.42930235163058],[5.221213198959958,43.4293054968881],[5.221171879141052,43.42948160895219],[5.221143360935015,43.42947714326416]]]}},{"type":"Feature","id":"LFML-ef23f8f62aed0a18621b","properties":{"airport":"LFML","name":"COLOR_Stopbar","layer":"Operational restrictions","category":"Prohibited areas","object_type":"Area","style_id":"polygon.stopbar.7e0000","source_group":"COLOR_Stopbar","vsmr_group_ids":[],"geometry_role":"filled_region"},"geometry":{"type":"Polygon","coordinates":[[[5.223184067538076,43.42984987370019],[5.223306662614446,43.42968704215652],[5.223332187486482,43.42969721708289],[5.223210092898842,43.42985968517365],[5.223184067538076,43.42984987370019]]]}},{"type":"Feature","id":"LFML-6a51ccef99fc89a799f5","properties":{"airport":"LFML","name":"COLOR_Stopbar","layer":"Operational restrictions","category":"Prohibited areas","object_type":"Area","style_id":"polygon.stopbar.7e0000","source_group":"COLOR_Stopbar","vsmr_group_ids":[],"geometry_role":"filled_region"},"geometry":{"type":"Polygon","coordinates":[[[5.207891563773408,43.4405956971496],[5.208010747939005,43.44043558226731],[5.208036877338249,43.44044650726926],[5.207916901449565,43.44060604720222],[5.207891563773408,43.4405956971496]]]}},{"type":"Feature","id":"LFML-54e8b2ccb1f0007b8c44","properties":{"airport":"LFML","name":"COLOR_Stopbar","layer":"Operational restrictions","category":"Prohibited areas","object_type":"Area","style_id":"polygon.stopbar.7e0000","source_group":"COLOR_Stopbar","vsmr_group_ids":[],"geometry_role":"filled_region"},"geometry":{"type":"Polygon","coordinates":[[[5.206467837086624,43.44002444909415],[5.2065858333333,43.439871111111],[5.206610116601533,43.43987923181773],[5.206493033834692,43.44003588564145],[5.206467837086624,43.44002444909415]]]}},{"type":"Feature","id":"LFML-e699c480ba776ad397f0","properties":{"airport":"LFML","name":"COLOR_Stopbar","layer":"Operational restrictions","category":"Prohibited areas","object_type":"Area","style_id":"polygon.stopbar.7e0000","source_group":"COLOR_Stopbar","vsmr_group_ids":[],"geometry_role":"filled_region"},"geometry":{"type":"Polygon","coordinates":[[[5.204529597359626,43.44147118815082],[5.204690060130337,43.44125707898801],[5.204714829541159,43.44126805513159],[5.204555458009327,43.44148245688838],[5.204529597359626,43.44147118815082]]]}},{"type":"Feature","id":"LFML-9d53679c0a6af65242b3","properties":{"airport":"LFML","name":"COLOR_Stopbar","layer":"Operational restrictions","category":"Prohibited areas","object_type":"Area","style_id":"polygon.stopbar.7e0000","source_group":"COLOR_Stopbar","vsmr_group_ids":[],"geometry_role":"filled_region"},"geometry":{"type":"Polygon","coordinates":[[[5.205877586414864,43.44200677192804],[5.206036008044618,43.44179574924695],[5.206064456665437,43.44180580019829],[5.205906034920935,43.44201849776584],[5.205877586414864,43.44200677192804]]]}},{"type":"Feature","id":"LFML-cdf65f75b1e77d295643","properties":{"airport":"LFML","name":"COLOR_Stopbar","layer":"Operational restrictions","category":"Prohibited areas","object_type":"Area","style_id":"polygon.stopbar.7e0000","source_group":"COLOR_Stopbar","vsmr_group_ids":[],"geometry_role":"filled_region"},"geometry":{"type":"Polygon","coordinates":[[[5.2036775,43.438909444444],[5.2037911111111,43.43876],[5.2038175,43.438770555556],[5.2037044444444,43.43892],[5.2036775,43.438909444444]]]}},{"type":"Feature","id":"LFML-39d77415e54c97091881","properties":{"airport":"LFML","name":"COLOR_Stopbar","layer":"Operational restrictions","category":"Prohibited areas","object_type":"Area","style_id":"polygon.stopbar.7e0000","source_group":"COLOR_Stopbar","vsmr_group_ids":[],"geometry_role":"filled_region"},"geometry":{"type":"Polygon","coordinates":[[[5.2182605555556,43.429130833333],[5.2183138888889,43.428918611111],[5.2183422222222,43.428921666667],[5.2182863888889,43.429136944444],[5.2182605555556,43.429130833333]]]}},{"type":"Feature","id":"LFML-d97adfda11b804230787","properties":{"airport":"LFML","name":"COLOR_Landmark5","layer":"Airfield surfaces","category":"Taxiway Orange","object_type":"Area","style_id":"polygon.landmark5.b3b300","source_group":"COLOR_Landmark5","vsmr_group_ids":[],"geometry_role":"filled_region"},"geometry":{"type":"Polygon","coordinates":[[[5.205165564324297,43.44172419533663],[5.205310569187914,43.44153089871263],[5.205337586377179,43.44154381958707],[5.205195217651171,43.44173663792645],[5.205165564324297,43.44172419533663]]]}},{"type":"Feature","id":"LFML-3de10d2a471c6de93604","properties":{"airport":"LFML","name":"COLOR_Landmark5","layer":"Airfield surfaces","category":"Taxiway Orange","object_type":"Area","style_id":"polygon.landmark5.b3b300","source_group":"COLOR_Landmark5","vsmr_group_ids":[],"geometry_role":"filled_region"},"geometry":{"type":"Polygon","coordinates":[[[5.207213692847976,43.44032495979925],[5.207329450077198,43.44016484595905],[5.207351370029611,43.4401728053164],[5.207235174372915,43.44033355581149],[5.207213692847976,43.44032495979925]]]}},{"type":"Feature","id":"LFML-7056c51cdfdf612b7eda","properties":{"airport":"LFML","name":"COLOR_Landmark5","layer":"Airfield surfaces","category":"Taxiway Orange","object_type":"Area","style_id":"polygon.landmark5.b3b300","source_group":"COLOR_Landmark5","vsmr_group_ids":[],"geometry_role":"filled_region"},"geometry":{"type":"Polygon","coordinates":[[[5.222396568194521,43.42964381178783],[5.222451265753563,43.42946443648103],[5.222480440015329,43.42946803264352],[5.222420590925266,43.42964817184478],[5.222396568194521,43.42964381178783]]]}},{"type":"Feature","id":"LFML-39b56b757ab8e3f4f36a","properties":{"airport":"LFML","name":"COLOR_Landmark5","layer":"Airfield surfaces","category":"Taxiway Orange","object_type":"Area","style_id":"polygon.landmark5.b3b300","source_group":"COLOR_Landmark5","vsmr_group_ids":[],"geometry_role":"filled_region"},"geometry":{"type":"Polygon","coordinates":[[[5.2266322222222,43.426679444444],[5.2267163888889,43.426469166667],[5.2267402777778,43.426473611111],[5.2266552777778,43.426684722222],[5.2266322222222,43.426679444444]]]}},{"type":"Feature","id":"LFML-4bba8f16bc837a8d6aef","properties":{"airport":"LFML","name":"COLOR_Landmark5","layer":"Airfield surfaces","category":"Taxiway Orange","object_type":"Area","style_id":"polygon.landmark5.b3b300","source_group":"COLOR_Landmark5","vsmr_group_ids":[],"geometry_role":"filled_region"},"geometry":{"type":"Polygon","coordinates":[[[5.2293533333333,43.4285875],[5.2297497222222,43.428588333333],[5.229747221692205,43.42860909685187],[5.229351345294521,43.42860652361976],[5.2293533333333,43.4285875]]]}},{"type":"Feature","id":"LFML-dcbf20bc667d47e69ffb","properties":{"airport":"LFML","name":"COLOR_Landmark5","layer":"Airfield surfaces","category":"Taxiway Orange","object_type":"Area","style_id":"polygon.landmark5.b3b300","source_group":"COLOR_Landmark5","vsmr_group_ids":[],"geometry_role":"filled_region"},"geometry":{"type":"Polygon","coordinates":[[[5.228854512610727,43.42899045433641],[5.228520662465979,43.42906522599576],[5.228514852940598,43.42904294341373],[5.22884814993602,43.42896967584346],[5.228854512610727,43.42899045433641]]]}},{"type":"Feature","id":"LFML-d3cbc6a6e395dca87c77","properties":{"airport":"LFML","name":"COLOR_Landmark5","layer":"Airfield surfaces","category":"Taxiway Orange","object_type":"Area","style_id":"polygon.landmark5.b3b300","source_group":"COLOR_Landmark5","vsmr_group_ids":[],"geometry_role":"filled_region"},"geometry":{"type":"Polygon","coordinates":[[[5.224803336107986,43.43171303072693],[5.225128767491967,43.43169288434996],[5.225135506312628,43.43171216261415],[5.224802852057606,43.43173389716975],[5.224803336107986,43.43171303072693]]]}},{"type":"Feature","id":"LFML-f7464159f43dbbb1674b","properties":{"airport":"LFML","name":"COLOR_Landmark5","layer":"Airfield surfaces","category":"Taxiway Orange","object_type":"Area","style_id":"polygon.landmark5.b3b300","source_group":"COLOR_Landmark5","vsmr_group_ids":[],"geometry_role":"filled_region"},"geometry":{"type":"Polygon","coordinates":[[[5.222333731877951,43.43354034951312],[5.222471104202726,43.43337130056278],[5.222491830926883,43.43338126360366],[5.222353387666827,43.43355089785582],[5.222333731877951,43.43354034951312]]]}},{"type":"Feature","id":"LFML-99af3e6a4bc261467593","properties":{"airport":"LFML","name":"COLOR_Landmark5","layer":"Airfield surfaces","category":"Taxiway Orange","object_type":"Area","style_id":"polygon.landmark5.b3b300","source_group":"COLOR_Landmark5","vsmr_group_ids":[],"geometry_role":"filled_region"},"geometry":{"type":"Polygon","coordinates":[[[5.211071802152869,43.44149576173091],[5.211075888853626,43.44150050934016],[5.211106947757475,43.4414951682636],[5.210760229710642,43.44173956299007],[5.210735443333072,43.44172983350797],[5.211071802152869,43.44149576173091]]]}},{"type":"Feature","id":"LFML-764dd7f498d17ab30fce","properties":{"airport":"LFML","name":"COLOR_Landmark5","layer":"Airfield surfaces","category":"Taxiway Orange","object_type":"Area","style_id":"polygon.landmark5.b3b300","source_group":"COLOR_Landmark5","vsmr_group_ids":[],"geometry_role":"filled_region"},"geometry":{"type":"Polygon","coordinates":[[[5.211822650714854,43.44096785237549],[5.211867143360243,43.44096151765458],[5.211451879389832,43.44125290247489],[5.211426579317536,43.44124656817931],[5.211822650714854,43.44096785237549]]]}},{"type":"Feature","id":"LFML-a70073170ab91806018f","properties":{"airport":"LFML","name":"COLOR_Landmark5","layer":"Airfield surfaces","category":"Taxiway Orange","object_type":"Area","style_id":"polygon.landmark5.b3b300","source_group":"COLOR_Landmark5","vsmr_group_ids":[],"geometry_role":"filled_region"},"geometry":{"type":"Polygon","coordinates":[[[5.208295603458637,43.44289621474464],[5.208322230278386,43.44290383194661],[5.208164262438357,43.44316386685699],[5.208142262613675,43.44315149902064],[5.208295603458637,43.44289621474464]]]}},{"type":"Feature","id":"LFML-c2a1c3cda6d88fd2f2e0","properties":{"airport":"LFML","name":"COLOR_Landmark6","layer":"Surface markings","category":"Surface markings","object_type":"Area","style_id":"polygon.landmark6.a6a6a6","source_group":"COLOR_Landmark6","vsmr_group_ids":[],"geometry_role":"filled_region"},"geometry":{"type":"Polygon","coordinates":[[[5.223210618513534,43.42644454188792],[5.223225854759379,43.42645516767084],[5.222959970690077,43.42664459511274],[5.222944636856015,43.42663398459023],[5.223210618513534,43.42644454188792]]]}},{"type":"Feature","id":"LFML-a83bcfa438ce708f07fa","properties":{"airport":"LFML","name":"COLOR_Landmark6","layer":"Surface markings","category":"Surface markings","object_type":"Area","style_id":"polygon.landmark6.a6a6a6","source_group":"COLOR_Landmark6","vsmr_group_ids":[],"geometry_role":"filled_region"},"geometry":{"type":"Polygon","coordinates":[[[5.223239642156963,43.42646468212339],[5.223254888485083,43.42647534951236],[5.22299045915471,43.42666794784984],[5.222975293393224,43.42665519992475],[5.223239642156963,43.42646468212339]]]}},{"type":"Feature","id":"LFML-16e500269031e695fac6","properties":{"airport":"LFML","name":"COLOR_Landmark6","layer":"Surface markings","category":"Surface markings","object_type":"Area","style_id":"polygon.landmark6.a6a6a6","source_group":"COLOR_Landmark6","vsmr_group_ids":[],"geometry_role":"filled_region"},"geometry":{"type":"Polygon","coordinates":[[[5.223270832697553,43.42648653207647],[5.223285995948728,43.42649820434082],[5.223019532739929,43.42668801067133],[5.223003558619823,43.42667687079521],[5.223270832697553,43.42648653207647]]]}},{"type":"Feature","id":"LFML-e6fea4cfd2ca0d809800","properties":{"airport":"LFML","name":"COLOR_Landmark6","layer":"Surface markings","category":"Surface markings","object_type":"Area","style_id":"polygon.landmark6.a6a6a6","source_group":"COLOR_Landmark6","vsmr_group_ids":[],"geometry_role":"filled_region"},"geometry":{"type":"Polygon","coordinates":[[[5.223300470316712,43.42650822354335],[5.223315620003996,43.42651986263851],[5.223049174916263,43.42671185780437],[5.223034014095365,43.42669911766515],[5.223300470316712,43.42650822354335]]]}},{"type":"Feature","id":"LFML-7394d786f6541375c9f5","properties":{"airport":"LFML","name":"COLOR_Landmark6","layer":"Surface markings","category":"Surface markings","object_type":"Area","style_id":"polygon.landmark6.a6a6a6","source_group":"COLOR_Landmark6","vsmr_group_ids":[],"geometry_role":"filled_region"},"geometry":{"type":"Polygon","coordinates":[[[5.223328605448256,43.42652983910632],[5.223342991968972,43.42654200209821],[5.223081907103624,43.42673143819363],[5.223065970420411,43.42672030625961],[5.223328605448256,43.42652983910632]]]}},{"type":"Feature","id":"LFML-4bcb329560d782a9ff9d","properties":{"airport":"LFML","name":"COLOR_Landmark6","layer":"Surface markings","category":"Surface markings","object_type":"Area","style_id":"polygon.landmark6.a6a6a6","source_group":"COLOR_Landmark6","vsmr_group_ids":[],"geometry_role":"filled_region"},"geometry":{"type":"Polygon","coordinates":[[[5.2233589048299,43.42655311740438],[5.223371890266346,43.42656309376638],[5.22311005619652,43.42675524168231],[5.223094129941046,43.42674303353986],[5.2233589048299,43.42655311740438]]]}},{"type":"Feature","id":"LFML-a1d896114277af813693","properties":{"airport":"LFML","name":"COLOR_Landmark6","layer":"Surface markings","category":"Surface markings","object_type":"Area","style_id":"polygon.landmark6.a6a6a6","source_group":"COLOR_Landmark6","vsmr_group_ids":[],"geometry_role":"filled_region"},"geometry":{"type":"Polygon","coordinates":[[[5.223402363326962,43.42658458684171],[5.223417513035189,43.42659622597122],[5.223155124551409,43.42678553994647],[5.223139957577311,43.42677388803565],[5.223402363326962,43.42658458684171]]]}},{"type":"Feature","id":"LFML-854b6bf65c4a83b81fba","properties":{"airport":"LFML","name":"COLOR_Landmark6","layer":"Surface markings","category":"Surface markings","object_type":"Area","style_id":"polygon.landmark6.a6a6a6","source_group":"COLOR_Landmark6","vsmr_group_ids":[],"geometry_role":"filled_region"},"geometry":{"type":"Polygon","coordinates":[[[5.223432024796621,43.42660515452666],[5.223448646428233,43.42661689842438],[5.223186164015747,43.42680720426907],[5.223169535911454,43.42679662430567],[5.223432024796621,43.42660515452666]]]}},{"type":"Feature","id":"LFML-0ca9b41fad1827ed70d1","properties":{"airport":"LFML","name":"COLOR_Landmark6","layer":"Surface markings","category":"Surface markings","object_type":"Area","style_id":"polygon.landmark6.a6a6a6","source_group":"COLOR_Landmark6","vsmr_group_ids":[],"geometry_role":"filled_region"},"geometry":{"type":"Polygon","coordinates":[[[5.223463123973035,43.42662685347884],[5.223479041805867,43.42663794593962],[5.223213605806507,43.42682829275596],[5.223198349626568,43.42681879559748],[5.223463123973035,43.42662685347884]]]}},{"type":"Feature","id":"LFML-cf372a3c101f87aa4465","properties":{"airport":"LFML","name":"COLOR_Landmark6","layer":"Surface markings","category":"Surface markings","object_type":"Area","style_id":"polygon.landmark6.a6a6a6","source_group":"COLOR_Landmark6","vsmr_group_ids":[],"geometry_role":"filled_region"},"geometry":{"type":"Polygon","coordinates":[[[5.223491248211973,43.4266494610581],[5.223506453181996,43.42666000428116],[5.223242341345675,43.42685264041626],[5.223227161115343,43.42684097812312],[5.223491248211973,43.4266494610581]]]}},{"type":"Feature","id":"LFML-62f4367fdb25bb7e54f9","properties":{"airport":"LFML","name":"COLOR_Landmark6","layer":"Surface markings","category":"Surface markings","object_type":"Area","style_id":"polygon.landmark6.a6a6a6","source_group":"COLOR_Landmark6","vsmr_group_ids":[],"geometry_role":"filled_region"},"geometry":{"type":"Polygon","coordinates":[[[5.223520877548418,43.42667111041497],[5.223536775088162,43.4266832740149],[5.223274272968121,43.42687383516854],[5.22325611762799,43.4268621119413],[5.223520877548418,43.42667111041497]]]}},{"type":"Feature","id":"LFML-3b5015ca1b0fac828947","properties":{"airport":"LFML","name":"COLOR_Landmark6","layer":"Surface markings","category":"Surface markings","object_type":"Area","style_id":"polygon.landmark6.a6a6a6","source_group":"COLOR_Landmark6","vsmr_group_ids":[],"geometry_role":"filled_region"},"geometry":{"type":"Polygon","coordinates":[[[5.223549093479509,43.42669161242495],[5.223565734812381,43.42670432116849],[5.2233032021894,43.42689497220654],[5.22328435126286,43.42688269068037],[5.223549093479509,43.42669161242495]]]}},{"type":"Feature","id":"LFML-8e4cb2d577a8f3a3cd46","properties":{"airport":"LFML","name":"COLOR_Landmark6","layer":"Surface markings","category":"Surface markings","object_type":"Area","style_id":"polygon.landmark6.a6a6a6","source_group":"COLOR_Landmark6","vsmr_group_ids":[],"geometry_role":"filled_region"},"geometry":{"type":"Polygon","coordinates":[[[5.200487302514574,43.4466632340089],[5.200504910376402,43.44667507842014],[5.200236177532185,43.44686480801006],[5.200219112565345,43.44685227117004],[5.200487302514574,43.4466632340089]]]}},{"type":"Feature","id":"LFML-5e6bb4a40b6e999b0f77","properties":{"airport":"LFML","name":"COLOR_Landmark6","layer":"Surface markings","category":"Surface markings","object_type":"Area","style_id":"polygon.landmark6.a6a6a6","source_group":"COLOR_Landmark6","vsmr_group_ids":[],"geometry_role":"filled_region"},"geometry":{"type":"Polygon","coordinates":[[[5.200517351456588,43.44668557927871],[5.200533762981947,43.44669854300773],[5.200264169720152,43.44688675099984],[5.200247270354145,43.44687422558194],[5.200517351456588,43.44668557927871]]]}},{"type":"Feature","id":"LFML-a8408b4f8514f52ecd00","properties":{"airport":"LFML","name":"COLOR_Landmark6","layer":"Surface markings","category":"Surface markings","object_type":"Area","style_id":"polygon.landmark6.a6a6a6","source_group":"COLOR_Landmark6","vsmr_group_ids":[],"geometry_role":"filled_region"},"geometry":{"type":"Polygon","coordinates":[[[5.200546620580512,43.44670869991555],[5.200562683664415,43.44672002361841],[5.200294952468982,43.44690767890609],[5.20027736880234,43.44689552211915],[5.200546620580512,43.44670869991555]]]}},{"type":"Feature","id":"LFML-adea52184bba234458b6","properties":{"airport":"LFML","name":"COLOR_Landmark6","layer":"Surface markings","category":"Surface markings","object_type":"Area","style_id":"polygon.landmark6.a6a6a6","source_group":"COLOR_Landmark6","vsmr_group_ids":[],"geometry_role":"filled_region"},"geometry":{"type":"Polygon","coordinates":[[[5.200576686953085,43.44673052111947],[5.200592309989549,43.44674217609547],[5.200322192881868,43.44692934844581],[5.200306621375523,43.44691792454009],[5.200576686953085,43.44673052111947]]]}},{"type":"Feature","id":"LFML-bb42ad824b042ee585b3","properties":{"airport":"LFML","name":"COLOR_Landmark6","layer":"Surface markings","category":"Surface markings","object_type":"Area","style_id":"polygon.landmark6.a6a6a6","source_group":"COLOR_Landmark6","vsmr_group_ids":[],"geometry_role":"filled_region"},"geometry":{"type":"Polygon","coordinates":[[[5.200606198544935,43.44675245040506],[5.20062174944872,43.44676473834267],[5.200349682766396,43.44695168833024],[5.200337697133969,43.44694077007691],[5.200606198544935,43.44675245040506]]]}},{"type":"Feature","id":"LFML-e30315971d7912534d5d","properties":{"airport":"LFML","name":"COLOR_Landmark6","layer":"Surface markings","category":"Surface markings","object_type":"Area","style_id":"polygon.landmark6.a6a6a6","source_group":"COLOR_Landmark6","vsmr_group_ids":[],"geometry_role":"filled_region"},"geometry":{"type":"Polygon","coordinates":[[[5.200634760246798,43.4467736380337],[5.200650340334518,43.44678526570026],[5.20038196849227,43.44697307819258],[5.200365903033366,43.44696202271471],[5.200634760246798,43.4467736380337]]]}},{"type":"Feature","id":"LFML-95994015b0ed959a65dc","properties":{"airport":"LFML","name":"COLOR_Landmark6","layer":"Surface markings","category":"Surface markings","object_type":"Area","style_id":"polygon.landmark6.a6a6a6","source_group":"COLOR_Landmark6","vsmr_group_ids":[],"geometry_role":"filled_region"},"geometry":{"type":"Polygon","coordinates":[[[5.200678764326778,43.44680772590131],[5.20069386456168,43.44681965795665],[5.200426741098672,43.44700617294694],[5.200409699487409,43.44699509125974],[5.200678764326778,43.44680772590131]]]}},{"type":"Feature","id":"LFML-a1c35bdc67f4c15cb0aa","properties":{"airport":"LFML","name":"COLOR_Landmark6","layer":"Surface markings","category":"Surface markings","object_type":"Area","style_id":"polygon.landmark6.a6a6a6","source_group":"COLOR_Landmark6","vsmr_group_ids":[],"geometry_role":"filled_region"},"geometry":{"type":"Polygon","coordinates":[[[5.200454889705737,43.44703007842539],[5.200436710334049,43.44701555565905],[5.200705586361272,43.44682894918483],[5.200723611736864,43.44684119527284],[5.200454889705737,43.44703007842539]]]}},{"type":"Feature","id":"LFML-f3af28c291c454f6736b","properties":{"airport":"LFML","name":"COLOR_Landmark6","layer":"Surface markings","category":"Surface markings","object_type":"Area","style_id":"polygon.landmark6.a6a6a6","source_group":"COLOR_Landmark6","vsmr_group_ids":[],"geometry_role":"filled_region"},"geometry":{"type":"Polygon","coordinates":[[[5.200736619518176,43.44685137907918],[5.200751269538772,43.44686295531574],[5.200486345769251,43.44705101453233],[5.200467951155439,43.44703808519142],[5.200736619518176,43.44685137907918]]]}},{"type":"Feature","id":"LFML-420dfa187536f6e099b1","properties":{"airport":"LFML","name":"COLOR_Landmark6","layer":"Surface markings","category":"Surface markings","object_type":"Area","style_id":"polygon.landmark6.a6a6a6","source_group":"COLOR_Landmark6","vsmr_group_ids":[],"geometry_role":"filled_region"},"geometry":{"type":"Polygon","coordinates":[[[5.200765540703863,43.44687286099975],[5.200781124586726,43.446883812791],[5.200512476459442,43.44707339773343],[5.200497700710898,43.44706159272411],[5.200765540703863,43.44687286099975]]]}},{"type":"Feature","id":"LFML-5cbd646ef3e265dcf989","properties":{"airport":"LFML","name":"COLOR_Landmark6","layer":"Surface markings","category":"Surface markings","object_type":"Area","style_id":"polygon.landmark6.a6a6a6","source_group":"COLOR_Landmark6","vsmr_group_ids":[],"geometry_role":"filled_region"},"geometry":{"type":"Polygon","coordinates":[[[5.200793924362666,43.44689530737119],[5.200811269286603,43.44690767072718],[5.200542149516973,43.44709626650577],[5.200525420575602,43.44708294466373],[5.200793924362666,43.44689530737119]]]}},{"type":"Feature","id":"LFML-ca998a2e0c130c47e89d","properties":{"airport":"LFML","name":"COLOR_Landmark6","layer":"Surface markings","category":"Surface markings","object_type":"Area","style_id":"polygon.landmark6.a6a6a6","source_group":"COLOR_Landmark6","vsmr_group_ids":[],"geometry_role":"filled_region"},"geometry":{"type":"Polygon","coordinates":[[[5.200823254209417,43.44691715199728],[5.200840594208453,43.44693019965423],[5.200574903698301,43.44711919482588],[5.200555172133818,43.44710577002635],[5.200823254209417,43.44691715199728]]]}},{"type":"Feature","id":"LFML-6a7e6960a5059fc228a8","properties":{"airport":"LFML","name":"COLOR_Landmark6","layer":"Surface markings","category":"Surface markings","object_type":"Area","style_id":"polygon.landmark6.a6a6a6","source_group":"COLOR_Landmark6","vsmr_group_ids":[],"geometry_role":"filled_region"},"geometry":{"type":"Polygon","coordinates":[[[5.20369014257736,43.44057159866996],[5.203705257830109,43.44058323376751],[5.203440716519772,43.44077188740896],[5.203426916499985,43.44076202618312],[5.20369014257736,43.44057159866996]]]}},{"type":"Feature","id":"LFML-28eb69c602647e68b2dd","properties":{"airport":"LFML","name":"COLOR_Landmark6","layer":"Surface markings","category":"Surface markings","object_type":"Area","style_id":"polygon.landmark6.a6a6a6","source_group":"COLOR_Landmark6","vsmr_group_ids":[],"geometry_role":"filled_region"},"geometry":{"type":"Polygon","coordinates":[[[5.203719500342858,43.44059277306408],[5.203735114684658,43.44060337456785],[5.203469623162611,43.44079332776146],[5.203456362345927,43.44078315506079],[5.203719500342858,43.44059277306408]]]}},{"type":"Feature","id":"LFML-b714746a36d9d77c349b","properties":{"airport":"LFML","name":"COLOR_Landmark6","layer":"Surface markings","category":"Surface markings","object_type":"Area","style_id":"polygon.landmark6.a6a6a6","source_group":"COLOR_Landmark6","vsmr_group_ids":[],"geometry_role":"filled_region"},"geometry":{"type":"Polygon","coordinates":[[[5.203749303163629,43.44061431075735],[5.203765341707083,43.44062599130424],[5.203500393714037,43.44081617315784],[5.203484725795735,43.44080490700844],[5.203749303163629,43.44061431075735]]]}},{"type":"Feature","id":"LFML-bf97024a1810db38e235","properties":{"airport":"LFML","name":"COLOR_Landmark6","layer":"Surface markings","category":"Surface markings","object_type":"Area","style_id":"polygon.landmark6.a6a6a6","source_group":"COLOR_Landmark6","vsmr_group_ids":[],"geometry_role":"filled_region"},"geometry":{"type":"Polygon","coordinates":[[[5.203779034448004,43.44063721452447],[5.203794627556288,43.44064783490334],[5.20353010466102,43.44083896488073],[5.203515960703475,43.44082741242737],[5.203779034448004,43.44063721452447]]]}},{"type":"Feature","id":"LFML-fb3017c9dae834bee4db","properties":{"airport":"LFML","name":"COLOR_Landmark6","layer":"Surface markings","category":"Surface markings","object_type":"Area","style_id":"polygon.landmark6.a6a6a6","source_group":"COLOR_Landmark6","vsmr_group_ids":[],"geometry_role":"filled_region"},"geometry":{"type":"Polygon","coordinates":[[[5.203807391121213,43.44065840505131],[5.203822488167066,43.44066933468581],[5.203559977125343,43.44085971747323],[5.203545276686277,43.44084849003436],[5.203807391121213,43.44065840505131]]]}},{"type":"Feature","id":"LFML-6945f070c9d6c99d929a","properties":{"airport":"LFML","name":"COLOR_Landmark6","layer":"Surface markings","category":"Surface markings","object_type":"Area","style_id":"polygon.landmark6.a6a6a6","source_group":"COLOR_Landmark6","vsmr_group_ids":[],"geometry_role":"filled_region"},"geometry":{"type":"Polygon","coordinates":[[[5.203838099025033,43.44067921109776],[5.203852237382178,43.44069075894667],[5.203590262142097,43.44087943935075],[5.203574649803874,43.4408695689968],[5.203838099025033,43.44067921109776]]]}},{"type":"Feature","id":"LFML-ba9539d0678ae4448fbd","properties":{"airport":"LFML","name":"COLOR_Landmark6","layer":"Surface markings","category":"Surface markings","object_type":"Area","style_id":"polygon.landmark6.a6a6a6","source_group":"COLOR_Landmark6","vsmr_group_ids":[],"geometry_role":"filled_region"},"geometry":{"type":"Polygon","coordinates":[[[5.203880591588261,43.44071180791511],[5.203896159671584,43.44072298792498],[5.203634582247282,43.44091343824932],[5.203621331885455,43.44090327368234],[5.203880591588261,43.44071180791511]]]}},{"type":"Feature","id":"LFML-63e6af097897b3847712","properties":{"airport":"LFML","name":"COLOR_Landmark6","layer":"Surface markings","category":"Surface markings","object_type":"Area","style_id":"polygon.landmark6.a6a6a6","source_group":"COLOR_Landmark6","vsmr_group_ids":[],"geometry_role":"filled_region"},"geometry":{"type":"Polygon","coordinates":[[[5.203912698803348,43.44073351508527],[5.203926840479218,43.44074507338642],[5.203663828768987,43.44093449108463],[5.203646892983834,43.44092358407945],[5.203912698803348,43.44073351508527]]]}},{"type":"Feature","id":"LFML-f4b470daefd130e69dbb","properties":{"airport":"LFML","name":"COLOR_Landmark6","layer":"Surface markings","category":"Surface markings","object_type":"Area","style_id":"polygon.landmark6.a6a6a6","source_group":"COLOR_Landmark6","vsmr_group_ids":[],"geometry_role":"filled_region"},"geometry":{"type":"Polygon","coordinates":[[[5.203939132054495,43.44075590027037],[5.203955690712401,43.44076579073967],[5.20369442909484,43.44095659882721],[5.203677952715459,43.44094534733384],[5.203939132054495,43.44075590027037]]]}},{"type":"Feature","id":"LFML-3ccfcac17d81e9427348","properties":{"airport":"LFML","name":"COLOR_Landmark6","layer":"Surface markings","category":"Surface markings","object_type":"Area","style_id":"polygon.landmark6.a6a6a6","source_group":"COLOR_Landmark6","vsmr_group_ids":[],"geometry_role":"filled_region"},"geometry":{"type":"Polygon","coordinates":[[[5.203969882033979,43.44077661765198],[5.203985897470056,43.44078886897175],[5.203722248117845,43.44097867096295],[5.203708560893013,43.44096815154546],[5.203969882033979,43.44077661765198]]]}},{"type":"Feature","id":"LFML-970fad0564e72b2d6c8a","properties":{"airport":"LFML","name":"COLOR_Landmark6","layer":"Surface markings","category":"Surface markings","object_type":"Area","style_id":"polygon.landmark6.a6a6a6","source_group":"COLOR_Landmark6","vsmr_group_ids":[],"geometry_role":"filled_region"},"geometry":{"type":"Polygon","coordinates":[[[5.203999286229138,43.44079769022981],[5.204016217923543,43.44081063061743],[5.203751545530002,43.44100045673185],[5.203736878476731,43.44099059789875],[5.203999286229138,43.44079769022981]]]}},{"type":"Feature","id":"LFML-0fc62b2eb7cd7ae46a3e","properties":{"airport":"LFML","name":"COLOR_Landmark6","layer":"Surface markings","category":"Surface markings","object_type":"Area","style_id":"polygon.landmark6.a6a6a6","source_group":"COLOR_Landmark6","vsmr_group_ids":[],"geometry_role":"filled_region"},"geometry":{"type":"Polygon","coordinates":[[[5.204029548317772,43.44081940090054],[5.204046500781705,43.4408323308673],[5.203783621468148,43.44102228649965],[5.203766662976237,43.44101066745944],[5.204029548317772,43.44081940090054]]]}},{"type":"Feature","id":"LFML-0d2c04213a4bb5262a54","properties":{"airport":"LFML","name":"COLOR_Landmark6","layer":"Surface markings","category":"Surface markings","object_type":"Area","style_id":"polygon.landmark6.a6a6a6","source_group":"COLOR_Landmark6","vsmr_group_ids":[],"geometry_role":"filled_region"},"geometry":{"type":"Polygon","coordinates":[[[5.222364906906209,43.43129600239971],[5.222382325152076,43.43130916834907],[5.222115977791269,43.43149721195112],[5.222097454575987,43.43148418571502],[5.222364906906209,43.43129600239971]]]}},{"type":"Feature","id":"LFML-d481e878cf15ab9726ae","properties":{"airport":"LFML","name":"COLOR_Landmark6","layer":"Surface markings","category":"Surface markings","object_type":"Area","style_id":"polygon.landmark6.a6a6a6","source_group":"COLOR_Landmark6","vsmr_group_ids":[],"geometry_role":"filled_region"},"geometry":{"type":"Polygon","coordinates":[[[5.222702042839719,43.43154989199002],[5.222717694925267,43.43156199289957],[5.222450580820532,43.43175133371976],[5.222433440027048,43.43173817839441],[5.222702042839719,43.43154989199002]]]}},{"type":"Feature","id":"LFML-f50c76367c888f6a8e08","properties":{"airport":"LFML","name":"COLOR_Landmark6","layer":"Surface markings","category":"Surface markings","object_type":"Area","style_id":"polygon.landmark6.a6a6a6","source_group":"COLOR_Landmark6","vsmr_group_ids":[],"geometry_role":"filled_region"},"geometry":{"type":"Polygon","coordinates":[[[5.222395547530088,43.43131817395123],[5.222411378910534,43.43133039431875],[5.222145225381598,43.43151874503163],[5.222128105187975,43.43150564288933],[5.222395547530088,43.43131817395123]]]}},{"type":"Feature","id":"LFML-90a4c9f6e98e76e63695","properties":{"airport":"LFML","name":"COLOR_Landmark6","layer":"Surface markings","category":"Surface markings","object_type":"Area","style_id":"polygon.landmark6.a6a6a6","source_group":"COLOR_Landmark6","vsmr_group_ids":[],"geometry_role":"filled_region"},"geometry":{"type":"Polygon","coordinates":[[[5.222556140260462,43.4314383178667],[5.22257197303831,43.43145045498149],[5.222305716421396,43.43164095233993],[5.222289311147296,43.43162831571914],[5.222556140260462,43.4314383178667]]]}},{"type":"Feature","id":"LFML-993d2c8ba630e60c9273","properties":{"airport":"LFML","name":"COLOR_Landmark6","layer":"Surface markings","category":"Surface markings","object_type":"Area","style_id":"polygon.landmark6.a6a6a6","source_group":"COLOR_Landmark6","vsmr_group_ids":[],"geometry_role":"filled_region"},"geometry":{"type":"Polygon","coordinates":[[[5.222584915893098,43.43146032814124],[5.222600081419633,43.4314737819341],[5.222332760042119,43.43165995425109],[5.222318100977517,43.43164866865038],[5.222584915893098,43.43146032814124]]]}},{"type":"Feature","id":"LFML-443eef057fd4f4ac8e24","properties":{"airport":"LFML","name":"COLOR_Landmark6","layer":"Surface markings","category":"Surface markings","object_type":"Area","style_id":"polygon.landmark6.a6a6a6","source_group":"COLOR_Landmark6","vsmr_group_ids":[],"geometry_role":"filled_region"},"geometry":{"type":"Polygon","coordinates":[[[5.222614251593347,43.43148282078597],[5.222628913513025,43.43149494011799],[5.222363273058632,43.43168340054167],[5.222345632840306,43.43167075741162],[5.222614251593347,43.43148282078597]]]}},{"type":"Feature","id":"LFML-d16d97b04cf4d6322c4f","properties":{"airport":"LFML","name":"COLOR_Landmark6","layer":"Surface markings","category":"Surface markings","object_type":"Area","style_id":"polygon.landmark6.a6a6a6","source_group":"COLOR_Landmark6","vsmr_group_ids":[],"geometry_role":"filled_region"},"geometry":{"type":"Polygon","coordinates":[[[5.222642378369016,43.43150616890368],[5.222658806170895,43.43151964719878],[5.222393795801406,43.43170698974601],[5.22237493690576,43.43169423444908],[5.222642378369016,43.43150616890368]]]}},{"type":"Feature","id":"LFML-d648d01d103634de1a8d","properties":{"airport":"LFML","name":"COLOR_Landmark6","layer":"Surface markings","category":"Surface markings","object_type":"Area","style_id":"polygon.landmark6.a6a6a6","source_group":"COLOR_Landmark6","vsmr_group_ids":[],"geometry_role":"filled_region"},"geometry":{"type":"Polygon","coordinates":[[[5.222672425844344,43.43152650146368],[5.222687680872644,43.43153908544651],[5.222422045314215,43.431727872683],[5.222404371154039,43.43171513345958],[5.222672425844344,43.43152650146368]]]}},{"type":"Feature","id":"LFML-d3316a59bf549411115a","properties":{"airport":"LFML","name":"COLOR_Landmark6","layer":"Surface markings","category":"Surface markings","object_type":"Area","style_id":"polygon.landmark6.a6a6a6","source_group":"COLOR_Landmark6","vsmr_group_ids":[],"geometry_role":"filled_region"},"geometry":{"type":"Polygon","coordinates":[[[5.222424857796561,43.43134080559182],[5.222439436396509,43.4313538590247],[5.222173467757796,43.43154040826947],[5.222158795502045,43.43152824907324],[5.222424857796561,43.43134080559182]]]}},{"type":"Feature","id":"LFML-08606d02f660caf99ecd","properties":{"airport":"LFML","name":"COLOR_Landmark6","layer":"Surface markings","category":"Surface markings","object_type":"Area","style_id":"polygon.landmark6.a6a6a6","source_group":"COLOR_Landmark6","vsmr_group_ids":[],"geometry_role":"filled_region"},"geometry":{"type":"Polygon","coordinates":[[[5.222454178515874,43.43136252844509],[5.222468182839355,43.43137426857406],[5.222202960652023,43.4315620836696],[5.222186459845721,43.43154945675345],[5.222454178515874,43.43136252844509]]]}},{"type":"Feature","id":"LFML-1662ab415195bb3abe59","properties":{"airport":"LFML","name":"COLOR_Landmark6","layer":"Surface markings","category":"Surface markings","object_type":"Area","style_id":"polygon.landmark6.a6a6a6","source_group":"COLOR_Landmark6","vsmr_group_ids":[],"geometry_role":"filled_region"},"geometry":{"type":"Polygon","coordinates":[[[5.222484701183068,43.43138340562916],[5.222500443512768,43.43139731252872],[5.222230587350811,43.43158413915516],[5.222214131900069,43.43157152251224],[5.222484701183068,43.43138340562916]]]}},{"type":"Feature","id":"LFML-148161a44f4414d33ff7","properties":{"airport":"LFML","name":"COLOR_Landmark6","layer":"Surface markings","category":"Surface markings","object_type":"Area","style_id":"polygon.landmark6.a6a6a6","source_group":"COLOR_Landmark6","vsmr_group_ids":[],"geometry_role":"filled_region"},"geometry":{"type":"Polygon","coordinates":[[[5.222512758350836,43.4314059083807],[5.222529110259444,43.43141939162146],[5.222261786820699,43.43160625676405],[5.222244128510704,43.43159362468847],[5.222512758350836,43.4314059083807]]]}},{"type":"Feature","id":"LFML-48792df669860c732728","properties":{"airport":"LFML","name":"COLOR_Landmark6","layer":"Surface markings","category":"Surface markings","object_type":"Area","style_id":"polygon.landmark6.a6a6a6","source_group":"COLOR_Landmark6","vsmr_group_ids":[],"geometry_role":"filled_region"},"geometry":{"type":"Polygon","coordinates":[[[5.223246500340104,43.42639408502314],[5.223631015889765,43.4266763465106],[5.223611773648404,43.42669128311672],[5.223227820338079,43.4264084166187],[5.223246500340104,43.42639408502314]]]}},{"type":"Feature","id":"LFML-0845f223649d3684a9bb","properties":{"airport":"LFML","name":"COLOR_Landmark6","layer":"Surface markings","category":"Surface markings","object_type":"Area","style_id":"polygon.landmark6.a6a6a6","source_group":"COLOR_Landmark6","vsmr_group_ids":[],"geometry_role":"filled_region"},"geometry":{"type":"Polygon","coordinates":[[[5.22254331112091,43.42710355426794],[5.2225694211379,43.42708413889085],[5.222608979670389,43.42710964301956],[5.222618548537328,43.4271031540605],[5.22262228665894,43.4270695428978],[5.222669646620492,43.42706679332154],[5.222711134864653,43.4270380174441],[5.222673942629561,43.42701108127844],[5.222701308347593,43.42698946650439],[5.22275437225648,43.42702887191106],[5.222678782658638,43.42708575548662],[5.222640958388222,43.42708519985115],[5.222641590648827,43.42711256272128],[5.222596365983414,43.4271449544443],[5.22254331112091,43.42710355426794]]]}},{"type":"Feature","id":"LFML-ed92e7ac984d498b3f41","properties":{"airport":"LFML","name":"COLOR_Landmark6","layer":"Surface markings","category":"Surface markings","object_type":"Area","style_id":"polygon.landmark6.a6a6a6","source_group":"COLOR_Landmark6","vsmr_group_ids":[],"geometry_role":"filled_region"},"geometry":{"type":"Polygon","coordinates":[[[5.200150840237874,43.44687774223188],[5.20017098819136,43.44686344772511],[5.200553084275413,43.44715070246767],[5.200530430814545,43.44716589990918],[5.200150840237874,43.44687774223188]]]}},{"type":"Feature","id":"LFML-a169f8d10652c3e75b32","properties":{"airport":"LFML","name":"COLOR_Landmark6","layer":"Surface markings","category":"Surface markings","object_type":"Area","style_id":"polygon.landmark6.a6a6a6","source_group":"COLOR_Landmark6","vsmr_group_ids":[],"geometry_role":"filled_region"},"geometry":{"type":"Polygon","coordinates":[[[5.201226923990259,43.446483144346],[5.201222824705147,43.44647500060519],[5.201087372242162,43.44657202069451],[5.2010727238535,43.44655990163566],[5.201232052763385,43.44645154424281],[5.201246159035335,43.44646002190613],[5.201250584396274,43.44646834907886],[5.201226923990259,43.446483144346]]]}},{"type":"Feature","id":"LFML-6eac0ee122499417b81f","properties":{"airport":"LFML","name":"COLOR_Landmark6","layer":"Surface markings","category":"Surface markings","object_type":"Area","style_id":"polygon.landmark6.a6a6a6","source_group":"COLOR_Landmark6","vsmr_group_ids":[],"geometry_role":"filled_region"},"geometry":{"type":"Polygon","coordinates":[[[5.201168315311248,43.44644061925893],[5.201132199581182,43.44641264555852],[5.201120235081691,43.44641811550703],[5.201116479501384,43.44645546500357],[5.20106549566589,43.44645571880787],[5.201024610299918,43.44648422218757],[5.201062321290628,43.44651326164865],[5.201034592764373,43.44653367226202],[5.200981591815403,43.44649348569114],[5.201059190377859,43.44643930969043],[5.201096958869833,43.44643748753391],[5.201098897469754,43.44641213748086],[5.20114175817384,43.44638030035338],[5.201194382115604,43.44641940544878],[5.201168315311248,43.44644061925893]]]}},{"type":"Feature","id":"LFML-7d09c65c8949ff2e427f","properties":{"airport":"LFML","name":"COLOR_Landmark6","layer":"Surface markings","category":"Surface markings","object_type":"Area","style_id":"polygon.landmark6.a6a6a6","source_group":"COLOR_Landmark6","vsmr_group_ids":[],"geometry_role":"filled_region"},"geometry":{"type":"Polygon","coordinates":[[[5.200797671153903,43.4467426282833],[5.200744631836325,43.44670191610082],[5.200771455070299,43.44668250458981],[5.200808372371794,43.44671104010774],[5.200941612949865,43.44661761502596],[5.200956107930321,43.44662796328891],[5.200797671153903,43.4467426282833]]]}},{"type":"Feature","id":"LFML-9f8415a0fb53d28832f2","properties":{"airport":"LFML","name":"COLOR_Landmark6","layer":"Surface markings","category":"Surface markings","object_type":"Area","style_id":"polygon.landmark6.a6a6a6","source_group":"COLOR_Landmark6","vsmr_group_ids":[],"geometry_role":"filled_region"},"geometry":{"type":"Polygon","coordinates":[[[5.219680609394322,43.43366354445821],[5.219600362736663,43.4336055603551],[5.220000391013706,43.43332487451534],[5.220083869796572,43.43338142659483],[5.219680609394322,43.43366354445821]]]}},{"type":"Feature","id":"LFML-c2469f503563ff7b728b","properties":{"airport":"LFML","name":"COLOR_Landmark6","layer":"Surface markings","category":"Surface markings","object_type":"Area","style_id":"polygon.landmark6.a6a6a6","source_group":"COLOR_Landmark6","vsmr_group_ids":[],"geometry_role":"filled_region"},"geometry":{"type":"Polygon","coordinates":[[[5.219451425260031,43.433490986161],[5.219369988652653,43.43342887214017],[5.219772123639004,43.43314633774455],[5.219852609915348,43.43320786323471],[5.219451425260031,43.433490986161]]]}},{"type":"Feature","id":"LFML-cfdac2686bca0fbf4543","properties":{"airport":"LFML","name":"COLOR_Landmark6","layer":"Surface markings","category":"Surface markings","object_type":"Area","style_id":"polygon.landmark6.a6a6a6","source_group":"COLOR_Landmark6","vsmr_group_ids":[],"geometry_role":"filled_region"},"geometry":{"type":"Polygon","coordinates":[[[5.221683116238387,43.43195157056849],[5.221713894524966,43.43193184800673],[5.221750932163463,43.43196026311723],[5.221764492550895,43.4319520229167],[5.221764473940702,43.43191479878374],[5.221814296140048,43.4319156292915],[5.221856741677273,43.43188492274033],[5.221819216428445,43.43185533125592],[5.22184733043235,43.43183762657088],[5.221899591725483,43.43187555621131],[5.221822967496001,43.4319312346012],[5.221786268579896,43.43193125794362],[5.221782924524083,43.43195890718118],[5.221737695275737,43.43199038573196],[5.221683116238387,43.43195157056849]]]}},{"type":"Feature","id":"LFML-e87b86bed3c46838e3ee","properties":{"airport":"LFML","name":"COLOR_Landmark6","layer":"Surface markings","category":"Surface markings","object_type":"Area","style_id":"polygon.landmark6.a6a6a6","source_group":"COLOR_Landmark6","vsmr_group_ids":[],"geometry_role":"filled_region"},"geometry":{"type":"Polygon","coordinates":[[[5.221775375476336,43.43201050619354],[5.221797579897737,43.43199417934482],[5.221804319786944,43.4319977793067],[5.221937205074139,43.43190460413685],[5.221951831249029,43.43191653359672],[5.221791454270153,43.4320291913938],[5.221776192920629,43.43201965038517],[5.221775375476336,43.43201050619354]]]}},{"type":"Feature","id":"LFML-bb9b60a147917d195b3f","properties":{"airport":"LFML","name":"COLOR_Landmark6","layer":"Surface markings","category":"Surface markings","object_type":"Area","style_id":"polygon.landmark6.a6a6a6","source_group":"COLOR_Landmark6","vsmr_group_ids":[],"geometry_role":"filled_region"},"geometry":{"type":"Polygon","coordinates":[[[5.221997237887779,43.43179664302019],[5.22198036584046,43.43178288981737],[5.222140139420586,43.43167095461469],[5.222158206401697,43.43168209661477],[5.221997237887779,43.43179664302019]]]}},{"type":"Feature","id":"LFML-fbff6e8cd9e052b96b5e","properties":{"airport":"LFML","name":"COLOR_Landmark6","layer":"Surface markings","category":"Surface markings","object_type":"Area","style_id":"polygon.landmark6.a6a6a6","source_group":"COLOR_Landmark6","vsmr_group_ids":[],"geometry_role":"filled_region"},"geometry":{"type":"Polygon","coordinates":[[[5.222099560275741,43.43173440846284],[5.222180397673577,43.43170055746447],[5.222195768497551,43.43171198213093],[5.222114620157424,43.43174681189086],[5.222129625720335,43.43175696486797],[5.222034565299101,43.43182377878493],[5.221995413089227,43.43179411103161],[5.222021636113359,43.43177398165539],[5.222046665401021,43.43179389010984],[5.222084840248984,43.43176506660438],[5.222062592957634,43.43174832583108],[5.222089741883662,43.43172750147082],[5.222099560275741,43.43173440846284]]]}},{"type":"Feature","id":"LFML-4e0e2956f9bb58d99e4a","properties":{"airport":"LFML","name":"COLOR_Landmark6","layer":"Surface markings","category":"Surface markings","object_type":"Area","style_id":"polygon.landmark6.a6a6a6","source_group":"COLOR_Landmark6","vsmr_group_ids":[],"geometry_role":"filled_region"},"geometry":{"type":"Polygon","coordinates":[[[5.207122288758819,43.44212532644814],[5.207139138512491,43.44213827507225],[5.206938724772967,43.44228144597057],[5.206916705760234,43.44226743967533],[5.207122288758819,43.44212532644814]]]}},{"type":"Feature","id":"LFML-fa697c46cb1c296e4f8a","properties":{"airport":"LFML","name":"COLOR_Landmark6","layer":"Surface markings","category":"Surface markings","object_type":"Area","style_id":"polygon.landmark6.a6a6a6","source_group":"COLOR_Landmark6","vsmr_group_ids":[],"geometry_role":"filled_region"},"geometry":{"type":"Polygon","coordinates":[[[5.207292546834297,43.44225342260821],[5.207311223120894,43.44226696734045],[5.207110809881151,43.44240887408525],[5.207090228982045,43.44239565429867],[5.207292546834297,43.44225342260821]]]}},{"type":"Feature","id":"LFML-f9011c5fa122a7c17f75","properties":{"airport":"LFML","name":"COLOR_Landmark6","layer":"Surface markings","category":"Surface markings","object_type":"Area","style_id":"polygon.landmark6.a6a6a6","source_group":"COLOR_Landmark6","vsmr_group_ids":[],"geometry_role":"filled_region"},"geometry":{"type":"Polygon","coordinates":[[[5.2041493935126,43.4441263391148],[5.204227599702564,43.44418498068342],[5.203826859339451,43.44446372134886],[5.203736569873727,43.44440613898851],[5.2041493935126,43.4441263391148]]]}},{"type":"Feature","id":"LFML-11ce358cb6a9c88d4004","properties":{"airport":"LFML","name":"COLOR_Landmark6","layer":"Surface markings","category":"Surface markings","object_type":"Area","style_id":"polygon.landmark6.a6a6a6","source_group":"COLOR_Landmark6","vsmr_group_ids":[],"geometry_role":"filled_region"},"geometry":{"type":"Polygon","coordinates":[[[5.204378942119742,43.4443019832423],[5.20445967014137,43.44436001222174],[5.204059158407793,43.44464292358791],[5.203971582201965,43.44458225125538],[5.204378942119742,43.4443019832423]]]}},{"type":"Feature","id":"LFML-ad876784056796410564","properties":{"airport":"LFML","name":"COLOR_Landmark6","layer":"Surface markings","category":"Surface markings","object_type":"Area","style_id":"polygon.landmark6.a6a6a6","source_group":"COLOR_Landmark6","vsmr_group_ids":[],"geometry_role":"filled_region"},"geometry":{"type":"Polygon","coordinates":[[[5.208904266985817,43.43690452104148],[5.208929999138485,43.43692495996935],[5.208735713268753,43.43706761674537],[5.208704659367362,43.43704905260473],[5.208904266985817,43.43690452104148]]]}},{"type":"Feature","id":"LFML-c841d778b1b7eb4184dc","properties":{"airport":"LFML","name":"COLOR_Landmark6","layer":"Surface markings","category":"Surface markings","object_type":"Area","style_id":"polygon.landmark6.a6a6a6","source_group":"COLOR_Landmark6","vsmr_group_ids":[],"geometry_role":"filled_region"},"geometry":{"type":"Polygon","coordinates":[[[5.209084658482837,43.43703820674904],[5.209113435273527,43.43705756227723],[5.208915324270905,43.43720178491212],[5.208887106507738,43.43718220659571],[5.209084658482837,43.43703820674904]]]}},{"type":"Feature","id":"LFML-c82a0149d9ce5f54ffc0","properties":{"airport":"LFML","name":"COLOR_Landmark6","layer":"Surface markings","category":"Surface markings","object_type":"Area","style_id":"polygon.landmark6.a6a6a6","source_group":"COLOR_Landmark6","vsmr_group_ids":[],"geometry_role":"filled_region"},"geometry":{"type":"Polygon","coordinates":[[[5.207230558891798,43.43804145979002],[5.2073066767678,43.43810067944349],[5.206912918590715,43.43838815531475],[5.206828667310424,43.43832736945122],[5.207230558891798,43.43804145979002]]]}},{"type":"Feature","id":"LFML-73fbfc319c8c95db2dc5","properties":{"airport":"LFML","name":"COLOR_Landmark6","layer":"Surface markings","category":"Surface markings","object_type":"Area","style_id":"polygon.landmark6.a6a6a6","source_group":"COLOR_Landmark6","vsmr_group_ids":[],"geometry_role":"filled_region"},"geometry":{"type":"Polygon","coordinates":[[[5.207465744928303,43.43821587006518],[5.207543577518137,43.43827218171702],[5.207147120641269,43.43856225795586],[5.207067316354051,43.43849994903137],[5.207465744928303,43.43821587006518]]]}},{"type":"Feature","id":"LFML-e94668ecdfd1a2a7bd09","properties":{"airport":"LFML","name":"COLOR_Landmark6","layer":"Surface markings","category":"Surface markings","object_type":"Area","style_id":"polygon.landmark6.a6a6a6","source_group":"COLOR_Landmark6","vsmr_group_ids":[],"geometry_role":"filled_region"},"geometry":{"type":"Polygon","coordinates":[[[5.206456592084594,43.43893963763926],[5.206485902277446,43.4389600640718],[5.206289901892664,43.43910567021248],[5.206259449306591,43.43908403266619],[5.206456592084594,43.43893963763926]]]}},{"type":"Feature","id":"LFML-1fe2f0dbe2b81bf80dd8","properties":{"airport":"LFML","name":"COLOR_Landmark6","layer":"Surface markings","category":"Surface markings","object_type":"Area","style_id":"polygon.landmark6.a6a6a6","source_group":"COLOR_Landmark6","vsmr_group_ids":[],"geometry_role":"filled_region"},"geometry":{"type":"Polygon","coordinates":[[[5.206274322280264,43.43880772357998],[5.206301880685422,43.43882619658748],[5.206103414360248,43.43897000071801],[5.206076235285777,43.43895128562201],[5.206274322280264,43.43880772357998]]]}},{"type":"Feature","id":"LFML-0b1112aba2a31d55f97c","properties":{"airport":"LFML","name":"COLOR_Landmark6","layer":"Surface markings","category":"Surface markings","object_type":"Area","style_id":"polygon.landmark6.a6a6a6","source_group":"COLOR_Landmark6","vsmr_group_ids":[],"geometry_role":"filled_region"},"geometry":{"type":"Polygon","coordinates":[[[5.204957439985054,43.43975843130287],[5.204988359125182,43.43977973413718],[5.204789280106672,43.4399226326759],[5.20475781495289,43.43990259777473],[5.204957439985054,43.43975843130287]]]}},{"type":"Feature","id":"LFML-84a594ad71d6b9af5852","properties":{"airport":"LFML","name":"COLOR_Landmark6","layer":"Surface markings","category":"Surface markings","object_type":"Area","style_id":"polygon.landmark6.a6a6a6","source_group":"COLOR_Landmark6","vsmr_group_ids":[],"geometry_role":"filled_region"},"geometry":{"type":"Polygon","coordinates":[[[5.205140995068627,43.43989231901744],[5.205168886203248,43.4399131214163],[5.204972357594562,43.4400550212459],[5.204943076981188,43.44003584813479],[5.205140995068627,43.43989231901744]]]}},{"type":"Feature","id":"LFML-14c8a971ee8c74716362","properties":{"airport":"LFML","name":"COLOR_Landmark6","layer":"Surface markings","category":"Surface markings","object_type":"Area","style_id":"polygon.landmark6.a6a6a6","source_group":"COLOR_Landmark6","vsmr_group_ids":[],"geometry_role":"filled_region"},"geometry":{"type":"Polygon","coordinates":[[[5.204445215344132,43.44036636331651],[5.204421703839648,43.44038185890197],[5.204416596441963,43.44037904547665],[5.204285405826631,43.44047313701191],[5.204267945527725,43.44046065486028],[5.204427071035715,43.44034545357373],[5.204444081111603,43.44035613782069],[5.204445215344132,43.44036636331651]]]}},{"type":"Feature","id":"LFML-f455bced7d3e55a8ca04","properties":{"airport":"LFML","name":"COLOR_Landmark6","layer":"Surface markings","category":"Surface markings","object_type":"Area","style_id":"polygon.landmark6.a6a6a6","source_group":"COLOR_Landmark6","vsmr_group_ids":[],"geometry_role":"filled_region"},"geometry":{"type":"Polygon","coordinates":[[[5.204393236887013,43.44031912055819],[5.204363803639634,43.44034041373933],[5.204325784117223,43.44031285544504],[5.204318139475883,43.44031836164568],[5.20431593953969,43.4403565075791],[5.204266180323282,43.44035578854729],[5.204223567792439,43.44038725118739],[5.204260908595028,43.44041267794751],[5.204232303895,43.44043403653273],[5.204178871662242,43.44039362613559],[5.204254864258058,43.44033793112391],[5.204292392541578,43.44033770318825],[5.204293311457102,43.44031137258543],[5.204337922032676,43.44027788932018],[5.204393236887013,43.44031912055819]]]}},{"type":"Feature","id":"LFML-6f1fd699abe93ab8737e","properties":{"airport":"LFML","name":"COLOR_Landmark6","layer":"Surface markings","category":"Surface markings","object_type":"Area","style_id":"polygon.landmark6.a6a6a6","source_group":"COLOR_Landmark6","vsmr_group_ids":[],"geometry_role":"filled_region"},"geometry":{"type":"Polygon","coordinates":[[[5.204160091699936,43.44053150063241],[5.203998518178794,43.44064753818494],[5.203980735721587,43.44063392363775],[5.204140889500026,43.44051668113427],[5.204160091699936,43.44053150063241]]]}},{"type":"Feature","id":"LFML-11e1b252876a9b3a85be","properties":{"airport":"LFML","name":"COLOR_Landmark6","layer":"Surface markings","category":"Surface markings","object_type":"Area","style_id":"polygon.landmark6.a6a6a6","source_group":"COLOR_Landmark6","vsmr_group_ids":[],"geometry_role":"filled_region"},"geometry":{"type":"Polygon","coordinates":[[[5.204146315941822,43.44052095073673],[5.204117209346409,43.44054122741606],[5.204089946587997,43.44052383403002],[5.20405210645511,43.44055066276893],[5.204078303178282,43.44056737815914],[5.204049000727656,43.44058906144087],[5.204038073854229,43.44058116679118],[5.203958878291282,43.44061892759935],[5.203941488388704,43.4406063622292],[5.204022446254994,43.44056981263334],[5.204007779871667,43.44055845219817],[5.204103400931936,43.44048905981181],[5.204146315941822,43.44052095073673]]]}},{"type":"Feature","id":"LFML-89842d3e58f14283e839","properties":{"airport":"LFML","name":"COLOR_Landmark6","layer":"Surface markings","category":"Surface markings","object_type":"Area","style_id":"polygon.landmark6.a6a6a6","source_group":"COLOR_Landmark6","vsmr_group_ids":[],"geometry_role":"filled_region"},"geometry":{"type":"Polygon","coordinates":[[[5.222386722048102,43.43126238444971],[5.222407165569079,43.43124988083761],[5.222784920851973,43.4315356980618],[5.222764913975557,43.431549684537],[5.222386722048102,43.43126238444971]]]}},{"type":"Feature","id":"LFML-90e6c6790014bfec2fa2","properties":{"airport":"LFML","name":"COLOR_Landmark6","layer":"Surface markings","category":"Surface markings","object_type":"Area","style_id":"polygon.landmark6.a6a6a6","source_group":"COLOR_Landmark6","vsmr_group_ids":[],"geometry_role":"filled_region"},"geometry":{"type":"Polygon","coordinates":[[[5.22111144323633,43.43221615827829],[5.221185486826949,43.43226976599227],[5.220983169526477,43.43241137460848],[5.220907235370033,43.43235663909946],[5.22111144323633,43.43221615827829]]]}},{"type":"Feature","id":"LFML-8ca2ad7077f85dafc5d2","properties":{"airport":"LFML","name":"COLOR_Landmark6","layer":"Surface markings","category":"Surface markings","object_type":"Area","style_id":"polygon.landmark6.a6a6a6","source_group":"COLOR_Landmark6","vsmr_group_ids":[],"geometry_role":"filled_region"},"geometry":{"type":"Polygon","coordinates":[[[5.221336030069481,43.43238744648121],[5.221412045909563,43.43244263751585],[5.221209931511366,43.43258397836007],[5.221136421224428,43.43252757393056],[5.221336030069481,43.43238744648121]]]}},{"type":"Feature","id":"LFML-27c9b0d652a3a14d3559","properties":{"airport":"LFML","name":"COLOR_Landmark6","layer":"Surface markings","category":"Surface markings","object_type":"Area","style_id":"polygon.landmark6.a6a6a6","source_group":"COLOR_Landmark6","vsmr_group_ids":[],"geometry_role":"filled_region"},"geometry":{"type":"Polygon","coordinates":[[[5.218471863261016,43.434110923189],[5.218518595250215,43.43414477150985],[5.218316468387307,43.43428610728549],[5.218270638822604,43.43425243194348],[5.218471863261016,43.434110923189]]]}},{"type":"Feature","id":"LFML-a655298da17b8e652efd","properties":{"airport":"LFML","name":"COLOR_Landmark6","layer":"Surface markings","category":"Surface markings","object_type":"Area","style_id":"polygon.landmark6.a6a6a6","source_group":"COLOR_Landmark6","vsmr_group_ids":[],"geometry_role":"filled_region"},"geometry":{"type":"Polygon","coordinates":[[[5.218670918553546,43.43425997877851],[5.218717279430642,43.43429456303904],[5.218514398879983,43.43443684092428],[5.218469379087449,43.43440277213247],[5.218670918553546,43.43425997877851]]]}},{"type":"Feature","id":"LFML-ab611f9169cd976b1d0d","properties":{"airport":"LFML","name":"COLOR_Landmark6","layer":"Surface markings","category":"Surface markings","object_type":"Area","style_id":"polygon.landmark6.a6a6a6","source_group":"COLOR_Landmark6","vsmr_group_ids":[],"geometry_role":"filled_region"},"geometry":{"type":"Polygon","coordinates":[[[5.217138279158009,43.43504756635721],[5.217185479574164,43.43508269481413],[5.216981945540617,43.43522364983892],[5.216936738213736,43.43519047503342],[5.217138279158009,43.43504756635721]]]}},{"type":"Feature","id":"LFML-bb9afa1f6832c816d1fe","properties":{"airport":"LFML","name":"COLOR_Landmark6","layer":"Surface markings","category":"Surface markings","object_type":"Area","style_id":"polygon.landmark6.a6a6a6","source_group":"COLOR_Landmark6","vsmr_group_ids":[],"geometry_role":"filled_region"},"geometry":{"type":"Polygon","coordinates":[[[5.217337002311922,43.43519760579925],[5.217382159320514,43.43523245952374],[5.217180222192994,43.43537182186862],[5.217135347349393,43.43533846006688],[5.217337002311922,43.43519760579925]]]}},{"type":"Feature","id":"LFML-1662e0d3fa2015d5548b","properties":{"airport":"LFML","name":"COLOR_Landmark6","layer":"Surface markings","category":"Surface markings","object_type":"Area","style_id":"polygon.landmark6.a6a6a6","source_group":"COLOR_Landmark6","vsmr_group_ids":[],"geometry_role":"filled_region"},"geometry":{"type":"Polygon","coordinates":[[[5.215831547519394,43.43600604683562],[5.215848437044432,43.4360178390139],[5.215649663558162,43.43616124865201],[5.215630316138076,43.43614759509616],[5.215831547519394,43.43600604683562]]]}},{"type":"Feature","id":"LFML-4534f55dd563c7064e86","properties":{"airport":"LFML","name":"COLOR_Landmark6","layer":"Surface markings","category":"Surface markings","object_type":"Area","style_id":"polygon.landmark6.a6a6a6","source_group":"COLOR_Landmark6","vsmr_group_ids":[],"geometry_role":"filled_region"},"geometry":{"type":"Polygon","coordinates":[[[5.216001086167054,43.43613536625864],[5.216018425914473,43.4361484497832],[5.215817735678723,43.43628888469081],[5.215799751381152,43.43627733120455],[5.216001086167054,43.43613536625864]]]}},{"type":"Feature","id":"LFML-7c8e381814fd732b24eb","properties":{"airport":"LFML","name":"COLOR_Landmark6","layer":"Surface markings","category":"Surface markings","object_type":"Area","style_id":"polygon.landmark6.a6a6a6","source_group":"COLOR_Landmark6","vsmr_group_ids":[],"geometry_role":"filled_region"},"geometry":{"type":"Polygon","coordinates":[[[5.214497348479565,43.43694443497755],[5.214514943901025,43.43695775892825],[5.214313777474528,43.43709676062998],[5.214295663427766,43.43708307462455],[5.214497348479565,43.43694443497755]]]}},{"type":"Feature","id":"LFML-31ff3929eda7781517a3","properties":{"airport":"LFML","name":"COLOR_Landmark6","layer":"Surface markings","category":"Surface markings","object_type":"Area","style_id":"polygon.landmark6.a6a6a6","source_group":"COLOR_Landmark6","vsmr_group_ids":[],"geometry_role":"filled_region"},"geometry":{"type":"Polygon","coordinates":[[[5.214667165375031,43.43707180966432],[5.214684655519943,43.43708601474123],[5.21448507434088,43.43722792504357],[5.214464245005384,43.4372141415168],[5.214667165375031,43.43707180966432]]]}},{"type":"Feature","id":"LFML-c803fe0482cc5d5cef9e","properties":{"airport":"LFML","name":"COLOR_Landmark6","layer":"Surface markings","category":"Surface markings","object_type":"Area","style_id":"polygon.landmark6.a6a6a6","source_group":"COLOR_Landmark6","vsmr_group_ids":[],"geometry_role":"filled_region"},"geometry":{"type":"Polygon","coordinates":[[[5.22821695309065,43.42741728972271],[5.228225168899123,43.42742583888028],[5.228188796421414,43.42745932046218],[5.22823811656858,43.427434086045],[5.228247035437223,43.42744219573502],[5.228141007389901,43.42749191613807],[5.22821695309065,43.42741728972271]]]}},{"type":"Feature","id":"LFML-1c7281323690751f3ecb","properties":{"airport":"LFML","name":"COLOR_Landmark6","layer":"Surface markings","category":"Surface markings","object_type":"Area","style_id":"polygon.landmark6.a6a6a6","source_group":"COLOR_Landmark6","vsmr_group_ids":[],"geometry_role":"filled_region"},"geometry":{"type":"Polygon","coordinates":[[[5.227608481727715,43.42786642357117],[5.22768261208201,43.42779289921693],[5.227693494394581,43.42780256909845],[5.22765449277153,43.4278331572229],[5.227705204819171,43.42780982198083],[5.227714120761715,43.42781790564956],[5.227608481727715,43.42786642357117]]]}},{"type":"Feature","id":"LFML-6eba76cbfc801b038dbe","properties":{"airport":"LFML","name":"COLOR_Landmark6","layer":"Surface markings","category":"Surface markings","object_type":"Area","style_id":"polygon.landmark6.a6a6a6","source_group":"COLOR_Landmark6","vsmr_group_ids":[],"geometry_role":"filled_region"},"geometry":{"type":"Polygon","coordinates":[[[5.227073806282217,43.42824419256257],[5.227147876976355,43.42816709147797],[5.227158906267235,43.42817482105151],[5.227127078800713,43.42820614565262],[5.227171811024518,43.42818506887158],[5.227180212323814,43.42819070082258],[5.227073806282217,43.42824419256257]]]}},{"type":"Feature","id":"LFML-f5fc873093513795619b","properties":{"airport":"LFML","name":"COLOR_Landmark6","layer":"Surface markings","category":"Surface markings","object_type":"Area","style_id":"polygon.landmark6.a6a6a6","source_group":"COLOR_Landmark6","vsmr_group_ids":[],"geometry_role":"filled_region"},"geometry":{"type":"Polygon","coordinates":[[[5.226614414247564,43.42854200401401],[5.226622868539989,43.42854877564553],[5.22658805408539,43.42858298390397],[5.226639073290851,43.42856052379268],[5.22664685337165,43.42856671434334],[5.226538387635438,43.42861583033864],[5.226614414247564,43.42854200401401]]]}},{"type":"Feature","id":"LFML-c3bce6b2fc534972e87c","properties":{"airport":"LFML","name":"COLOR_Landmark6","layer":"Surface markings","category":"Surface markings","object_type":"Area","style_id":"polygon.landmark6.a6a6a6","source_group":"COLOR_Landmark6","vsmr_group_ids":[],"geometry_role":"filled_region"},"geometry":{"type":"Polygon","coordinates":[[[5.226080608431674,43.42891553660703],[5.226092257718509,43.42892582952232],[5.226056048038014,43.42895925212167],[5.226104678652749,43.42893465978242],[5.22611383766344,43.42894087822624],[5.226001905960374,43.42899505277819],[5.226080608431674,43.42891553660703]]]}},{"type":"Feature","id":"LFML-79374afce9586b205609","properties":{"airport":"LFML","name":"COLOR_Landmark6","layer":"Surface markings","category":"Surface markings","object_type":"Area","style_id":"polygon.landmark6.a6a6a6","source_group":"COLOR_Landmark6","vsmr_group_ids":[],"geometry_role":"filled_region"},"geometry":{"type":"Polygon","coordinates":[[[5.225547190461959,43.42929182925729],[5.225555622961597,43.42929962975082],[5.225523468570907,43.42933230145675],[5.225571348519813,43.4293110679283],[5.225578522786893,43.42931666988824],[5.225470339007958,43.42937000944637],[5.225547190461959,43.42929182925729]]]}},{"type":"Feature","id":"LFML-f1890312185d253e712f","properties":{"airport":"LFML","name":"COLOR_Landmark6","layer":"Surface markings","category":"Surface markings","object_type":"Area","style_id":"polygon.landmark6.a6a6a6","source_group":"COLOR_Landmark6","vsmr_group_ids":[],"geometry_role":"filled_region"},"geometry":{"type":"Polygon","coordinates":[[[5.224939510150108,43.4297407039906],[5.225014952549996,43.42966716535646],[5.225024724346428,43.42967602869999],[5.224991108461612,43.42970754026513],[5.225037952760432,43.42968447957676],[5.22504653168788,43.42969022442522],[5.224939510150108,43.4297407039906]]]}},{"type":"Feature","id":"LFML-744200f95f04569519fb","properties":{"airport":"LFML","name":"COLOR_Landmark6","layer":"Surface markings","category":"Surface markings","object_type":"Area","style_id":"polygon.landmark6.a6a6a6","source_group":"COLOR_Landmark6","vsmr_group_ids":[],"geometry_role":"filled_region"},"geometry":{"type":"Polygon","coordinates":[[[5.223874238865385,43.43049089909221],[5.223945865006163,43.43041686341319],[5.223957143279538,43.43042476782288],[5.223926588467299,43.43045742813015],[5.223970401309432,43.43043424408707],[5.223978257237,43.43044153497056],[5.223874238865385,43.43049089909221]]]}},{"type":"Feature","id":"LFML-673c76f65feb77423d54","properties":{"airport":"LFML","name":"COLOR_Landmark6","layer":"Surface markings","category":"Surface markings","object_type":"Area","style_id":"polygon.landmark6.a6a6a6","source_group":"COLOR_Landmark6","vsmr_group_ids":[],"geometry_role":"filled_region"},"geometry":{"type":"Polygon","coordinates":[[[5.224481240187391,43.43004335280009],[5.224489076296792,43.4300506269491],[5.224458121628603,43.43008159527246],[5.224504996287777,43.43006117895533],[5.224510137325613,43.43006736026091],[5.224401084948944,43.43012021819072],[5.224481240187391,43.43004335280009]]]}},{"type":"Feature","id":"LFML-16b7e4eb71ba96839fbf","properties":{"airport":"LFML","name":"COLOR_Landmark6","layer":"Surface markings","category":"Surface markings","object_type":"Area","style_id":"polygon.landmark6.a6a6a6","source_group":"COLOR_Landmark6","vsmr_group_ids":[],"geometry_role":"filled_region"},"geometry":{"type":"Polygon","coordinates":[[[5.222881081813466,43.43116725515954],[5.222891757750221,43.43117467582989],[5.22285341769517,43.43120778897148],[5.222904423002088,43.43118367640719],[5.222913007280436,43.43119052192748],[5.22280227491458,43.43124353714917],[5.222881081813466,43.43116725515954]]]}},{"type":"Feature","id":"LFML-d601c34137a185bbd024","properties":{"airport":"LFML","name":"COLOR_Landmark6","layer":"Surface markings","category":"Surface markings","object_type":"Area","style_id":"polygon.landmark6.a6a6a6","source_group":"COLOR_Landmark6","vsmr_group_ids":[],"geometry_role":"filled_region"},"geometry":{"type":"Polygon","coordinates":[[[5.22341649600375,43.43079159206171],[5.223425159522213,43.43079740798322],[5.223388147591432,43.43083440364631],[5.223438992913625,43.43080942758263],[5.223446933382307,43.43081571573234],[5.223338926196512,43.4308670982303],[5.22341649600375,43.43079159206171]]]}},{"type":"Feature","id":"LFML-de60dbaeaa96eee90894","properties":{"airport":"LFML","name":"COLOR_Landmark6","layer":"Surface markings","category":"Surface markings","object_type":"Area","style_id":"polygon.landmark6.a6a6a6","source_group":"COLOR_Landmark6","vsmr_group_ids":[],"geometry_role":"filled_region"},"geometry":{"type":"Polygon","coordinates":[[[5.222833691289662,43.42693632898487],[5.222993767236899,43.42681837113463],[5.223049908330473,43.42685831542392],[5.223018676228488,43.4268796764619],[5.222978373252811,43.4268530834234],[5.222848443358908,43.42694768381519],[5.222833691289662,43.42693632898487]]]}},{"type":"Feature","id":"LFML-3f0461e685a7f7af5d41","properties":{"airport":"LFML","name":"COLOR_Landmark6","layer":"Surface markings","category":"Surface markings","object_type":"Area","style_id":"polygon.landmark6.a6a6a6","source_group":"COLOR_Landmark6","vsmr_group_ids":[],"geometry_role":"filled_region"},"geometry":{"type":"Polygon","coordinates":[[[5.222636422824398,43.42716767727868],[5.222663157739101,43.42714905032564],[5.222667511613681,43.42715477770945],[5.222796741517959,43.42705944685958],[5.222811476159126,43.42707199884809],[5.222654893481222,43.42718672440414],[5.222639014555588,43.42717564956794],[5.222636422824398,43.42716767727868]]]}},{"type":"Feature","id":"LFML-088767566d4a7bc07718","properties":{"airport":"LFML","name":"COLOR_Landmark6","layer":"Surface markings","category":"Surface markings","object_type":"Area","style_id":"polygon.landmark6.a6a6a6","source_group":"COLOR_Landmark6","vsmr_group_ids":[],"geometry_role":"filled_region"},"geometry":{"type":"Polygon","coordinates":[[[5.222026246338061,43.42740669598108],[5.22205362102194,43.42742776145816],[5.22185362778445,43.42756961533936],[5.2218279605646,43.42754995005252],[5.222026246338061,43.42740669598108]]]}},{"type":"Feature","id":"LFML-9ab4c4bdd2b8432371f9","properties":{"airport":"LFML","name":"COLOR_Landmark6","layer":"Surface markings","category":"Surface markings","object_type":"Area","style_id":"polygon.landmark6.a6a6a6","source_group":"COLOR_Landmark6","vsmr_group_ids":[],"geometry_role":"filled_region"},"geometry":{"type":"Polygon","coordinates":[[[5.222207834982822,43.42754083945522],[5.222237311929645,43.42756128546721],[5.222034409428824,43.42770425955375],[5.22200901279239,43.42768463085259],[5.222207834982822,43.42754083945522]]]}},{"type":"Feature","id":"LFML-2b09d14f017f7a06161d","properties":{"airport":"LFML","name":"COLOR_Landmark6","layer":"Surface markings","category":"Surface markings","object_type":"Area","style_id":"polygon.landmark6.a6a6a6","source_group":"COLOR_Landmark6","vsmr_group_ids":[],"geometry_role":"filled_region"},"geometry":{"type":"Polygon","coordinates":[[[5.220655219328238,43.42832204378156],[5.220734970913455,43.42838041260624],[5.220334831491458,43.42866940344365],[5.22025737392082,43.42861115129207],[5.220655219328238,43.42832204378156]]]}},{"type":"Feature","id":"LFML-513ebcafa044255b3f08","properties":{"airport":"LFML","name":"COLOR_Landmark6","layer":"Surface markings","category":"Surface markings","object_type":"Area","style_id":"polygon.landmark6.a6a6a6","source_group":"COLOR_Landmark6","vsmr_group_ids":[],"geometry_role":"filled_region"},"geometry":{"type":"Polygon","coordinates":[[[5.220889631553829,43.42849509247063],[5.220969169841545,43.42855611402859],[5.220577748762835,43.42884133390722],[5.220495579745245,43.42878133120756],[5.220889631553829,43.42849509247063]]]}},{"type":"Feature","id":"LFML-0d51815654c83a098b27","properties":{"airport":"LFML","name":"COLOR_Landmark6","layer":"Surface markings","category":"Surface markings","object_type":"Area","style_id":"polygon.landmark6.a6a6a6","source_group":"COLOR_Landmark6","vsmr_group_ids":[],"geometry_role":"filled_region"},"geometry":{"type":"Polygon","coordinates":[[[5.219396027563161,43.42931366307284],[5.21942062452313,43.42932984407758],[5.219225356127537,43.42947157767701],[5.219200034422505,43.42945357623342],[5.219396027563161,43.42931366307284]]]}},{"type":"Feature","id":"LFML-8e94e81438133e1b7c1f","properties":{"airport":"LFML","name":"COLOR_Landmark6","layer":"Surface markings","category":"Surface markings","object_type":"Area","style_id":"polygon.landmark6.a6a6a6","source_group":"COLOR_Landmark6","vsmr_group_ids":[],"geometry_role":"filled_region"},"geometry":{"type":"Polygon","coordinates":[[[5.21957854040668,43.42944452738675],[5.21960664776662,43.42946475516523],[5.219408296743573,43.42960662928444],[5.219381091889503,43.42958860500729],[5.21957854040668,43.42944452738675]]]}},{"type":"Feature","id":"LFML-ac86810f179638a7b4cf","properties":{"airport":"LFML","name":"COLOR_Landmark6","layer":"Surface markings","category":"Surface markings","object_type":"Area","style_id":"polygon.landmark6.a6a6a6","source_group":"COLOR_Landmark6","vsmr_group_ids":[],"geometry_role":"filled_region"},"geometry":{"type":"Polygon","coordinates":[[[5.218082139196277,43.43026163524132],[5.218112327623635,43.43028171360853],[5.21791089249038,43.43042459394768],[5.217881642887841,43.43040558048357],[5.218082139196277,43.43026163524132]]]}},{"type":"Feature","id":"LFML-2aec4353533d8e24edc6","properties":{"airport":"LFML","name":"COLOR_Landmark6","layer":"Surface markings","category":"Surface markings","object_type":"Area","style_id":"polygon.landmark6.a6a6a6","source_group":"COLOR_Landmark6","vsmr_group_ids":[],"geometry_role":"filled_region"},"geometry":{"type":"Polygon","coordinates":[[[5.218263705106643,43.43039662148459],[5.21829145394455,43.4304166151514],[5.218096618758425,43.43055963883157],[5.218067881238921,43.43053910071776],[5.218263705106643,43.43039662148459]]]}},{"type":"Feature","id":"LFML-13d36a79a63ef0e8253a","properties":{"airport":"LFML","name":"COLOR_Landmark6","layer":"Surface markings","category":"Surface markings","object_type":"Area","style_id":"polygon.landmark6.a6a6a6","source_group":"COLOR_Landmark6","vsmr_group_ids":[],"geometry_role":"filled_region"},"geometry":{"type":"Polygon","coordinates":[[[5.208455750176084,43.44118862672239],[5.208472825552237,43.44120168251515],[5.208272727985501,43.44134181672301],[5.208254748773482,43.44132811699708],[5.208455750176084,43.44118862672239]]]}},{"type":"Feature","id":"LFML-83e1a7db02f5a9f34f9d","properties":{"airport":"LFML","name":"COLOR_Landmark6","layer":"Surface markings","category":"Surface markings","object_type":"Area","style_id":"polygon.landmark6.a6a6a6","source_group":"COLOR_Landmark6","vsmr_group_ids":[],"geometry_role":"filled_region"},"geometry":{"type":"Polygon","coordinates":[[[5.208624548294347,43.44131680532169],[5.208642326016662,43.44133052242427],[5.208441442191187,43.44147122329348],[5.208422605642147,43.44145813066817],[5.208624548294347,43.44131680532169]]]}},{"type":"Feature","id":"LFML-648c1f4606487fabbb65","properties":{"airport":"LFML","name":"COLOR_Landmark6","layer":"Surface markings","category":"Surface markings","object_type":"Area","style_id":"polygon.landmark6.a6a6a6","source_group":"COLOR_Landmark6","vsmr_group_ids":[],"geometry_role":"filled_region"},"geometry":{"type":"Polygon","coordinates":[[[5.205759322406758,43.44303990647521],[5.205805257337836,43.44307414804032],[5.205602910898753,43.44321636465457],[5.205558564818165,43.44318326202416],[5.205759322406758,43.44303990647521]]]}},{"type":"Feature","id":"LFML-7873835b543ae392a0fd","properties":{"airport":"LFML","name":"COLOR_Landmark6","layer":"Surface markings","category":"Surface markings","object_type":"Area","style_id":"polygon.landmark6.a6a6a6","source_group":"COLOR_Landmark6","vsmr_group_ids":[],"geometry_role":"filled_region"},"geometry":{"type":"Polygon","coordinates":[[[5.205957637846687,43.44319103457383],[5.206003389996596,43.44322477825222],[5.20580095922665,43.44336508823645],[5.205755291690117,43.44333117509388],[5.205957637846687,43.44319103457383]]]}},{"type":"Feature","id":"LFML-9b22d3eaf9460f9d9e55","properties":{"airport":"LFML","name":"COLOR_Landmark6","layer":"Surface markings","category":"Surface markings","object_type":"Area","style_id":"polygon.landmark6.a6a6a6","source_group":"COLOR_Landmark6","vsmr_group_ids":[],"geometry_role":"filled_region"},"geometry":{"type":"Polygon","coordinates":[[[5.202858724859447,43.44503428814011],[5.20306075878108,43.44489424225894],[5.203137617645773,43.44495000604327],[5.202933976232719,43.4450893143222],[5.202858724859447,43.44503428814011]]]}},{"type":"Feature","id":"LFML-f6b436719988f267e7bc","properties":{"airport":"LFML","name":"COLOR_Landmark6","layer":"Surface markings","category":"Surface markings","object_type":"Area","style_id":"polygon.landmark6.a6a6a6","source_group":"COLOR_Landmark6","vsmr_group_ids":[],"geometry_role":"filled_region"},"geometry":{"type":"Polygon","coordinates":[[[5.203288039572467,43.44506477999158],[5.203362224876966,43.44512061606498],[5.203161362300415,43.44526234410964],[5.203087353944391,43.44520620175969],[5.203288039572467,43.44506477999158]]]}},{"type":"Feature","id":"LFML-26190e17de4170d4099c","properties":{"airport":"LFML","name":"COLOR_Landmark6","layer":"Surface markings","category":"Surface markings","object_type":"Area","style_id":"polygon.landmark6.a6a6a6","source_group":"COLOR_Landmark6","vsmr_group_ids":[],"geometry_role":"filled_region"},"geometry":{"type":"Polygon","coordinates":[[[5.20172792365893,43.4458305630784],[5.201803136246967,43.4458874149015],[5.201600203524221,43.44603052563492],[5.201526485422178,43.44597182498132],[5.20172792365893,43.4458305630784]]]}},{"type":"Feature","id":"LFML-d0036e43b76e4a8543bb","properties":{"airport":"LFML","name":"COLOR_Landmark6","layer":"Surface markings","category":"Surface markings","object_type":"Area","style_id":"polygon.landmark6.a6a6a6","source_group":"COLOR_Landmark6","vsmr_group_ids":[],"geometry_role":"filled_region"},"geometry":{"type":"Polygon","coordinates":[[[5.201954419158145,43.4460004787715],[5.202027638729591,43.44605782280346],[5.201827555290595,43.4461974416186],[5.201753177241235,43.44614307835127],[5.201954419158145,43.4460004787715]]]}},{"type":"Feature","id":"LFML-88252064770ef9a8b26b","properties":{"airport":"LFML","name":"COLOR_HardSurface5","layer":"Guidance lines","category":"Taxiways","object_type":"Line","style_id":"line.hardsurface5.262626","source_group":"COLOR_HardSurface5","vsmr_group_ids":[],"geometry_role":"linework"},"geometry":{"type":"LineString","coordinates":[[5.215048246515074,43.4436931089317],[5.214931403380627,43.44385487024268]]}},{"type":"Feature","id":"LFML-de40dca696d940268d2c","properties":{"airport":"LFML","name":"COLOR_HardSurface5","layer":"Guidance lines","category":"Taxiways","object_type":"Line","style_id":"line.hardsurface5.262626","source_group":"COLOR_HardSurface5","vsmr_group_ids":[],"geometry_role":"linework"},"geometry":{"type":"LineString","coordinates":[[5.2148920976966,43.44363153157855],[5.214776464985754,43.44378942747763]]}},{"type":"Feature","id":"LFML-38ac2798823d9676afc0","properties":{"airport":"LFML","name":"COLOR_HardSurface5","layer":"Guidance lines","category":"Taxiways","object_type":"Line","style_id":"line.hardsurface5.262626","source_group":"COLOR_HardSurface5","vsmr_group_ids":[],"geometry_role":"linework"},"geometry":{"type":"LineString","coordinates":[[7.62663159317518,48.54231934995884],[7.627030740688381,48.541634307145]]}},{"type":"Feature","id":"LFML-d20ef94ffbf8da5820e6","properties":{"airport":"LFML","name":"COLOR_HardSurface5","layer":"Guidance lines","category":"Taxiways","object_type":"Line","style_id":"line.hardsurface5.262626","source_group":"COLOR_HardSurface5","vsmr_group_ids":[],"geometry_role":"linework"},"geometry":{"type":"LineString","coordinates":[[5.203362950076427,43.43653740081236],[5.203249844891749,43.43689366517855],[5.203236835815133,43.43689171809518],[5.203263639278402,43.43689604507305]]}},{"type":"Feature","id":"LFML-c7a7791875b42fffa7a7","properties":{"airport":"LFML","name":"COLOR_HardSurface5","layer":"Guidance lines","category":"Taxiways","object_type":"Line","style_id":"line.hardsurface5.262626","source_group":"COLOR_HardSurface5","vsmr_group_ids":[],"geometry_role":"linework"},"geometry":{"type":"LineString","coordinates":[[5.203138570287797,43.43637396896101],[5.202643972274553,43.43645454339815],[5.202640458845085,43.43643986194861],[5.202647844843238,43.4364705271391]]}},{"type":"Feature","id":"LFML-584a2377e4b3d9e28b2e","properties":{"airport":"LFML","name":"COLOR_HardSurface5","layer":"Guidance lines","category":"Taxiways","object_type":"Line","style_id":"line.hardsurface5.262626","source_group":"COLOR_HardSurface5","vsmr_group_ids":[],"geometry_role":"linework"},"geometry":{"type":"LineString","coordinates":[[5.224469987262079,43.43919514181034],[5.224973273490212,43.43922234504441]]}},{"type":"Feature","id":"LFML-051c7c7cac9f4f6f686e","properties":{"airport":"LFML","name":"COLOR_HardSurface5","layer":"Guidance lines","category":"Taxiways","object_type":"Line","style_id":"line.hardsurface5.262626","source_group":"COLOR_HardSurface5","vsmr_group_ids":[],"geometry_role":"linework"},"geometry":{"type":"LineString","coordinates":[[5.224477276972335,43.43880604745036],[5.225122139914,43.43884393334324]]}},{"type":"Feature","id":"LFML-7ceaf162a188992a6b2c","properties":{"airport":"LFML","name":"COLOR_HardSurface5","layer":"Guidance lines","category":"Taxiways","object_type":"Line","style_id":"line.hardsurface5.262626","source_group":"COLOR_HardSurface5","vsmr_group_ids":[],"geometry_role":"linework"},"geometry":{"type":"LineString","coordinates":[[5.22466715933263,43.43857840231604],[5.225161840148161,43.4382816532977]]}},{"type":"Feature","id":"LFML-8fa6e44e19a15fea6bdb","properties":{"airport":"LFML","name":"COLOR_HardSurface5","layer":"Guidance lines","category":"Taxiways","object_type":"Line","style_id":"line.hardsurface5.262626","source_group":"COLOR_HardSurface5","vsmr_group_ids":[],"geometry_role":"linework"},"geometry":{"type":"LineString","coordinates":[[5.224628357763392,43.43823429511561],[5.224862176932879,43.43791843695534]]}},{"type":"Feature","id":"LFML-0dcae39def538f3bd786","properties":{"airport":"LFML","name":"COLOR_HardSurface5","layer":"Guidance lines","category":"Taxiways","object_type":"Line","style_id":"line.hardsurface5.262626","source_group":"COLOR_HardSurface5","vsmr_group_ids":[],"geometry_role":"linework"},"geometry":{"type":"LineString","coordinates":[[5.224153315738535,43.43810714937956],[5.224119386626436,43.43774022475233]]}},{"type":"Feature","id":"LFML-f39e3b063d6e3fca92fe","properties":{"airport":"LFML","name":"COLOR_HardSurface5","layer":"Guidance lines","category":"Taxiways","object_type":"Line","style_id":"line.hardsurface5.262626","source_group":"COLOR_HardSurface5","vsmr_group_ids":[],"geometry_role":"linework"},"geometry":{"type":"LineString","coordinates":[[5.224182810611859,43.43806563835811],[5.224154499527282,43.43774550444321]]}},{"type":"Feature","id":"LFML-e1e59aac545b51ccc9b9","properties":{"airport":"LFML","name":"COLOR_HardSurface5","layer":"Guidance lines","category":"Taxiways","object_type":"Line","style_id":"line.hardsurface5.262626","source_group":"COLOR_HardSurface5","vsmr_group_ids":[],"geometry_role":"linework"},"geometry":{"type":"LineString","coordinates":[[5.223537565813268,43.43817910399505],[5.223482503457493,43.4376067350012]]}},{"type":"Feature","id":"LFML-8c2f66edc82ce3c63cc5","properties":{"airport":"LFML","name":"COLOR_HardSurface5","layer":"Guidance lines","category":"Taxiways","object_type":"Line","style_id":"line.hardsurface5.262626","source_group":"COLOR_HardSurface5","vsmr_group_ids":[],"geometry_role":"linework"},"geometry":{"type":"LineString","coordinates":[[5.223231713612622,43.43818930252582],[5.222761907715636,43.43808761299328]]}},{"type":"Feature","id":"LFML-01f0ce67e06b7be23480","properties":{"airport":"LFML","name":"COLOR_HardSurface5","layer":"Guidance lines","category":"Taxiways","object_type":"Line","style_id":"line.hardsurface5.262626","source_group":"COLOR_HardSurface5","vsmr_group_ids":[],"geometry_role":"linework"},"geometry":{"type":"LineString","coordinates":[[5.223446011106272,43.43818650064354],[5.222868554694564,43.43780743087143]]}},{"type":"Feature","id":"LFML-6901803c1f02c0560ecf","properties":{"airport":"LFML","name":"COLOR_HardSurface5","layer":"Guidance lines","category":"Taxiways","object_type":"Line","style_id":"line.hardsurface5.262626","source_group":"COLOR_HardSurface5","vsmr_group_ids":[],"geometry_role":"linework"},"geometry":{"type":"LineString","coordinates":[[5.22326045696504,43.43865812755353],[5.22258166656699,43.43851490542541]]}},{"type":"Feature","id":"LFML-712e1de3f1fe74461022","properties":{"airport":"LFML","name":"COLOR_HardSurface5","layer":"Guidance lines","category":"Taxiways","object_type":"Line","style_id":"line.hardsurface5.262626","source_group":"COLOR_HardSurface5","vsmr_group_ids":[],"geometry_role":"linework"},"geometry":{"type":"LineString","coordinates":[[5.222978310637238,43.43938349613179],[5.22270918749137,43.43903082768809],[5.222420673126951,43.4387857400432]]}},{"type":"Feature","id":"LFML-72709ccfdfc1958e956b","properties":{"airport":"LFML","name":"COLOR_HardSurface5","layer":"Guidance lines","category":"Taxiways","object_type":"Line","style_id":"line.hardsurface5.262626","source_group":"COLOR_HardSurface5","vsmr_group_ids":[],"geometry_role":"linework"},"geometry":{"type":"LineString","coordinates":[[5.222323345865161,43.43891553460602],[5.222924461191337,43.43933971623264]]}},{"type":"Feature","id":"LFML-0a4caca6922edf9f6e49","properties":{"airport":"LFML","name":"COLOR_HardSurface5","layer":"Guidance lines","category":"Taxiways","object_type":"Line","style_id":"line.hardsurface5.262626","source_group":"COLOR_HardSurface5","vsmr_group_ids":[],"geometry_role":"linework"},"geometry":{"type":"LineString","coordinates":[[5.222558554708582,43.4393625700672],[5.222081468216711,43.43917417784095]]}},{"type":"Feature","id":"LFML-292aa892dd1c7f3f1985","properties":{"airport":"LFML","name":"COLOR_HardSurface5","layer":"Guidance lines","category":"Taxiways","object_type":"Line","style_id":"line.hardsurface5.262626","source_group":"COLOR_HardSurface5","vsmr_group_ids":[],"geometry_role":"linework"},"geometry":{"type":"LineString","coordinates":[[5.222379884153812,43.43980920166134],[5.221985606813854,43.43926450540768]]}},{"type":"Feature","id":"LFML-88321972d2f3f2732e2b","properties":{"airport":"LFML","name":"COLOR_HardSurface5","layer":"Guidance lines","category":"Taxiways","object_type":"Line","style_id":"line.hardsurface5.262626","source_group":"COLOR_HardSurface5","vsmr_group_ids":[],"geometry_role":"linework"},"geometry":{"type":"LineString","coordinates":[[5.222368221391576,43.43986429434227],[5.221906316321563,43.4393282592098]]}},{"type":"Feature","id":"LFML-dac89862bc032e5378ec","properties":{"airport":"LFML","name":"COLOR_HardSurface5","layer":"Guidance lines","category":"Taxiways","object_type":"Line","style_id":"line.hardsurface5.262626","source_group":"COLOR_HardSurface5","vsmr_group_ids":[],"geometry_role":"linework"},"geometry":{"type":"LineString","coordinates":[[5.222216459361952,43.43978237786233],[5.221603942855118,43.43954448268236]]}},{"type":"Feature","id":"LFML-63645e71fb93c9c0e6ac","properties":{"airport":"LFML","name":"COLOR_HardSurface5","layer":"Guidance lines","category":"Taxiways","object_type":"Line","style_id":"line.hardsurface5.262626","source_group":"COLOR_HardSurface5","vsmr_group_ids":[],"geometry_role":"linework"},"geometry":{"type":"LineString","coordinates":[[5.222001867589601,43.43980622917177],[5.221527810381332,43.43959934890266]]}},{"type":"Feature","id":"LFML-8b21de261ee4df05522e","properties":{"airport":"LFML","name":"COLOR_HardSurface5","layer":"Guidance lines","category":"Taxiways","object_type":"Line","style_id":"line.hardsurface5.262626","source_group":"COLOR_HardSurface5","vsmr_group_ids":[],"geometry_role":"linework"},"geometry":{"type":"LineString","coordinates":[[5.221711085472595,43.44028322592827],[5.221255721208101,43.43979268028447]]}},{"type":"Feature","id":"LFML-644ed9f4431a722cb7ee","properties":{"airport":"LFML","name":"COLOR_HardSurface5","layer":"Guidance lines","category":"Taxiways","object_type":"Line","style_id":"line.hardsurface5.262626","source_group":"COLOR_HardSurface5","vsmr_group_ids":[],"geometry_role":"linework"},"geometry":{"type":"LineString","coordinates":[[5.221611403487529,43.44026543756207],[5.221191799481688,43.43983663535666]]}},{"type":"Feature","id":"LFML-a04eccb0f4b79e074969","properties":{"airport":"LFML","name":"COLOR_HardSurface5","layer":"Guidance lines","category":"Taxiways","object_type":"Line","style_id":"line.hardsurface5.262626","source_group":"COLOR_HardSurface5","vsmr_group_ids":[],"geometry_role":"linework"},"geometry":{"type":"LineString","coordinates":[[5.2212956373158,43.44029146301299],[5.220816295037729,43.44010206068786]]}},{"type":"Feature","id":"LFML-7056d364bf5558d72660","properties":{"airport":"LFML","name":"COLOR_HardSurface5","layer":"Guidance lines","category":"Taxiways","object_type":"Line","style_id":"line.hardsurface5.262626","source_group":"COLOR_HardSurface5","vsmr_group_ids":[],"geometry_role":"linework"},"geometry":{"type":"LineString","coordinates":[[5.221113477735939,43.44065546361059],[5.220757136861412,43.44033296526806],[5.220627916424401,43.44023222905589]]}},{"type":"Feature","id":"LFML-65bcc023ae9f83e2959d","properties":{"airport":"LFML","name":"COLOR_HardSurface5","layer":"Guidance lines","category":"Taxiways","object_type":"Line","style_id":"line.hardsurface5.262626","source_group":"COLOR_HardSurface5","vsmr_group_ids":[],"geometry_role":"linework"},"geometry":{"type":"LineString","coordinates":[[5.220988988406374,43.44064336026275],[5.220484788231763,43.44033562473286]]}},{"type":"Feature","id":"LFML-0005327b902950c1989e","properties":{"airport":"LFML","name":"COLOR_HardSurface5","layer":"Guidance lines","category":"Taxiways","object_type":"Line","style_id":"line.hardsurface5.262626","source_group":"COLOR_HardSurface5","vsmr_group_ids":[],"geometry_role":"linework"},"geometry":{"type":"LineString","coordinates":[[5.220496638058343,43.44112604589777],[5.220211439083766,43.44074524320943],[5.220065593864385,43.44063154621168]]}},{"type":"Feature","id":"LFML-022f61ccb148129b0d22","properties":{"airport":"LFML","name":"COLOR_HardSurface5","layer":"Guidance lines","category":"Taxiways","object_type":"Line","style_id":"line.hardsurface5.262626","source_group":"COLOR_HardSurface5","vsmr_group_ids":[],"geometry_role":"linework"},"geometry":{"type":"LineString","coordinates":[[5.220441176538106,43.44113390797979],[5.219922519345532,43.44073380334025]]}},{"type":"Feature","id":"LFML-ed75781905a746e04262","properties":{"airport":"LFML","name":"COLOR_HardSurface5","layer":"Guidance lines","category":"Taxiways","object_type":"Line","style_id":"line.hardsurface5.262626","source_group":"COLOR_HardSurface5","vsmr_group_ids":[],"geometry_role":"linework"},"geometry":{"type":"LineString","coordinates":[[5.220041503017468,43.44114462204865],[5.219634693903911,43.44093530665585]]}},{"type":"Feature","id":"LFML-6635a02b3cc3be066ef4","properties":{"airport":"LFML","name":"COLOR_HardSurface5","layer":"Guidance lines","category":"Taxiways","object_type":"Line","style_id":"line.hardsurface5.262626","source_group":"COLOR_HardSurface5","vsmr_group_ids":[],"geometry_role":"linework"},"geometry":{"type":"LineString","coordinates":[[5.21973127849164,43.44166588638191],[5.219315164217262,43.44116213167172]]}},{"type":"Feature","id":"LFML-72f72641b828756462a6","properties":{"airport":"LFML","name":"COLOR_HardSurface5","layer":"Guidance lines","category":"Taxiways","object_type":"Line","style_id":"line.hardsurface5.262626","source_group":"COLOR_HardSurface5","vsmr_group_ids":[],"geometry_role":"linework"},"geometry":{"type":"LineString","coordinates":[[5.219731165041789,43.44164848908873],[5.21919810639123,43.44124569236631]]}},{"type":"Feature","id":"LFML-0a1bb544b965b333a725","properties":{"airport":"LFML","name":"COLOR_HardSurface5","layer":"Guidance lines","category":"Taxiways","object_type":"Line","style_id":"line.hardsurface5.262626","source_group":"COLOR_HardSurface5","vsmr_group_ids":[],"geometry_role":"linework"},"geometry":{"type":"LineString","coordinates":[[5.219654149119551,43.44166653572695],[5.219146990884402,43.44128025902055]]}},{"type":"Feature","id":"LFML-28a645ae0c1e409187f7","properties":{"airport":"LFML","name":"COLOR_HardSurface5","layer":"Guidance lines","category":"Taxiways","object_type":"Line","style_id":"line.hardsurface5.262626","source_group":"COLOR_HardSurface5","vsmr_group_ids":[],"geometry_role":"linework"},"geometry":{"type":"LineString","coordinates":[[5.219277416886541,43.44167299015992],[5.218824133182888,43.44150750592902]]}},{"type":"Feature","id":"LFML-f7eaa1744cf7265f4692","properties":{"airport":"LFML","name":"COLOR_HardSurface5","layer":"Guidance lines","category":"Taxiways","object_type":"Line","style_id":"line.hardsurface5.262626","source_group":"COLOR_HardSurface5","vsmr_group_ids":[],"geometry_role":"linework"},"geometry":{"type":"LineString","coordinates":[[5.218362068399214,43.44254177149739],[5.218858309190473,43.4425499156568],[5.218857797385494,43.44256102495405],[5.218858071650205,43.44253755778541]]}},{"type":"Feature","id":"LFML-6653642f5a4b48cdd3d6","properties":{"airport":"LFML","name":"COLOR_HardSurface5","layer":"Guidance lines","category":"Taxiways","object_type":"Line","style_id":"line.hardsurface5.262626","source_group":"COLOR_HardSurface5","vsmr_group_ids":[],"geometry_role":"linework"},"geometry":{"type":"LineString","coordinates":[[5.217773356947786,43.44211631345648],[5.218246391453252,43.44212631461345],[5.218245331325426,43.44214173496621],[5.218247451757795,43.44211243628644]]}},{"type":"Feature","id":"LFML-f4a9fa464edb97a70145","properties":{"airport":"LFML","name":"COLOR_HardSurface5","layer":"Guidance lines","category":"Taxiways","object_type":"Line","style_id":"line.hardsurface5.262626","source_group":"COLOR_HardSurface5","vsmr_group_ids":[],"geometry_role":"linework"},"geometry":{"type":"LineString","coordinates":[[5.217199278031341,43.44168411148189],[5.217668729994744,43.44169096698553],[5.217668278205918,43.44170338783098],[5.217669302216715,43.44167943584188]]}},{"type":"Feature","id":"LFML-d5ce13b1ee40b0cb8a4f","properties":{"airport":"LFML","name":"COLOR_HardSurface5","layer":"Guidance lines","category":"Taxiways","object_type":"Line","style_id":"line.hardsurface5.262626","source_group":"COLOR_HardSurface5","vsmr_group_ids":[],"geometry_role":"linework"},"geometry":{"type":"LineString","coordinates":[[5.21662340696265,43.44125427954825],[5.217095147735815,43.44126031837576],[5.217094153708675,43.4412711482825],[5.217095147414752,43.44125021048199]]}},{"type":"Feature","id":"LFML-be4878decf1d378ac326","properties":{"airport":"LFML","name":"COLOR_HardSurface5","layer":"Guidance lines","category":"Taxiways","object_type":"Line","style_id":"line.hardsurface5.262626","source_group":"COLOR_HardSurface5","vsmr_group_ids":[],"geometry_role":"linework"},"geometry":{"type":"LineString","coordinates":[[5.215950432977811,43.44036001074333],[5.215590213121589,43.44050107088473],[5.215585212775511,43.4404939680051],[5.215595348584063,43.44050825215768]]}},{"type":"Feature","id":"LFML-f50e18d369e1cc997fae","properties":{"airport":"LFML","name":"COLOR_HardSurface5","layer":"Guidance lines","category":"Taxiways","object_type":"Line","style_id":"line.hardsurface5.262626","source_group":"COLOR_HardSurface5","vsmr_group_ids":[],"geometry_role":"linework"},"geometry":{"type":"LineString","coordinates":[[5.21641287927179,43.44175176732078],[5.21641226470833,43.44177320110356],[5.216412879482501,43.44176203767191],[5.215787647123435,43.44175330336426]]}},{"type":"Feature","id":"LFML-4b8a1738e0d621230055","properties":{"airport":"LFML","name":"COLOR_HardSurface5","layer":"Guidance lines","category":"Taxiways","object_type":"Line","style_id":"line.hardsurface5.262626","source_group":"COLOR_HardSurface5","vsmr_group_ids":[],"geometry_role":"linework"},"geometry":{"type":"LineString","coordinates":[[5.216121697379592,43.44223523622927],[5.216120964385147,43.4422575996054],[5.216121697546479,43.44224588545305],[5.216592726326519,43.44225089860447]]}},{"type":"Feature","id":"LFML-d8fb00007d08e97d2284","properties":{"airport":"LFML","name":"COLOR_HardSurface5","layer":"Guidance lines","category":"Taxiways","object_type":"Line","style_id":"line.hardsurface5.262626","source_group":"COLOR_HardSurface5","vsmr_group_ids":[],"geometry_role":"linework"},"geometry":{"type":"LineString","coordinates":[[5.216694904679477,43.44267150401249],[5.216694905115748,43.44268883990283],[5.216694904884793,43.44267966207843],[5.217164772982283,43.44268347150081]]}},{"type":"Feature","id":"LFML-75c5031e0c3285ec0095","properties":{"airport":"LFML","name":"COLOR_HardSurface5","layer":"Guidance lines","category":"Taxiways","object_type":"Line","style_id":"line.hardsurface5.262626","source_group":"COLOR_HardSurface5","vsmr_group_ids":[],"geometry_role":"linework"},"geometry":{"type":"LineString","coordinates":[[5.217394586657194,43.44310738058233],[5.217381964383547,43.44312227377792],[5.217388275527974,43.44311501811528],[5.217712368957308,43.44327476696542]]}},{"type":"Feature","id":"LFML-e1454285b01c50a32d69","properties":{"airport":"LFML","name":"COLOR_HardSurface5","layer":"Guidance lines","category":"Taxiways","object_type":"Line","style_id":"line.hardsurface5.262626","source_group":"COLOR_HardSurface5","vsmr_group_ids":[],"geometry_role":"linework"},"geometry":{"type":"LineString","coordinates":[[5.218065931913181,43.44549223414842],[5.218360684820462,43.44533545679782]]}},{"type":"Feature","id":"LFML-16dab621a5da4d249caa","properties":{"airport":"LFML","name":"COLOR_HardSurface5","layer":"Guidance lines","category":"Taxiways","object_type":"Line","style_id":"line.hardsurface5.262626","source_group":"COLOR_HardSurface5","vsmr_group_ids":[],"geometry_role":"linework"},"geometry":{"type":"LineString","coordinates":[[5.218420344297381,43.4453857914542],[5.218121468225929,43.44555076448583]]}},{"type":"Feature","id":"LFML-00c2663111e612ebc211","properties":{"airport":"LFML","name":"COLOR_HardSurface5","layer":"Guidance lines","category":"Taxiways","object_type":"Line","style_id":"line.hardsurface5.262626","source_group":"COLOR_HardSurface5","vsmr_group_ids":[],"geometry_role":"linework"},"geometry":{"type":"LineString","coordinates":[[5.218272737814664,43.44571358980046],[5.218560628140743,43.44555903795207]]}},{"type":"Feature","id":"LFML-5bbe4ab15341116a671b","properties":{"airport":"LFML","name":"COLOR_HardSurface5","layer":"Guidance lines","category":"Taxiways","object_type":"Line","style_id":"line.hardsurface5.262626","source_group":"COLOR_HardSurface5","vsmr_group_ids":[],"geometry_role":"linework"},"geometry":{"type":"LineString","coordinates":[[5.218428415363336,43.44588247684492],[5.218751205040983,43.44570777073915]]}},{"type":"Feature","id":"LFML-f9d4037ec7cb969709c3","properties":{"airport":"LFML","name":"COLOR_HardSurface5","layer":"Guidance lines","category":"Taxiways","object_type":"Line","style_id":"line.hardsurface5.262626","source_group":"COLOR_HardSurface5","vsmr_group_ids":[],"geometry_role":"linework"},"geometry":{"type":"LineString","coordinates":[[5.218480190980211,43.44593742080087],[5.218763590529958,43.44578167991532]]}},{"type":"Feature","id":"LFML-2f938cc8f886cf826192","properties":{"airport":"LFML","name":"COLOR_HardSurface5","layer":"Guidance lines","category":"Taxiways","object_type":"Line","style_id":"line.hardsurface5.262626","source_group":"COLOR_HardSurface5","vsmr_group_ids":[],"geometry_role":"linework"},"geometry":{"type":"LineString","coordinates":[[5.217504144611502,43.44684665433007],[5.21786380504272,43.4464778673865]]}},{"type":"Feature","id":"LFML-8afc3162f853c5e70da9","properties":{"airport":"LFML","name":"COLOR_HardSurface5","layer":"Guidance lines","category":"Taxiways","object_type":"Line","style_id":"line.hardsurface5.262626","source_group":"COLOR_HardSurface5","vsmr_group_ids":[],"geometry_role":"linework"},"geometry":{"type":"LineString","coordinates":[[5.217061318598204,43.44651171537569],[5.217481459261684,43.44606909866414]]}},{"type":"Feature","id":"LFML-8fe1f82333fe365662ba","properties":{"airport":"LFML","name":"COLOR_HardSurface5","layer":"Guidance lines","category":"Taxiways","object_type":"Line","style_id":"line.hardsurface5.262626","source_group":"COLOR_HardSurface5","vsmr_group_ids":[],"geometry_role":"linework"},"geometry":{"type":"LineString","coordinates":[[5.216626365365114,43.44620389394117],[5.217133142829526,43.44568520793495]]}},{"type":"Feature","id":"LFML-db03fc76c19b079f59db","properties":{"airport":"LFML","name":"COLOR_HardSurface5","layer":"Guidance lines","category":"Taxiways","object_type":"Line","style_id":"line.hardsurface5.262626","source_group":"COLOR_HardSurface5","vsmr_group_ids":[],"geometry_role":"linework"},"geometry":{"type":"LineString","coordinates":[[5.216295046732105,43.44528352810345],[5.216389425792231,43.44497582898452]]}},{"type":"Feature","id":"LFML-dabd03f59db360b1ec12","properties":{"airport":"LFML","name":"COLOR_HardSurface5","layer":"Guidance lines","category":"Taxiways","object_type":"Line","style_id":"line.hardsurface5.262626","source_group":"COLOR_HardSurface5","vsmr_group_ids":[],"geometry_role":"linework"},"geometry":{"type":"LineString","coordinates":[[5.215791877216891,43.44510573612555],[5.21596201566706,43.444877024094]]}},{"type":"Feature","id":"LFML-db10b7d7b90ef958649a","properties":{"airport":"LFML","name":"COLOR_HardSurface5","layer":"Guidance lines","category":"Taxiways","object_type":"Line","style_id":"line.hardsurface5.262626","source_group":"COLOR_HardSurface5","vsmr_group_ids":[],"geometry_role":"linework"},"geometry":{"type":"LineString","coordinates":[[5.21537043077041,43.44479149010882],[5.215745494135975,43.4446850977078]]}},{"type":"Feature","id":"LFML-a0355257e2c84e5ba7fa","properties":{"airport":"LFML","name":"COLOR_HardSurface5","layer":"Guidance lines","category":"Taxiways","object_type":"Line","style_id":"line.hardsurface5.262626","source_group":"COLOR_HardSurface5","vsmr_group_ids":[],"geometry_role":"linework"},"geometry":{"type":"LineString","coordinates":[[5.216003392629236,43.44444241885215],[5.216169155389414,43.44432266124409]]}},{"type":"Feature","id":"LFML-1c123310e2c9196e853b","properties":{"airport":"LFML","name":"COLOR_HardSurface5","layer":"Guidance lines","category":"Taxiways","object_type":"Line","style_id":"line.hardsurface5.262626","source_group":"COLOR_HardSurface5","vsmr_group_ids":[],"geometry_role":"linework"},"geometry":{"type":"LineString","coordinates":[[5.215852878951674,43.44427334050159],[5.216014741320203,43.44415398638402]]}},{"type":"Feature","id":"LFML-88e4f8ed1e39da3dafa3","properties":{"airport":"LFML","name":"COLOR_HardSurface5","layer":"Guidance lines","category":"Taxiways","object_type":"Line","style_id":"line.hardsurface5.262626","source_group":"COLOR_HardSurface5","vsmr_group_ids":[],"geometry_role":"linework"},"geometry":{"type":"LineString","coordinates":[[5.215752754546408,43.4442915147706],[5.215946586320719,43.44409373476423]]}},{"type":"Feature","id":"LFML-d9052422d9d74a32bcde","properties":{"airport":"LFML","name":"COLOR_HardSurface5","layer":"Guidance lines","category":"Taxiways","object_type":"Line","style_id":"line.hardsurface5.262626","source_group":"COLOR_HardSurface5","vsmr_group_ids":[],"geometry_role":"linework"},"geometry":{"type":"LineString","coordinates":[[5.215675742114875,43.44413426821553],[5.215789091063662,43.44398326974497]]}},{"type":"Feature","id":"LFML-6d71a750bab76e44990a","properties":{"airport":"LFML","name":"COLOR_HardSurface5","layer":"Guidance lines","category":"Taxiways","object_type":"Line","style_id":"line.hardsurface5.262626","source_group":"COLOR_HardSurface5","vsmr_group_ids":[],"geometry_role":"linework"},"geometry":{"type":"LineString","coordinates":[[5.215497738728246,43.44412210067578],[5.215652573075089,43.44391525925108]]}},{"type":"Feature","id":"LFML-90d08449945347cc13a9","properties":{"airport":"LFML","name":"COLOR_HardSurface5","layer":"Guidance lines","category":"Taxiways","object_type":"Line","style_id":"line.hardsurface5.262626","source_group":"COLOR_HardSurface5","vsmr_group_ids":[],"geometry_role":"linework"},"geometry":{"type":"LineString","coordinates":[[5.21545607275881,43.44401513625044],[5.215565837576726,43.44387295263298]]}},{"type":"Feature","id":"LFML-be84efdf5b960292bd9b","properties":{"airport":"LFML","name":"COLOR_HardSurface5","layer":"Guidance lines","category":"Taxiways","object_type":"Line","style_id":"line.hardsurface5.262626","source_group":"COLOR_HardSurface5","vsmr_group_ids":[],"geometry_role":"linework"},"geometry":{"type":"LineString","coordinates":[[5.215164195493873,43.44399430726327],[5.215330090873507,43.44377424000839]]}},{"type":"Feature","id":"LFML-dbe2cf07d7d838553ac5","properties":{"airport":"LFML","name":"COLOR_HardSurface5","layer":"Guidance lines","category":"Taxiways","object_type":"Line","style_id":"line.hardsurface5.262626","source_group":"COLOR_HardSurface5","vsmr_group_ids":[],"geometry_role":"linework"},"geometry":{"type":"LineString","coordinates":[[5.214743306349357,43.44441213164579],[5.214740376631348,43.44426956844618]]}},{"type":"Feature","id":"LFML-eba5c2090dea4d58b919","properties":{"airport":"LFML","name":"COLOR_HardSurface5","layer":"Guidance lines","category":"Taxiways","object_type":"Line","style_id":"line.hardsurface5.262626","source_group":"COLOR_HardSurface5","vsmr_group_ids":[],"geometry_role":"linework"},"geometry":{"type":"LineString","coordinates":[[5.214566789294183,43.44437590007004],[5.214364165760992,43.44412717822643]]}},{"type":"Feature","id":"LFML-7f09599b921f46e7a8ff","properties":{"airport":"LFML","name":"COLOR_HardSurface5","layer":"Guidance lines","category":"Taxiways","object_type":"Line","style_id":"line.hardsurface5.262626","source_group":"COLOR_HardSurface5","vsmr_group_ids":[],"geometry_role":"linework"},"geometry":{"type":"LineString","coordinates":[[5.214225676336204,43.44439283197036],[5.214219716759672,43.4441644426185]]}},{"type":"Feature","id":"LFML-389e6bd72a96c9b9a9e3","properties":{"airport":"LFML","name":"COLOR_HardSurface5","layer":"Guidance lines","category":"Taxiways","object_type":"Line","style_id":"line.hardsurface5.262626","source_group":"COLOR_HardSurface5","vsmr_group_ids":[],"geometry_role":"linework"},"geometry":{"type":"LineString","coordinates":[[5.213747003533388,43.44408637917986],[5.213735303446669,43.4441009670153],[5.213741392104807,43.44409338906188],[5.213490607752402,43.44399339757319],[5.213484868534122,43.44400142907726],[5.213496065014064,43.44398579683249]]}},{"type":"Feature","id":"LFML-707d33139736f7eb8ca8","properties":{"airport":"LFML","name":"COLOR_HardSurface5","layer":"Guidance lines","category":"Taxiways","object_type":"Line","style_id":"line.hardsurface5.262626","source_group":"COLOR_HardSurface5","vsmr_group_ids":[],"geometry_role":"linework"},"geometry":{"type":"LineString","coordinates":[[5.214734032716574,43.44356837263312],[5.2146162780215,43.44372549814752]]}},{"type":"Feature","id":"LFML-f611857c63e4dccedcc2","properties":{"airport":"LFML","name":"COLOR_HardSurface5","layer":"Guidance lines","category":"Taxiways","object_type":"Line","style_id":"line.hardsurface5.262626","source_group":"COLOR_HardSurface5","vsmr_group_ids":[],"geometry_role":"linework"},"geometry":{"type":"LineString","coordinates":[[5.214572785457429,43.44350675386572],[5.214484734434897,43.44362613837612]]}},{"type":"Feature","id":"LFML-d7dbe9193a7c9f8c370c","properties":{"airport":"LFML","name":"COLOR_HardSurface5","layer":"Guidance lines","category":"Taxiways","object_type":"Line","style_id":"line.hardsurface5.262626","source_group":"COLOR_HardSurface5","vsmr_group_ids":[],"geometry_role":"linework"},"geometry":{"type":"LineString","coordinates":[[5.212993922159748,43.44351050946376],[5.213238701801803,43.44360826257789]]}},{"type":"Feature","id":"LFML-1292946fe25a2010f003","properties":{"airport":"LFML","name":"COLOR_HardSurface5","layer":"Guidance lines","category":"Taxiways","object_type":"Line","style_id":"line.hardsurface5.262626","source_group":"COLOR_HardSurface5","vsmr_group_ids":[],"geometry_role":"linework"},"geometry":{"type":"LineString","coordinates":[[5.213073524529404,43.44327839589322],[5.212776685915214,43.44315841841139]]}},{"type":"Feature","id":"LFML-b15dbb042c70084c9dd5","properties":{"airport":"LFML","name":"COLOR_HardSurface5","layer":"Guidance lines","category":"Taxiways","object_type":"Line","style_id":"line.hardsurface5.262626","source_group":"COLOR_HardSurface5","vsmr_group_ids":[],"geometry_role":"linework"},"geometry":{"type":"LineString","coordinates":[[5.213290612040011,43.44332575083702],[5.21343256693515,43.44338155573672],[5.213425279998296,43.44339021286526],[5.213412031208032,43.44339935085834],[5.213394145509089,43.44340512207638],[5.213373610197658,43.44340752654804],[5.213353737436401,43.4434051214479],[5.213333202382044,43.44339790675546],[5.213317966845532,43.44338780639337],[5.213308693243127,43.44337433942007],[5.213306043966468,43.44335942967275],[5.213309356654472,43.4433406723547],[5.213322605673714,43.44332480095179],[5.213342478802716,43.44331373924069],[5.213367651147665,43.44330941102368],[5.213393485718747,43.443311816231],[5.213416670413531,43.44331999288401],[5.213431905819967,43.44333442186525],[5.213440516910628,43.44335077456182],[5.213439854029957,43.4433671271174],[5.21343256693515,43.44338155573672],[5.213591757727318,43.44344474622045]]}},{"type":"Feature","id":"LFML-08765422812080894d70","properties":{"airport":"LFML","name":"COLOR_HardSurface5","layer":"Guidance lines","category":"Taxiways","object_type":"Line","style_id":"line.hardsurface5.262626","source_group":"COLOR_HardSurface5","vsmr_group_ids":[],"geometry_role":"linework"},"geometry":{"type":"LineString","coordinates":[[5.212770505739643,43.44369437668922],[5.212472987486789,43.44357630418543]]}},{"type":"Feature","id":"LFML-0367740fe33b1bf01395","properties":{"airport":"LFML","name":"COLOR_HardSurface5","layer":"Guidance lines","category":"Taxiways","object_type":"Line","style_id":"line.hardsurface5.262626","source_group":"COLOR_HardSurface5","vsmr_group_ids":[],"geometry_role":"linework"},"geometry":{"type":"LineString","coordinates":[[5.212791517660367,43.44347375949746],[5.212596044055504,43.44339561633701]]}},{"type":"Feature","id":"LFML-294ffebea643dc50a8e4","properties":{"airport":"LFML","name":"COLOR_HardSurface5","layer":"Guidance lines","category":"Taxiways","object_type":"Line","style_id":"line.hardsurface5.262626","source_group":"COLOR_HardSurface5","vsmr_group_ids":[],"geometry_role":"linework"},"geometry":{"type":"LineString","coordinates":[[5.213025717405923,43.44335222616069],[5.212724496377243,43.4432325073054]]}},{"type":"Feature","id":"LFML-bc5adf56ae2ba35aadb9","properties":{"airport":"LFML","name":"COLOR_HardSurface5","layer":"Guidance lines","category":"Taxiways","object_type":"Line","style_id":"line.hardsurface5.262626","source_group":"COLOR_HardSurface5","vsmr_group_ids":[],"geometry_role":"linework"},"geometry":{"type":"LineString","coordinates":[[5.21314709389914,43.44318512344242],[5.212850021508613,43.44306706884782]]}},{"type":"Feature","id":"LFML-4810e57ad05af0681a67","properties":{"airport":"LFML","name":"COLOR_HardSurface5","layer":"Guidance lines","category":"Taxiways","object_type":"Line","style_id":"line.hardsurface5.262626","source_group":"COLOR_HardSurface5","vsmr_group_ids":[],"geometry_role":"linework"},"geometry":{"type":"LineString","coordinates":[[5.212355221570371,43.44285256987298],[5.211757470793215,43.44328040650824],[5.21199011121772,43.44311393049043],[5.211980299947623,43.44310680640366],[5.211998832347058,43.44312026300998]]}},{"type":"Feature","id":"LFML-4351a137447a7444c417","properties":{"airport":"LFML","name":"COLOR_HardSurface5","layer":"Guidance lines","category":"Taxiways","object_type":"Line","style_id":"line.hardsurface5.262626","source_group":"COLOR_HardSurface5","vsmr_group_ids":[],"geometry_role":"linework"},"geometry":{"type":"LineString","coordinates":[[5.211239076260695,43.44298886611256],[5.21175147270295,43.44262076212168]]}},{"type":"Feature","id":"LFML-2e3f85d6e4f997b79855","properties":{"airport":"LFML","name":"COLOR_HardSurface5","layer":"Guidance lines","category":"Taxiways","object_type":"Line","style_id":"line.hardsurface5.262626","source_group":"COLOR_HardSurface5","vsmr_group_ids":[],"geometry_role":"linework"},"geometry":{"type":"LineString","coordinates":[[5.212843944680872,43.44166285271027],[5.212506812993645,43.44189593489926]]}},{"type":"Feature","id":"LFML-86bbe9be3447cae3b6b2","properties":{"airport":"LFML","name":"COLOR_HardSurface5","layer":"Guidance lines","category":"Taxiways","object_type":"Line","style_id":"line.hardsurface5.262626","source_group":"COLOR_HardSurface5","vsmr_group_ids":[],"geometry_role":"linework"},"geometry":{"type":"LineString","coordinates":[[5.21312908758582,43.44145794049529],[5.213504563515508,43.44119497247984]]}},{"type":"Feature","id":"LFML-01fefd66b8b6d2ec4dbc","properties":{"airport":"LFML","name":"COLOR_HardSurface5","layer":"Guidance lines","category":"Taxiways","object_type":"Line","style_id":"line.hardsurface5.262626","source_group":"COLOR_HardSurface5","vsmr_group_ids":[],"geometry_role":"linework"},"geometry":{"type":"LineString","coordinates":[[5.213529070989697,43.44150068967422],[5.21351003959134,43.44148594961838],[5.213519555287391,43.44149331964713],[5.212978951024776,43.44187379723488],[5.212969880638354,43.44186674069299],[5.212988669299341,43.44188132421088]]}},{"type":"Feature","id":"LFML-f30675ec87f2fc00925f","properties":{"airport":"LFML","name":"COLOR_HardSurface5","layer":"Guidance lines","category":"Taxiways","object_type":"Line","style_id":"line.hardsurface5.262626","source_group":"COLOR_HardSurface5","vsmr_group_ids":[],"geometry_role":"linework"},"geometry":{"type":"LineString","coordinates":[[5.213091158261099,43.4421597245893],[5.213408860675994,43.44193679324547]]}},{"type":"Feature","id":"LFML-9d4f1b38f6f02cc3f529","properties":{"airport":"LFML","name":"COLOR_HardSurface5","layer":"Guidance lines","category":"Taxiways","object_type":"Line","style_id":"line.hardsurface5.262626","source_group":"COLOR_HardSurface5","vsmr_group_ids":[],"geometry_role":"linework"},"geometry":{"type":"LineString","coordinates":[[5.213900905830515,43.44233137261553],[5.21387882003884,43.44231485041792],[5.213888859027699,43.44232262556591],[5.214335722962156,43.44200962411124],[5.214325881355027,43.44200247826848],[5.214344861598184,43.44201625953545]]}},{"type":"Feature","id":"LFML-e52a6dd46ce43d1f3ddf","properties":{"airport":"LFML","name":"COLOR_HardSurface5","layer":"Guidance lines","category":"Taxiways","object_type":"Line","style_id":"line.hardsurface5.262626","source_group":"COLOR_HardSurface5","vsmr_group_ids":[],"geometry_role":"linework"},"geometry":{"type":"LineString","coordinates":[[5.214617468772278,43.4426217622628],[5.214642951004363,43.44263962572379],[5.214630592020106,43.44263097724055],[5.21500844156358,43.44236912162027],[5.214993780674996,43.44235847679986],[5.21502228796037,43.44237917506079]]}},{"type":"Feature","id":"LFML-9e3208d795ea742338aa","properties":{"airport":"LFML","name":"COLOR_HardSurface5","layer":"Guidance lines","category":"Taxiways","object_type":"Line","style_id":"line.hardsurface5.262626","source_group":"COLOR_HardSurface5","vsmr_group_ids":[],"geometry_role":"linework"},"geometry":{"type":"LineString","coordinates":[[5.215356145318548,43.44294817719746],[5.21532742755602,43.44292606282357],[5.215342947626988,43.44293773634059],[5.215583213570889,43.4427648451266],[5.215571414715057,43.44275549971169],[5.215595012427121,43.44277341173905]]}},{"type":"Feature","id":"LFML-382e1f1d8af5e01b4a9e","properties":{"airport":"LFML","name":"COLOR_HardSurface5","layer":"Guidance lines","category":"Taxiways","object_type":"Line","style_id":"line.hardsurface5.262626","source_group":"COLOR_HardSurface5","vsmr_group_ids":[],"geometry_role":"linework"},"geometry":{"type":"LineString","coordinates":[[5.21840169029324,43.44047557541064],[5.218382749363815,43.44048933054889],[5.218392219830246,43.44048245297891],[5.218163598671621,43.4403101038097]]}},{"type":"Feature","id":"LFML-56aaf51d8d9c29d2f8f7","properties":{"airport":"LFML","name":"COLOR_HardSurface5","layer":"Guidance lines","category":"Taxiways","object_type":"Line","style_id":"line.hardsurface5.262626","source_group":"COLOR_HardSurface5","vsmr_group_ids":[],"geometry_role":"linework"},"geometry":{"type":"LineString","coordinates":[[5.218655053656409,43.43996762340771],[5.218881311282823,43.44013788698155],[5.218870250382627,43.4401453955255],[5.218890204834558,43.44013172183388]]}},{"type":"Feature","id":"LFML-c9d5d864e812865ec549","properties":{"airport":"LFML","name":"COLOR_HardSurface5","layer":"Guidance lines","category":"Taxiways","object_type":"Line","style_id":"line.hardsurface5.262626","source_group":"COLOR_HardSurface5","vsmr_group_ids":[],"geometry_role":"linework"},"geometry":{"type":"LineString","coordinates":[[5.218814893182124,43.44013658831872],[5.218833329288386,43.44014997222664],[5.218824572137841,43.44014361487255],[5.219026775507009,43.44000117128514],[5.219016501012634,43.43999363197491],[5.219036227116904,43.44000833937442]]}},{"type":"Feature","id":"LFML-2cc6b5c7dc31c6d99598","properties":{"airport":"LFML","name":"COLOR_HardSurface5","layer":"Guidance lines","category":"Taxiways","object_type":"Line","style_id":"line.hardsurface5.262626","source_group":"COLOR_HardSurface5","vsmr_group_ids":[],"geometry_role":"linework"},"geometry":{"type":"LineString","coordinates":[[5.218676219553064,43.44016841250367],[5.218656271273076,43.44015362907101],[5.218666245394146,43.44016086992347],[5.219016562396752,43.43991325081689]]}},{"type":"Feature","id":"LFML-4f65cf0b0ddcf369445f","properties":{"airport":"LFML","name":"COLOR_HardSurface5","layer":"Guidance lines","category":"Taxiways","object_type":"Line","style_id":"line.hardsurface5.262626","source_group":"COLOR_HardSurface5","vsmr_group_ids":[],"geometry_role":"linework"},"geometry":{"type":"LineString","coordinates":[[5.218556751370878,43.44004707429148],[5.218541440262316,43.4400353580938],[5.21854930272246,43.44004136639978],[5.21827415171666,43.44023618495903],[5.218283263368793,43.44024255867473],[5.218264587833914,43.44022983390961]]}},{"type":"Feature","id":"LFML-c20d5c81810994a64de1","properties":{"airport":"LFML","name":"COLOR_HardSurface5","layer":"Guidance lines","category":"Taxiways","object_type":"Line","style_id":"line.hardsurface5.262626","source_group":"COLOR_HardSurface5","vsmr_group_ids":[],"geometry_role":"linework"},"geometry":{"type":"LineString","coordinates":[[5.218326156269644,43.43987109038193],[5.218344720989965,43.43988533800894]]}},{"type":"Feature","id":"LFML-d351eb5e05cbeb0d0417","properties":{"airport":"LFML","name":"COLOR_HardSurface5","layer":"Guidance lines","category":"Taxiways","object_type":"Line","style_id":"line.hardsurface5.262626","source_group":"COLOR_HardSurface5","vsmr_group_ids":[],"geometry_role":"linework"},"geometry":{"type":"LineString","coordinates":[[5.217788682675952,43.44027355417576],[5.21777459519501,43.44026332697278],[5.217782225905694,43.44026886670851],[5.218035731142836,43.44009014928917],[5.218028855782295,43.44008437429668],[5.2180424176304,43.44009562636915]]}},{"type":"Feature","id":"LFML-1de4bda22ce9cf48a130","properties":{"airport":"LFML","name":"COLOR_HardSurface5","layer":"Guidance lines","category":"Taxiways","object_type":"Line","style_id":"line.hardsurface5.262626","source_group":"COLOR_HardSurface5","vsmr_group_ids":[],"geometry_role":"linework"},"geometry":{"type":"LineString","coordinates":[[5.218294999079576,43.43989339577199],[5.218312762968536,43.43990719160499],[5.218303913060329,43.43990016296036],[5.218611093370098,43.4396867920705],[5.218602300912377,43.43967995326077],[5.218619705089615,43.43969394192123]]}},{"type":"Feature","id":"LFML-ff68556063d1084deba7","properties":{"airport":"LFML","name":"COLOR_HardSurface5","layer":"Guidance lines","category":"Taxiways","object_type":"Line","style_id":"line.hardsurface5.262626","source_group":"COLOR_HardSurface5","vsmr_group_ids":[],"geometry_role":"linework"},"geometry":{"type":"LineString","coordinates":[[5.218277478980465,43.44054477593725],[5.218255426103879,43.44052876628701],[5.218267454945423,43.44053749882419],[5.218458342773107,43.4404026687516],[5.218465941612664,43.44040857628075],[5.218449368368107,43.44039554205915]]}},{"type":"Feature","id":"LFML-e50da7a8a4585eec0cfa","properties":{"airport":"LFML","name":"COLOR_HardSurface5","layer":"Guidance lines","category":"Taxiways","object_type":"Line","style_id":"line.hardsurface5.262626","source_group":"COLOR_HardSurface5","vsmr_group_ids":[],"geometry_role":"linework"},"geometry":{"type":"LineString","coordinates":[[5.219871203955435,43.439115358205],[5.220095028084866,43.43928448526938],[5.220081657818632,43.4392936845143],[5.220107694651482,43.439275797093]]}},{"type":"Feature","id":"LFML-ed448e2785def1af8cd7","properties":{"airport":"LFML","name":"COLOR_HardSurface5","layer":"Guidance lines","category":"Taxiways","object_type":"Line","style_id":"line.hardsurface5.262626","source_group":"COLOR_HardSurface5","vsmr_group_ids":[],"geometry_role":"linework"},"geometry":{"type":"LineString","coordinates":[[5.220359742862244,43.43876804196869],[5.220587487226432,43.43893763362575],[5.220575357207182,43.43894576567941],[5.220599617241863,43.43892950156916]]}},{"type":"Feature","id":"LFML-bfe8c77b22acfe11bab5","properties":{"airport":"LFML","name":"COLOR_HardSurface5","layer":"Guidance lines","category":"Taxiways","object_type":"Line","style_id":"line.hardsurface5.262626","source_group":"COLOR_HardSurface5","vsmr_group_ids":[],"geometry_role":"linework"},"geometry":{"type":"LineString","coordinates":[[5.219945877246646,43.43933658572293],[5.21996957101959,43.43935497236025],[5.219957315633703,43.43934548248697],[5.220131304069002,43.43922446073368],[5.220118231745998,43.43921497094114],[5.220141925415744,43.43923276436935]]}},{"type":"Feature","id":"LFML-a5c9fdffba53268b3c48","properties":{"airport":"LFML","name":"COLOR_HardSurface5","layer":"Guidance lines","category":"Taxiways","object_type":"Line","style_id":"line.hardsurface5.262626","source_group":"COLOR_HardSurface5","vsmr_group_ids":[],"geometry_role":"linework"},"geometry":{"type":"LineString","coordinates":[[5.219898544370187,43.43911772923182],[5.219924524275175,43.43913706084652],[5.219909585867065,43.43912621631167],[5.220403029733671,43.43877945053064],[5.220391825048772,43.43877158829797],[5.220412992762333,43.43878652805788]]}},{"type":"Feature","id":"LFML-9e985fc81d17eb108b38","properties":{"airport":"LFML","name":"COLOR_HardSurface5","layer":"Guidance lines","category":"Taxiways","object_type":"Line","style_id":"line.hardsurface5.262626","source_group":"COLOR_HardSurface5","vsmr_group_ids":[],"geometry_role":"linework"},"geometry":{"type":"LineString","coordinates":[[5.220719644803793,43.43871278663954],[5.220368707314744,43.43896046637074],[5.220357980677425,43.4389521602976],[5.220379433974585,43.43896877244301]]}},{"type":"Feature","id":"LFML-2dd191880c160dfdcd07","properties":{"airport":"LFML","name":"COLOR_HardSurface5","layer":"Guidance lines","category":"Taxiways","object_type":"Line","style_id":"line.hardsurface5.262626","source_group":"COLOR_HardSurface5","vsmr_group_ids":[],"geometry_role":"linework"},"geometry":{"type":"LineString","coordinates":[[5.220005148583285,43.43868768661394],[5.220027069497888,43.43870388961904],[5.220015112612126,43.43869492008553],[5.220087237315996,43.4386445643513],[5.220096005788324,43.4386517979064],[5.220078070282823,43.43863704145709],[5.220087237315996,43.4386445643513],[5.220311530751241,43.43848666328992],[5.220300262078885,43.43847802825853],[5.220322173323084,43.43849438932347]]}},{"type":"Feature","id":"LFML-c89a0e024ccbb46e27b9","properties":{"airport":"LFML","name":"COLOR_HardSurface5","layer":"Guidance lines","category":"Taxiways","object_type":"Line","style_id":"line.hardsurface5.262626","source_group":"COLOR_HardSurface5","vsmr_group_ids":[],"geometry_role":"linework"},"geometry":{"type":"LineString","coordinates":[[5.219474721741935,43.43906200813817],[5.219496134695825,43.43907681289628],[5.21948491844118,43.43906941055261],[5.219749182165763,43.43888280835617],[5.219737452001104,43.43887474090995],[5.219759435350884,43.4388898096969]]}},{"type":"Feature","id":"LFML-0b584a9f3e5d79d321eb","properties":{"airport":"LFML","name":"COLOR_HardSurface5","layer":"Guidance lines","category":"Taxiways","object_type":"Line","style_id":"line.hardsurface5.262626","source_group":"COLOR_HardSurface5","vsmr_group_ids":[],"geometry_role":"linework"},"geometry":{"type":"LineString","coordinates":[[5.221313929203884,43.43762291887899],[5.221420083497899,43.43794320759246],[5.22140286065145,43.43794579060826],[5.221436835814033,43.43794085339966]]}},{"type":"Feature","id":"LFML-32489f02d9a7ad5ea8d1","properties":{"airport":"LFML","name":"COLOR_HardSurface5","layer":"Guidance lines","category":"Taxiways","object_type":"Line","style_id":"line.hardsurface5.262626","source_group":"COLOR_HardSurface5","vsmr_group_ids":[],"geometry_role":"linework"},"geometry":{"type":"LineString","coordinates":[[5.221708377052748,43.43775956993746],[5.221397267699707,43.43797843842736],[5.221386468911284,43.43797015444648],[5.22140748914248,43.4379863878263]]}},{"type":"Feature","id":"LFML-49893d37952be3ebf69a","properties":{"airport":"LFML","name":"COLOR_HardSurface5","layer":"Guidance lines","category":"Taxiways","object_type":"Line","style_id":"line.hardsurface5.262626","source_group":"COLOR_HardSurface5","vsmr_group_ids":[],"geometry_role":"linework"},"geometry":{"type":"LineString","coordinates":[[5.221305825767201,43.4379287275306],[5.221328656897768,43.43794488720498],[5.22131724128813,43.43793660017142],[5.221619826800836,43.43772463046425],[5.221631190957032,43.43773323871275],[5.221609074801925,43.43771681888371]]}},{"type":"Feature","id":"LFML-65f9e7a2495a398f5282","properties":{"airport":"LFML","name":"COLOR_HardSurface5","layer":"Guidance lines","category":"Taxiways","object_type":"Line","style_id":"line.hardsurface5.262626","source_group":"COLOR_HardSurface5","vsmr_group_ids":[],"geometry_role":"linework"},"geometry":{"type":"LineString","coordinates":[[5.221008109295207,43.43765451345693],[5.220987565159694,43.43763892156131],[5.220997370310165,43.43764637855856],[5.221137848551985,43.4375471640734],[5.221127316772536,43.43753762392297],[5.221122023913884,43.43752481866881],[5.221124490435011,43.43750996381453],[5.221134716918392,43.43749664496726],[5.221150587382115,43.43748665511093],[5.221169633291824,43.43748281171627],[5.221190443586393,43.43748383433786],[5.221206316615863,43.43748921133232],[5.221220074095259,43.43749894245587],[5.221227836175697,43.43751302805342],[5.221226780971813,43.43753044391764],[5.221218670794063,43.43754376258163],[5.221203858394996,43.43755324012599],[5.221185518158706,43.43755862015637],[5.221167529684156,43.43755836563477],[5.221149893232298,43.43755401325192],[5.221137844550126,43.43754713315393],[5.221253046032239,43.43746653350421],[5.221262501179824,43.43747410823266],[5.221244641331484,43.43745973368074]]}},{"type":"Feature","id":"LFML-033b4bfd00e3524c4cb6","properties":{"airport":"LFML","name":"COLOR_HardSurface5","layer":"Guidance lines","category":"Taxiways","object_type":"Line","style_id":"line.hardsurface5.262626","source_group":"COLOR_HardSurface5","vsmr_group_ids":[],"geometry_role":"linework"},"geometry":{"type":"LineString","coordinates":[[5.221245269655377,43.43740182350771],[5.22097676283368,43.43759156170817],[5.22096670372999,43.43758459325225],[5.220986616387653,43.43759859710367]]}},{"type":"Feature","id":"LFML-37dbd06e3550f59c9a48","properties":{"airport":"LFML","name":"COLOR_HardSurface5","layer":"Guidance lines","category":"Taxiways","object_type":"Line","style_id":"line.hardsurface5.262626","source_group":"COLOR_HardSurface5","vsmr_group_ids":[],"geometry_role":"linework"},"geometry":{"type":"LineString","coordinates":[[5.219336365355007,43.43710969029228],[5.219569741412986,43.43728520926853],[5.219558220385354,43.43729268001714],[5.219580396647661,43.4372782400582]]}},{"type":"Feature","id":"LFML-b6fa75ee2e9649c66c35","properties":{"airport":"LFML","name":"COLOR_HardSurface5","layer":"Guidance lines","category":"Taxiways","object_type":"Line","style_id":"line.hardsurface5.262626","source_group":"COLOR_HardSurface5","vsmr_group_ids":[],"geometry_role":"linework"},"geometry":{"type":"LineString","coordinates":[[5.213570373456983,43.44347419473039],[5.213412786876679,43.44341250184645]]}},{"type":"Feature","id":"LFML-fc4927f6b76054f14321","properties":{"airport":"LFML","name":"COLOR_HardSurface5","layer":"Guidance lines","category":"Taxiways","object_type":"Line","style_id":"line.hardsurface5.262626","source_group":"COLOR_HardSurface5","vsmr_group_ids":[],"geometry_role":"linework"},"geometry":{"type":"LineString","coordinates":[[5.213642462638148,43.44177350467259],[5.213964872775476,43.44154749042687]]}},{"type":"Feature","id":"LFML-1148a19f220eb37f1c2c","properties":{"airport":"LFML","name":"COLOR_HardSurface5","layer":"Guidance lines","category":"Taxiways","object_type":"Line","style_id":"line.hardsurface5.262626","source_group":"COLOR_HardSurface5","vsmr_group_ids":[],"geometry_role":"linework"},"geometry":{"type":"LineString","coordinates":[[5.220516157520869,43.43893438095575],[5.220540996526521,43.43895303439466],[5.220528148704076,43.43894308586194],[5.220729383855098,43.43880253096273],[5.220719105493597,43.43879382592351],[5.220738805704319,43.43881061421174]]}},{"type":"Feature","id":"LFML-179b779949cc7b61dd15","properties":{"airport":"LFML","name":"COLOR_HardSurface5","layer":"Guidance lines","category":"Taxiways","object_type":"Line","style_id":"line.hardsurface5.262626","source_group":"COLOR_HardSurface5","vsmr_group_ids":[],"geometry_role":"linework"},"geometry":{"type":"LineString","coordinates":[[5.221505107890405,43.43756588066839],[5.221146896625994,43.43782005343497],[5.221134593287506,43.43781063783018],[5.221157995316901,43.43782845510163]]}},{"type":"Feature","id":"LFML-77b4c1dee89bc0cf5797","properties":{"airport":"LFML","name":"COLOR_HardSurface5","layer":"Guidance lines","category":"Taxiways","object_type":"Line","style_id":"line.hardsurface5.262626","source_group":"COLOR_HardSurface5","vsmr_group_ids":[],"geometry_role":"linework"},"geometry":{"type":"LineString","coordinates":[[5.200466817540336,43.43889603383371],[5.200656150526825,43.43875809583985],[5.200645054300068,43.43875061241157],[5.200665661483008,43.43876500355294]]}},{"type":"Feature","id":"LFML-eeea476c359f9adccbe1","properties":{"airport":"LFML","name":"COLOR_HardSurface5","layer":"Guidance lines","category":"Taxiways","object_type":"Line","style_id":"line.hardsurface5.262626","source_group":"COLOR_HardSurface5","vsmr_group_ids":[],"geometry_role":"linework"},"geometry":{"type":"LineString","coordinates":[[5.20141899979474,43.43858865034952],[5.20170055255157,43.43856579958856],[5.201701685861176,43.4385757441232],[5.201699364823893,43.43855380269979]]}},{"type":"Feature","id":"LFML-c79e961cb9d29a8c539f","properties":{"airport":"LFML","name":"COLOR_HardSurface5","layer":"Guidance lines","category":"Taxiways","object_type":"Line","style_id":"line.hardsurface5.262626","source_group":"COLOR_HardSurface5","vsmr_group_ids":[],"geometry_role":"linework"},"geometry":{"type":"LineString","coordinates":[[5.202340046660437,43.43850616170532],[5.20255934695486,43.43848524583897],[5.202560400093357,43.43849397075076],[5.202557909496369,43.43847526357607]]}},{"type":"Feature","id":"LFML-2f7833a978cc39da7988","properties":{"airport":"LFML","name":"COLOR_Landmark6","layer":"Guidance lines","category":"Surface markings","object_type":"Line","style_id":"line.landmark6.a6a6a6","source_group":"COLOR_Landmark6","vsmr_group_ids":[],"geometry_role":"linework"},"geometry":{"type":"LineString","coordinates":[[5.198426011447439,43.44834705528224],[5.198527771872645,43.4482955997322],[5.198454330226221,43.44837091192555]]}},{"type":"Feature","id":"LFML-31c6b34b2014f7bc55ae","properties":{"airport":"LFML","name":"COLOR_Landmark6","layer":"Guidance lines","category":"Surface markings","object_type":"Line","style_id":"line.landmark6.a6a6a6","source_group":"COLOR_Landmark6","vsmr_group_ids":[],"geometry_role":"linework"},"geometry":{"type":"LineString","coordinates":[[5.224247642846141,43.4259272942968],[5.224174440459269,43.42600433275317],[5.224280144146372,43.42595065826836]]}},{"type":"Feature","id":"LFML-41d12efe4b225ce78163","properties":{"airport":"LFML","name":"COLOR_Landmark6","layer":"Guidance lines","category":"Surface markings","object_type":"Line","style_id":"line.landmark6.a6a6a6","source_group":"COLOR_Landmark6","vsmr_group_ids":[],"geometry_role":"linework"},"geometry":{"type":"LineString","coordinates":[[5.223723541248299,43.42630737035398],[5.223649904247043,43.42638262572255],[5.223755181802836,43.42633201659303]]}},{"type":"Feature","id":"LFML-bab9feb9fca465df1949","properties":{"airport":"LFML","name":"COLOR_Landmark6","layer":"Guidance lines","category":"Surface markings","object_type":"Line","style_id":"line.landmark6.a6a6a6","source_group":"COLOR_Landmark6","vsmr_group_ids":[],"geometry_role":"linework"},"geometry":{"type":"LineString","coordinates":[[5.2282167797344,43.42741717886607],[5.22814114448064,43.42749239593612],[5.228244764965893,43.42744007296633]]}},{"type":"Feature","id":"LFML-4a950b3194063d026757","properties":{"airport":"LFML","name":"COLOR_Landmark6","layer":"Guidance lines","category":"Surface markings","object_type":"Line","style_id":"line.landmark6.a6a6a6","source_group":"COLOR_Landmark6","vsmr_group_ids":[],"geometry_role":"linework"},"geometry":{"type":"LineString","coordinates":[[5.227683064443038,43.42779234694459],[5.227608418268277,43.42786698999947],[5.227713649509038,43.42781507509201]]}},{"type":"Feature","id":"LFML-027ada6126014d6b4593","properties":{"airport":"LFML","name":"COLOR_Landmark6","layer":"Guidance lines","category":"Surface markings","object_type":"Line","style_id":"line.landmark6.a6a6a6","source_group":"COLOR_Landmark6","vsmr_group_ids":[],"geometry_role":"linework"},"geometry":{"type":"LineString","coordinates":[[5.227149036838421,43.42816749263956],[5.227075456176877,43.42824183270284],[5.227179044266784,43.42819006658242]]}},{"type":"Feature","id":"LFML-11ae5b8b623105f6376b","properties":{"airport":"LFML","name":"COLOR_Landmark6","layer":"Guidance lines","category":"Surface markings","object_type":"Line","style_id":"line.landmark6.a6a6a6","source_group":"COLOR_Landmark6","vsmr_group_ids":[],"geometry_role":"linework"},"geometry":{"type":"LineString","coordinates":[[5.226617664707325,43.4285430115943],[5.226540720571782,43.4286178625638],[5.226646403983644,43.42856432889852]]}},{"type":"Feature","id":"LFML-e75cf72272a347d2c35d","properties":{"airport":"LFML","name":"COLOR_Landmark6","layer":"Guidance lines","category":"Surface markings","object_type":"Line","style_id":"line.landmark6.a6a6a6","source_group":"COLOR_Landmark6","vsmr_group_ids":[],"geometry_role":"linework"},"geometry":{"type":"LineString","coordinates":[[5.226082512301035,43.42891616738569],[5.226005672912144,43.42899554340282],[5.22611359189967,43.4289406014637]]}},{"type":"Feature","id":"LFML-a1ce0822433d737786b3","properties":{"airport":"LFML","name":"COLOR_Landmark6","layer":"Guidance lines","category":"Surface markings","object_type":"Line","style_id":"line.landmark6.a6a6a6","source_group":"COLOR_Landmark6","vsmr_group_ids":[],"geometry_role":"linework"},"geometry":{"type":"LineString","coordinates":[[5.225550142210604,43.42929227550415],[5.225472440199179,43.42936969390995],[5.225580428178118,43.42931445700208]]}},{"type":"Feature","id":"LFML-7e78a5ab298c079e7ebd","properties":{"airport":"LFML","name":"COLOR_Landmark6","layer":"Guidance lines","category":"Surface markings","object_type":"Line","style_id":"line.landmark6.a6a6a6","source_group":"COLOR_Landmark6","vsmr_group_ids":[],"geometry_role":"linework"},"geometry":{"type":"LineString","coordinates":[[5.225016268523546,43.42966686629087],[5.224940318622777,43.42974400185995],[5.225045019558799,43.42968962413718]]}},{"type":"Feature","id":"LFML-a4a47ae0e0551a27046f","properties":{"airport":"LFML","name":"COLOR_Landmark6","layer":"Guidance lines","category":"Surface markings","object_type":"Line","style_id":"line.landmark6.a6a6a6","source_group":"COLOR_Landmark6","vsmr_group_ids":[],"geometry_role":"linework"},"geometry":{"type":"LineString","coordinates":[[5.224484473268454,43.43004192580099],[5.224406630557336,43.43011723779299],[5.224512700854042,43.43006501414634]]}},{"type":"Feature","id":"LFML-c060b1e366bda1eca104","properties":{"airport":"LFML","name":"COLOR_Landmark6","layer":"Guidance lines","category":"Surface markings","object_type":"Line","style_id":"line.landmark6.a6a6a6","source_group":"COLOR_Landmark6","vsmr_group_ids":[],"geometry_role":"linework"},"geometry":{"type":"LineString","coordinates":[[5.223948935510354,43.43041734040953],[5.223872967995636,43.43049277937946],[5.223980264368242,43.43043877133008]]}},{"type":"Feature","id":"LFML-3dc29fa84215dfbdd733","properties":{"airport":"LFML","name":"COLOR_Landmark6","layer":"Guidance lines","category":"Surface markings","object_type":"Line","style_id":"line.landmark6.a6a6a6","source_group":"COLOR_Landmark6","vsmr_group_ids":[],"geometry_role":"linework"},"geometry":{"type":"LineString","coordinates":[[5.223415719447111,43.43079205155628],[5.223340809726205,43.43086586612504],[5.223445624732859,43.43081507435829]]}},{"type":"Feature","id":"LFML-8b588249d7790632c341","properties":{"airport":"LFML","name":"COLOR_Landmark6","layer":"Guidance lines","category":"Surface markings","object_type":"Line","style_id":"line.landmark6.a6a6a6","source_group":"COLOR_Landmark6","vsmr_group_ids":[],"geometry_role":"linework"},"geometry":{"type":"LineString","coordinates":[[5.222883836558179,43.43116548685624],[5.222808198850801,43.43124139762221],[5.22291305651855,43.43119053235827]]}},{"type":"Feature","id":"LFML-105801b7b6fa3a39ac90","properties":{"airport":"LFML","name":"COLOR_Landmark6","layer":"Guidance lines","category":"Surface markings","object_type":"Line","style_id":"line.landmark6.a6a6a6","source_group":"COLOR_Landmark6","vsmr_group_ids":[],"geometry_role":"linework"},"geometry":{"type":"LineString","coordinates":[[5.228413326009276,43.42730171694509],[5.228231713425884,43.42743145707372]]}},{"type":"Feature","id":"LFML-2dd56f9c6b99285a5e24","properties":{"airport":"LFML","name":"COLOR_Landmark6","layer":"Guidance lines","category":"Surface markings","object_type":"Line","style_id":"line.landmark6.a6a6a6","source_group":"COLOR_Landmark6","vsmr_group_ids":[],"geometry_role":"linework"},"geometry":{"type":"LineString","coordinates":[[5.227880807528205,43.42767731850655],[5.227696817841578,43.42780632977972]]}},{"type":"Feature","id":"LFML-82cc9e8ab586f6b2131c","properties":{"airport":"LFML","name":"COLOR_Landmark6","layer":"Guidance lines","category":"Surface markings","object_type":"Line","style_id":"line.landmark6.a6a6a6","source_group":"COLOR_Landmark6","vsmr_group_ids":[],"geometry_role":"linework"},"geometry":{"type":"LineString","coordinates":[[5.227345540624744,43.42805144435462],[5.227161548349568,43.42817912498609]]}},{"type":"Feature","id":"LFML-bc69fd3880279bb26273","properties":{"airport":"LFML","name":"COLOR_Landmark6","layer":"Guidance lines","category":"Surface markings","object_type":"Line","style_id":"line.landmark6.a6a6a6","source_group":"COLOR_Landmark6","vsmr_group_ids":[],"geometry_role":"linework"},"geometry":{"type":"LineString","coordinates":[[5.226811860848393,43.42842695977799],[5.226628781807944,43.42855463945848]]}},{"type":"Feature","id":"LFML-e54ae8c7ba4552cbaacb","properties":{"airport":"LFML","name":"COLOR_Landmark6","layer":"Guidance lines","category":"Surface markings","object_type":"Line","style_id":"line.landmark6.a6a6a6","source_group":"COLOR_Landmark6","vsmr_group_ids":[],"geometry_role":"linework"},"geometry":{"type":"LineString","coordinates":[[5.226276435523676,43.42880342973868],[5.226095185475086,43.42893177326355]]}},{"type":"Feature","id":"LFML-564338b7216535a6fd59","properties":{"airport":"LFML","name":"COLOR_Landmark6","layer":"Guidance lines","category":"Surface markings","object_type":"Line","style_id":"line.landmark6.a6a6a6","source_group":"COLOR_Landmark6","vsmr_group_ids":[],"geometry_role":"linework"},"geometry":{"type":"LineString","coordinates":[[5.225744599042581,43.42917754783342],[5.225563346576426,43.42930522561647]]}},{"type":"Feature","id":"LFML-944fc49c0c87d6f5fea3","properties":{"airport":"LFML","name":"COLOR_Landmark6","layer":"Guidance lines","category":"Surface markings","object_type":"Line","style_id":"line.landmark6.a6a6a6","source_group":"COLOR_Landmark6","vsmr_group_ids":[],"geometry_role":"linework"},"geometry":{"type":"LineString","coordinates":[[5.225211414453181,43.42955355802866],[5.225029243952717,43.42967990528771]]}},{"type":"Feature","id":"LFML-6d38b42b334787b7cbad","properties":{"airport":"LFML","name":"COLOR_Landmark6","layer":"Guidance lines","category":"Surface markings","object_type":"Line","style_id":"line.landmark6.a6a6a6","source_group":"COLOR_Landmark6","vsmr_group_ids":[],"geometry_role":"linework"},"geometry":{"type":"LineString","coordinates":[[5.224677825251098,43.4299276485836],[5.224492906199028,43.43005598993557]]}},{"type":"Feature","id":"LFML-edaebe46a5753606e0a0","properties":{"airport":"LFML","name":"COLOR_Landmark6","layer":"Guidance lines","category":"Surface markings","object_type":"Line","style_id":"line.landmark6.a6a6a6","source_group":"COLOR_Landmark6","vsmr_group_ids":[],"geometry_role":"linework"},"geometry":{"type":"LineString","coordinates":[[5.224145074643549,43.43030235262967],[5.223962899901378,43.43043002798111]]}},{"type":"Feature","id":"LFML-a0fe918da28d0d107322","properties":{"airport":"LFML","name":"COLOR_Landmark6","layer":"Guidance lines","category":"Surface markings","object_type":"Line","style_id":"line.landmark6.a6a6a6","source_group":"COLOR_Landmark6","vsmr_group_ids":[],"geometry_role":"linework"},"geometry":{"type":"LineString","coordinates":[[5.223614116498638,43.43067740831881],[5.223429192809357,43.43080508306629]]}},{"type":"Feature","id":"LFML-f015b7b0cbb4068912f3","properties":{"airport":"LFML","name":"COLOR_Landmark6","layer":"Guidance lines","category":"Surface markings","object_type":"Line","style_id":"line.landmark6.a6a6a6","source_group":"COLOR_Landmark6","vsmr_group_ids":[],"geometry_role":"linework"},"geometry":{"type":"LineString","coordinates":[[5.223076732075398,43.43105331476382],[5.222895468296931,43.43118032345854]]}},{"type":"Feature","id":"LFML-27d5d3b2e9d80c63bdbe","properties":{"airport":"LFML","name":"COLOR_Landmark6","layer":"Guidance lines","category":"Surface markings","object_type":"Line","style_id":"line.landmark6.a6a6a6","source_group":"COLOR_Landmark6","vsmr_group_ids":[],"geometry_role":"linework"},"geometry":{"type":"LineString","coordinates":[[5.197723661595701,43.44886206101751],[5.197909005781661,43.44873115732945]]}},{"type":"Feature","id":"LFML-29cfeb7ec9e0fde3d22e","properties":{"airport":"LFML","name":"COLOR_Landmark6","layer":"Guidance lines","category":"Surface markings","object_type":"Line","style_id":"line.landmark6.a6a6a6","source_group":"COLOR_Landmark6","vsmr_group_ids":[],"geometry_role":"linework"},"geometry":{"type":"LineString","coordinates":[[5.197887960386214,43.4487233601031],[5.197996528755368,43.44867017854027],[5.197921199462865,43.44874552985934]]}},{"type":"Feature","id":"LFML-41e9ef3afaddf728f4a5","properties":{"airport":"LFML","name":"COLOR_Landmark6","layer":"Guidance lines","category":"Surface markings","object_type":"Line","style_id":"line.landmark6.a6a6a6","source_group":"COLOR_Landmark6","vsmr_group_ids":[],"geometry_role":"linework"},"geometry":{"type":"LineString","coordinates":[[5.198259992557064,43.44848528261318],[5.198443888466004,43.44835724161146]]}},{"type":"Feature","id":"LFML-552bc6ea3279078d5064","properties":{"airport":"LFML","name":"COLOR_Landmark6","layer":"Guidance lines","category":"Surface markings","object_type":"Line","style_id":"line.landmark6.a6a6a6","source_group":"COLOR_Landmark6","vsmr_group_ids":[],"geometry_role":"linework"},"geometry":{"type":"LineString","coordinates":[[5.198792108493357,43.44811100102147],[5.198973288216742,43.4479834513858]]}},{"type":"Feature","id":"LFML-87d445a847f44101e34b","properties":{"airport":"LFML","name":"COLOR_Landmark6","layer":"Guidance lines","category":"Surface markings","object_type":"Line","style_id":"line.landmark6.a6a6a6","source_group":"COLOR_Landmark6","vsmr_group_ids":[],"geometry_role":"linework"},"geometry":{"type":"LineString","coordinates":[[5.198956329048272,43.44797409057798],[5.199062589937919,43.44792210063892],[5.198987471729546,43.44799635474426]]}},{"type":"Feature","id":"LFML-8ce5fa02c69dcdfb5277","properties":{"airport":"LFML","name":"COLOR_Landmark6","layer":"Guidance lines","category":"Surface markings","object_type":"Line","style_id":"line.landmark6.a6a6a6","source_group":"COLOR_Landmark6","vsmr_group_ids":[],"geometry_role":"linework"},"geometry":{"type":"LineString","coordinates":[[5.199325324384518,43.44773663808008],[5.199508572335352,43.44760928446863]]}},{"type":"Feature","id":"LFML-e7e78ca9af5878026685","properties":{"airport":"LFML","name":"COLOR_Landmark6","layer":"Guidance lines","category":"Surface markings","object_type":"Line","style_id":"line.landmark6.a6a6a6","source_group":"COLOR_Landmark6","vsmr_group_ids":[],"geometry_role":"linework"},"geometry":{"type":"LineString","coordinates":[[5.199489799593051,43.44759988168328],[5.199594692352349,43.44754819201945],[5.19951892795917,43.44762197637903]]}},{"type":"Feature","id":"LFML-b66c26e0bb4cefd81596","properties":{"airport":"LFML","name":"COLOR_Landmark6","layer":"Guidance lines","category":"Surface markings","object_type":"Line","style_id":"line.landmark6.a6a6a6","source_group":"COLOR_Landmark6","vsmr_group_ids":[],"geometry_role":"linework"},"geometry":{"type":"LineString","coordinates":[[5.199857923601627,43.44736217507844],[5.200042464577688,43.44723247066813]]}},{"type":"Feature","id":"LFML-1835942a8c9856168639","properties":{"airport":"LFML","name":"COLOR_Landmark6","layer":"Guidance lines","category":"Surface markings","object_type":"Line","style_id":"line.landmark6.a6a6a6","source_group":"COLOR_Landmark6","vsmr_group_ids":[],"geometry_role":"linework"},"geometry":{"type":"LineString","coordinates":[[5.200024986527381,43.44722353814622],[5.200129878339476,43.44717137797088],[5.200056057364943,43.44724469289159]]}},{"type":"Feature","id":"LFML-6de222e6372ae9adeb1e","properties":{"airport":"LFML","name":"COLOR_Landmark6","layer":"Guidance lines","category":"Surface markings","object_type":"Line","style_id":"line.landmark6.a6a6a6","source_group":"COLOR_Landmark6","vsmr_group_ids":[],"geometry_role":"linework"},"geometry":{"type":"LineString","coordinates":[[5.224330329654581,43.4258899518299],[5.22426059138748,43.42594199532893]]}},{"type":"Feature","id":"LFML-899f38511193b22fd1b3","properties":{"airport":"LFML","name":"COLOR_Landmark6","layer":"Guidance lines","category":"Surface markings","object_type":"Line","style_id":"line.landmark6.a6a6a6","source_group":"COLOR_Landmark6","vsmr_group_ids":[],"geometry_role":"linework"},"geometry":{"type":"LineString","coordinates":[[5.223914718119054,43.42619325268247],[5.223735254078146,43.42632125159259]]}},{"type":"Feature","id":"LFML-0f7b3e0501c5a8ce05d3","properties":{"airport":"LFML","name":"82","layer":"Labels","category":"Gates","object_type":"Label","style_id":"label.gates","source_group":"LFML Gates","vsmr_group_ids":[],"geometry_role":"text_label","text-field":"82"},"geometry":{"type":"Point","coordinates":[5.217696667,43.446704167]}},{"type":"Feature","id":"LFML-90c1c349388b1a53cf28","properties":{"airport":"LFML","name":"81","layer":"Labels","category":"Gates","object_type":"Label","style_id":"label.gates","source_group":"LFML Gates","vsmr_group_ids":[],"geometry_role":"text_label","text-field":"81"},"geometry":{"type":"Point","coordinates":[5.217228056,43.446385278]}},{"type":"Feature","id":"LFML-f607d043f8bd0ceff1be","properties":{"airport":"LFML","name":"80","layer":"Labels","category":"Gates","object_type":"Label","style_id":"label.gates","source_group":"LFML Gates","vsmr_group_ids":[],"geometry_role":"text_label","text-field":"80"},"geometry":{"type":"Point","coordinates":[5.216816111,43.446063611]}},{"type":"Feature","id":"LFML-82763b650f5fc60b1053","properties":{"airport":"LFML","name":"83E","layer":"Labels","category":"Gates","object_type":"Label","style_id":"label.gates","source_group":"LFML Gates","vsmr_group_ids":[],"geometry_role":"text_label","text-field":"83E"},"geometry":{"type":"Point","coordinates":[5.218653611,43.445887778]}},{"type":"Feature","id":"LFML-d8dd03e36ea9db095977","properties":{"airport":"LFML","name":"83D","layer":"Labels","category":"Gates","object_type":"Label","style_id":"label.gates","source_group":"LFML Gates","vsmr_group_ids":[],"geometry_role":"text_label","text-field":"83D"},"geometry":{"type":"Point","coordinates":[5.218533611,43.445786389]}},{"type":"Feature","id":"LFML-9549c6041170b7e1da15","properties":{"airport":"LFML","name":"83C","layer":"Labels","category":"Gates","object_type":"Label","style_id":"label.gates","source_group":"LFML Gates","vsmr_group_ids":[],"geometry_role":"text_label","text-field":"83C"},"geometry":{"type":"Point","coordinates":[5.218413889,43.445670556]}},{"type":"Feature","id":"LFML-68dafbc7221c4e848c42","properties":{"airport":"LFML","name":"83B","layer":"Labels","category":"Gates","object_type":"Label","style_id":"label.gates","source_group":"LFML Gates","vsmr_group_ids":[],"geometry_role":"text_label","text-field":"83B"},"geometry":{"type":"Point","coordinates":[5.218239444,43.445524722]}},{"type":"Feature","id":"LFML-0348420a11070cdec967","properties":{"airport":"LFML","name":"83A","layer":"Labels","category":"Gates","object_type":"Label","style_id":"label.gates","source_group":"LFML Gates","vsmr_group_ids":[],"geometry_role":"text_label","text-field":"83A"},"geometry":{"type":"Point","coordinates":[5.218126111,43.445416111]}},{"type":"Feature","id":"LFML-39c3a65542e898b1f317","properties":{"airport":"LFML","name":"76","layer":"Labels","category":"Gates","object_type":"Label","style_id":"label.gates","source_group":"LFML Gates","vsmr_group_ids":[],"geometry_role":"text_label","text-field":"76"},"geometry":{"type":"Point","coordinates":[5.2164025,43.445187222]}},{"type":"Feature","id":"LFML-69d4e4969c86b76bd9e5","properties":{"airport":"LFML","name":"77","layer":"Labels","category":"Gates","object_type":"Label","style_id":"label.gates","source_group":"LFML Gates","vsmr_group_ids":[],"geometry_role":"text_label","text-field":"77"},"geometry":{"type":"Point","coordinates":[5.215914722,43.445088889]}},{"type":"Feature","id":"LFML-34abd025af11f6c4e2bd","properties":{"airport":"LFML","name":"78","layer":"Labels","category":"Gates","object_type":"Label","style_id":"label.gates","source_group":"LFML Gates","vsmr_group_ids":[],"geometry_role":"text_label","text-field":"78"},"geometry":{"type":"Point","coordinates":[5.215486944,43.444965556]}},{"type":"Feature","id":"LFML-2d00189bbdbd7f0e3053","properties":{"airport":"LFML","name":"75","layer":"Labels","category":"Gates","object_type":"Label","style_id":"label.gates","source_group":"LFML Gates","vsmr_group_ids":[],"geometry_role":"text_label","text-field":"75"},"geometry":{"type":"Point","coordinates":[5.216080833,43.444447222]}},{"type":"Feature","id":"LFML-a4399e3be8f5d1a2bb31","properties":{"airport":"LFML","name":"74","layer":"Labels","category":"Gates","object_type":"Label","style_id":"label.gates","source_group":"LFML Gates","vsmr_group_ids":[],"geometry_role":"text_label","text-field":"74"},"geometry":{"type":"Point","coordinates":[5.215922778,43.444279167]}},{"type":"Feature","id":"LFML-0e46d7420aa16d1cd8bf","properties":{"airport":"LFML","name":"73B","layer":"Labels","category":"Gates","object_type":"Label","style_id":"label.gates","source_group":"LFML Gates","vsmr_group_ids":[],"geometry_role":"text_label","text-field":"73B"},"geometry":{"type":"Point","coordinates":[5.215792222,43.444196944]}},{"type":"Feature","id":"LFML-4ea9eefec18d0b2fcef2","properties":{"airport":"LFML","name":"73","layer":"Labels","category":"Gates","object_type":"Label","style_id":"label.gates","source_group":"LFML Gates","vsmr_group_ids":[],"geometry_role":"text_label","text-field":"73"},"geometry":{"type":"Point","coordinates":[5.215715833,43.444146944]}},{"type":"Feature","id":"LFML-c3d71045d4b840687da7","properties":{"airport":"LFML","name":"72B","layer":"Labels","category":"Gates","object_type":"Label","style_id":"label.gates","source_group":"LFML Gates","vsmr_group_ids":[],"geometry_role":"text_label","text-field":"72B"},"geometry":{"type":"Point","coordinates":[5.215593333,43.444055833]}},{"type":"Feature","id":"LFML-b25af331477028ac4a6f","properties":{"airport":"LFML","name":"72","layer":"Labels","category":"Gates","object_type":"Label","style_id":"label.gates","source_group":"LFML Gates","vsmr_group_ids":[],"geometry_role":"text_label","text-field":"72"},"geometry":{"type":"Point","coordinates":[5.215421667,43.443993333]}},{"type":"Feature","id":"LFML-bcd5b53072e19f4c9821","properties":{"airport":"LFML","name":"71","layer":"Labels","category":"Gates","object_type":"Label","style_id":"label.gates","source_group":"LFML Gates","vsmr_group_ids":[],"geometry_role":"text_label","text-field":"71"},"geometry":{"type":"Point","coordinates":[5.215252778,43.443936111]}},{"type":"Feature","id":"LFML-d23eec2a341e9dac3973","properties":{"airport":"LFML","name":"70","layer":"Labels","category":"Gates","object_type":"Label","style_id":"label.gates","source_group":"LFML Gates","vsmr_group_ids":[],"geometry_role":"text_label","text-field":"70"},"geometry":{"type":"Point","coordinates":[5.21522,43.443557222]}},{"type":"Feature","id":"LFML-007ec010a5401a441b68","properties":{"airport":"LFML","name":"70","layer":"Labels","category":"Gates","object_type":"Label","style_id":"label.gates","source_group":"LFML Gates","vsmr_group_ids":[],"geometry_role":"text_label","text-field":"70"},"geometry":{"type":"Point","coordinates":[5.215059167,43.4434875]}},{"type":"Feature","id":"LFML-dcba7ca56755fcc2760a","properties":{"airport":"LFML","name":"70","layer":"Labels","category":"Gates","object_type":"Label","style_id":"label.gates","source_group":"LFML Gates","vsmr_group_ids":[],"geometry_role":"text_label","text-field":"70"},"geometry":{"type":"Point","coordinates":[5.214901111,43.443419722]}},{"type":"Feature","id":"LFML-353814eef95c1b143fc7","properties":{"airport":"LFML","name":"70","layer":"Labels","category":"Gates","object_type":"Label","style_id":"label.gates","source_group":"LFML Gates","vsmr_group_ids":[],"geometry_role":"text_label","text-field":"70"},"geometry":{"type":"Point","coordinates":[5.214726944,43.443348333]}},{"type":"Feature","id":"LFML-fbb730d39328077d4eee","properties":{"airport":"LFML","name":"69N","layer":"Labels","category":"Gates","object_type":"Label","style_id":"label.gates","source_group":"LFML Gates","vsmr_group_ids":[],"geometry_role":"text_label","text-field":"69N"},"geometry":{"type":"Point","coordinates":[5.214797778,43.4444275]}},{"type":"Feature","id":"LFML-f6e4f4a85543643fa2f8","properties":{"airport":"LFML","name":"68N","layer":"Labels","category":"Gates","object_type":"Label","style_id":"label.gates","source_group":"LFML Gates","vsmr_group_ids":[],"geometry_role":"text_label","text-field":"68N"},"geometry":{"type":"Point","coordinates":[5.214481667,43.444345278]}},{"type":"Feature","id":"LFML-654209d969438a28c7e9","properties":{"airport":"LFML","name":"67N","layer":"Labels","category":"Gates","object_type":"Label","style_id":"label.gates","source_group":"LFML Gates","vsmr_group_ids":[],"geometry_role":"text_label","text-field":"67N"},"geometry":{"type":"Point","coordinates":[5.214160278,43.444309722]}},{"type":"Feature","id":"LFML-96a6c5efadb59a433e08","properties":{"airport":"LFML","name":"66E","layer":"Labels","category":"Gates","object_type":"Label","style_id":"label.gates","source_group":"LFML Gates","vsmr_group_ids":[],"geometry_role":"text_label","text-field":"66E"},"geometry":{"type":"Point","coordinates":[5.213808611,43.444154167]}},{"type":"Feature","id":"LFML-78b79984d2b4c00469d2","properties":{"airport":"LFML","name":"66W","layer":"Labels","category":"Gates","object_type":"Label","style_id":"label.gates","source_group":"LFML Gates","vsmr_group_ids":[],"geometry_role":"text_label","text-field":"66W"},"geometry":{"type":"Point","coordinates":[5.213571667,43.443980833]}},{"type":"Feature","id":"LFML-f1241483529e3b0e0617","properties":{"airport":"LFML","name":"63A","layer":"Labels","category":"Gates","object_type":"Label","style_id":"label.gates","source_group":"LFML Gates","vsmr_group_ids":[],"geometry_role":"text_label","text-field":"63A"},"geometry":{"type":"Point","coordinates":[5.212601667,43.443674444]}},{"type":"Feature","id":"LFML-0f3c261b729a3727aba0","properties":{"airport":"LFML","name":"63B","layer":"Labels","category":"Gates","object_type":"Label","style_id":"label.gates","source_group":"LFML Gates","vsmr_group_ids":[],"geometry_role":"text_label","text-field":"63B"},"geometry":{"type":"Point","coordinates":[5.212740833,43.443490278]}},{"type":"Feature","id":"LFML-fe4a6dd361468a70ed8a","properties":{"airport":"LFML","name":"64","layer":"Labels","category":"Gates","object_type":"Label","style_id":"label.gates","source_group":"LFML Gates","vsmr_group_ids":[],"geometry_role":"text_label","text-field":"64"},"geometry":{"type":"Point","coordinates":[5.213059444,43.443495556]}},{"type":"Feature","id":"LFML-9689218745b825b29326","properties":{"airport":"LFML","name":"63C","layer":"Labels","category":"Gates","object_type":"Label","style_id":"label.gates","source_group":"LFML Gates","vsmr_group_ids":[],"geometry_role":"text_label","text-field":"63C"},"geometry":{"type":"Point","coordinates":[5.212860556,43.443322222]}},{"type":"Feature","id":"LFML-e02527d207c286e450b6","properties":{"airport":"LFML","name":"63D","layer":"Labels","category":"Gates","object_type":"Label","style_id":"label.gates","source_group":"LFML Gates","vsmr_group_ids":[],"geometry_role":"text_label","text-field":"63D"},"geometry":{"type":"Point","coordinates":[5.212920556,43.443168611]}},{"type":"Feature","id":"LFML-c96618ebf72b40009076","properties":{"airport":"LFML","name":"64B","layer":"Labels","category":"Gates","object_type":"Label","style_id":"label.gates","source_group":"LFML Gates","vsmr_group_ids":[],"geometry_role":"text_label","text-field":"64B"},"geometry":{"type":"Point","coordinates":[5.213351111,43.4434225]}},{"type":"Feature","id":"LFML-9bb822c5bef0915cea96","properties":{"airport":"LFML","name":"65","layer":"Labels","category":"Gates","object_type":"Label","style_id":"label.gates","source_group":"LFML Gates","vsmr_group_ids":[],"geometry_role":"text_label","text-field":"65"},"geometry":{"type":"Point","coordinates":[5.213410833,43.443333056]}},{"type":"Feature","id":"LFML-6b2d8103cc01bb167612","properties":{"airport":"LFML","name":"63E","layer":"Labels","category":"Gates","object_type":"Label","style_id":"label.gates","source_group":"LFML Gates","vsmr_group_ids":[],"geometry_role":"text_label","text-field":"63E"},"geometry":{"type":"Point","coordinates":[5.213010556,43.443084722]}},{"type":"Feature","id":"LFML-5144bce05750d9b9c717","properties":{"airport":"LFML","name":"61N","layer":"Labels","category":"Gates","object_type":"Label","style_id":"label.gates","source_group":"LFML Gates","vsmr_group_ids":[],"geometry_role":"text_label","text-field":"61N"},"geometry":{"type":"Point","coordinates":[5.212373056,43.442909444]}},{"type":"Feature","id":"LFML-e108ef01be19069944ab","properties":{"airport":"LFML","name":"62N","layer":"Labels","category":"Gates","object_type":"Label","style_id":"label.gates","source_group":"LFML Gates","vsmr_group_ids":[],"geometry_role":"text_label","text-field":"62N"},"geometry":{"type":"Point","coordinates":[5.211849722,43.443281111]}},{"type":"Feature","id":"LFML-0a23944855d2ceef758b","properties":{"airport":"LFML","name":"60N","layer":"Labels","category":"Gates","object_type":"Label","style_id":"label.gates","source_group":"LFML Gates","vsmr_group_ids":[],"geometry_role":"text_label","text-field":"60N"},"geometry":{"type":"Point","coordinates":[5.211585556,43.442854167]}},{"type":"Feature","id":"LFML-89076f3fdfa3e8cae713","properties":{"airport":"LFML","name":"50A","layer":"Labels","category":"Gates","object_type":"Label","style_id":"label.gates","source_group":"LFML Gates","vsmr_group_ids":[],"geometry_role":"text_label","text-field":"50A"},"geometry":{"type":"Point","coordinates":[5.212675278,43.4417175]}},{"type":"Feature","id":"LFML-6957617224690c8bb530","properties":{"airport":"LFML","name":"51","layer":"Labels","category":"Gates","object_type":"Label","style_id":"label.gates","source_group":"LFML Gates","vsmr_group_ids":[],"geometry_role":"text_label","text-field":"51"},"geometry":{"type":"Point","coordinates":[5.212928611,43.441844444]}},{"type":"Feature","id":"LFML-95426ee1e457eeac7468","properties":{"airport":"LFML","name":"50C","layer":"Labels","category":"Gates","object_type":"Label","style_id":"label.gates","source_group":"LFML Gates","vsmr_group_ids":[],"geometry_role":"text_label","text-field":"50C"},"geometry":{"type":"Point","coordinates":[5.213253056,43.441996389]}},{"type":"Feature","id":"LFML-4feccb3668f714a53fd7","properties":{"airport":"LFML","name":"53","layer":"Labels","category":"Gates","object_type":"Label","style_id":"label.gates","source_group":"LFML Gates","vsmr_group_ids":[],"geometry_role":"text_label","text-field":"53"},"geometry":{"type":"Point","coordinates":[5.213890556,43.442257222]}},{"type":"Feature","id":"LFML-2dc8980569ddf9a9c51b","properties":{"airport":"LFML","name":"55","layer":"Labels","category":"Gates","object_type":"Label","style_id":"label.gates","source_group":"LFML Gates","vsmr_group_ids":[],"geometry_role":"text_label","text-field":"55"},"geometry":{"type":"Point","coordinates":[5.214620556,43.442578889]}},{"type":"Feature","id":"LFML-8119c7fb5ba3b9962f3d","properties":{"airport":"LFML","name":"57","layer":"Labels","category":"Gates","object_type":"Label","style_id":"label.gates","source_group":"LFML Gates","vsmr_group_ids":[],"geometry_role":"text_label","text-field":"57"},"geometry":{"type":"Point","coordinates":[5.215288056,43.442909444]}},{"type":"Feature","id":"LFML-7e4299f6d331e810685c","properties":{"airport":"LFML","name":"56","layer":"Labels","category":"Gates","object_type":"Label","style_id":"label.gates","source_group":"LFML Gates","vsmr_group_ids":[],"geometry_role":"text_label","text-field":"56"},"geometry":{"type":"Point","coordinates":[5.215514167,43.442750556]}},{"type":"Feature","id":"LFML-c0104be5a1e4e1460be0","properties":{"airport":"LFML","name":"54","layer":"Labels","category":"Gates","object_type":"Label","style_id":"label.gates","source_group":"LFML Gates","vsmr_group_ids":[],"geometry_role":"text_label","text-field":"54"},"geometry":{"type":"Point","coordinates":[5.214950278,43.442355556]}},{"type":"Feature","id":"LFML-454c08ceb0db645d770c","properties":{"airport":"LFML","name":"52","layer":"Labels","category":"Gates","object_type":"Label","style_id":"label.gates","source_group":"LFML Gates","vsmr_group_ids":[],"geometry_role":"text_label","text-field":"52"},"geometry":{"type":"Point","coordinates":[5.214438056,43.442001667]}},{"type":"Feature","id":"LFML-3e1ee8efa22b3f945051","properties":{"airport":"LFML","name":"51C","layer":"Labels","category":"Gates","object_type":"Label","style_id":"label.gates","source_group":"LFML Gates","vsmr_group_ids":[],"geometry_role":"text_label","text-field":"51C"},"geometry":{"type":"Point","coordinates":[5.213844167,43.441694444]}},{"type":"Feature","id":"LFML-a0b7087c216a527ee0d1","properties":{"airport":"LFML","name":"50","layer":"Labels","category":"Gates","object_type":"Label","style_id":"label.gates","source_group":"LFML Gates","vsmr_group_ids":[],"geometry_role":"text_label","text-field":"50"},"geometry":{"type":"Point","coordinates":[5.2135825,43.441511944]}},{"type":"Feature","id":"LFML-5d84a03db74b76906987","properties":{"airport":"LFML","name":"51A","layer":"Labels","category":"Gates","object_type":"Label","style_id":"label.gates","source_group":"LFML Gates","vsmr_group_ids":[],"geometry_role":"text_label","text-field":"51A"},"geometry":{"type":"Point","coordinates":[5.213372778,43.441349444]}},{"type":"Feature","id":"LFML-79c962b8771cc60675cf","properties":{"airport":"LFML","name":"4Z","layer":"Labels","category":"Gates","object_type":"Label","style_id":"label.gates","source_group":"LFML Gates","vsmr_group_ids":[],"geometry_role":"text_label","text-field":"4Z"},"geometry":{"type":"Point","coordinates":[5.215759444,43.440380833]}},{"type":"Feature","id":"LFML-3b53ec66ebbccd1c89c5","properties":{"airport":"LFML","name":"48A","layer":"Labels","category":"Gates","object_type":"Label","style_id":"label.gates","source_group":"LFML Gates","vsmr_group_ids":[],"geometry_role":"text_label","text-field":"48A"},"geometry":{"type":"Point","coordinates":[5.217400833,43.443185278]}},{"type":"Feature","id":"LFML-1c39053abb36fe805d26","properties":{"airport":"LFML","name":"48C","layer":"Labels","category":"Gates","object_type":"Label","style_id":"label.gates","source_group":"LFML Gates","vsmr_group_ids":[],"geometry_role":"text_label","text-field":"48C"},"geometry":{"type":"Point","coordinates":[5.216858611,43.442736667]}},{"type":"Feature","id":"LFML-57187fefcb8efc7a25f6","properties":{"airport":"LFML","name":"48E","layer":"Labels","category":"Gates","object_type":"Label","style_id":"label.gates","source_group":"LFML Gates","vsmr_group_ids":[],"geometry_role":"text_label","text-field":"48E"},"geometry":{"type":"Point","coordinates":[5.216283889,43.442305833]}},{"type":"Feature","id":"LFML-1626bec41debabde01ad","properties":{"airport":"LFML","name":"48G","layer":"Labels","category":"Gates","object_type":"Label","style_id":"label.gates","source_group":"LFML Gates","vsmr_group_ids":[],"geometry_role":"text_label","text-field":"48G"},"geometry":{"type":"Point","coordinates":[5.216123056,43.441825278]}},{"type":"Feature","id":"LFML-192c0b01932f5cc8ffbb","properties":{"airport":"LFML","name":"47G","layer":"Labels","category":"Gates","object_type":"Label","style_id":"label.gates","source_group":"LFML Gates","vsmr_group_ids":[],"geometry_role":"text_label","text-field":"47G"},"geometry":{"type":"Point","coordinates":[5.216861389,43.441305278]}},{"type":"Feature","id":"LFML-9aca8fa6a69924d01905","properties":{"airport":"LFML","name":"47E","layer":"Labels","category":"Gates","object_type":"Label","style_id":"label.gates","source_group":"LFML Gates","vsmr_group_ids":[],"geometry_role":"text_label","text-field":"47E"},"geometry":{"type":"Point","coordinates":[5.217474444,43.441746667]}},{"type":"Feature","id":"LFML-dd3385b2a68cac8759bf","properties":{"airport":"LFML","name":"47C","layer":"Labels","category":"Gates","object_type":"Label","style_id":"label.gates","source_group":"LFML Gates","vsmr_group_ids":[],"geometry_role":"text_label","text-field":"47C"},"geometry":{"type":"Point","coordinates":[5.218081944,43.44217]}},{"type":"Feature","id":"LFML-79c29aee311a0c1e317e","properties":{"airport":"LFML","name":"47A","layer":"Labels","category":"Gates","object_type":"Label","style_id":"label.gates","source_group":"LFML Gates","vsmr_group_ids":[],"geometry_role":"text_label","text-field":"47A"},"geometry":{"type":"Point","coordinates":[5.218757778,43.442609722]}},{"type":"Feature","id":"LFML-043123ff58b97c580b0c","properties":{"airport":"LFML","name":"10C","layer":"Labels","category":"Gates","object_type":"Label","style_id":"label.gates","source_group":"LFML Gates","vsmr_group_ids":[],"geometry_role":"text_label","text-field":"10C"},"geometry":{"type":"Point","coordinates":[5.2190575,43.441655556]}},{"type":"Feature","id":"LFML-b5fdb62feb5374b676e8","properties":{"airport":"LFML","name":"10B","layer":"Labels","category":"Gates","object_type":"Label","style_id":"label.gates","source_group":"LFML Gates","vsmr_group_ids":[],"geometry_role":"text_label","text-field":"10B"},"geometry":{"type":"Point","coordinates":[5.219313333,43.441483889]}},{"type":"Feature","id":"LFML-fc857d993e5df9da83a8","properties":{"airport":"LFML","name":"10D","layer":"Labels","category":"Gates","object_type":"Label","style_id":"label.gates","source_group":"LFML Gates","vsmr_group_ids":[],"geometry_role":"text_label","text-field":"10D"},"geometry":{"type":"Point","coordinates":[5.219278056,43.441231944]}},{"type":"Feature","id":"LFML-f76151aa2b3ade4bf4a4","properties":{"airport":"LFML","name":"10A","layer":"Labels","category":"Gates","object_type":"Label","style_id":"label.gates","source_group":"LFML Gates","vsmr_group_ids":[],"geometry_role":"text_label","text-field":"10A"},"geometry":{"type":"Point","coordinates":[5.219575,43.4413625]}},{"type":"Feature","id":"LFML-9e705587d415cdb6d0df","properties":{"airport":"LFML","name":"9C","layer":"Labels","category":"Gates","object_type":"Label","style_id":"label.gates","source_group":"LFML Gates","vsmr_group_ids":[],"geometry_role":"text_label","text-field":"9C"},"geometry":{"type":"Point","coordinates":[5.219828333,43.441121111]}},{"type":"Feature","id":"LFML-5bc2473b6c2d5eb50626","properties":{"airport":"LFML","name":"9B","layer":"Labels","category":"Gates","object_type":"Label","style_id":"label.gates","source_group":"LFML Gates","vsmr_group_ids":[],"geometry_role":"text_label","text-field":"9B"},"geometry":{"type":"Point","coordinates":[5.220081667,43.440947778]}},{"type":"Feature","id":"LFML-c3672d160e16d2cc6984","properties":{"airport":"LFML","name":"9A","layer":"Labels","category":"Gates","object_type":"Label","style_id":"label.gates","source_group":"LFML Gates","vsmr_group_ids":[],"geometry_role":"text_label","text-field":"9A"},"geometry":{"type":"Point","coordinates":[5.220395,43.440853056]}},{"type":"Feature","id":"LFML-12973162e3b10fe2dad0","properties":{"airport":"LFML","name":"8C","layer":"Labels","category":"Gates","object_type":"Label","style_id":"label.gates","source_group":"LFML Gates","vsmr_group_ids":[],"geometry_role":"text_label","text-field":"8C"},"geometry":{"type":"Point","coordinates":[5.220694722,43.440556389]}},{"type":"Feature","id":"LFML-b394c7d443c052f94ef6","properties":{"airport":"LFML","name":"8B","layer":"Labels","category":"Gates","object_type":"Label","style_id":"label.gates","source_group":"LFML Gates","vsmr_group_ids":[],"geometry_role":"text_label","text-field":"8B"},"geometry":{"type":"Point","coordinates":[5.220912778,43.440402778]}},{"type":"Feature","id":"LFML-a5ec4092096237ead643","properties":{"airport":"LFML","name":"7C","layer":"Labels","category":"Gates","object_type":"Label","style_id":"label.gates","source_group":"LFML Gates","vsmr_group_ids":[],"geometry_role":"text_label","text-field":"7C"},"geometry":{"type":"Point","coordinates":[5.221054444,43.440245556]}},{"type":"Feature","id":"LFML-0db7fb049ac07a721e2a","properties":{"airport":"LFML","name":"7B","layer":"Labels","category":"Gates","object_type":"Label","style_id":"label.gates","source_group":"LFML Gates","vsmr_group_ids":[],"geometry_role":"text_label","text-field":"7B"},"geometry":{"type":"Point","coordinates":[5.221307778,43.44004]}},{"type":"Feature","id":"LFML-5b138fd1c2fc4e7a1c02","properties":{"airport":"LFML","name":"7A","layer":"Labels","category":"Gates","object_type":"Label","style_id":"label.gates","source_group":"LFML Gates","vsmr_group_ids":[],"geometry_role":"text_label","text-field":"7A"},"geometry":{"type":"Point","coordinates":[5.221503889,43.439965]}},{"type":"Feature","id":"LFML-1d232ea05d7db3009faf","properties":{"airport":"LFML","name":"6C","layer":"Labels","category":"Gates","object_type":"Label","style_id":"label.gates","source_group":"LFML Gates","vsmr_group_ids":[],"geometry_role":"text_label","text-field":"6C"},"geometry":{"type":"Point","coordinates":[5.221716389,43.439753889]}},{"type":"Feature","id":"LFML-55b8ef9d9b1677e21763","properties":{"airport":"LFML","name":"6B","layer":"Labels","category":"Gates","object_type":"Label","style_id":"label.gates","source_group":"LFML Gates","vsmr_group_ids":[],"geometry_role":"text_label","text-field":"6B"},"geometry":{"type":"Point","coordinates":[5.221852778,43.439596667]}},{"type":"Feature","id":"LFML-47aaec61448b395b8297","properties":{"airport":"LFML","name":"6A1","layer":"Labels","category":"Gates","object_type":"Label","style_id":"label.gates","source_group":"LFML Gates","vsmr_group_ids":[],"geometry_role":"text_label","text-field":"6A1"},"geometry":{"type":"Point","coordinates":[5.221988889,43.439528889]}},{"type":"Feature","id":"LFML-c42d410b027cce21b2f2","properties":{"airport":"LFML","name":"6A","layer":"Labels","category":"Gates","object_type":"Label","style_id":"label.gates","source_group":"LFML Gates","vsmr_group_ids":[],"geometry_role":"text_label","text-field":"6A"},"geometry":{"type":"Point","coordinates":[5.222215,43.439480556]}},{"type":"Feature","id":"LFML-b01e5e459fe953f4aa41","properties":{"airport":"LFML","name":"5C","layer":"Labels","category":"Gates","object_type":"Label","style_id":"label.gates","source_group":"LFML Gates","vsmr_group_ids":[],"geometry_role":"text_label","text-field":"5C"},"geometry":{"type":"Point","coordinates":[5.222405833,43.439351944]}},{"type":"Feature","id":"LFML-a44cbf2c7b96400dc6e1","properties":{"airport":"LFML","name":"5B","layer":"Labels","category":"Gates","object_type":"Label","style_id":"label.gates","source_group":"LFML Gates","vsmr_group_ids":[],"geometry_role":"text_label","text-field":"5B"},"geometry":{"type":"Point","coordinates":[5.22252,43.439123333]}},{"type":"Feature","id":"LFML-d59e0213628d211e25e0","properties":{"airport":"LFML","name":"5A","layer":"Labels","category":"Gates","object_type":"Label","style_id":"label.gates","source_group":"LFML Gates","vsmr_group_ids":[],"geometry_role":"text_label","text-field":"5A"},"geometry":{"type":"Point","coordinates":[5.222808889,43.439005278]}},{"type":"Feature","id":"LFML-f7ca6640ab9af65886e4","properties":{"airport":"LFML","name":"4B","layer":"Labels","category":"Gates","object_type":"Label","style_id":"label.gates","source_group":"LFML Gates","vsmr_group_ids":[],"geometry_role":"text_label","text-field":"4B"},"geometry":{"type":"Point","coordinates":[5.223037778,43.438672778]}},{"type":"Feature","id":"LFML-8664cb220f9414388756","properties":{"airport":"LFML","name":"3C","layer":"Labels","category":"Gates","object_type":"Label","style_id":"label.gates","source_group":"LFML Gates","vsmr_group_ids":[],"geometry_role":"text_label","text-field":"3C"},"geometry":{"type":"Point","coordinates":[5.223078611,43.438195833]}},{"type":"Feature","id":"LFML-7ca3593316c419923fca","properties":{"airport":"LFML","name":"3B","layer":"Labels","category":"Gates","object_type":"Label","style_id":"label.gates","source_group":"LFML Gates","vsmr_group_ids":[],"geometry_role":"text_label","text-field":"3B"},"geometry":{"type":"Point","coordinates":[5.223149444,43.437916944]}},{"type":"Feature","id":"LFML-71ee91f85bac3ad58d4a","properties":{"airport":"LFML","name":"3A","layer":"Labels","category":"Gates","object_type":"Label","style_id":"label.gates","source_group":"LFML Gates","vsmr_group_ids":[],"geometry_role":"text_label","text-field":"3A"},"geometry":{"type":"Point","coordinates":[5.223623611,43.437920556]}},{"type":"Feature","id":"LFML-1ed6a299b8310f191740","properties":{"airport":"LFML","name":"20C","layer":"Labels","category":"Gates","object_type":"Label","style_id":"label.gates","source_group":"LFML Gates","vsmr_group_ids":[],"geometry_role":"text_label","text-field":"20C"},"geometry":{"type":"Point","coordinates":[5.224073056,43.438000833]}},{"type":"Feature","id":"LFML-525a537ae1a213c14ded","properties":{"airport":"LFML","name":"20B","layer":"Labels","category":"Gates","object_type":"Label","style_id":"label.gates","source_group":"LFML Gates","vsmr_group_ids":[],"geometry_role":"text_label","text-field":"20B"},"geometry":{"type":"Point","coordinates":[5.22428,43.437997222]}},{"type":"Feature","id":"LFML-ad99489b1f0a0340f04e","properties":{"airport":"LFML","name":"20A","layer":"Labels","category":"Gates","object_type":"Label","style_id":"label.gates","source_group":"LFML Gates","vsmr_group_ids":[],"geometry_role":"text_label","text-field":"20A"},"geometry":{"type":"Point","coordinates":[5.224716111,43.438033056]}},{"type":"Feature","id":"LFML-f47a22a9cc72f23990c9","properties":{"airport":"LFML","name":"2C","layer":"Labels","category":"Gates","object_type":"Label","style_id":"label.gates","source_group":"LFML Gates","vsmr_group_ids":[],"geometry_role":"text_label","text-field":"2C"},"geometry":{"type":"Point","coordinates":[5.225004722,43.438311944]}},{"type":"Feature","id":"LFML-a29d9d144abcab8e3789","properties":{"airport":"LFML","name":"2A","layer":"Labels","category":"Gates","object_type":"Label","style_id":"label.gates","source_group":"LFML Gates","vsmr_group_ids":[],"geometry_role":"text_label","text-field":"2A"},"geometry":{"type":"Point","coordinates":[5.224945,43.438783611]}},{"type":"Feature","id":"LFML-54e91db16f3df98d9425","properties":{"airport":"LFML","name":"1A","layer":"Labels","category":"Gates","object_type":"Label","style_id":"label.gates","source_group":"LFML Gates","vsmr_group_ids":[],"geometry_role":"text_label","text-field":"1A"},"geometry":{"type":"Point","coordinates":[5.224740556,43.439164167]}},{"type":"Feature","id":"LFML-495effb63c3aa69c21f8","properties":{"airport":"LFML","name":"25A","layer":"Labels","category":"Gates","object_type":"Label","style_id":"label.gates","source_group":"LFML Gates","vsmr_group_ids":[],"geometry_role":"text_label","text-field":"25A"},"geometry":{"type":"Point","coordinates":[5.220835278,43.437606667]}},{"type":"Feature","id":"LFML-d4f7a30de1739eba3f8d","properties":{"airport":"LFML","name":"25B","layer":"Labels","category":"Gates","object_type":"Label","style_id":"label.gates","source_group":"LFML Gates","vsmr_group_ids":[],"geometry_role":"text_label","text-field":"25B"},"geometry":{"type":"Point","coordinates":[5.220928333,43.437714722]}},{"type":"Feature","id":"LFML-156281e9cf67568fb7a6","properties":{"airport":"LFML","name":"25C","layer":"Labels","category":"Gates","object_type":"Label","style_id":"label.gates","source_group":"LFML Gates","vsmr_group_ids":[],"geometry_role":"text_label","text-field":"25C"},"geometry":{"type":"Point","coordinates":[5.221074444,43.437875278]}},{"type":"Feature","id":"LFML-1d7aa90e79656024edfa","properties":{"airport":"LFML","name":"25D","layer":"Labels","category":"Gates","object_type":"Label","style_id":"label.gates","source_group":"LFML Gates","vsmr_group_ids":[],"geometry_role":"text_label","text-field":"25D"},"geometry":{"type":"Point","coordinates":[5.221227778,43.437990556]}},{"type":"Feature","id":"LFML-8c448db45bc49262b13d","properties":{"airport":"LFML","name":"25E","layer":"Labels","category":"Gates","object_type":"Label","style_id":"label.gates","source_group":"LFML Gates","vsmr_group_ids":[],"geometry_role":"text_label","text-field":"25E"},"geometry":{"type":"Point","coordinates":[5.221376389,43.438058056]}},{"type":"Feature","id":"LFML-b57a5430e796c948b497","properties":{"airport":"LFML","name":"24B","layer":"Labels","category":"Gates","object_type":"Label","style_id":"label.gates","source_group":"LFML Gates","vsmr_group_ids":[],"geometry_role":"text_label","text-field":"24B"},"geometry":{"type":"Point","coordinates":[5.221356111,43.4374075]}},{"type":"Feature","id":"LFML-4b80909bfb3557173493","properties":{"airport":"LFML","name":"24D","layer":"Labels","category":"Gates","object_type":"Label","style_id":"label.gates","source_group":"LFML Gates","vsmr_group_ids":[],"geometry_role":"text_label","text-field":"24D"},"geometry":{"type":"Point","coordinates":[5.221706111,43.437658056]}},{"type":"Feature","id":"LFML-579e5bf9e99894f676c4","properties":{"airport":"LFML","name":"25","layer":"Labels","category":"Gates","object_type":"Label","style_id":"label.gates","source_group":"LFML Gates","vsmr_group_ids":[],"geometry_role":"text_label","text-field":"25"},"geometry":{"type":"Point","coordinates":[5.221421667,43.437743889]}},{"type":"Feature","id":"LFML-bb4334f3706f9badf7e8","properties":{"airport":"LFML","name":"35C","layer":"Labels","category":"Gates","object_type":"Label","style_id":"label.gates","source_group":"LFML Gates","vsmr_group_ids":[],"geometry_role":"text_label","text-field":"35C"},"geometry":{"type":"Point","coordinates":[5.219395,43.439129722]}},{"type":"Feature","id":"LFML-7f955befb6b9d071233a","properties":{"airport":"LFML","name":"30","layer":"Labels","category":"Gates","object_type":"Label","style_id":"label.gates","source_group":"LFML Gates","vsmr_group_ids":[],"geometry_role":"text_label","text-field":"30"},"geometry":{"type":"Point","coordinates":[5.219875833,43.439409167]}},{"type":"Feature","id":"LFML-7bf5c76ca60889d20481","properties":{"airport":"LFML","name":"35E","layer":"Labels","category":"Gates","object_type":"Label","style_id":"label.gates","source_group":"LFML Gates","vsmr_group_ids":[],"geometry_role":"text_label","text-field":"35E"},"geometry":{"type":"Point","coordinates":[5.220185278,43.439356111]}},{"type":"Feature","id":"LFML-f8d9a1d11a3490b35a69","properties":{"airport":"LFML","name":"35B","layer":"Labels","category":"Gates","object_type":"Label","style_id":"label.gates","source_group":"LFML Gates","vsmr_group_ids":[],"geometry_role":"text_label","text-field":"35B"},"geometry":{"type":"Point","coordinates":[5.220225556,43.439158889]}},{"type":"Feature","id":"LFML-ab47e9884d754eecf0b2","properties":{"airport":"LFML","name":"34E","layer":"Labels","category":"Gates","object_type":"Label","style_id":"label.gates","source_group":"LFML Gates","vsmr_group_ids":[],"geometry_role":"text_label","text-field":"34E"},"geometry":{"type":"Point","coordinates":[5.219843056,43.439180833]}},{"type":"Feature","id":"LFML-b40705a9d79c2320f119","properties":{"airport":"LFML","name":"34C","layer":"Labels","category":"Gates","object_type":"Label","style_id":"label.gates","source_group":"LFML Gates","vsmr_group_ids":[],"geometry_role":"text_label","text-field":"34C"},"geometry":{"type":"Point","coordinates":[5.219828056,43.438815278]}},{"type":"Feature","id":"LFML-1b46060aef173b08afdf","properties":{"airport":"LFML","name":"30A","layer":"Labels","category":"Gates","object_type":"Label","style_id":"label.gates","source_group":"LFML Gates","vsmr_group_ids":[],"geometry_role":"text_label","text-field":"30A"},"geometry":{"type":"Point","coordinates":[5.219953889,43.438735]}},{"type":"Feature","id":"LFML-9b63149c1909bf459c33","properties":{"airport":"LFML","name":"30C","layer":"Labels","category":"Gates","object_type":"Label","style_id":"label.gates","source_group":"LFML Gates","vsmr_group_ids":[],"geometry_role":"text_label","text-field":"30C"},"geometry":{"type":"Point","coordinates":[5.220180278,43.438709167]}},{"type":"Feature","id":"LFML-3ad74a565ae3c20b6b0d","properties":{"airport":"LFML","name":"30D","layer":"Labels","category":"Gates","object_type":"Label","style_id":"label.gates","source_group":"LFML Gates","vsmr_group_ids":[],"geometry_role":"text_label","text-field":"30D"},"geometry":{"type":"Point","coordinates":[5.220288611,43.439010833]}},{"type":"Feature","id":"LFML-cb4f64bc6532e887cdba","properties":{"airport":"LFML","name":"30E","layer":"Labels","category":"Gates","object_type":"Label","style_id":"label.gates","source_group":"LFML Gates","vsmr_group_ids":[],"geometry_role":"text_label","text-field":"30E"},"geometry":{"type":"Point","coordinates":[5.220454722,43.438999722]}},{"type":"Feature","id":"LFML-42e847ed5bca70e03939","properties":{"airport":"LFML","name":"30B","layer":"Labels","category":"Gates","object_type":"Label","style_id":"label.gates","source_group":"LFML Gates","vsmr_group_ids":[],"geometry_role":"text_label","text-field":"30B"},"geometry":{"type":"Point","coordinates":[5.220661111,43.4389925]}},{"type":"Feature","id":"LFML-caacbcb09292496f507b","properties":{"airport":"LFML","name":"31E","layer":"Labels","category":"Gates","object_type":"Label","style_id":"label.gates","source_group":"LFML Gates","vsmr_group_ids":[],"geometry_role":"text_label","text-field":"31E"},"geometry":{"type":"Point","coordinates":[5.220814722,43.438753056]}},{"type":"Feature","id":"LFML-5711dadf159be2da5ea4","properties":{"airport":"LFML","name":"35","layer":"Labels","category":"Gates","object_type":"Label","style_id":"label.gates","source_group":"LFML Gates","vsmr_group_ids":[],"geometry_role":"text_label","text-field":"35"},"geometry":{"type":"Point","coordinates":[5.22048,43.438721944]}},{"type":"Feature","id":"LFML-0d99c332f7ad36e88ed7","properties":{"airport":"LFML","name":"31C","layer":"Labels","category":"Gates","object_type":"Label","style_id":"label.gates","source_group":"LFML Gates","vsmr_group_ids":[],"geometry_role":"text_label","text-field":"31C"},"geometry":{"type":"Point","coordinates":[5.220376667,43.438420556]}},{"type":"Feature","id":"LFML-401289db8cc113d17a4b","properties":{"airport":"LFML","name":"45C","layer":"Labels","category":"Gates","object_type":"Label","style_id":"label.gates","source_group":"LFML Gates","vsmr_group_ids":[],"geometry_role":"text_label","text-field":"45C"},"geometry":{"type":"Point","coordinates":[5.217691667,43.440328333]}},{"type":"Feature","id":"LFML-bb1e6306882c460a0f21","properties":{"airport":"LFML","name":"40","layer":"Labels","category":"Gates","object_type":"Label","style_id":"label.gates","source_group":"LFML Gates","vsmr_group_ids":[],"geometry_role":"text_label","text-field":"40"},"geometry":{"type":"Point","coordinates":[5.218193056,43.440598889]}},{"type":"Feature","id":"LFML-49f40e04034e288e2645","properties":{"airport":"LFML","name":"45E","layer":"Labels","category":"Gates","object_type":"Label","style_id":"label.gates","source_group":"LFML Gates","vsmr_group_ids":[],"geometry_role":"text_label","text-field":"45E"},"geometry":{"type":"Point","coordinates":[5.218452778,43.440521389]}},{"type":"Feature","id":"LFML-1c67782b07a0f48dfc00","properties":{"airport":"LFML","name":"45B","layer":"Labels","category":"Gates","object_type":"Label","style_id":"label.gates","source_group":"LFML Gates","vsmr_group_ids":[],"geometry_role":"text_label","text-field":"45B"},"geometry":{"type":"Point","coordinates":[5.218533333,43.440354722]}},{"type":"Feature","id":"LFML-9de6e4fdb5142e9b4ab2","properties":{"airport":"LFML","name":"44E","layer":"Labels","category":"Gates","object_type":"Label","style_id":"label.gates","source_group":"LFML Gates","vsmr_group_ids":[],"geometry_role":"text_label","text-field":"44E"},"geometry":{"type":"Point","coordinates":[5.218209167,43.440189444]}},{"type":"Feature","id":"LFML-ba3f533d8a8a69e65bb6","properties":{"airport":"LFML","name":"44C","layer":"Labels","category":"Gates","object_type":"Label","style_id":"label.gates","source_group":"LFML Gates","vsmr_group_ids":[],"geometry_role":"text_label","text-field":"44C"},"geometry":{"type":"Point","coordinates":[5.218098333,43.440041944]}},{"type":"Feature","id":"LFML-f59710968f7c01064730","properties":{"airport":"LFML","name":"40A","layer":"Labels","category":"Gates","object_type":"Label","style_id":"label.gates","source_group":"LFML Gates","vsmr_group_ids":[],"geometry_role":"text_label","text-field":"40A"},"geometry":{"type":"Point","coordinates":[5.218259444,43.439927778]}},{"type":"Feature","id":"LFML-5a2ae2ac41d2e85d7385","properties":{"airport":"LFML","name":"40C","layer":"Labels","category":"Gates","object_type":"Label","style_id":"label.gates","source_group":"LFML Gates","vsmr_group_ids":[],"geometry_role":"text_label","text-field":"40C"},"geometry":{"type":"Point","coordinates":[5.218402222,43.4399175]}},{"type":"Feature","id":"LFML-e96f443b680c19eb9cdc","properties":{"airport":"LFML","name":"40D","layer":"Labels","category":"Gates","object_type":"Label","style_id":"label.gates","source_group":"LFML Gates","vsmr_group_ids":[],"geometry_role":"text_label","text-field":"40D"},"geometry":{"type":"Point","coordinates":[5.218485,43.439998056]}},{"type":"Feature","id":"LFML-a3dfa27cc16a41d7a068","properties":{"airport":"LFML","name":"40E","layer":"Labels","category":"Gates","object_type":"Label","style_id":"label.gates","source_group":"LFML Gates","vsmr_group_ids":[],"geometry_role":"text_label","text-field":"40E"},"geometry":{"type":"Point","coordinates":[5.218607778,43.440195278]}},{"type":"Feature","id":"LFML-ed3ee00ad11d9daaedda","properties":{"airport":"LFML","name":"40B","layer":"Labels","category":"Gates","object_type":"Label","style_id":"label.gates","source_group":"LFML Gates","vsmr_group_ids":[],"geometry_role":"text_label","text-field":"40B"},"geometry":{"type":"Point","coordinates":[5.218768889,43.4401925]}},{"type":"Feature","id":"LFML-87a0d3178d82777371a5","properties":{"airport":"LFML","name":"41E","layer":"Labels","category":"Gates","object_type":"Label","style_id":"label.gates","source_group":"LFML Gates","vsmr_group_ids":[],"geometry_role":"text_label","text-field":"41E"},"geometry":{"type":"Point","coordinates":[5.21893,43.440175]}},{"type":"Feature","id":"LFML-4bd37ccf087ef9284c4c","properties":{"airport":"LFML","name":"45","layer":"Labels","category":"Gates","object_type":"Label","style_id":"label.gates","source_group":"LFML Gates","vsmr_group_ids":[],"geometry_role":"text_label","text-field":"45"},"geometry":{"type":"Point","coordinates":[5.219078889,43.439958611]}},{"type":"Feature","id":"LFML-4be600712b27f7b040ad","properties":{"airport":"LFML","name":"41C","layer":"Labels","category":"Gates","object_type":"Label","style_id":"label.gates","source_group":"LFML Gates","vsmr_group_ids":[],"geometry_role":"text_label","text-field":"41C"},"geometry":{"type":"Point","coordinates":[5.218672222,43.439633889]}},{"type":"Feature","id":"LFML-8d8d0bde98335c295846","properties":{"airport":"LFML","name":"1Z","layer":"Labels","category":"Gates","object_type":"Label","style_id":"label.gates","source_group":"LFML Gates","vsmr_group_ids":[],"geometry_role":"text_label","text-field":"1Z"},"geometry":{"type":"Point","coordinates":[5.219601667,43.437385]}},{"type":"Feature","id":"LFML-7d484bffc4cd248d8f42","properties":{"airport":"LFML","name":"90","layer":"Labels","category":"Gates","object_type":"Label","style_id":"label.gates","source_group":"LFML Gates","vsmr_group_ids":[],"geometry_role":"text_label","text-field":"90"},"geometry":{"type":"Point","coordinates":[5.200753889,43.43869]}},{"type":"Feature","id":"LFML-8ffd98b45fe550bd49c3","properties":{"airport":"LFML","name":"91","layer":"Labels","category":"Gates","object_type":"Label","style_id":"label.gates","source_group":"LFML Gates","vsmr_group_ids":[],"geometry_role":"text_label","text-field":"91"},"geometry":{"type":"Point","coordinates":[5.201871944,43.438555833]}},{"type":"Feature","id":"LFML-48de950b3276bb5ad169","properties":{"airport":"LFML","name":"92","layer":"Labels","category":"Gates","object_type":"Label","style_id":"label.gates","source_group":"LFML Gates","vsmr_group_ids":[],"geometry_role":"text_label","text-field":"92"},"geometry":{"type":"Point","coordinates":[5.202647778,43.438474722]}},{"type":"Feature","id":"LFML-eaba7c48622fbe0e26e8","properties":{"airport":"LFML","name":"95","layer":"Labels","category":"Gates","object_type":"Label","style_id":"label.gates","source_group":"LFML Gates","vsmr_group_ids":[],"geometry_role":"text_label","text-field":"95"},"geometry":{"type":"Point","coordinates":[5.203193889,43.436746111]}},{"type":"Feature","id":"LFML-3ab131cf5c4912f85135","properties":{"airport":"LFML","name":"94","layer":"Labels","category":"Gates","object_type":"Label","style_id":"label.gates","source_group":"LFML Gates","vsmr_group_ids":[],"geometry_role":"text_label","text-field":"94"},"geometry":{"type":"Point","coordinates":[5.2027,43.436336944]}},{"type":"Feature","id":"LFML-031c41287c4489c00ca6","properties":{"airport":"LFML","name":"Terminal 1A","layer":"Labels","category":"Gates","object_type":"Label","style_id":"label.gates","source_group":"LFML Gates","vsmr_group_ids":[],"geometry_role":"text_label","text-field":"Terminal 1A"},"geometry":{"type":"Point","coordinates":[5.220741389,43.441618889]}},{"type":"Feature","id":"LFML-1a315f7864ec8c752389","properties":{"airport":"LFML","name":"Terminal 1B","layer":"Labels","category":"Gates","object_type":"Label","style_id":"label.gates","source_group":"LFML Gates","vsmr_group_ids":[],"geometry_role":"text_label","text-field":"Terminal 1B"},"geometry":{"type":"Point","coordinates":[5.2232875,43.439798611]}},{"type":"Feature","id":"LFML-c81c120cae9a28cf99bf","properties":{"airport":"LFML","name":"Terminal 2","layer":"Labels","category":"Gates","object_type":"Label","style_id":"label.gates","source_group":"LFML Gates","vsmr_group_ids":[],"geometry_role":"text_label","text-field":"Terminal 2"},"geometry":{"type":"Point","coordinates":[5.218891389,43.443541111]}},{"type":"Feature","id":"LFML-bc069de3cc6da633905c","properties":{"airport":"LFML","name":"Dragon","layer":"Labels","category":"Gates","object_type":"Label","style_id":"label.gates","source_group":"LFML Gates","vsmr_group_ids":[],"geometry_role":"text_label","text-field":"Dragon"},"geometry":{"type":"Point","coordinates":[5.20854,43.433111111]}},{"type":"Feature","id":"LFML-a84d37c14db47425d9e6","properties":{"airport":"LFML","name":"Cargo","layer":"Labels","category":"Gates","object_type":"Label","style_id":"label.gates","source_group":"LFML Gates","vsmr_group_ids":[],"geometry_role":"text_label","text-field":"Cargo"},"geometry":{"type":"Point","coordinates":[5.215988056,43.445461667]}},{"type":"Feature","id":"LFML-3a4d700c420b0008d471","properties":{"airport":"LFML","name":"Cargo","layer":"Labels","category":"Gates","object_type":"Label","style_id":"label.gates","source_group":"LFML Gates","vsmr_group_ids":[],"geometry_role":"text_label","text-field":"Cargo"},"geometry":{"type":"Point","coordinates":[5.218538611,43.444634167]}},{"type":"Feature","id":"LFML-dffaa46edca25efa65ad","properties":{"airport":"LFML","name":"Securite Civile","layer":"Labels","category":"Gates","object_type":"Label","style_id":"label.gates","source_group":"LFML Gates","vsmr_group_ids":[],"geometry_role":"text_label","text-field":"Securite Civile"},"geometry":{"type":"Point","coordinates":[5.223143889,43.436150556]}},{"type":"Feature","id":"LFML-7fc6cb63ae3cd3986aaf","properties":{"airport":"LFML","name":"Airbus Helicopter","layer":"Labels","category":"Gates","object_type":"Label","style_id":"label.gates","source_group":"LFML Gates","vsmr_group_ids":[],"geometry_role":"text_label","text-field":"Airbus Helicopter"},"geometry":{"type":"Point","coordinates":[5.228541944,43.432513611]}},{"type":"Feature","id":"LFML-31050b5ff569ffed4152","properties":{"airport":"LFML","name":"General Aviation","layer":"Labels","category":"Gates","object_type":"Label","style_id":"label.gates","source_group":"LFML Gates","vsmr_group_ids":[],"geometry_role":"text_label","text-field":"General Aviation"},"geometry":{"type":"Point","coordinates":[5.211310278,43.443823889]}},{"type":"Feature","id":"LFML-8824d7f93a877d9d7ef6","properties":{"airport":"LFML","name":"C1","layer":"Labels","category":"Taxiways","object_type":"Label","style_id":"label.taxiways","source_group":"LFML Taxiways","vsmr_group_ids":[],"geometry_role":"text_label","text-field":"C1"},"geometry":{"type":"Point","coordinates":[5.199643056,43.449358889]}},{"type":"Feature","id":"LFML-06dcc4de5304a1148fc6","properties":{"airport":"LFML","name":"D1","layer":"Labels","category":"Taxiways","object_type":"Label","style_id":"label.taxiways","source_group":"LFML Taxiways","vsmr_group_ids":[],"geometry_role":"text_label","text-field":"D1"},"geometry":{"type":"Point","coordinates":[5.202566111,43.446509444]}},{"type":"Feature","id":"LFML-808b3ba5a3bdc57f5264","properties":{"airport":"LFML","name":"C2","layer":"Labels","category":"Taxiways","object_type":"Label","style_id":"label.taxiways","source_group":"LFML Taxiways","vsmr_group_ids":[],"geometry_role":"text_label","text-field":"C2"},"geometry":{"type":"Point","coordinates":[5.20576,43.445108889]}},{"type":"Feature","id":"LFML-1b77f49af175b76cdcf5","properties":{"airport":"LFML","name":"D2","layer":"Labels","category":"Taxiways","object_type":"Label","style_id":"label.taxiways","source_group":"LFML Taxiways","vsmr_group_ids":[],"geometry_role":"text_label","text-field":"D2"},"geometry":{"type":"Point","coordinates":[5.207640556,43.442728333]}},{"type":"Feature","id":"LFML-1cd62eb82b90b21b0ae7","properties":{"airport":"LFML","name":"C3","layer":"Labels","category":"Taxiways","object_type":"Label","style_id":"label.taxiways","source_group":"LFML Taxiways","vsmr_group_ids":[],"geometry_role":"text_label","text-field":"C3"},"geometry":{"type":"Point","coordinates":[5.209805556,43.442696389]}},{"type":"Feature","id":"LFML-54588be80abd58da34a5","properties":{"airport":"LFML","name":"D3","layer":"Labels","category":"Taxiways","object_type":"Label","style_id":"label.taxiways","source_group":"LFML Taxiways","vsmr_group_ids":[],"geometry_role":"text_label","text-field":"D3"},"geometry":{"type":"Point","coordinates":[5.209893889,43.441196944]}},{"type":"Feature","id":"LFML-19182568deedcd3b2e95","properties":{"airport":"LFML","name":"C4","layer":"Labels","category":"Taxiways","object_type":"Label","style_id":"label.taxiways","source_group":"LFML Taxiways","vsmr_group_ids":[],"geometry_role":"text_label","text-field":"C4"},"geometry":{"type":"Point","coordinates":[5.213932778,43.439801667]}},{"type":"Feature","id":"LFML-db8fa53032da079c8ee8","properties":{"airport":"LFML","name":"D4","layer":"Labels","category":"Taxiways","object_type":"Label","style_id":"label.taxiways","source_group":"LFML Taxiways","vsmr_group_ids":[],"geometry_role":"text_label","text-field":"D4"},"geometry":{"type":"Point","coordinates":[5.211030556,43.440664444]}},{"type":"Feature","id":"LFML-99b838027737f917854c","properties":{"airport":"LFML","name":"C5","layer":"Labels","category":"Taxiways","object_type":"Label","style_id":"label.taxiways","source_group":"LFML Taxiways","vsmr_group_ids":[],"geometry_role":"text_label","text-field":"C5"},"geometry":{"type":"Point","coordinates":[5.219204444,43.438273611]}},{"type":"Feature","id":"LFML-65cc0c4ff6094851a332","properties":{"airport":"LFML","name":"C6","layer":"Labels","category":"Taxiways","object_type":"Label","style_id":"label.taxiways","source_group":"LFML Taxiways","vsmr_group_ids":[],"geometry_role":"text_label","text-field":"C6"},"geometry":{"type":"Point","coordinates":[5.221697222,43.435593333]}},{"type":"Feature","id":"LFML-300bc0c8354722cd3727","properties":{"airport":"LFML","name":"D6","layer":"Labels","category":"Taxiways","object_type":"Label","style_id":"label.taxiways","source_group":"LFML Taxiways","vsmr_group_ids":[],"geometry_role":"text_label","text-field":"D6"},"geometry":{"type":"Point","coordinates":[5.221220556,43.433341389]}},{"type":"Feature","id":"LFML-22e8fdc7bcc1e6236367","properties":{"airport":"LFML","name":"C7","layer":"Labels","category":"Taxiways","object_type":"Label","style_id":"label.taxiways","source_group":"LFML Taxiways","vsmr_group_ids":[],"geometry_role":"text_label","text-field":"C7"},"geometry":{"type":"Point","coordinates":[5.223903889,43.4328325]}},{"type":"Feature","id":"LFML-ffc1dbf8509f1c732f0c","properties":{"airport":"LFML","name":"D7","layer":"Labels","category":"Taxiways","object_type":"Label","style_id":"label.taxiways","source_group":"LFML Taxiways","vsmr_group_ids":[],"geometry_role":"text_label","text-field":"D7"},"geometry":{"type":"Point","coordinates":[5.224711944,43.430865]}},{"type":"Feature","id":"LFML-6d3ccef89a8297bbb884","properties":{"airport":"LFML","name":"C8","layer":"Labels","category":"Taxiways","object_type":"Label","style_id":"label.taxiways","source_group":"LFML Taxiways","vsmr_group_ids":[],"geometry_role":"text_label","text-field":"C8"},"geometry":{"type":"Point","coordinates":[5.227254722,43.430446944]}},{"type":"Feature","id":"LFML-1d4ce4b1710460837e4e","properties":{"airport":"LFML","name":"D8","layer":"Labels","category":"Taxiways","object_type":"Label","style_id":"label.taxiways","source_group":"LFML Taxiways","vsmr_group_ids":[],"geometry_role":"text_label","text-field":"D8"},"geometry":{"type":"Point","coordinates":[5.228061111,43.428428333]}},{"type":"Feature","id":"LFML-3f44b2db3f98aebfef08","properties":{"airport":"LFML","name":"D9","layer":"Labels","category":"Taxiways","object_type":"Label","style_id":"label.taxiways","source_group":"LFML Taxiways","vsmr_group_ids":[],"geometry_role":"text_label","text-field":"D9"},"geometry":{"type":"Point","coordinates":[5.228971111,43.42782]}},{"type":"Feature","id":"LFML-c3ae8fc17c9ba581aa37","properties":{"airport":"LFML","name":"B7","layer":"Labels","category":"Taxiways","object_type":"Label","style_id":"label.taxiways","source_group":"LFML Taxiways","vsmr_group_ids":[],"geometry_role":"text_label","text-field":"B7"},"geometry":{"type":"Point","coordinates":[5.226924444,43.432978333]}},{"type":"Feature","id":"LFML-e48b764bddc4a03cdbfa","properties":{"airport":"LFML","name":"G1","layer":"Labels","category":"Taxiways","object_type":"Label","style_id":"label.taxiways","source_group":"LFML Taxiways","vsmr_group_ids":[],"geometry_role":"text_label","text-field":"G1"},"geometry":{"type":"Point","coordinates":[5.211720833,43.441916111]}},{"type":"Feature","id":"LFML-84e9edcdab0363b6ca98","properties":{"airport":"LFML","name":"G2","layer":"Labels","category":"Taxiways","object_type":"Label","style_id":"label.taxiways","source_group":"LFML Taxiways","vsmr_group_ids":[],"geometry_role":"text_label","text-field":"G2"},"geometry":{"type":"Point","coordinates":[5.213446111,43.440677778]}},{"type":"Feature","id":"LFML-e6161cb00e04a276b19b","properties":{"airport":"LFML","name":"G3","layer":"Labels","category":"Taxiways","object_type":"Label","style_id":"label.taxiways","source_group":"LFML Taxiways","vsmr_group_ids":[],"geometry_role":"text_label","text-field":"G3"},"geometry":{"type":"Point","coordinates":[5.216896944,43.440225]}},{"type":"Feature","id":"LFML-e37404c6a7dff8596ab6","properties":{"airport":"LFML","name":"G4","layer":"Labels","category":"Taxiways","object_type":"Label","style_id":"label.taxiways","source_group":"LFML Taxiways","vsmr_group_ids":[],"geometry_role":"text_label","text-field":"G4"},"geometry":{"type":"Point","coordinates":[5.218723889,43.439026944]}},{"type":"Feature","id":"LFML-9fa8eb422e2c1583c1ef","properties":{"airport":"LFML","name":"G5","layer":"Labels","category":"Taxiways","object_type":"Label","style_id":"label.taxiways","source_group":"LFML Taxiways","vsmr_group_ids":[],"geometry_role":"text_label","text-field":"G5"},"geometry":{"type":"Point","coordinates":[5.220398611,43.437839167]}},{"type":"Feature","id":"LFML-a6a6e9744d6d3418aa78","properties":{"airport":"LFML","name":"G6","layer":"Labels","category":"Taxiways","object_type":"Label","style_id":"label.taxiways","source_group":"LFML Taxiways","vsmr_group_ids":[],"geometry_role":"text_label","text-field":"G6"},"geometry":{"type":"Point","coordinates":[5.221240833,43.436896389]}},{"type":"Feature","id":"LFML-69077948d3be1552c616","properties":{"airport":"LFML","name":"X","layer":"Labels","category":"Taxiways","object_type":"Label","style_id":"label.taxiways","source_group":"LFML Taxiways","vsmr_group_ids":[],"geometry_role":"text_label","text-field":"X"},"geometry":{"type":"Point","coordinates":[5.228123056,43.431046944]}},{"type":"Feature","id":"LFML-fd5a06bf01d668b9bdac","properties":{"airport":"LFML","name":"X","layer":"Labels","category":"Taxiways","object_type":"Label","style_id":"label.taxiways","source_group":"LFML Taxiways","vsmr_group_ids":[],"geometry_role":"text_label","text-field":"X"},"geometry":{"type":"Point","coordinates":[5.226118889,43.433025]}},{"type":"Feature","id":"LFML-cece145bcdd461fdeab1","properties":{"airport":"LFML","name":"X","layer":"Labels","category":"Taxiways","object_type":"Label","style_id":"label.taxiways","source_group":"LFML Taxiways","vsmr_group_ids":[],"geometry_role":"text_label","text-field":"X"},"geometry":{"type":"Point","coordinates":[5.221986667,43.436063333]}},{"type":"Feature","id":"LFML-72983f0950a068905cf1","properties":{"airport":"LFML","name":"X","layer":"Labels","category":"Taxiways","object_type":"Label","style_id":"label.taxiways","source_group":"LFML Taxiways","vsmr_group_ids":[],"geometry_role":"text_label","text-field":"X"},"geometry":{"type":"Point","coordinates":[5.222438611,43.435536389]}},{"type":"Feature","id":"LFML-52e2bb4672c748b6b7ae","properties":{"airport":"LFML","name":"X","layer":"Labels","category":"Taxiways","object_type":"Label","style_id":"label.taxiways","source_group":"LFML Taxiways","vsmr_group_ids":[],"geometry_role":"text_label","text-field":"X"},"geometry":{"type":"Point","coordinates":[5.223057778,43.434778889]}},{"type":"Feature","id":"LFML-3ce1328faeb49ac6a4c2","properties":{"airport":"LFML","name":"X","layer":"Labels","category":"Taxiways","object_type":"Label","style_id":"label.taxiways","source_group":"LFML Taxiways","vsmr_group_ids":[],"geometry_role":"text_label","text-field":"X"},"geometry":{"type":"Point","coordinates":[5.224765,43.432978333]}},{"type":"Feature","id":"LFML-3e0fec877a5511b48c8a","properties":{"airport":"LFML","name":"X","layer":"Labels","category":"Taxiways","object_type":"Label","style_id":"label.taxiways","source_group":"LFML Taxiways","vsmr_group_ids":[],"geometry_role":"text_label","text-field":"X"},"geometry":{"type":"Point","coordinates":[5.226463611,43.431742778]}},{"type":"Feature","id":"LFML-446d3ea5413c0c36d79c","properties":{"airport":"LFML","name":"X","layer":"Labels","category":"Taxiways","object_type":"Label","style_id":"label.taxiways","source_group":"LFML Taxiways","vsmr_group_ids":[],"geometry_role":"text_label","text-field":"X"},"geometry":{"type":"Point","coordinates":[5.229961111,43.429357222]}},{"type":"Feature","id":"LFML-f9aea4fdd9dca315bbf2","properties":{"airport":"LFML","name":"X","layer":"Labels","category":"Taxiways","object_type":"Label","style_id":"label.taxiways","source_group":"LFML Taxiways","vsmr_group_ids":[],"geometry_role":"text_label","text-field":"X"},"geometry":{"type":"Point","coordinates":[5.203194167,43.435572778]}},{"type":"Feature","id":"LFML-7536f9856ab37fea654e","properties":{"airport":"LFML","name":"L2","layer":"Labels","category":"Taxiways","object_type":"Label","style_id":"label.taxiways","source_group":"LFML Taxiways","vsmr_group_ids":[],"geometry_role":"text_label","text-field":"L2"},"geometry":{"type":"Point","coordinates":[5.214188056,43.443213056]}},{"type":"Feature","id":"LFML-907004e543352b2c29ca","properties":{"airport":"LFML","name":"L3","layer":"Labels","category":"Taxiways","object_type":"Label","style_id":"label.taxiways","source_group":"LFML Taxiways","vsmr_group_ids":[],"geometry_role":"text_label","text-field":"L3"},"geometry":{"type":"Point","coordinates":[5.216956667,43.443863889]}},{"type":"Feature","id":"LFML-d98ce5f28ca594fc71e3","properties":{"airport":"LFML","name":"L4","layer":"Labels","category":"Taxiways","object_type":"Label","style_id":"label.taxiways","source_group":"LFML Taxiways","vsmr_group_ids":[],"geometry_role":"text_label","text-field":"L4"},"geometry":{"type":"Point","coordinates":[5.217103333,43.445030556]}},{"type":"Feature","id":"LFML-db8570febc682773b19f","properties":{"airport":"LFML","name":"E2","layer":"Labels","category":"Taxiways","object_type":"Label","style_id":"label.taxiways","source_group":"LFML Taxiways","vsmr_group_ids":[],"geometry_role":"text_label","text-field":"E2"},"geometry":{"type":"Point","coordinates":[5.205610833,43.441769722]}},{"type":"Feature","id":"LFML-4a7c4814af56a921f368","properties":{"airport":"LFML","name":"E3","layer":"Labels","category":"Taxiways","object_type":"Label","style_id":"label.taxiways","source_group":"LFML Taxiways","vsmr_group_ids":[],"geometry_role":"text_label","text-field":"E3"},"geometry":{"type":"Point","coordinates":[5.2076,43.440385]}},{"type":"Feature","id":"LFML-a736e26f1cca867c4952","properties":{"airport":"LFML","name":"E7","layer":"Labels","category":"Taxiways","object_type":"Label","style_id":"label.taxiways","source_group":"LFML Taxiways","vsmr_group_ids":[],"geometry_role":"text_label","text-field":"E7"},"geometry":{"type":"Point","coordinates":[5.222191111,43.429540278]}},{"type":"Feature","id":"LFML-5cb592ca2285ac6ec782","properties":{"airport":"LFML","name":"E9","layer":"Labels","category":"Taxiways","object_type":"Label","style_id":"label.taxiways","source_group":"LFML Taxiways","vsmr_group_ids":[],"geometry_role":"text_label","text-field":"E9"},"geometry":{"type":"Point","coordinates":[5.226236944,43.426457778]}},{"type":"Feature","id":"LFML-58434240797dedd3eccd","properties":{"airport":"LFML","name":"F7","layer":"Labels","category":"Taxiways","object_type":"Label","style_id":"label.taxiways","source_group":"LFML Taxiways","vsmr_group_ids":[],"geometry_role":"text_label","text-field":"F7"},"geometry":{"type":"Point","coordinates":[5.212735556,43.431930278]}},{"type":"Feature","id":"LFML-8a89df3da5e9f93f587e","properties":{"airport":"LFML","name":"F7","layer":"Labels","category":"Taxiways","object_type":"Label","style_id":"label.taxiways","source_group":"LFML Taxiways","vsmr_group_ids":[],"geometry_role":"text_label","text-field":"F7"},"geometry":{"type":"Point","coordinates":[5.218622222,43.429080833]}},{"type":"Feature","id":"LFML-29686fc6fc3fdcb00f90","properties":{"airport":"LFML","name":"F3","layer":"Labels","category":"Taxiways","object_type":"Label","style_id":"label.taxiways","source_group":"LFML Taxiways","vsmr_group_ids":[],"geometry_role":"text_label","text-field":"F3"},"geometry":{"type":"Point","coordinates":[5.204108611,43.439000278]}},{"type":"Feature","id":"LFML-0542e94c552c5ef31d5d","properties":{"airport":"LFML","name":"F3","layer":"Labels","category":"Taxiways","object_type":"Label","style_id":"label.taxiways","source_group":"LFML Taxiways","vsmr_group_ids":[],"geometry_role":"text_label","text-field":"F3"},"geometry":{"type":"Point","coordinates":[5.203662222,43.437801944]}},{"type":"Feature","id":"LFML-77db4dba06769b77b1fb","properties":{"airport":"LFML","name":"F3","layer":"Labels","category":"Taxiways","object_type":"Label","style_id":"label.taxiways","source_group":"LFML Taxiways","vsmr_group_ids":[],"geometry_role":"text_label","text-field":"F3"},"geometry":{"type":"Point","coordinates":[5.206544444,43.435751389]}},{"type":"Feature","id":"LFML-ba8af7bb66e0d0799faa","properties":{"airport":"LFML","name":"H","layer":"Labels","category":"Taxiways","object_type":"Label","style_id":"label.taxiways","source_group":"LFML Taxiways","vsmr_group_ids":[],"geometry_role":"text_label","text-field":"H"},"geometry":{"type":"Point","coordinates":[5.2100325,43.433523889]}},{"type":"Feature","id":"LFML-389000499308a8fdd836","properties":{"airport":"LFML","name":"H1","layer":"Labels","category":"Taxiways","object_type":"Label","style_id":"label.taxiways","source_group":"LFML Taxiways","vsmr_group_ids":[],"geometry_role":"text_label","text-field":"H1"},"geometry":{"type":"Point","coordinates":[5.208108333,43.433791111]}},{"type":"Feature","id":"LFML-05ee07e2b9fc69fabf8b","properties":{"airport":"LFML","name":"H2","layer":"Labels","category":"Taxiways","object_type":"Label","style_id":"label.taxiways","source_group":"LFML Taxiways","vsmr_group_ids":[],"geometry_role":"text_label","text-field":"H2"},"geometry":{"type":"Point","coordinates":[5.207023056,43.433653056]}},{"type":"Feature","id":"LFML-665f48ccf342de3947bb","properties":{"airport":"LFML","name":"H3","layer":"Labels","category":"Taxiways","object_type":"Label","style_id":"label.taxiways","source_group":"LFML Taxiways","vsmr_group_ids":[],"geometry_role":"text_label","text-field":"H3"},"geometry":{"type":"Point","coordinates":[5.206100556,43.433525]}},{"type":"Feature","id":"LFML-2f12c1a3bddbdf30cee3","properties":{"airport":"LFML","name":"H4","layer":"Labels","category":"Taxiways","object_type":"Label","style_id":"label.taxiways","source_group":"LFML Taxiways","vsmr_group_ids":[],"geometry_role":"text_label","text-field":"H4"},"geometry":{"type":"Point","coordinates":[5.206059722,43.432845556]}}]}
