{"type":"FeatureCollection","name":"LFMT AVISO","bbox":[3.695697778,43.383348056,4.242160278,43.777454167],"metadata":{"schema":"vSMR AVISO","schema_version":2,"geometry_mode":"shared","airport":"LFMT","coordinate_reference_system":"WGS84","coordinate_order":"longitude, latitude","default_color_palette":"dark","color_palettes":["dark","light"],"background_colors":{"dark":"#434A4F","light":"#434A4F"},"runways":[{"ends":["12R","30L"],"headings":[123,303],"thresholds":[[3.952896944,43.575324722],[3.963093889,43.570188889]]},{"ends":["12L","30R"],"headings":[123,303],"thresholds":[[3.955713889,43.586110833],[3.982216944,43.572768889]]}],"saved_active_runways":[],"saved_active_airport_modes":[],"airport_reference":[3.961388889,43.583332778],"feature_count":176,"style_count":11,"layer_counts":{"Airfield surfaces":14,"Buildings and structures":56,"Guidance lines":1,"Labels":89,"Surface markings":9,"Terrain":7},"category_counts":{"Buildings":56,"Gates":56,"Gras Surface 4":1,"Grass":1,"Hard Surface 2":2,"Hard Surface 3":10,"Runways":2,"Stopbars":9,"Taxiways":34,"Terrain 1":5},"geometry_source":"local GNG","geometry_source_url":"","geometry_license":"GPL-3.0"},"styles":{"polygon.grassurface4.1d2b2b":{"name":"Gras Surface 4","layer":"Terrain","object_type":"Area","paint":{"fill":"#1D2B2B","fill-opacity":1,"palette-overrides":{"light":{"fill":"#1D2B2B"}}},"feature_count":1},"polygon.grassurface.00512f":{"name":"Grass","layer":"Terrain","object_type":"Area","paint":{"fill":"#010D19","fill-opacity":1,"palette-overrides":{"light":{"fill":"#00512F"}}},"feature_count":1},"polygon.terrain1.574242":{"name":"Terrain 1","layer":"Terrain","object_type":"Area","paint":{"fill":"#574242","fill-opacity":1,"palette-overrides":{"light":{"fill":"#574242"}}},"feature_count":5},"polygon.hardsurface2.595e5b":{"name":"Hard Surface 2","layer":"Airfield surfaces","object_type":"Area","paint":{"fill":"#2F3949","fill-opacity":1,"palette-overrides":{"light":{"fill":"#595E5B"}}},"feature_count":2},"polygon.runwayconcrete.555555":{"name":"Runways","layer":"Airfield surfaces","object_type":"Area","paint":{"fill":"#111318","fill-opacity":1,"palette-overrides":{"light":{"fill":"#555555"}}},"feature_count":2},"polygon.hardsurface3.8a807f":{"name":"Hard Surface 3","layer":"Airfield surfaces","object_type":"Area","paint":{"fill":"#222D3C","fill-opacity":1,"palette-overrides":{"light":{"fill":"#8A807F"}}},"feature_count":10},"polygon.building.394446":{"name":"Buildings","layer":"Buildings and structures","object_type":"Area","paint":{"fill":"#475570","fill-opacity":1,"palette-overrides":{"light":{"fill":"#394446"}}},"feature_count":56},"polygon.stopbar.7e0000":{"name":"Stopbars","layer":"Surface markings","object_type":"Area","paint":{"fill":"#7E0000","fill-opacity":1,"palette-overrides":{"light":{"fill":"#7E0000"}}},"feature_count":9},"line.taxiway.c0b631":{"name":"Taxiways","layer":"Guidance lines","object_type":"Line","paint":{"stroke":"#4E5A69","stroke-opacity":1,"stroke-width":1,"palette-overrides":{"light":{"stroke":"#C0B631"}}},"feature_count":1},"label.gates":{"name":"Gates","layer":"Labels","object_type":"Label","paint":{"text-color":"#CCCCCC","text-font":"Arial","text-size":12,"text-halo-color":"#000000","text-halo-width":1,"text-anchor":"center","zoomLevel":9},"feature_count":56},"label.taxiways":{"name":"Taxiways","layer":"Labels","object_type":"Label","paint":{"text-color":"#CCCCCC","text-font":"Arial","text-size":12,"text-halo-color":"#000000","text-halo-width":1,"text-anchor":"center","zoomLevel":7},"feature_count":33}},"vsmr_groups":[],"features":[{"type":"Feature","id":"LFMT-27f8492cd5105b4b7af0","properties":{"airport":"LFMT","name":"LFMT AVISO","layer":"Terrain","category":"Gras Surface 4","object_type":"Area","style_id":"polygon.grassurface4.1d2b2b","source_group":"LFMT AVISO","vsmr_group_ids":[],"geometry_role":"filled_region"},"geometry":{"type":"Polygon","coordinates":[[[4.242160278,43.589011389],[3.933130556,43.777454167],[3.695697778,43.580876944],[4.007088611,43.383348056],[4.242160278,43.589011389]]]}},{"type":"Feature","id":"LFMT-bdd3012f146eaac9085f","properties":{"airport":"LFMT","name":"LFMT AVISO","layer":"Terrain","category":"Grass","object_type":"Area","style_id":"polygon.grassurface.00512f","source_group":"LFMT AVISO","vsmr_group_ids":[],"geometry_role":"filled_region"},"geometry":{"type":"Polygon","coordinates":[[[3.958216111,43.571801389],[3.959412778,43.571185278],[3.961056111,43.57035],[3.9628325,43.569511667],[3.963710833,43.569088611],[3.964576667,43.568672222],[3.9647075,43.569720833],[3.9647375,43.570325278],[3.964783611,43.570354167],[3.964933056,43.572233889],[3.9649275,43.572275833],[3.964907778,43.572319167],[3.964562222,43.573081389],[3.964543333,43.573113056],[3.964531111,43.573133056],[3.964495556,43.573178611],[3.964471111,43.573200833],[3.964448333,43.573214167],[3.964311944,43.573291389],[3.964923889,43.573848333],[3.966180556,43.575036389],[3.966704444,43.575191667],[3.966792222,43.575205833],[3.968286111,43.575062778],[3.969130556,43.575100556],[3.970675278,43.575528056],[3.971295278,43.575548611],[3.972293056,43.575268056],[3.975565556,43.573622222],[3.975562222,43.573427222],[3.978183889,43.572100556],[3.978312778,43.572245556],[3.979944167,43.571422778],[3.980854722,43.571398889],[3.981430556,43.571472778],[3.981779167,43.571408611],[3.981826944,43.571386667],[3.982774167,43.570942222],[3.982861944,43.570946667],[3.982912778,43.570910556],[3.982973056,43.570923889],[3.983017222,43.570954444],[3.983082778,43.570960833],[3.983714444,43.571508611],[3.9837975,43.5716],[3.983835,43.57166],[3.983873611,43.571741389],[3.983955833,43.571883889],[3.984634444,43.572748333],[3.9847375,43.5728725],[3.984719722,43.572960833],[3.984329722,43.573218611],[3.983213056,43.573835833],[3.983304444,43.573944444],[3.981466944,43.574883611],[3.981704167,43.575061944],[3.982233889,43.575451944],[3.982752222,43.575837778],[3.982951111,43.575991389],[3.98306,43.576092778],[3.983355278,43.576387778],[3.983543611,43.576564167],[3.983948333,43.576979722],[3.983573611,43.57719],[3.983017778,43.577503333],[3.982441389,43.577829444],[3.9821725,43.577981944],[3.981656667,43.578248056],[3.978543611,43.57975],[3.978086667,43.579960833],[3.977936944,43.580021111],[3.977773056,43.580062222],[3.977650833,43.580075556],[3.977507222,43.580079167],[3.977295278,43.580068333],[3.977134167,43.5800625],[3.976966944,43.580077222],[3.976880278,43.580089167],[3.976785833,43.580118889],[3.976653333,43.580186111],[3.976374167,43.580334444],[3.976214167,43.580430278],[3.976005,43.580571667],[3.975667222,43.580816667],[3.975421667,43.580975833],[3.975149167,43.581134167],[3.974170833,43.581630278],[3.973771944,43.581831111],[3.973664444,43.581873333],[3.973556667,43.581908889],[3.973469167,43.5819275],[3.97196,43.582238889],[3.970334722,43.583425],[3.9704425,43.583535],[3.970321667,43.583593889],[3.970234722,43.583623333],[3.970141389,43.583625833],[3.970068611,43.583671667],[3.97004,43.58374],[3.969145,43.584282222],[3.968636944,43.5844975],[3.968558333,43.584503333],[3.968381389,43.584416944],[3.968281944,43.584615556],[3.968024444,43.585007222],[3.967853333,43.585158056],[3.967626111,43.585271667],[3.967189722,43.585361111],[3.966873611,43.585446389],[3.966860278,43.585466111],[3.966878056,43.585515556],[3.966810278,43.585714722],[3.966789722,43.585817222],[3.966750278,43.586716111],[3.966767222,43.586797222],[3.966810278,43.586936667],[3.966961111,43.587230833],[3.967105833,43.587467778],[3.966991667,43.587585833],[3.967088889,43.587651667],[3.967106944,43.587667778],[3.967117222,43.587688611],[3.967123611,43.587715],[3.967251389,43.588148056],[3.963318611,43.590113611],[3.962449722,43.590539722],[3.961319444,43.589348889],[3.961804444,43.589096111],[3.961836389,43.588925833],[3.961894444,43.588896389],[3.961833611,43.588833333],[3.962018333,43.588744167],[3.961574722,43.588279444],[3.961585278,43.588150833],[3.961525278,43.588084722],[3.961362778,43.588055833],[3.960481667,43.587130556],[3.960090278,43.587037778],[3.960053611,43.587027778],[3.960030833,43.587012778],[3.959926944,43.586936111],[3.959418889,43.587297222],[3.959346667,43.587314167],[3.959169722,43.587435278],[3.958695556,43.587795833],[3.958546389,43.587914722],[3.958515556,43.587942222],[3.958496667,43.5879675],[3.958484722,43.587989167],[3.958468611,43.588009167],[3.958308056,43.588160556],[3.957762778,43.588649444],[3.957358056,43.589010278],[3.957150556,43.589155556],[3.955784167,43.589875833],[3.955568333,43.589960556],[3.955386389,43.589941667],[3.955344167,43.589935],[3.955303611,43.589918056],[3.955268889,43.589896944],[3.955208333,43.589848056],[3.955076667,43.589725833],[3.954393889,43.589045833],[3.953809167,43.588506389],[3.953156944,43.587924444],[3.952121111,43.587092222],[3.951615,43.586686667],[3.951513611,43.586600278],[3.951415,43.586506944],[3.951292778,43.586355],[3.951208333,43.586208889],[3.951148611,43.5860675],[3.951108889,43.585923611],[3.9510975,43.585765278],[3.951115833,43.585612778],[3.951148333,43.585493611],[3.951487778,43.584516944],[3.951545278,43.584329444],[3.9515775,43.584115556],[3.951580556,43.583893056],[3.951548056,43.583669167],[3.951478889,43.583426111],[3.951384444,43.583208889],[3.951270833,43.583026389],[3.951121389,43.582835833],[3.950743056,43.5824325],[3.948709444,43.580305278],[3.948425556,43.579979722],[3.947501944,43.578025556],[3.948549167,43.577195556],[3.949450556,43.576560556],[3.952363611,43.574702222],[3.955415,43.57318],[3.958216111,43.571801389]]]}},{"type":"Feature","id":"LFMT-ec5997be35bb75f0b5b9","properties":{"airport":"LFMT","name":"LFMT AVISO","layer":"Terrain","category":"Terrain 1","object_type":"Area","style_id":"polygon.terrain1.574242","source_group":"LFMT AVISO","vsmr_group_ids":[],"geometry_role":"filled_region"},"geometry":{"type":"Polygon","coordinates":[[[3.955665833,43.575146944],[3.955658889,43.575165833],[3.955659722,43.575193056],[3.955681389,43.575218333],[3.955836389,43.575384167],[3.955966944,43.575522778],[3.955986111,43.575534722],[3.956073611,43.575551667],[3.955898333,43.575641111],[3.955919722,43.575610556],[3.955923056,43.575595833],[3.955916111,43.575572222],[3.955621667,43.575251667],[3.955601389,43.575235556],[3.9555775,43.5752225],[3.955544722,43.575213889],[3.9554775,43.575208611],[3.955678889,43.575108333],[3.955665833,43.575146944]]]}},{"type":"Feature","id":"LFMT-52fcb24580b5329e2941","properties":{"airport":"LFMT","name":"LFMT AVISO","layer":"Terrain","category":"Terrain 1","object_type":"Area","style_id":"polygon.terrain1.574242","source_group":"LFMT AVISO","vsmr_group_ids":[],"geometry_role":"filled_region"},"geometry":{"type":"Polygon","coordinates":[[[3.966336389,43.575129444],[3.967005278,43.575250278],[3.968734722,43.5755375],[3.969045278,43.575600278],[3.969354722,43.575687222],[3.970727222,43.576126667],[3.970795556,43.576123333],[3.970878333,43.576103611],[3.970948056,43.576067778],[3.971052222,43.576015556],[3.971078333,43.576048056],[3.970949444,43.576113611],[3.970868889,43.576147778],[3.970804167,43.576158889],[3.971025,43.576231111],[3.971380833,43.576333333],[3.971749167,43.576465],[3.971885,43.576526111],[3.972016667,43.576613056],[3.972132222,43.576671944],[3.972858056,43.576996667],[3.972804167,43.577038056],[3.972238889,43.576785556],[3.972208889,43.5767825],[3.972187222,43.576793056],[3.972175,43.576811944],[3.972207778,43.576878333],[3.972228889,43.576939722],[3.972233889,43.576987778],[3.972104722,43.577000278],[3.972086111,43.576929444],[3.972051389,43.576850833],[3.972004167,43.5767725],[3.971921944,43.576690833],[3.971849167,43.576636667],[3.971770278,43.576592222],[3.971680556,43.5765475],[3.971543333,43.576490833],[3.971270833,43.576398056],[3.970880278,43.576334722],[3.970895556,43.576311667],[3.970891667,43.576291111],[3.970866944,43.576269722],[3.970821667,43.57625],[3.970733611,43.576213611],[3.969175278,43.575744444],[3.968949167,43.575686389],[3.968747222,43.575647778],[3.967120833,43.575368611],[3.966638889,43.575291944],[3.9660525,43.575174444],[3.965794444,43.575113333],[3.964095,43.574508611],[3.963363889,43.574256111],[3.963346389,43.574136667],[3.965761111,43.574998056],[3.966336389,43.575129444]]]}},{"type":"Feature","id":"LFMT-4ebdbe0109a3e076f6da","properties":{"airport":"LFMT","name":"LFMT AVISO","layer":"Terrain","category":"Terrain 1","object_type":"Area","style_id":"polygon.terrain1.574242","source_group":"LFMT AVISO","vsmr_group_ids":[],"geometry_role":"filled_region"},"geometry":{"type":"Polygon","coordinates":[[[3.979573056,43.573798333],[3.979588889,43.573773889],[3.9796025,43.573744167],[3.979596389,43.573698333],[3.979571667,43.573655],[3.979525278,43.573603889],[3.979199722,43.573274167],[3.979097222,43.573164444],[3.979038333,43.573073889],[3.978984167,43.572955833],[3.978949167,43.572843333],[3.978951389,43.572736389],[3.978953056,43.572638333],[3.978976944,43.572555],[3.979001111,43.572494722],[3.979241944,43.572373889],[3.9791975,43.572424722],[3.979154167,43.572496111],[3.979128333,43.572573889],[3.979112778,43.572659722],[3.979121667,43.572775833],[3.979128889,43.572874167],[3.979155278,43.572954722],[3.979191944,43.573036667],[3.979275556,43.573145],[3.979681667,43.573580278],[3.979725556,43.573612222],[3.979781389,43.573632222],[3.979831389,43.573642222],[3.9798775,43.573641389],[3.979946667,43.5736275],[3.979545,43.573828611],[3.979573056,43.573798333]]]}},{"type":"Feature","id":"LFMT-fd1a7f2313f796f671e2","properties":{"airport":"LFMT","name":"LFMT AVISO","layer":"Terrain","category":"Terrain 1","object_type":"Area","style_id":"polygon.terrain1.574242","source_group":"LFMT AVISO","vsmr_group_ids":[],"geometry_role":"filled_region"},"geometry":{"type":"Polygon","coordinates":[[[3.960656111,43.573991667],[3.955563611,43.574257778],[3.955471667,43.574273333],[3.955416667,43.574286667],[3.9553475,43.574315833],[3.955283056,43.574344444],[3.955159444,43.574401389],[3.955638611,43.574104167],[3.955708056,43.574095556],[3.955851667,43.574088889],[3.960645278,43.573871667],[3.960656111,43.573991667]]]}},{"type":"Feature","id":"LFMT-1ab2f52b01b96835dad9","properties":{"airport":"LFMT","name":"LFMT AVISO","layer":"Terrain","category":"Terrain 1","object_type":"Area","style_id":"polygon.terrain1.574242","source_group":"LFMT AVISO","vsmr_group_ids":[],"geometry_role":"filled_region"},"geometry":{"type":"Polygon","coordinates":[[[3.954844444,43.576405278],[3.954905833,43.576466667],[3.954951389,43.576915556],[3.954769722,43.576925278],[3.954703611,43.576309722],[3.954826111,43.576304722],[3.954844444,43.576405278]]]}},{"type":"Feature","id":"LFMT-1b3a995d5fc75ecfdd15","properties":{"airport":"LFMT","name":"LFMT AVISO","layer":"Airfield surfaces","category":"Hard Surface 2","object_type":"Area","style_id":"polygon.hardsurface2.595e5b","source_group":"LFMT AVISO","vsmr_group_ids":[],"geometry_role":"filled_region"},"geometry":{"type":"Polygon","coordinates":[[[3.960811389,43.584744722],[3.960842222,43.584791111],[3.961516944,43.585485833],[3.961279167,43.585600556],[3.960570556,43.584866389],[3.960811389,43.584744722]]]}},{"type":"Feature","id":"LFMT-a6849799023f88aabcee","properties":{"airport":"LFMT","name":"LFMT AVISO","layer":"Airfield surfaces","category":"Hard Surface 2","object_type":"Area","style_id":"polygon.hardsurface2.595e5b","source_group":"LFMT AVISO","vsmr_group_ids":[],"geometry_role":"filled_region"},"geometry":{"type":"Polygon","coordinates":[[[3.964187778,43.576554722],[3.964120278,43.576210556],[3.964116111,43.576190833],[3.964109722,43.576183333],[3.964095556,43.576176111],[3.964074444,43.576164722],[3.964056667,43.576156111],[3.9640325,43.576148333],[3.964010556,43.576142222],[3.963981667,43.576141667],[3.963961111,43.576143333],[3.963941944,43.576146389],[3.963924722,43.576150278],[3.963900833,43.576006111],[3.963935556,43.576004722],[3.963968056,43.576000833],[3.963989167,43.575996944],[3.964008889,43.575986111],[3.964025278,43.575973333],[3.964040833,43.575956944],[3.964051667,43.575941111],[3.9640625,43.5759225],[3.964064722,43.575896944],[3.964032222,43.575715833],[3.963896944,43.575006111],[3.963889722,43.574980833],[3.963874167,43.574949167],[3.963852778,43.574918889],[3.963830833,43.574888889],[3.96381,43.574863333],[3.963787222,43.574836389],[3.963756667,43.574816667],[3.963721667,43.574801667],[3.963685278,43.574793889],[3.963648889,43.574791667],[3.963613333,43.574792222],[3.963578611,43.574795],[3.963558611,43.574798056],[3.963539444,43.574698333],[3.963605,43.574691389],[3.963645,43.574685556],[3.963674167,43.574678889],[3.963702222,43.574668611],[3.963731389,43.574649444],[3.963757222,43.574629722],[3.963779722,43.5746075],[3.963795278,43.574581667],[3.963802222,43.574550278],[3.963802222,43.574507222],[3.963789722,43.574429167],[3.963286111,43.571751111],[3.963275556,43.571717222],[3.963263056,43.571690278],[3.963241944,43.571656667],[3.963217778,43.571628333],[3.963188611,43.571602222],[3.963155556,43.571579444],[3.963119722,43.571558889],[3.963076944,43.571541667],[3.963044722,43.571530833],[3.963002222,43.571523056],[3.962963333,43.571519167],[3.9629225,43.571517222],[3.962888889,43.571517222],[3.962848611,43.571519722],[3.9628175,43.571525],[3.962788611,43.571533056],[3.962761667,43.571543333],[3.962695278,43.571570833],[3.962518056,43.571659167],[3.959126111,43.573368611],[3.959055833,43.573413889],[3.959027778,43.573433889],[3.959015,43.57345],[3.959002778,43.573470278],[3.958991389,43.573495278],[3.958985278,43.573514167],[3.9589825,43.573535556],[3.958983056,43.573560556],[3.958988611,43.573583889],[3.958995833,43.573603611],[3.959009167,43.573626944],[3.959026389,43.573648333],[3.959047222,43.573673056],[3.959717778,43.574367222],[3.959592778,43.574425833],[3.958896667,43.5736975],[3.958882222,43.573682778],[3.958854722,43.573665278],[3.958826389,43.573649167],[3.958792222,43.5736375],[3.958758056,43.573629167],[3.958721111,43.573625278],[3.9586875,43.573625556],[3.958653333,43.573628056],[3.958613333,43.573638333],[3.958569167,43.573654444],[3.958523889,43.573673889],[3.958476111,43.573698056],[3.956536667,43.574676667],[3.956495556,43.5746975],[3.956471389,43.574717222],[3.956455278,43.5747325],[3.956445278,43.574746667],[3.956436389,43.574765833],[3.956433056,43.574780833],[3.9564325,43.574796667],[3.956436944,43.574810556],[3.956448056,43.574828889],[3.956474167,43.574855],[3.956622778,43.575000556],[3.956523056,43.575050278],[3.956340278,43.574867222],[3.956315,43.574851389],[3.956285278,43.574840833],[3.956255,43.574838056],[3.956225,43.574844167],[3.956203611,43.574853056],[3.9561825,43.574863611],[3.955717778,43.575094444],[3.955459444,43.575219722],[3.955406389,43.575246944],[3.955365833,43.5752675],[3.955319722,43.575290278],[3.9553,43.575305833],[3.955291667,43.575316944],[3.9552875,43.575328611],[3.955284722,43.575344722],[3.955284444,43.575361389],[3.955287778,43.575378889],[3.9552925,43.575391667],[3.955299167,43.575405556],[3.955308611,43.575418611],[3.955325278,43.575435556],[3.955463611,43.575580833],[3.955357778,43.575632222],[3.955189722,43.575452222],[3.955173611,43.575439444],[3.955159444,43.5754325],[3.955142778,43.5754275],[3.955120278,43.575423056],[3.955091389,43.5754175],[3.955072778,43.5754175],[3.955058611,43.575421944],[3.955041667,43.575430833],[3.954951944,43.575475833],[3.954932222,43.575489722],[3.954921389,43.575500556],[3.954918611,43.575508056],[3.954918056,43.575512778],[3.95492,43.575518611],[3.954928611,43.57553],[3.954943056,43.575544167],[3.955131944,43.575742778],[3.955034444,43.575789722],[3.954860556,43.575608611],[3.954853056,43.575600278],[3.954846944,43.575598056],[3.954841111,43.575598889],[3.954833611,43.575603889],[3.954826667,43.575612222],[3.954822778,43.575626667],[3.954823056,43.575643889],[3.954824167,43.57566],[3.954846667,43.575895833],[3.954663611,43.575978889],[3.954637222,43.575682222],[3.954636111,43.575667222],[3.954634167,43.575658889],[3.954632222,43.575653611],[3.95463,43.575649444],[3.954627778,43.575645833],[3.954625556,43.575643333],[3.954621944,43.575641944],[3.954616667,43.575641389],[3.9546125,43.575641944],[3.954606944,43.575643611],[3.954589722,43.575651389],[3.954566111,43.575662778],[3.954165556,43.575866944],[3.954106944,43.575900833],[3.954074167,43.575924722],[3.954046944,43.575950833],[3.95402,43.575981389],[3.954001111,43.576014722],[3.953988889,43.576048333],[3.953982778,43.576080833],[3.953981111,43.576111111],[3.953986667,43.576145278],[3.953998333,43.576180278],[3.954016111,43.576216389],[3.954035556,43.576240833],[3.954066667,43.576278333],[3.954533611,43.576765],[3.954383333,43.576840556],[3.954141944,43.576593056],[3.954125278,43.576584444],[3.954100833,43.576581944],[3.954077778,43.576582778],[3.954063333,43.576586944],[3.953987778,43.576623333],[3.953978056,43.576628611],[3.953971389,43.576636111],[3.953881944,43.576541944],[3.953894722,43.576540556],[3.953910556,43.576533333],[3.953925833,43.576525833],[3.953947222,43.576515556],[3.953965278,43.576506389],[3.953985278,43.576494444],[3.954,43.576481667],[3.954006944,43.576470556],[3.954006944,43.576457778],[3.954000556,43.576443611],[3.953990833,43.576431667],[3.953791389,43.576221389],[3.953766111,43.576198611],[3.953738611,43.576181389],[3.953710556,43.576165556],[3.95369,43.576156944],[3.953659444,43.576148056],[3.953633333,43.576145556],[3.953603889,43.576146111],[3.9535725,43.576150556],[3.953538056,43.576158611],[3.953498889,43.576172222],[3.953457222,43.576193056],[3.951753889,43.577051111],[3.951733611,43.577061111],[3.951724167,43.5770675],[3.951716389,43.577075833],[3.951644444,43.577003056],[3.951656111,43.577001111],[3.951665833,43.576996944],[3.951681111,43.576989167],[3.953428333,43.576107222],[3.95347,43.5760875],[3.953491111,43.576067778],[3.953504722,43.57605],[3.953517222,43.576025833],[3.953521667,43.576004722],[3.953521389,43.57598],[3.953517778,43.575956944],[3.953508056,43.5759325],[3.953499444,43.575915556],[3.953487222,43.575902778],[3.953283889,43.575693333],[3.953435278,43.575616111],[3.953493333,43.575676111],[3.953526111,43.575708889],[3.953556111,43.575735],[3.953588333,43.575756667],[3.953620833,43.575775278],[3.953666389,43.575795556],[3.953714722,43.575808333],[3.953753889,43.575817222],[3.9537975,43.575820833],[3.953846944,43.575821667],[3.953890833,43.575817222],[3.953934444,43.575808056],[3.953976944,43.575795],[3.954033333,43.575770833],[3.9543625,43.575603611],[3.954420833,43.575571667],[3.9544675,43.575543056],[3.954511389,43.575511667],[3.954540833,43.575482778],[3.954561667,43.575458889],[3.954581111,43.575430833],[3.954593889,43.575404167],[3.954598611,43.575374444],[3.9546025,43.575346389],[3.9546,43.575315],[3.954593056,43.575248889],[3.954585,43.575158611],[3.954580556,43.575096389],[3.954579167,43.575044722],[3.95458,43.575011667],[3.954765833,43.575010278],[3.954765556,43.575092778],[3.954768611,43.575141111],[3.9547875,43.575331389],[3.954790556,43.575346389],[3.954793333,43.575351944],[3.954798056,43.575358056],[3.954803333,43.575363889],[3.9548075,43.575368333],[3.954811389,43.575371389],[3.954814167,43.575373333],[3.954816944,43.575374722],[3.954820278,43.575375556],[3.954825,43.575375],[3.954829167,43.575374167],[3.954833333,43.5753725],[3.954839444,43.575369722],[3.954846944,43.575365833],[3.954876111,43.575351389],[3.962942778,43.571286111],[3.963032778,43.571236944],[3.963069167,43.571205],[3.963100278,43.571174444],[3.963125278,43.571139722],[3.9631425,43.571103333],[3.963150556,43.571069444],[3.963155,43.571030556],[3.963151111,43.570996667],[3.963114167,43.570823056],[3.963107222,43.570788889],[3.963094444,43.570761389],[3.963080833,43.570738889],[3.9630625,43.570713056],[3.963040278,43.570689722],[3.963013611,43.5706675],[3.963252778,43.5705475],[3.963275833,43.570664167],[3.964296389,43.576063333],[3.964371389,43.576477778],[3.964801667,43.578816389],[3.964822222,43.578918333],[3.964838611,43.578980556],[3.964868611,43.579024444],[3.964898056,43.579058611],[3.964946389,43.579088611],[3.9649925,43.579113889],[3.965031111,43.579131389],[3.965075,43.579143889],[3.965119722,43.579152222],[3.965161944,43.579157222],[3.965228889,43.579155],[3.9652725,43.579150278],[3.965304444,43.579144722],[3.965331944,43.579141667],[3.9653525,43.5791325],[3.965420833,43.579093889],[3.969231667,43.57717],[3.972412778,43.575563889],[3.975575556,43.573974444],[3.9781375,43.572682778],[3.979745833,43.571872778],[3.979856944,43.571817222],[3.979958611,43.571770278],[3.980066944,43.571731944],[3.980179167,43.571701667],[3.980311111,43.571675556],[3.980445833,43.571665278],[3.980557222,43.571662778],[3.980676944,43.571666389],[3.9808025,43.571683333],[3.980929167,43.571709444],[3.981061111,43.571752222],[3.981146111,43.571785556],[3.981224444,43.571821944],[3.981313056,43.571870833],[3.9813825,43.57192],[3.981444167,43.571966667],[3.9815025,43.572025833],[3.981585,43.572109444],[3.981332222,43.572234722],[3.981251667,43.572161667],[3.981216667,43.572133056],[3.981164167,43.572097778],[3.98111,43.57206],[3.981038333,43.572025278],[3.980975,43.571995278],[3.980901111,43.5719675],[3.980815556,43.571939722],[3.980734722,43.571921667],[3.98065,43.571911111],[3.980553333,43.571905278],[3.980464167,43.571905556],[3.980370556,43.571913889],[3.980289444,43.571928611],[3.980201389,43.571953889],[3.980118333,43.571980278],[3.980020278,43.572015278],[3.979871667,43.572081944],[3.979675,43.57217],[3.979444167,43.572284167],[3.978303889,43.572849444],[3.975711667,43.574148889],[3.974583056,43.574718611],[3.970165833,43.576942222],[3.970150278,43.576949444],[3.970128056,43.576971111],[3.970092222,43.577008611],[3.970063056,43.577047222],[3.9700375,43.577090833],[3.970014444,43.577139444],[3.970003889,43.577182222],[3.969998333,43.577244167],[3.969999444,43.577293889],[3.970007778,43.577343333],[3.970023889,43.577387778],[3.970041944,43.577421667],[3.970074722,43.577470556],[3.970127778,43.577537222],[3.970227778,43.5776575],[3.970338333,43.577768333],[3.970103889,43.577883889],[3.970068611,43.577848056],[3.97,43.577781667],[3.969866667,43.57768],[3.969789722,43.577624722],[3.96975,43.5776],[3.969701111,43.577576944],[3.969640556,43.577557222],[3.9695725,43.577538889],[3.969499444,43.577525833],[3.969421389,43.577517222],[3.969338889,43.577510278],[3.969280556,43.577511111],[3.969203333,43.577514722],[3.969115833,43.5775225],[3.9690275,43.577538611],[3.968925278,43.577567778],[3.968832222,43.5776025],[3.9687275,43.577650556],[3.961243611,43.581419722],[3.960916111,43.581585556],[3.960663889,43.581713056],[3.960336667,43.581873056],[3.960111389,43.581989167],[3.960052222,43.582024444],[3.960003889,43.582063889],[3.959951667,43.58212],[3.959911389,43.582172222],[3.959894444,43.582208611],[3.959877778,43.582259444],[3.959868611,43.582308056],[3.959868056,43.582388056],[3.959869167,43.582417778],[3.959875278,43.582447222],[3.959884722,43.582471667],[3.959899444,43.582505],[3.95992,43.582538056],[3.959942778,43.582568611],[3.959978056,43.582605833],[3.960013889,43.582638056],[3.960058333,43.582672778],[3.960120556,43.582713333],[3.960171667,43.582738056],[3.960223333,43.582756389],[3.960113056,43.582912778],[3.959759167,43.582790556],[3.959680556,43.582789722],[3.959612222,43.58279],[3.959573056,43.582792222],[3.959539167,43.582796389],[3.959512778,43.582802222],[3.959491944,43.582809444],[3.959468889,43.582821111],[3.959456111,43.582830833],[3.959449444,43.582842222],[3.959438056,43.582867778],[3.959427778,43.582907778],[3.959415833,43.582998333],[3.959532222,43.583240833],[3.959258889,43.58331],[3.959215278,43.583253611],[3.959158611,43.583189167],[3.959118889,43.583147222],[3.959049722,43.583085833],[3.959006111,43.583049444],[3.958966944,43.583017222],[3.958916944,43.582987222],[3.958856111,43.5829575],[3.958788611,43.582935556],[3.958721944,43.582922222],[3.958635278,43.582915556],[3.958560833,43.582913056],[3.958500833,43.582916389],[3.958428611,43.582924444],[3.9583475,43.58294],[3.958261111,43.582963056],[3.958134722,43.5830075],[3.957993611,43.58306],[3.957877222,43.583114722],[3.957726667,43.583191111],[3.956606389,43.5837525],[3.956365556,43.583873056],[3.955935278,43.584091944],[3.955744167,43.584199167],[3.9555775,43.584310278],[3.955424444,43.584411111],[3.955345556,43.584475],[3.955292778,43.584535],[3.955253056,43.584586389],[3.9552225,43.584637222],[3.955196111,43.584691111],[3.9551775,43.584738056],[3.955167778,43.584782778],[3.955161944,43.584839167],[3.955164167,43.584915278],[3.9551775,43.584984167],[3.955196111,43.58504],[3.955227222,43.585103611],[3.955260833,43.585163056],[3.955307778,43.585225833],[3.955343889,43.585267222],[3.955379167,43.585306944],[3.955110556,43.585443333],[3.955034444,43.585362222],[3.954972778,43.585285],[3.954915556,43.585204167],[3.954870278,43.585115],[3.954841111,43.585033056],[3.954826111,43.584935278],[3.954823611,43.584854444],[3.954831667,43.584759167],[3.954850278,43.584671944],[3.954883333,43.584590833],[3.954928611,43.584504167],[3.954986389,43.584421944],[3.95505,43.584349444],[3.955130556,43.584274722],[3.955218333,43.584213333],[3.955306111,43.584161111],[3.955411111,43.584106111],[3.955552778,43.584031944],[3.955870278,43.583874722],[3.956325833,43.583645833],[3.956781389,43.583416944],[3.957246667,43.583181944],[3.957563889,43.583024444],[3.957633056,43.582989167],[3.957701389,43.582948333],[3.957758333,43.582909722],[3.957841389,43.582848611],[3.95789,43.582811111],[3.957932222,43.582774167],[3.957960556,43.582742778],[3.957995833,43.582699722],[3.958026667,43.582653889],[3.958053333,43.582598056],[3.9580675,43.582533889],[3.958067778,43.582481111],[3.958061667,43.582436389],[3.958043889,43.582386944],[3.958020833,43.582346111],[3.9579875,43.582303611],[3.957940556,43.582251944],[3.957876111,43.582196389],[3.957792778,43.582141111],[3.957731944,43.582108333],[3.957628889,43.582061389],[3.957431944,43.581970556],[3.957335833,43.581926389],[3.957875556,43.581666111],[3.957885556,43.581699167],[3.957914722,43.581754722],[3.957957778,43.581813889],[3.958006667,43.581869444],[3.9580425,43.581900556],[3.958082778,43.581927222],[3.958151111,43.581958611],[3.958316667,43.582020278],[3.958576389,43.582113611],[3.958683889,43.582153056],[3.958751389,43.582174722],[3.958827222,43.582192778],[3.958876111,43.582202222],[3.958931389,43.58221],[3.959014167,43.582215],[3.959084722,43.582212778],[3.959125556,43.582206944],[3.959180556,43.582194167],[3.959244444,43.582173056],[3.9593,43.582150833],[3.959549722,43.582051667],[3.959745278,43.581955833],[3.9599475,43.581851111],[3.960425278,43.581611667],[3.960780278,43.581432778],[3.961108611,43.581269722],[3.9611925,43.58121],[3.9616725,43.580963333],[3.961737222,43.580929722],[3.961958611,43.580796667],[3.962073611,43.580721667],[3.96215,43.580664722],[3.962216667,43.580605833],[3.962248333,43.580569722],[3.962277222,43.580529167],[3.962296389,43.580480278],[3.962301389,43.580434444],[3.962293333,43.580386944],[3.962278333,43.580334444],[3.962245833,43.580267222],[3.962209444,43.580206111],[3.962166111,43.580149722],[3.962114167,43.580095833],[3.962013056,43.580007778],[3.961946111,43.579955278],[3.961873333,43.579902222],[3.962200556,43.579731667],[3.962291667,43.579828056],[3.962395833,43.579928056],[3.96247,43.579991944],[3.962541667,43.580047778],[3.962610833,43.580092778],[3.962678889,43.580128889],[3.9627575,43.580163333],[3.962838056,43.580190833],[3.9629025,43.580201111],[3.962958056,43.580200278],[3.963028611,43.58019],[3.963111111,43.58017],[3.963177778,43.580150833],[3.963275556,43.580118333],[3.963374722,43.5800875],[3.963528611,43.580023333],[3.9635975,43.579993056],[3.9641625,43.579734722],[3.964313056,43.579658333],[3.9643925,43.579614167],[3.964414722,43.579601667],[3.964440833,43.5795825],[3.9644625,43.579562222],[3.964531667,43.579490556],[3.964565833,43.579442778],[3.964585278,43.579396111],[3.964598333,43.579332222],[3.964596667,43.579201111],[3.964563056,43.578983056],[3.964498889,43.578659444],[3.964401944,43.578128333],[3.964385,43.578083333],[3.964358889,43.578042778],[3.964303611,43.577994444],[3.964221667,43.577945],[3.9640225,43.576735278],[3.964055833,43.576740278],[3.964083611,43.576738056],[3.964116944,43.576730556],[3.964140278,43.576713889],[3.964164167,43.576687222],[3.964180556,43.5766625],[3.964193889,43.576628889],[3.964196944,43.576598889],[3.964187778,43.576554722]]]}},{"type":"Feature","id":"LFMT-ffb7d31f6ac1081ea199","properties":{"airport":"LFMT","name":"LFMT AVISO","layer":"Airfield surfaces","category":"Runways","object_type":"Area","style_id":"polygon.runwayconcrete.555555","source_group":"LFMT AVISO","vsmr_group_ids":[],"geometry_role":"filled_region"},"geometry":{"type":"Polygon","coordinates":[[[3.960830278,43.583875278],[3.960783056,43.583911944],[3.960742222,43.583939722],[3.960688889,43.583968611],[3.960645,43.583993611],[3.960611667,43.584016111],[3.960581111,43.584041944],[3.96056,43.584071389],[3.960545278,43.584105278],[3.960531944,43.584151667],[3.960519167,43.584216111],[3.960514167,43.584265],[3.960519167,43.584308056],[3.960537222,43.584353611],[3.960563056,43.584413333],[3.960603889,43.584478333],[3.960650278,43.584554722],[3.960698056,43.584618611],[3.960756389,43.584686389],[3.9608125,43.584744167],[3.960830833,43.584764722],[3.960587222,43.584886667],[3.960489444,43.584786667],[3.960435,43.584731111],[3.960387222,43.584694444],[3.960336944,43.584656944],[3.960282222,43.584616111],[3.960226389,43.584576944],[3.960165,43.584541667],[3.960108333,43.584510556],[3.960049444,43.584488889],[3.959965,43.584466111],[3.959891389,43.584461111],[3.959821111,43.584461111],[3.959755,43.584464167],[3.959691667,43.584474444],[3.959632778,43.584490833],[3.959575556,43.584509722],[3.959505833,43.584538056],[3.959431667,43.584575833],[3.955945278,43.58633],[3.955518333,43.585880278],[3.955522778,43.585865556],[3.955094167,43.585426111],[3.955361389,43.585288333],[3.955404444,43.585335278],[3.955432778,43.585357778],[3.955465278,43.585378333],[3.9556,43.585466667],[3.955668889,43.5855075],[3.955719167,43.585521944],[3.955783889,43.585535556],[3.955865278,43.585546389],[3.955970278,43.585553611],[3.956066389,43.585551389],[3.956138056,43.585546389],[3.956196111,43.585535556],[3.956248889,43.585516111],[3.956302222,43.585488056],[3.959203611,43.58403],[3.959266667,43.583995556],[3.9592775,43.583982222],[3.959285556,43.583964167],[3.959288889,43.583942778],[3.959305,43.583915278],[3.95933,43.583860833],[3.959355556,43.583803333],[3.959372778,43.583746111],[3.959380833,43.583688889],[3.959381944,43.583645],[3.959373889,43.583586944],[3.959349444,43.583490556],[3.959319444,43.583401944],[3.959307778,43.583377222],[3.959293333,43.583356389],[3.959274167,43.583331389],[3.9592575,43.583310278],[3.959242778,43.583290278],[3.959521667,43.583218889],[3.959600833,43.5833775],[3.959625278,43.583428611],[3.959645556,43.583466944],[3.959665278,43.583493611],[3.959700833,43.583536667],[3.959738611,43.583568611],[3.959778333,43.583597222],[3.959811667,43.583611944],[3.959849722,43.583625833],[3.959881389,43.583633333],[3.959911667,43.583635556],[3.959939444,43.583636667],[3.959959167,43.583633611],[3.959980556,43.58363],[3.960000556,43.583621667],[3.960027778,43.583609722],[3.960555278,43.583356389],[3.960610833,43.5833275],[3.960626667,43.583315833],[3.960641944,43.583303333],[3.960649444,43.583291111],[3.960652778,43.583276111],[3.960653056,43.583247222],[3.960650278,43.583213611],[3.960641944,43.583186389],[3.960624167,43.583153889],[3.960600278,43.583123056],[3.960573889,43.583098611],[3.960548611,43.583078611],[3.960514444,43.583057222],[3.960473611,43.583040278],[3.960438889,43.583027778],[3.960086667,43.582903333],[3.960193889,43.582745],[3.960741944,43.582936944],[3.960830278,43.582963333],[3.960895556,43.582975278],[3.960928611,43.582978333],[3.961016667,43.5829875],[3.961096111,43.582991944],[3.961169722,43.582991111],[3.961253333,43.582981667],[3.961302222,43.582972222],[3.961328333,43.582962222],[3.961373611,43.582941111],[3.970052778,43.578576111],[3.970092222,43.578551389],[3.97012,43.578526667],[3.970151389,43.578484722],[3.970177222,43.578439167],[3.970205278,43.578367778],[3.970226389,43.5783025],[3.970237222,43.578233889],[3.970236389,43.578166667],[3.970228333,43.5780925],[3.970216667,43.578040833],[3.970199722,43.577996944],[3.970180278,43.577962778],[3.970152778,43.577929167],[3.9701225,43.577898611],[3.970084444,43.5778625],[3.970315556,43.577749167],[3.970389722,43.577811944],[3.970448333,43.577850556],[3.970545,43.577903333],[3.970639444,43.577945278],[3.970725556,43.577976944],[3.9708175,43.578005],[3.970890556,43.57802],[3.971002778,43.578035833],[3.971083056,43.578044167],[3.971113611,43.578042778],[3.971136667,43.578033056],[3.971166944,43.578018056],[3.971739444,43.577730278],[3.971775833,43.577727778],[3.971825278,43.577703333],[3.9809925,43.573082778],[3.981045278,43.573054167],[3.981058056,43.573038056],[3.981078889,43.573021667],[3.981137778,43.572991111],[3.981195556,43.572956667],[3.981238611,43.572926667],[3.981280556,43.572886944],[3.981309167,43.572853056],[3.981335833,43.572812222],[3.981371944,43.572758611],[3.981395556,43.572706111],[3.981406944,43.572658056],[3.981425833,43.572591111],[3.981431111,43.572525833],[3.981440278,43.572466111],[3.981435556,43.572411389],[3.981426667,43.572370556],[3.981409167,43.572326111],[3.981379167,43.572284444],[3.981346389,43.572246389],[3.981313056,43.572217222],[3.981566667,43.5720925],[3.982428611,43.572980278],[3.960830278,43.583875278]]]}},{"type":"Feature","id":"LFMT-84b1189ffd8c78136dd7","properties":{"airport":"LFMT","name":"LFMT AVISO","layer":"Airfield surfaces","category":"Runways","object_type":"Area","style_id":"polygon.runwayconcrete.555555","source_group":"LFMT AVISO","vsmr_group_ids":[],"geometry_role":"filled_region"},"geometry":{"type":"Polygon","coordinates":[[[3.9629925,43.570083333],[3.963199444,43.570297222],[3.963206944,43.5703075],[3.963211944,43.5703225],[3.963258611,43.570572778],[3.963035833,43.570685556],[3.963015278,43.570668611],[3.962996111,43.570657222],[3.96297,43.570643333],[3.962938056,43.570627778],[3.9629,43.570614167],[3.962862778,43.570603056],[3.962824444,43.570596389],[3.962776944,43.570593333],[3.962733056,43.570593611],[3.962685556,43.570596944],[3.96263,43.570606667],[3.962584167,43.570619167],[3.962536389,43.570639722],[3.955716944,43.574075278],[3.955630556,43.574131944],[3.955593333,43.574165833],[3.95555,43.574195833],[3.955404167,43.574269167],[3.955239722,43.574355556],[3.955125833,43.574431111],[3.955044167,43.574497778],[3.954960556,43.5745875],[3.954903611,43.574656667],[3.954838333,43.574757222],[3.954806667,43.574829722],[3.954784444,43.574904167],[3.954771944,43.574963333],[3.954764444,43.575033056],[3.95458,43.575034167],[3.954582222,43.57499],[3.954589722,43.574930278],[3.954600278,43.574879722],[3.954614167,43.574831667],[3.954630278,43.574785833],[3.95465,43.574741944],[3.954671944,43.574699167],[3.9546975,43.574653333],[3.954724722,43.574610833],[3.954741667,43.574583333],[3.954744444,43.574575833],[3.954744167,43.574571389],[3.9547425,43.574569444],[3.954738333,43.574570278],[3.954709444,43.574585],[3.953461944,43.575212778],[3.953436389,43.575229167],[3.953414722,43.575246389],[3.953396389,43.575265278],[3.953375556,43.575289722],[3.953361111,43.575311667],[3.953342778,43.575345833],[3.953333333,43.575372778],[3.953328889,43.575400278],[3.953328333,43.575431944],[3.953331944,43.575465833],[3.953338889,43.575488333],[3.953351667,43.5755175],[3.953365278,43.575541667],[3.953387222,43.575570278],[3.953444167,43.575626111],[3.953293889,43.575703889],[3.953273056,43.575683333],[3.953251944,43.575665833],[3.9532275,43.575645],[3.953205278,43.575628056],[3.953179444,43.575610278],[3.953147222,43.575589722],[3.953113056,43.575570278],[3.953085556,43.575555833],[3.953054444,43.575544722],[3.953024722,43.575537778],[3.953000556,43.5755325],[3.952973611,43.575530278],[3.952945,43.575529444],[3.95292,43.575531111],[3.952890833,43.575533611],[3.952853056,43.575542778],[3.952823056,43.575548889],[3.952797222,43.575555556],[3.952770556,43.575563333],[3.952743333,43.575573333],[3.952006111,43.575945556],[3.951793333,43.575723889],[3.9629925,43.570083333]]]}},{"type":"Feature","id":"LFMT-0555e54a39b3e6cce87a","properties":{"airport":"LFMT","name":"LFMT AVISO","layer":"Airfield surfaces","category":"Hard Surface 3","object_type":"Area","style_id":"polygon.hardsurface3.8a807f","source_group":"LFMT AVISO","vsmr_group_ids":[],"geometry_role":"filled_region"},"geometry":{"type":"Polygon","coordinates":[[[3.951727778,43.577064722],[3.951719722,43.577071667],[3.951712222,43.577079722],[3.951703889,43.577091389],[3.951697222,43.577108889],[3.951688056,43.577133889],[3.951675,43.577171944],[3.951669444,43.577196111],[3.951661111,43.577212222],[3.951648056,43.577236667],[3.951636389,43.577254722],[3.951626944,43.577266944],[3.951615,43.577277222],[3.951597222,43.577291389],[3.951556667,43.577313333],[3.951500556,43.577341944],[3.950515556,43.577836111],[3.95045,43.577868611],[3.950420556,43.577883611],[3.950391389,43.577900556],[3.950381389,43.577909167],[3.950376944,43.577922778],[3.949915833,43.577955278],[3.949932222,43.578136389],[3.9495025,43.578170278],[3.949463611,43.57778],[3.949983056,43.577523333],[3.950007778,43.577519167],[3.950036111,43.577517222],[3.950063056,43.577517222],[3.950094722,43.577518333],[3.950121111,43.577523056],[3.950143333,43.577531111],[3.950164444,43.577536944],[3.950184722,43.577540278],[3.950206111,43.577541111],[3.950235278,43.57754],[3.950263611,43.577530556],[3.950294444,43.577516944],[3.951345556,43.577],[3.951362222,43.5769925],[3.951375556,43.576987222],[3.951388889,43.576985833],[3.951411111,43.576986111],[3.951486389,43.576991111],[3.951505,43.576995],[3.951526389,43.576998611],[3.951558611,43.577001944],[3.951591667,43.577004722],[3.951616667,43.577005833],[3.951644444,43.577003333],[3.951655278,43.577001667],[3.951662778,43.576998889],[3.951727778,43.577064722]]]}},{"type":"Feature","id":"LFMT-9f2f09f6f0ec4ba448de","properties":{"airport":"LFMT","name":"LFMT AVISO","layer":"Airfield surfaces","category":"Hard Surface 3","object_type":"Area","style_id":"polygon.hardsurface3.8a807f","source_group":"LFMT AVISO","vsmr_group_ids":[],"geometry_role":"filled_region"},"geometry":{"type":"Polygon","coordinates":[[[3.953976389,43.576630278],[3.953972778,43.576636667],[3.953974167,43.576646667],[3.953975556,43.576662222],[3.953976667,43.576680556],[3.9539775,43.57669],[3.953978333,43.576710278],[3.953975833,43.576722778],[3.953969722,43.576739722],[3.953958611,43.576764444],[3.953943056,43.576785556],[3.953915833,43.576811667],[3.953886389,43.576834167],[3.95385,43.576853611],[3.953815278,43.576865],[3.953778056,43.5768725],[3.953739444,43.576876389],[3.9537025,43.576874722],[3.953661667,43.576868056],[3.953620833,43.576854444],[3.953578056,43.576836944],[3.953542778,43.576810556],[3.9535175,43.576784722],[3.953499722,43.576760556],[3.953489444,43.576733056],[3.953480833,43.576703333],[3.953479444,43.576675],[3.953487222,43.5766425],[3.9535025,43.576615],[3.953525833,43.576588611],[3.953556111,43.576563333],[3.953588056,43.576545833],[3.953625278,43.576530278],[3.953661111,43.576519167],[3.953697222,43.576514444],[3.953736667,43.576513056],[3.953774167,43.576516389],[3.953806944,43.576523333],[3.9538425,43.576532778],[3.953866111,43.576539722],[3.953880278,43.576542222],[3.953888611,43.576541389],[3.953976389,43.576630278]]]}},{"type":"Feature","id":"LFMT-7377542c926716f0c569","properties":{"airport":"LFMT","name":"LFMT AVISO","layer":"Airfield surfaces","category":"Hard Surface 3","object_type":"Area","style_id":"polygon.hardsurface3.8a807f","source_group":"LFMT AVISO","vsmr_group_ids":[],"geometry_role":"filled_region"},"geometry":{"type":"Polygon","coordinates":[[[3.954765,43.577021667],[3.954786389,43.577038333],[3.954803333,43.577046667],[3.954822222,43.577053056],[3.9548475,43.57706],[3.9548825,43.577068889],[3.954915833,43.577078611],[3.954950833,43.577093889],[3.954967222,43.577104444],[3.954978889,43.57712],[3.954982222,43.5771325],[3.955195833,43.579173056],[3.955124167,43.579209444],[3.955011667,43.579250833],[3.954833611,43.579309167],[3.954718889,43.57934],[3.954608333,43.579359444],[3.954476389,43.579375],[3.953970278,43.579408889],[3.953945278,43.579158889],[3.953746389,43.577343056],[3.95462,43.577286389],[3.954612222,43.577174444],[3.954600556,43.577153333],[3.954596944,43.577138611],[3.954586944,43.577070833],[3.954578889,43.5770525],[3.954566389,43.577035],[3.954556111,43.577018333],[3.954366111,43.576823889],[3.954514722,43.576746944],[3.954535556,43.576768333],[3.954765,43.577021667]]]}},{"type":"Feature","id":"LFMT-9c1e58a65ac635635ea1","properties":{"airport":"LFMT","name":"LFMT AVISO","layer":"Airfield surfaces","category":"Hard Surface 3","object_type":"Area","style_id":"polygon.hardsurface3.8a807f","source_group":"LFMT AVISO","vsmr_group_ids":[],"geometry_role":"filled_region"},"geometry":{"type":"Polygon","coordinates":[[[3.9548925,43.576239167],[3.954901667,43.576253611],[3.9549125,43.576265556],[3.954985,43.576342778],[3.954925833,43.576374167],[3.954858889,43.576301944],[3.9548525,43.576298611],[3.954843889,43.5762975],[3.954838889,43.576297778],[3.954833611,43.576300278],[3.9548275,43.576306389],[3.954705,43.576311944],[3.954662222,43.575965556],[3.954845,43.575875],[3.954885833,43.576220833],[3.9548925,43.576239167]]]}},{"type":"Feature","id":"LFMT-2c5bb3e4ac831551c649","properties":{"airport":"LFMT","name":"LFMT AVISO","layer":"Airfield surfaces","category":"Hard Surface 3","object_type":"Area","style_id":"polygon.hardsurface3.8a807f","source_group":"LFMT AVISO","vsmr_group_ids":[],"geometry_role":"filled_region"},"geometry":{"type":"Polygon","coordinates":[[[3.956141111,43.5755125],[3.956304167,43.575684167],[3.955380833,43.576150278],[3.955029167,43.575784444],[3.955125278,43.575735556],[3.955251667,43.575869167],[3.955333056,43.575827778],[3.955425833,43.575923056],[3.955483611,43.575898889],[3.955514444,43.575884167],[3.955530278,43.575874444],[3.955539722,43.575864722],[3.955546667,43.575853889],[3.955545556,43.57584],[3.955537222,43.575825278],[3.955523333,43.575808611],[3.955350833,43.575625],[3.955455833,43.575573333],[3.955639722,43.575770556],[3.956141111,43.5755125]]]}},{"type":"Feature","id":"LFMT-9e47c68a24039818c181","properties":{"airport":"LFMT","name":"LFMT AVISO","layer":"Airfield surfaces","category":"Hard Surface 3","object_type":"Area","style_id":"polygon.hardsurface3.8a807f","source_group":"LFMT AVISO","vsmr_group_ids":[],"geometry_role":"filled_region"},"geometry":{"type":"Polygon","coordinates":[[[3.957205278,43.576221944],[3.956601944,43.575586111],[3.9567575,43.575511111],[3.9568025,43.575488889],[3.956819444,43.5754775],[3.956831111,43.575464722],[3.956843056,43.575449167],[3.9568475,43.575425556],[3.956842222,43.575403056],[3.956833889,43.575382222],[3.956816111,43.575357222],[3.956514722,43.575042778],[3.956613889,43.574991944],[3.957605833,43.576030278],[3.957205278,43.576221944]]]}},{"type":"Feature","id":"LFMT-f3cecd7164c67a0673ab","properties":{"airport":"LFMT","name":"LFMT AVISO","layer":"Airfield surfaces","category":"Hard Surface 3","object_type":"Area","style_id":"polygon.hardsurface3.8a807f","source_group":"LFMT AVISO","vsmr_group_ids":[],"geometry_role":"filled_region"},"geometry":{"type":"Polygon","coordinates":[[[3.959805833,43.574447222],[3.959837778,43.574470556],[3.959862778,43.574484167],[3.959883889,43.574505556],[3.959899444,43.574526111],[3.959909167,43.574540556],[3.959912222,43.574553611],[3.959913889,43.574567778],[3.959913333,43.574587222],[3.959912778,43.574605],[3.959907778,43.574617222],[3.959902222,43.574628056],[3.959888889,43.574643056],[3.959881944,43.5746575],[3.959877222,43.57467],[3.959878611,43.574686389],[3.959879722,43.574715556],[3.959895556,43.574959167],[3.959901111,43.574971944],[3.959908056,43.574979444],[3.959916944,43.574987778],[3.959931389,43.574994444],[3.959931944,43.574994722],[3.959946111,43.575000278],[3.959964722,43.575006667],[3.9599775,43.575011111],[3.9599925,43.575014722],[3.960005556,43.575017778],[3.960176389,43.575016667],[3.960209167,43.575761389],[3.959597222,43.575782778],[3.959579167,43.575053611],[3.959741111,43.57505],[3.959738611,43.574976111],[3.959310556,43.575000833],[3.959308889,43.574620833],[3.959714722,43.574606389],[3.959700833,43.574569722],[3.959685278,43.574537778],[3.959661111,43.5745025],[3.959626944,43.574462222],[3.959583611,43.574416389],[3.959707778,43.574356111],[3.959767222,43.574414722],[3.959805833,43.574447222]]]}},{"type":"Feature","id":"LFMT-cda3522d4f425df17394","properties":{"airport":"LFMT","name":"LFMT AVISO","layer":"Airfield surfaces","category":"Hard Surface 3","object_type":"Area","style_id":"polygon.hardsurface3.8a807f","source_group":"LFMT AVISO","vsmr_group_ids":[],"geometry_role":"filled_region"},"geometry":{"type":"Polygon","coordinates":[[[3.963549444,43.574801389],[3.963526111,43.5748075],[3.963505,43.574816667],[3.963474167,43.574833611],[3.963449722,43.574850833],[3.9634325,43.574869722],[3.963418056,43.574889722],[3.963403056,43.574911944],[3.963395556,43.574934167],[3.963393611,43.574956944],[3.963394167,43.574986389],[3.963399722,43.575030556],[3.963410556,43.575096944],[3.963496389,43.575572778],[3.962998056,43.575621111],[3.962847778,43.574761389],[3.963556111,43.574696389],[3.963574444,43.574796111],[3.963549444,43.574801389]]]}},{"type":"Feature","id":"LFMT-84e320edf08bc013d11d","properties":{"airport":"LFMT","name":"LFMT AVISO","layer":"Airfield surfaces","category":"Hard Surface 3","object_type":"Area","style_id":"polygon.hardsurface3.8a807f","source_group":"LFMT AVISO","vsmr_group_ids":[],"geometry_role":"filled_region"},"geometry":{"type":"Polygon","coordinates":[[[3.96394,43.576147222],[3.963916389,43.576152222],[3.963905,43.576156944],[3.963891667,43.576168611],[3.9638775,43.576184444],[3.963866111,43.576203333],[3.963858889,43.576222778],[3.963854444,43.576253056],[3.963857778,43.57628],[3.963919167,43.576634444],[3.9639275,43.576659444],[3.963932222,43.576676667],[3.963943889,43.576693333],[3.963959167,43.576706111],[3.963976389,43.576716389],[3.963999722,43.5767275],[3.964018056,43.576735278],[3.964041389,43.576739167],[3.964075,43.576740833],[3.964278889,43.577976944],[3.964258611,43.577965278],[3.964241667,43.577954167],[3.964221944,43.577945],[3.964203611,43.577934444],[3.964173889,43.577923611],[3.964144722,43.577913889],[3.964102222,43.577905833],[3.964057778,43.5779025],[3.964001944,43.577906389],[3.963955278,43.577912222],[3.963915,43.577921389],[3.963875833,43.577933056],[3.963830278,43.577950278],[3.963761111,43.577981944],[3.962278611,43.578726111],[3.962211667,43.578761667],[3.962158611,43.578790278],[3.962094444,43.578831389],[3.962036111,43.578879444],[3.961988889,43.5789225],[3.961945833,43.578966667],[3.961902778,43.579018056],[3.961864722,43.579067222],[3.961852222,43.579103056],[3.961851111,43.57914],[3.961851944,43.579176944],[3.961863056,43.579230833],[3.961874722,43.579286111],[3.961902778,43.579355833],[3.961941111,43.579422222],[3.962001944,43.579504444],[3.962049444,43.579565833],[3.962101389,43.579622778],[3.9621775,43.579707222],[3.962284167,43.579820278],[3.961978611,43.57998],[3.96195,43.579959167],[3.961914444,43.579931667],[3.961873889,43.579903611],[3.9618525,43.579888889],[3.961813889,43.579865278],[3.961779444,43.579848611],[3.961735278,43.5798325],[3.9616725,43.579823056],[3.961608611,43.579816389],[3.96155,43.579814444],[3.961483333,43.579814722],[3.96141,43.579823611],[3.961348611,43.579835833],[3.961286111,43.5798525],[3.961234722,43.5798675],[3.961183333,43.579884167],[3.961104444,43.579915833],[3.960996944,43.579961389],[3.960788611,43.5800575],[3.960287778,43.580299167],[3.959920278,43.580489722],[3.959873056,43.580509444],[3.959837222,43.580520278],[3.959769722,43.580534722],[3.9594625,43.580588611],[3.959411111,43.580595556],[3.959371389,43.580603056],[3.959305833,43.580623056],[3.9591575,43.580674444],[3.959051389,43.580711389],[3.958944722,43.580751667],[3.958839167,43.580803056],[3.958746389,43.580853333],[3.958614167,43.580926944],[3.958525278,43.5809775],[3.958375278,43.5810675],[3.958209167,43.581168889],[3.958083333,43.581250556],[3.9580175,43.581295556],[3.957970833,43.581342222],[3.957940833,43.581381389],[3.957916667,43.5814225],[3.957893889,43.581461667],[3.957883056,43.581495833],[3.957876944,43.581530833],[3.95787,43.581566944],[3.95787,43.581598056],[3.957870556,43.581626389],[3.957873333,43.581653889],[3.957886111,43.581703056],[3.957384444,43.581948056],[3.957335278,43.581928333],[3.957151389,43.581861944],[3.956473611,43.5816225],[3.956341667,43.581576944],[3.956300556,43.581564722],[3.956250556,43.581563889],[3.956174167,43.581569167],[3.956096667,43.581584444],[3.956021667,43.581605833],[3.955935,43.58164],[3.955805833,43.581701389],[3.955599722,43.581805],[3.953605833,43.582806667],[3.953118889,43.582301944],[3.954796389,43.581452778],[3.954355833,43.5809875],[3.954466389,43.580978611],[3.954641944,43.5808075],[3.954735556,43.580788333],[3.954779722,43.580767778],[3.954836111,43.580730833],[3.9548725,43.5807025],[3.955690833,43.580290556],[3.955731111,43.580276111],[3.955774722,43.580275],[3.955808611,43.580291389],[3.956310556,43.580826944],[3.958411667,43.579766944],[3.958935556,43.579504167],[3.958963889,43.579473333],[3.959101667,43.579408333],[3.959421667,43.579361944],[3.959571944,43.579310278],[3.959663889,43.579265556],[3.959721389,43.579240278],[3.959812222,43.579183611],[3.959868611,43.5791525],[3.959988889,43.579038333],[3.960038056,43.578983889],[3.960074167,43.578938056],[3.960101389,43.578895556],[3.960145278,43.578818333],[3.960175556,43.578771944],[3.960192222,43.578740556],[3.960213889,43.578720278],[3.960243611,43.5787025],[3.960717778,43.578463611],[3.963860278,43.576855],[3.963764444,43.576726111],[3.963651111,43.576033611],[3.963915278,43.576005556],[3.96394,43.576147222]]]}},{"type":"Feature","id":"LFMT-497339cca0f483b9c45f","properties":{"airport":"LFMT","name":"LFMT AVISO","layer":"Airfield surfaces","category":"Hard Surface 3","object_type":"Area","style_id":"polygon.hardsurface3.8a807f","source_group":"LFMT AVISO","vsmr_group_ids":[],"geometry_role":"filled_region"},"geometry":{"type":"Polygon","coordinates":[[[3.961502222,43.585471389],[3.9617175,43.585700833],[3.964395833,43.588516111],[3.962709444,43.589363889],[3.962225556,43.588853889],[3.962929722,43.588484167],[3.9630125,43.588438889],[3.963071111,43.5884025],[3.963150278,43.588346389],[3.963200278,43.588308889],[3.963250278,43.588275556],[3.9632925,43.588238333],[3.963336111,43.588175556],[3.963365833,43.588116667],[3.963381111,43.588052778],[3.963384444,43.587984167],[3.963367222,43.5879175],[3.963329167,43.587836944],[3.963288611,43.587760556],[3.963245556,43.5876925],[3.962944167,43.587349444],[3.961269444,43.585588611],[3.961502222,43.585471389]]]}},{"type":"Feature","id":"LFMT-e4ecd44be7e4efd9e325","properties":{"airport":"LFMT","name":"LFMT AVISO","layer":"Buildings and structures","category":"Buildings","object_type":"Area","style_id":"polygon.building.394446","source_group":"LFMT AVISO","vsmr_group_ids":[],"geometry_role":"filled_region"},"geometry":{"type":"Polygon","coordinates":[[[3.959458889,43.577923056],[3.960028889,43.577636944],[3.960129722,43.577741389],[3.959562778,43.578030556],[3.959458889,43.577923056]]]}},{"type":"Feature","id":"LFMT-d673fc9a5d77fbd290e5","properties":{"airport":"LFMT","name":"LFMT AVISO","layer":"Buildings and structures","category":"Buildings","object_type":"Area","style_id":"polygon.building.394446","source_group":"LFMT AVISO","vsmr_group_ids":[],"geometry_role":"filled_region"},"geometry":{"type":"Polygon","coordinates":[[[3.963114167,43.590079167],[3.962858333,43.590208333],[3.962330278,43.589648889],[3.962584722,43.589521111],[3.963114167,43.590079167]]]}},{"type":"Feature","id":"LFMT-220cb2d61a25b5b480e6","properties":{"airport":"LFMT","name":"LFMT AVISO","layer":"Buildings and structures","category":"Buildings","object_type":"Area","style_id":"polygon.building.394446","source_group":"LFMT AVISO","vsmr_group_ids":[],"geometry_role":"filled_region"},"geometry":{"type":"Polygon","coordinates":[[[3.962356389,43.588995278],[3.962716667,43.589374722],[3.962288889,43.589590833],[3.961923889,43.589211667],[3.962356389,43.588995278]]]}},{"type":"Feature","id":"LFMT-3329e2ba0995dd606c1a","properties":{"airport":"LFMT","name":"LFMT AVISO","layer":"Buildings and structures","category":"Buildings","object_type":"Area","style_id":"polygon.building.394446","source_group":"LFMT AVISO","vsmr_group_ids":[],"geometry_role":"filled_region"},"geometry":{"type":"Polygon","coordinates":[[[3.961581667,43.590185556],[3.960856944,43.590548056],[3.960776389,43.5904675],[3.960552222,43.590574444],[3.960305,43.590316389],[3.960546389,43.590196944],[3.960316389,43.589945556],[3.961044722,43.589585833],[3.961581667,43.590185556]]]}},{"type":"Feature","id":"LFMT-242b73a24968c0ea30aa","properties":{"airport":"LFMT","name":"LFMT AVISO","layer":"Buildings and structures","category":"Buildings","object_type":"Area","style_id":"polygon.building.394446","source_group":"LFMT AVISO","vsmr_group_ids":[],"geometry_role":"filled_region"},"geometry":{"type":"Polygon","coordinates":[[[3.953411111,43.582118889],[3.953310833,43.582168889],[3.9529075,43.581743611],[3.953575833,43.581406667],[3.953547222,43.581375278],[3.954108056,43.581097222],[3.954191944,43.581183611],[3.954308333,43.581125833],[3.954673333,43.581514722],[3.953434444,43.582141667],[3.953411111,43.582118889]]]}},{"type":"Feature","id":"LFMT-c7b55ff65ded4e74070b","properties":{"airport":"LFMT","name":"LFMT AVISO","layer":"Buildings and structures","category":"Buildings","object_type":"Area","style_id":"polygon.building.394446","source_group":"LFMT AVISO","vsmr_group_ids":[],"geometry_role":"filled_region"},"geometry":{"type":"Polygon","coordinates":[[[3.952428889,43.582234444],[3.952899167,43.582],[3.953154167,43.582268056],[3.952683889,43.582502778],[3.952428889,43.582234444]]]}},{"type":"Feature","id":"LFMT-88de266a75c3765d2528","properties":{"airport":"LFMT","name":"LFMT AVISO","layer":"Buildings and structures","category":"Buildings","object_type":"Area","style_id":"polygon.building.394446","source_group":"LFMT AVISO","vsmr_group_ids":[],"geometry_role":"filled_region"},"geometry":{"type":"Polygon","coordinates":[[[3.952225833,43.581117222],[3.952496111,43.580913333],[3.952718611,43.581075833],[3.952446111,43.581275],[3.952225833,43.581117222]]]}},{"type":"Feature","id":"LFMT-5eb81975a08d640f1650","properties":{"airport":"LFMT","name":"LFMT AVISO","layer":"Buildings and structures","category":"Buildings","object_type":"Area","style_id":"polygon.building.394446","source_group":"LFMT AVISO","vsmr_group_ids":[],"geometry_role":"filled_region"},"geometry":{"type":"Polygon","coordinates":[[[3.951175556,43.581451944],[3.950945,43.581381111],[3.951093056,43.581152222],[3.951179722,43.581179722],[3.951243889,43.581073333],[3.951267222,43.581078611],[3.951335556,43.580976667],[3.951448056,43.581015278],[3.951175556,43.581451944]]]}},{"type":"Feature","id":"LFMT-63a85192104be5fd0387","properties":{"airport":"LFMT","name":"LFMT AVISO","layer":"Buildings and structures","category":"Buildings","object_type":"Area","style_id":"polygon.building.394446","source_group":"LFMT AVISO","vsmr_group_ids":[],"geometry_role":"filled_region"},"geometry":{"type":"Polygon","coordinates":[[[3.951214167,43.581028333],[3.951168611,43.581005556],[3.951190278,43.580981944],[3.951072222,43.580929722],[3.951114722,43.580881667],[3.951280556,43.580953611],[3.951214167,43.581028333]]]}},{"type":"Feature","id":"LFMT-6eb0933a4c3097ba46b8","properties":{"airport":"LFMT","name":"LFMT AVISO","layer":"Buildings and structures","category":"Buildings","object_type":"Area","style_id":"polygon.building.394446","source_group":"LFMT AVISO","vsmr_group_ids":[],"geometry_role":"filled_region"},"geometry":{"type":"Polygon","coordinates":[[[3.950733889,43.581129722],[3.950859167,43.580928056],[3.950978333,43.580966667],[3.950856111,43.581171667],[3.950733889,43.581129722]]]}},{"type":"Feature","id":"LFMT-c9b2d40ab3fe0bdd1a5f","properties":{"airport":"LFMT","name":"LFMT AVISO","layer":"Buildings and structures","category":"Buildings","object_type":"Area","style_id":"polygon.building.394446","source_group":"LFMT AVISO","vsmr_group_ids":[],"geometry_role":"filled_region"},"geometry":{"type":"Polygon","coordinates":[[[3.949326389,43.580068333],[3.949353056,43.580274444],[3.949151111,43.580286389],[3.949085278,43.579962222],[3.95001,43.579910278],[3.950022222,43.580021389],[3.949326389,43.580068333]]]}},{"type":"Feature","id":"LFMT-ac575756c60810e539c6","properties":{"airport":"LFMT","name":"LFMT AVISO","layer":"Buildings and structures","category":"Buildings","object_type":"Area","style_id":"polygon.building.394446","source_group":"LFMT AVISO","vsmr_group_ids":[],"geometry_role":"filled_region"},"geometry":{"type":"Polygon","coordinates":[[[3.951934722,43.580339444],[3.951728333,43.580416111],[3.951292778,43.579834444],[3.951853889,43.579803889],[3.951906944,43.579869167],[3.951658056,43.579965],[3.951934722,43.580339444]]]}},{"type":"Feature","id":"LFMT-a0b8a925f782bf2e589e","properties":{"airport":"LFMT","name":"LFMT AVISO","layer":"Buildings and structures","category":"Buildings","object_type":"Area","style_id":"polygon.building.394446","source_group":"LFMT AVISO","vsmr_group_ids":[],"geometry_role":"filled_region"},"geometry":{"type":"Polygon","coordinates":[[[3.95139,43.5805375],[3.951783333,43.580701111],[3.951683056,43.580825833],[3.951197222,43.580621944],[3.951131667,43.580517222],[3.951458889,43.580380833],[3.951485,43.580416944],[3.95139,43.5805375]]]}},{"type":"Feature","id":"LFMT-34e4458cc6a037881807","properties":{"airport":"LFMT","name":"LFMT AVISO","layer":"Buildings and structures","category":"Buildings","object_type":"Area","style_id":"polygon.building.394446","source_group":"LFMT AVISO","vsmr_group_ids":[],"geometry_role":"filled_region"},"geometry":{"type":"Polygon","coordinates":[[[3.951431389,43.580361111],[3.951232222,43.580436111],[3.950785833,43.579861389],[3.951029722,43.579849444],[3.951116667,43.579928333],[3.951431389,43.580361111]]]}},{"type":"Feature","id":"LFMT-bd287b3107fa12c763a1","properties":{"airport":"LFMT","name":"LFMT AVISO","layer":"Buildings and structures","category":"Buildings","object_type":"Area","style_id":"polygon.building.394446","source_group":"LFMT AVISO","vsmr_group_ids":[],"geometry_role":"filled_region"},"geometry":{"type":"Polygon","coordinates":[[[3.950395556,43.580051389],[3.950160833,43.580063611],[3.950150278,43.579898056],[3.950516389,43.579876111],[3.950841389,43.580286944],[3.950638056,43.580366944],[3.950395556,43.580051389]]]}},{"type":"Feature","id":"LFMT-4baf9be146cfff00635a","properties":{"airport":"LFMT","name":"LFMT AVISO","layer":"Buildings and structures","category":"Buildings","object_type":"Area","style_id":"polygon.building.394446","source_group":"LFMT AVISO","vsmr_group_ids":[],"geometry_role":"filled_region"},"geometry":{"type":"Polygon","coordinates":[[[3.949917222,43.577956389],[3.950296111,43.577933611],[3.950357778,43.578381944],[3.95043,43.578381111],[3.950422222,43.578215833],[3.950668889,43.578201389],[3.950715833,43.578588889],[3.9508625,43.57858],[3.950846667,43.578380278],[3.951058889,43.578369722],[3.95107,43.578417222],[3.951128056,43.578413889],[3.951131944,43.578364167],[3.951226111,43.578359167],[3.951221389,43.578307222],[3.951408889,43.578296667],[3.951439722,43.578525556],[3.951448333,43.578751111],[3.9508925,43.578791944],[3.950863333,43.578626111],[3.950720556,43.578633889],[3.950745556,43.578910556],[3.950497778,43.578920556],[3.950483333,43.578848333],[3.9504075,43.578851944],[3.950420278,43.579044444],[3.950043889,43.579065],[3.949917222,43.577956389]]]}},{"type":"Feature","id":"LFMT-42a551ec284e70bd4f8c","properties":{"airport":"LFMT","name":"LFMT AVISO","layer":"Buildings and structures","category":"Buildings","object_type":"Area","style_id":"polygon.building.394446","source_group":"LFMT AVISO","vsmr_group_ids":[],"geometry_role":"filled_region"},"geometry":{"type":"Polygon","coordinates":[[[3.951928333,43.5790725],[3.951543889,43.579095],[3.951519444,43.578883889],[3.9519075,43.578858889],[3.951928333,43.5790725]]]}},{"type":"Feature","id":"LFMT-1c529a804686bbbac110","properties":{"airport":"LFMT","name":"LFMT AVISO","layer":"Buildings and structures","category":"Buildings","object_type":"Area","style_id":"polygon.building.394446","source_group":"LFMT AVISO","vsmr_group_ids":[],"geometry_role":"filled_region"},"geometry":{"type":"Polygon","coordinates":[[[3.951736944,43.578756111],[3.951686667,43.578269167],[3.951889722,43.578256389],[3.951934722,43.578744722],[3.951736944,43.578756111]]]}},{"type":"Feature","id":"LFMT-10757ad22cc043a2c9e4","properties":{"airport":"LFMT","name":"LFMT AVISO","layer":"Buildings and structures","category":"Buildings","object_type":"Area","style_id":"polygon.building.394446","source_group":"LFMT AVISO","vsmr_group_ids":[],"geometry_role":"filled_region"},"geometry":{"type":"Polygon","coordinates":[[[3.952491667,43.57881],[3.952331111,43.578819444],[3.952301111,43.578532222],[3.95246,43.578519722],[3.952491667,43.57881]]]}},{"type":"Feature","id":"LFMT-427d75bd9c962348abee","properties":{"airport":"LFMT","name":"LFMT AVISO","layer":"Buildings and structures","category":"Buildings","object_type":"Area","style_id":"polygon.building.394446","source_group":"LFMT AVISO","vsmr_group_ids":[],"geometry_role":"filled_region"},"geometry":{"type":"Polygon","coordinates":[[[3.953179167,43.578764167],[3.952954167,43.578777778],[3.952916667,43.578419444],[3.953142222,43.578409444],[3.953179167,43.578764167]]]}},{"type":"Feature","id":"LFMT-206f69b315d9d1d33290","properties":{"airport":"LFMT","name":"LFMT AVISO","layer":"Buildings and structures","category":"Buildings","object_type":"Area","style_id":"polygon.building.394446","source_group":"LFMT AVISO","vsmr_group_ids":[],"geometry_role":"filled_region"},"geometry":{"type":"Polygon","coordinates":[[[3.952885556,43.579166667],[3.952739444,43.579175833],[3.952700556,43.578819444],[3.952849722,43.578811389],[3.952885556,43.579166667]]]}},{"type":"Feature","id":"LFMT-c8775e2d332741ea9a06","properties":{"airport":"LFMT","name":"LFMT AVISO","layer":"Buildings and structures","category":"Buildings","object_type":"Area","style_id":"polygon.building.394446","source_group":"LFMT AVISO","vsmr_group_ids":[],"geometry_role":"filled_region"},"geometry":{"type":"Polygon","coordinates":[[[3.953312778,43.579084444],[3.952959167,43.579104444],[3.952944444,43.579008056],[3.95317,43.57899],[3.9531575,43.578809722],[3.953293333,43.578803056],[3.953312778,43.579084444]]]}},{"type":"Feature","id":"LFMT-707c6cb011a04d887882","properties":{"airport":"LFMT","name":"LFMT AVISO","layer":"Buildings and structures","category":"Buildings","object_type":"Area","style_id":"polygon.building.394446","source_group":"LFMT AVISO","vsmr_group_ids":[],"geometry_role":"filled_region"},"geometry":{"type":"Polygon","coordinates":[[[3.953902778,43.578768889],[3.953941944,43.579139722],[3.953588611,43.579158333],[3.953541944,43.578789167],[3.953902778,43.578768889]]]}},{"type":"Feature","id":"LFMT-ab41ca6fc7f0522c65cb","properties":{"airport":"LFMT","name":"LFMT AVISO","layer":"Buildings and structures","category":"Buildings","object_type":"Area","style_id":"polygon.building.394446","source_group":"LFMT AVISO","vsmr_group_ids":[],"geometry_role":"filled_region"},"geometry":{"type":"Polygon","coordinates":[[[3.953879167,43.578566389],[3.953625,43.578579722],[3.953602222,43.578385278],[3.953636111,43.578381667],[3.953588889,43.577996111],[3.953816111,43.577986111],[3.953879167,43.578566389]]]}},{"type":"Feature","id":"LFMT-a7731780257f9ea07a13","properties":{"airport":"LFMT","name":"LFMT AVISO","layer":"Buildings and structures","category":"Buildings","object_type":"Area","style_id":"polygon.building.394446","source_group":"LFMT AVISO","vsmr_group_ids":[],"geometry_role":"filled_region"},"geometry":{"type":"Polygon","coordinates":[[[3.953745,43.577344722],[3.953809722,43.577918611],[3.953421389,43.577936944],[3.953362778,43.577366944],[3.953745,43.577344722]]]}},{"type":"Feature","id":"LFMT-2bb57253a00b46956078","properties":{"airport":"LFMT","name":"LFMT AVISO","layer":"Buildings and structures","category":"Buildings","object_type":"Area","style_id":"polygon.building.394446","source_group":"LFMT AVISO","vsmr_group_ids":[],"geometry_role":"filled_region"},"geometry":{"type":"Polygon","coordinates":[[[3.952083333,43.577944444],[3.952181944,43.577816667],[3.952310556,43.577871111],[3.952208333,43.577997778],[3.952083333,43.577944444]]]}},{"type":"Feature","id":"LFMT-4f9913aa128ddc45dcec","properties":{"airport":"LFMT","name":"LFMT AVISO","layer":"Buildings and structures","category":"Buildings","object_type":"Area","style_id":"polygon.building.394446","source_group":"LFMT AVISO","vsmr_group_ids":[],"geometry_role":"filled_region"},"geometry":{"type":"Polygon","coordinates":[[[3.952119722,43.577529444],[3.952294444,43.577605278],[3.952218889,43.577700556],[3.952040278,43.577625278],[3.952119722,43.577529444]]]}},{"type":"Feature","id":"LFMT-bebae3386dba7b12bcd4","properties":{"airport":"LFMT","name":"LFMT AVISO","layer":"Buildings and structures","category":"Buildings","object_type":"Area","style_id":"polygon.building.394446","source_group":"LFMT AVISO","vsmr_group_ids":[],"geometry_role":"filled_region"},"geometry":{"type":"Polygon","coordinates":[[[3.955220278,43.576459722],[3.955013333,43.576563611],[3.954869167,43.576412778],[3.955083056,43.576309722],[3.955220278,43.576459722]]]}},{"type":"Feature","id":"LFMT-e5261cd23eb1f4d9428b","properties":{"airport":"LFMT","name":"LFMT AVISO","layer":"Buildings and structures","category":"Buildings","object_type":"Area","style_id":"polygon.building.394446","source_group":"LFMT AVISO","vsmr_group_ids":[],"geometry_role":"filled_region"},"geometry":{"type":"Polygon","coordinates":[[[3.955902222,43.576047222],[3.955721389,43.576134167],[3.9557725,43.576186944],[3.955672778,43.576236667],[3.955731389,43.576301389],[3.955579444,43.576373611],[3.955375278,43.576151389],[3.955802222,43.575938611],[3.955902222,43.576047222]]]}},{"type":"Feature","id":"LFMT-6ce3250d965fdaa15bb1","properties":{"airport":"LFMT","name":"LFMT AVISO","layer":"Buildings and structures","category":"Buildings","object_type":"Area","style_id":"polygon.building.394446","source_group":"LFMT AVISO","vsmr_group_ids":[],"geometry_role":"filled_region"},"geometry":{"type":"Polygon","coordinates":[[[3.956344722,43.575785278],[3.9559275,43.575994444],[3.955851111,43.575915278],[3.956270833,43.575705],[3.956344722,43.575785278]]]}},{"type":"Feature","id":"LFMT-b92146d26bd2162c449a","properties":{"airport":"LFMT","name":"LFMT AVISO","layer":"Buildings and structures","category":"Buildings","object_type":"Area","style_id":"polygon.building.394446","source_group":"LFMT AVISO","vsmr_group_ids":[],"geometry_role":"filled_region"},"geometry":{"type":"Polygon","coordinates":[[[3.955656111,43.576845],[3.955752778,43.576795556],[3.955779444,43.576825],[3.955619722,43.576908056],[3.955598889,43.576883056],[3.955573889,43.5768925],[3.955458611,43.576772222],[3.95555,43.576727778],[3.955656111,43.576845]]]}},{"type":"Feature","id":"LFMT-e66e57f6bf108731be5d","properties":{"airport":"LFMT","name":"LFMT AVISO","layer":"Buildings and structures","category":"Buildings","object_type":"Area","style_id":"polygon.building.394446","source_group":"LFMT AVISO","vsmr_group_ids":[],"geometry_role":"filled_region"},"geometry":{"type":"Polygon","coordinates":[[[3.956776667,43.576503889],[3.956875556,43.576456944],[3.957039722,43.576638333],[3.956936667,43.576688611],[3.956871389,43.576614444],[3.956713333,43.576695556],[3.956632778,43.576608333],[3.956797778,43.5765275],[3.956776667,43.576503889]]]}},{"type":"Feature","id":"LFMT-4d6eea275d1389d5c9b5","properties":{"airport":"LFMT","name":"LFMT AVISO","layer":"Buildings and structures","category":"Buildings","object_type":"Area","style_id":"polygon.building.394446","source_group":"LFMT AVISO","vsmr_group_ids":[],"geometry_role":"filled_region"},"geometry":{"type":"Polygon","coordinates":[[[3.956573889,43.575557222],[3.957176944,43.576192778],[3.957010833,43.576274167],[3.956409722,43.575638889],[3.956573889,43.575557222]]]}},{"type":"Feature","id":"LFMT-a9d16373042bae11beed","properties":{"airport":"LFMT","name":"LFMT AVISO","layer":"Buildings and structures","category":"Buildings","object_type":"Area","style_id":"polygon.building.394446","source_group":"LFMT AVISO","vsmr_group_ids":[],"geometry_role":"filled_region"},"geometry":{"type":"Polygon","coordinates":[[[3.959578611,43.575053611],[3.959594722,43.575674167],[3.959278889,43.575683056],[3.959254167,43.575066667],[3.959578611,43.575053611]]]}},{"type":"Feature","id":"LFMT-4463d10c2e2c52140c15","properties":{"airport":"LFMT","name":"LFMT AVISO","layer":"Buildings and structures","category":"Buildings","object_type":"Area","style_id":"polygon.building.394446","source_group":"LFMT AVISO","vsmr_group_ids":[],"geometry_role":"filled_region"},"geometry":{"type":"Polygon","coordinates":[[[3.959141944,43.574603333],[3.959136944,43.574565278],[3.959246944,43.574562222],[3.959243889,43.574598333],[3.959303056,43.574599167],[3.959307778,43.574904167],[3.958995833,43.574913611],[3.959001667,43.574608333],[3.959141944,43.574603333]]]}},{"type":"Feature","id":"LFMT-35b45b2f7b815f2b03c7","properties":{"airport":"LFMT","name":"LFMT AVISO","layer":"Buildings and structures","category":"Buildings","object_type":"Area","style_id":"polygon.building.394446","source_group":"LFMT AVISO","vsmr_group_ids":[],"geometry_role":"filled_region"},"geometry":{"type":"Polygon","coordinates":[[[3.962963611,43.575653333],[3.962983056,43.575759722],[3.962612778,43.575801667],[3.962596944,43.575689167],[3.962963611,43.575653333]]]}},{"type":"Feature","id":"LFMT-c8ef7185841383037706","properties":{"airport":"LFMT","name":"LFMT AVISO","layer":"Buildings and structures","category":"Buildings","object_type":"Area","style_id":"polygon.building.394446","source_group":"LFMT AVISO","vsmr_group_ids":[],"geometry_role":"filled_region"},"geometry":{"type":"Polygon","coordinates":[[[3.963048333,43.576560556],[3.962865,43.576576944],[3.962856111,43.576513056],[3.963036944,43.576493889],[3.963048333,43.576560556]]]}},{"type":"Feature","id":"LFMT-0fd34d62bfcdc0dd5d93","properties":{"airport":"LFMT","name":"LFMT AVISO","layer":"Buildings and structures","category":"Buildings","object_type":"Area","style_id":"polygon.building.394446","source_group":"LFMT AVISO","vsmr_group_ids":[],"geometry_role":"filled_region"},"geometry":{"type":"Polygon","coordinates":[[[3.961608056,43.577462222],[3.96169,43.577550556],[3.9615725,43.577609444],[3.961488889,43.577522222],[3.961608056,43.577462222]]]}},{"type":"Feature","id":"LFMT-9d4535b79f606ac7b82d","properties":{"airport":"LFMT","name":"LFMT AVISO","layer":"Buildings and structures","category":"Buildings","object_type":"Area","style_id":"polygon.building.394446","source_group":"LFMT AVISO","vsmr_group_ids":[],"geometry_role":"filled_region"},"geometry":{"type":"Polygon","coordinates":[[[3.962144722,43.5771725],[3.962262222,43.577297222],[3.961883611,43.577483611],[3.961768333,43.577361111],[3.962144722,43.5771725]]]}},{"type":"Feature","id":"LFMT-fee21a946dce3868fbd1","properties":{"airport":"LFMT","name":"LFMT AVISO","layer":"Buildings and structures","category":"Buildings","object_type":"Area","style_id":"polygon.building.394446","source_group":"LFMT AVISO","vsmr_group_ids":[],"geometry_role":"filled_region"},"geometry":{"type":"Polygon","coordinates":[[[3.961828333,43.5770825],[3.961901667,43.577162222],[3.961617778,43.577308333],[3.961540278,43.577225278],[3.961828333,43.5770825]]]}},{"type":"Feature","id":"LFMT-ea58bf54f2d18e617866","properties":{"airport":"LFMT","name":"LFMT AVISO","layer":"Buildings and structures","category":"Buildings","object_type":"Area","style_id":"polygon.building.394446","source_group":"LFMT AVISO","vsmr_group_ids":[],"geometry_role":"filled_region"},"geometry":{"type":"Polygon","coordinates":[[[3.961113056,43.576931944],[3.961158333,43.576979444],[3.9613375,43.576890833],[3.9613975,43.576958333],[3.960890278,43.577215],[3.960785556,43.577104722],[3.961113056,43.576931944]]]}},{"type":"Feature","id":"LFMT-9b2f4cbddfa4b772bc8b","properties":{"airport":"LFMT","name":"LFMT AVISO","layer":"Buildings and structures","category":"Buildings","object_type":"Area","style_id":"polygon.building.394446","source_group":"LFMT AVISO","vsmr_group_ids":[],"geometry_role":"filled_region"},"geometry":{"type":"Polygon","coordinates":[[[3.961120556,43.576680833],[3.96121,43.576776389],[3.961143333,43.576811111],[3.961054722,43.576713056],[3.961120556,43.576680833]]]}},{"type":"Feature","id":"LFMT-a6e9f46d2e1818227f2f","properties":{"airport":"LFMT","name":"LFMT AVISO","layer":"Buildings and structures","category":"Buildings","object_type":"Area","style_id":"polygon.building.394446","source_group":"LFMT AVISO","vsmr_group_ids":[],"geometry_role":"filled_region"},"geometry":{"type":"Polygon","coordinates":[[[3.960759722,43.576590278],[3.960839722,43.576675278],[3.960858611,43.576665278],[3.960902778,43.576711944],[3.960746111,43.576788611],[3.960698056,43.576732778],[3.960415556,43.576876667],[3.960340556,43.576801111],[3.960759722,43.576590278]]]}},{"type":"Feature","id":"LFMT-ef227a9c83999998a3a7","properties":{"airport":"LFMT","name":"LFMT AVISO","layer":"Buildings and structures","category":"Buildings","object_type":"Area","style_id":"polygon.building.394446","source_group":"LFMT AVISO","vsmr_group_ids":[],"geometry_role":"filled_region"},"geometry":{"type":"Polygon","coordinates":[[[3.960576944,43.576911667],[3.960651667,43.576875278],[3.960674444,43.576898056],[3.960630556,43.576920556],[3.960650833,43.576943056],[3.960587222,43.576975833],[3.960503889,43.576886111],[3.960538333,43.576868889],[3.960576944,43.576911667]]]}},{"type":"Feature","id":"LFMT-039ccd101f0636e10e46","properties":{"airport":"LFMT","name":"LFMT AVISO","layer":"Buildings and structures","category":"Buildings","object_type":"Area","style_id":"polygon.building.394446","source_group":"LFMT AVISO","vsmr_group_ids":[],"geometry_role":"filled_region"},"geometry":{"type":"Polygon","coordinates":[[[3.960923889,43.576802222],[3.960866944,43.576830278],[3.9608975,43.576865278],[3.960791111,43.576916667],[3.960715278,43.576840278],[3.960879167,43.576756944],[3.960923889,43.576802222]]]}},{"type":"Feature","id":"LFMT-7b69c914185e65b5c27e","properties":{"airport":"LFMT","name":"LFMT AVISO","layer":"Buildings and structures","category":"Buildings","object_type":"Area","style_id":"polygon.building.394446","source_group":"LFMT AVISO","vsmr_group_ids":[],"geometry_role":"filled_region"},"geometry":{"type":"Polygon","coordinates":[[[3.9599925,43.57699],[3.9600275,43.577028889],[3.959943889,43.577071667],[3.959905833,43.577034167],[3.9599925,43.57699]]]}},{"type":"Feature","id":"LFMT-f9167e786c3df1d0ccf7","properties":{"airport":"LFMT","name":"LFMT AVISO","layer":"Buildings and structures","category":"Buildings","object_type":"Area","style_id":"polygon.building.394446","source_group":"LFMT AVISO","vsmr_group_ids":[],"geometry_role":"filled_region"},"geometry":{"type":"Polygon","coordinates":[[[3.960850278,43.577585556],[3.96091,43.577651944],[3.960823056,43.577697222],[3.960760278,43.577629167],[3.960850278,43.577585556]]]}},{"type":"Feature","id":"LFMT-b8b2fea50f2a813dac43","properties":{"airport":"LFMT","name":"LFMT AVISO","layer":"Buildings and structures","category":"Buildings","object_type":"Area","style_id":"polygon.building.394446","source_group":"LFMT AVISO","vsmr_group_ids":[],"geometry_role":"filled_region"},"geometry":{"type":"Polygon","coordinates":[[[3.961149722,43.577529167],[3.961346667,43.577736111],[3.961368333,43.577734722],[3.961380278,43.577742778],[3.961386944,43.57775],[3.961402222,43.577734444],[3.961420278,43.577740278],[3.961433333,43.577750833],[3.961441667,43.577764167],[3.961444167,43.577780833],[3.961449167,43.577815556],[3.961484444,43.577818889],[3.961457222,43.577836111],[3.961483333,43.577865],[3.961460556,43.577877778],[3.961502778,43.577923333],[3.9609775,43.578184444],[3.960603333,43.577791389],[3.960721944,43.577732778],[3.960813611,43.577828889],[3.960899167,43.577789722],[3.960885833,43.577775833],[3.961024167,43.577703333],[3.961179722,43.577866944],[3.961035278,43.577938333],[3.960999722,43.577897778],[3.960915,43.577938056],[3.961010833,43.5780375],[3.961143333,43.577971111],[3.961088333,43.577911111],[3.961121389,43.577896111],[3.961139167,43.577913611],[3.961176667,43.577893889],[3.961192778,43.577909722],[3.961216111,43.577905],[3.961240278,43.577868611],[3.961274444,43.577844167],[3.961031111,43.577590278],[3.961149722,43.577529167]]]}},{"type":"Feature","id":"LFMT-67e2430f9e6995aa2721","properties":{"airport":"LFMT","name":"LFMT AVISO","layer":"Buildings and structures","category":"Buildings","object_type":"Area","style_id":"polygon.building.394446","source_group":"LFMT AVISO","vsmr_group_ids":[],"geometry_role":"filled_region"},"geometry":{"type":"Polygon","coordinates":[[[3.96081,43.578202222],[3.960567778,43.578324444],[3.960574722,43.578335],[3.9605675,43.578346111],[3.960551667,43.578350833],[3.960539167,43.57835],[3.96053,43.578343056],[3.960403889,43.578404167],[3.96041,43.578413056],[3.960408889,43.578421389],[3.960402222,43.578430833],[3.960387778,43.578431944],[3.960373889,43.578428333],[3.960366667,43.5784225],[3.960345,43.578433611],[3.960211111,43.578294167],[3.96006,43.578367778],[3.96022,43.578535833],[3.960341667,43.578471944],[3.960375556,43.578505],[3.960231111,43.578577778],[3.960219444,43.578566111],[3.9600125,43.578674444],[3.960039167,43.578705],[3.960077222,43.578687778],[3.960065278,43.5787275],[3.960058056,43.578748333],[3.960043611,43.5787725],[3.960028056,43.578796389],[3.960004444,43.578834444],[3.959980278,43.578870278],[3.959953611,43.578905556],[3.959919444,43.578942778],[3.959889444,43.578974722],[3.959875278,43.578990833],[3.959993611,43.579061111],[3.960002778,43.579053611],[3.9600025,43.579048611],[3.960004444,43.579041667],[3.960010278,43.579038611],[3.960018611,43.579035278],[3.960026667,43.579036389],[3.960032778,43.579035278],[3.960244722,43.578924167],[3.960239722,43.578916944],[3.960255556,43.578906389],[3.960256667,43.578911667],[3.960267778,43.578908611],[3.960276667,43.578909722],[3.960281944,43.578913333],[3.960285833,43.578916667],[3.960288056,43.578919722],[3.960292778,43.578919722],[3.960296667,43.578922222],[3.960313889,43.578923333],[3.960291111,43.578953056],[3.960284722,43.578949444],[3.960283611,43.578946667],[3.960270833,43.578943333],[3.960270833,43.578938611],[3.960266111,43.578939722],[3.960259444,43.57894],[3.960044722,43.579048889],[3.960038889,43.579052778],[3.960036111,43.5790575],[3.960028611,43.5790625],[3.960021389,43.579063333],[3.960016667,43.579063889],[3.960009444,43.5790725],[3.960025833,43.5790825],[3.960014444,43.579093333],[3.960024444,43.579099722],[3.960031944,43.579099444],[3.960038611,43.579102222],[3.960043333,43.579103889],[3.960049167,43.579103333],[3.960053056,43.579104444],[3.960054167,43.579106111],[3.960099444,43.579114167],[3.9601,43.579112222],[3.960191944,43.579124722],[3.960220556,43.579128889],[3.960224722,43.579122778],[3.960240278,43.579121944],[3.960239722,43.579125833],[3.960245,43.579126111],[3.960251111,43.579130556],[3.960253611,43.579134444],[3.960254444,43.57914],[3.960253611,43.579144722],[3.960252222,43.579147778],[3.960259722,43.579148611],[3.960258889,43.579152778],[3.960258056,43.5791575],[3.960264722,43.579158611],[3.960263889,43.579165],[3.960220278,43.579170278],[3.960220278,43.579160278],[3.960220556,43.579153333],[3.960217778,43.579149722],[3.960215833,43.579146111],[3.960097778,43.5791325],[3.9600975,43.579128333],[3.960049444,43.579123611],[3.960045833,43.5791275],[3.960041111,43.579125833],[3.960021111,43.579124444],[3.960014167,43.579120278],[3.960009722,43.579114444],[3.960007778,43.579109167],[3.959991667,43.5791075],[3.959840278,43.57902],[3.959816944,43.579036667],[3.95978,43.579063056],[3.959742778,43.579086389],[3.959693056,43.579114444],[3.959638889,43.579142778],[3.959577222,43.579170278],[3.959494444,43.579201111],[3.959406667,43.579229722],[3.959465833,43.579364444],[3.959463889,43.579388611],[3.959448333,43.579411389],[3.959369167,43.579576111],[3.959368611,43.579593333],[3.959362222,43.579603889],[3.959353056,43.579612222],[3.959340556,43.579615833],[3.959332222,43.5796125],[3.959329167,43.579616389],[3.959318056,43.5796175],[3.959315278,43.579621389],[3.959309722,43.579620833],[3.959299722,43.579589444],[3.959306667,43.5795875],[3.959308056,43.579590556],[3.959316111,43.57959],[3.959317222,43.579585278],[3.959324722,43.579585556],[3.959330833,43.579584167],[3.959424444,43.579408333],[3.959421667,43.579404444],[3.959422778,43.579399167],[3.959430278,43.579391389],[3.959419167,43.579371667],[3.959361389,43.579244167],[3.959238889,43.579264167],[3.959096667,43.579273889],[3.95898,43.579273611],[3.958811111,43.579356667],[3.958842222,43.57939],[3.958158889,43.579733333],[3.958253889,43.579833056],[3.958186667,43.579867778],[3.958089722,43.579769167],[3.95801,43.5798075],[3.957776667,43.579563056],[3.957719722,43.57959],[3.957526667,43.579383333],[3.958117778,43.579085556],[3.958168333,43.57914],[3.958207222,43.579119722],[3.958183611,43.579095278],[3.9582225,43.579077222],[3.958216667,43.579070278],[3.958471389,43.57894],[3.958499444,43.578969722],[3.958546944,43.578945],[3.958538889,43.578935],[3.959951389,43.5782375],[3.960037778,43.578324444],[3.960173611,43.578256667],[3.960102778,43.5781775],[3.960567778,43.577945],[3.96081,43.578202222]]]}},{"type":"Feature","id":"LFMT-4dcc301efa35bebfb7ad","properties":{"airport":"LFMT","name":"LFMT AVISO","layer":"Buildings and structures","category":"Buildings","object_type":"Area","style_id":"polygon.building.394446","source_group":"LFMT AVISO","vsmr_group_ids":[],"geometry_role":"filled_region"},"geometry":{"type":"Polygon","coordinates":[[[3.957345278,43.579762778],[3.957425,43.579723056],[3.957465556,43.579762778],[3.957553611,43.579722222],[3.957514167,43.579678333],[3.957593333,43.57964],[3.957726389,43.579777778],[3.956868056,43.580211389],[3.956746111,43.580085],[3.957359167,43.579778333],[3.957345278,43.579762778]]]}},{"type":"Feature","id":"LFMT-27b0d36e42c99831fef9","properties":{"airport":"LFMT","name":"LFMT AVISO","layer":"Buildings and structures","category":"Buildings","object_type":"Area","style_id":"polygon.building.394446","source_group":"LFMT AVISO","vsmr_group_ids":[],"geometry_role":"filled_region"},"geometry":{"type":"Polygon","coordinates":[[[3.9564975,43.580315278],[3.956549722,43.580371111],[3.956415833,43.580439722],[3.956364444,43.580383611],[3.9564975,43.580315278]]]}},{"type":"Feature","id":"LFMT-df3be40eef7106568eb5","properties":{"airport":"LFMT","name":"LFMT AVISO","layer":"Buildings and structures","category":"Buildings","object_type":"Area","style_id":"polygon.building.394446","source_group":"LFMT AVISO","vsmr_group_ids":[],"geometry_role":"filled_region"},"geometry":{"type":"Polygon","coordinates":[[[3.956081667,43.5800175],[3.956353889,43.580305833],[3.9562425,43.580363056],[3.956184167,43.580298333],[3.956120833,43.580328889],[3.9559075,43.580103333],[3.956081667,43.5800175]]]}},{"type":"Feature","id":"LFMT-694ac601847365b60c86","properties":{"airport":"LFMT","name":"LFMT AVISO","layer":"Buildings and structures","category":"Buildings","object_type":"Area","style_id":"polygon.building.394446","source_group":"LFMT AVISO","vsmr_group_ids":[],"geometry_role":"filled_region"},"geometry":{"type":"Polygon","coordinates":[[[3.955445,43.579819444],[3.955275833,43.579906389],[3.955101111,43.579721111],[3.955269722,43.579632222],[3.955445,43.579819444]]]}},{"type":"Feature","id":"LFMT-2ce6ba40b0131f72bf3f","properties":{"airport":"LFMT","name":"LFMT AVISO","layer":"Buildings and structures","category":"Buildings","object_type":"Area","style_id":"polygon.building.394446","source_group":"LFMT AVISO","vsmr_group_ids":[],"geometry_role":"filled_region"},"geometry":{"type":"Polygon","coordinates":[[[3.954994722,43.579791389],[3.954931667,43.579823611],[3.955086667,43.579985556],[3.954899167,43.580081667],[3.954591944,43.579750278],[3.954839722,43.579625278],[3.954994722,43.579791389]]]}},{"type":"Feature","id":"LFMT-5a393851a52a24bbed1e","properties":{"airport":"LFMT","name":"LFMT AVISO","layer":"Buildings and structures","category":"Buildings","object_type":"Area","style_id":"polygon.building.394446","source_group":"LFMT AVISO","vsmr_group_ids":[],"geometry_role":"filled_region"},"geometry":{"type":"Polygon","coordinates":[[[3.953897222,43.580035556],[3.953720556,43.580045833],[3.953603611,43.580138333],[3.953623611,43.580273889],[3.953382778,43.580285556],[3.953360278,43.580085],[3.953578056,43.580071111],[3.953614722,43.580044167],[3.953605,43.579881389],[3.953880556,43.579865833],[3.953897222,43.580035556]]]}},{"type":"Feature","id":"LFMT-b93404a825ebaa4cd6a4","properties":{"airport":"LFMT","name":"LFMT AVISO","layer":"Buildings and structures","category":"Buildings","object_type":"Area","style_id":"polygon.building.394446","source_group":"LFMT AVISO","vsmr_group_ids":[],"geometry_role":"filled_region"},"geometry":{"type":"Polygon","coordinates":[[[3.952557222,43.579792778],[3.952652222,43.579784444],[3.952641111,43.579675],[3.952747778,43.5796725],[3.952778611,43.579925556],[3.952575556,43.579938056],[3.952557222,43.579792778]]]}},{"type":"Feature","id":"LFMT-1fa55433a4c6062ac7ab","properties":{"airport":"LFMT","name":"LFMT AVISO","layer":"Surface markings","category":"Stopbars","object_type":"Area","style_id":"polygon.stopbar.7e0000","source_group":"LFMT AVISO","vsmr_group_ids":[],"geometry_role":"filled_region"},"geometry":{"type":"Polygon","coordinates":[[[3.955093333,43.585427222],[3.955362778,43.585288056],[3.955380278,43.585307222],[3.95511,43.585443611],[3.955093333,43.585427222]]]}},{"type":"Feature","id":"LFMT-1416358c07dcafe3f537","properties":{"airport":"LFMT","name":"LFMT AVISO","layer":"Surface markings","category":"Stopbars","object_type":"Area","style_id":"polygon.stopbar.7e0000","source_group":"LFMT AVISO","vsmr_group_ids":[],"geometry_role":"filled_region"},"geometry":{"type":"Polygon","coordinates":[[[3.959532778,43.5832425],[3.959259722,43.583310278],[3.959249444,43.583288889],[3.959520833,43.583219722],[3.959532778,43.5832425]]]}},{"type":"Feature","id":"LFMT-a1e5dca826fe2eaf2d78","properties":{"airport":"LFMT","name":"LFMT AVISO","layer":"Surface markings","category":"Stopbars","object_type":"Area","style_id":"polygon.stopbar.7e0000","source_group":"LFMT AVISO","vsmr_group_ids":[],"geometry_role":"filled_region"},"geometry":{"type":"Polygon","coordinates":[[[3.960086389,43.582905278],[3.960193333,43.582746389],[3.960223611,43.582755833],[3.960113611,43.582913056],[3.960086389,43.582905278]]]}},{"type":"Feature","id":"LFMT-13754489a13081b9d838","properties":{"airport":"LFMT","name":"LFMT AVISO","layer":"Surface markings","category":"Stopbars","object_type":"Area","style_id":"polygon.stopbar.7e0000","source_group":"LFMT AVISO","vsmr_group_ids":[],"geometry_role":"filled_region"},"geometry":{"type":"Polygon","coordinates":[[[3.970338889,43.577768889],[3.970106944,43.577883611],[3.970086944,43.577862778],[3.970318889,43.577748056],[3.970338889,43.577768889]]]}},{"type":"Feature","id":"LFMT-cdd14d0647373f75cc89","properties":{"airport":"LFMT","name":"LFMT AVISO","layer":"Surface markings","category":"Stopbars","object_type":"Area","style_id":"polygon.stopbar.7e0000","source_group":"LFMT AVISO","vsmr_group_ids":[],"geometry_role":"filled_region"},"geometry":{"type":"Polygon","coordinates":[[[3.981315,43.572216944],[3.981570556,43.572091389],[3.981586667,43.572109444],[3.981331944,43.5722375],[3.981315,43.572216944]]]}},{"type":"Feature","id":"LFMT-e22d33bbac0328d83dba","properties":{"airport":"LFMT","name":"LFMT AVISO","layer":"Surface markings","category":"Stopbars","object_type":"Area","style_id":"polygon.stopbar.7e0000","source_group":"LFMT AVISO","vsmr_group_ids":[],"geometry_role":"filled_region"},"geometry":{"type":"Polygon","coordinates":[[[3.960587778,43.584888889],[3.960568611,43.584868889],[3.960812778,43.584743611],[3.960830833,43.584764167],[3.960587778,43.584888889]]]}},{"type":"Feature","id":"LFMT-aaaed00d120baffcbc45","properties":{"airport":"LFMT","name":"LFMT AVISO","layer":"Surface markings","category":"Stopbars","object_type":"Area","style_id":"polygon.stopbar.7e0000","source_group":"LFMT AVISO","vsmr_group_ids":[],"geometry_role":"filled_region"},"geometry":{"type":"Polygon","coordinates":[[[3.96326,43.5705725],[3.963035556,43.570685833],[3.963015,43.570668056],[3.963254167,43.570547222],[3.96326,43.5705725]]]}},{"type":"Feature","id":"LFMT-44fc9a4135fb8b433387","properties":{"airport":"LFMT","name":"LFMT AVISO","layer":"Surface markings","category":"Stopbars","object_type":"Area","style_id":"polygon.stopbar.7e0000","source_group":"LFMT AVISO","vsmr_group_ids":[],"geometry_role":"filled_region"},"geometry":{"type":"Polygon","coordinates":[[[3.954579722,43.575034722],[3.954579722,43.575011667],[3.9547675,43.57501],[3.954766111,43.5750325],[3.954579722,43.575034722]]]}},{"type":"Feature","id":"LFMT-76d1a78a85ad18e9c617","properties":{"airport":"LFMT","name":"LFMT AVISO","layer":"Surface markings","category":"Stopbars","object_type":"Area","style_id":"polygon.stopbar.7e0000","source_group":"LFMT AVISO","vsmr_group_ids":[],"geometry_role":"filled_region"},"geometry":{"type":"Polygon","coordinates":[[[3.953293611,43.575704167],[3.953283333,43.575693611],[3.953435,43.575616389],[3.953444444,43.575626389],[3.953293611,43.575704167]]]}},{"type":"Feature","id":"LFMT-fb0161f6cf5a0c38eb28","properties":{"airport":"LFMT","name":"A1","layer":"Labels","category":"Gates","object_type":"Label","style_id":"label.gates","source_group":"LFMT Gates","vsmr_group_ids":[],"geometry_role":"text_label","text-field":"A1"},"geometry":{"type":"Point","coordinates":[3.955310278,43.581454167]}},{"type":"Feature","id":"LFMT-5e92b8a76fce5c478e39","properties":{"airport":"LFMT","name":"A2","layer":"Labels","category":"Gates","object_type":"Label","style_id":"label.gates","source_group":"LFMT Gates","vsmr_group_ids":[],"geometry_role":"text_label","text-field":"A2"},"geometry":{"type":"Point","coordinates":[3.955061111,43.581200278]}},{"type":"Feature","id":"LFMT-d1b55fd7ff677d6b767a","properties":{"airport":"LFMT","name":"A3","layer":"Labels","category":"Gates","object_type":"Label","style_id":"label.gates","source_group":"LFMT Gates","vsmr_group_ids":[],"geometry_role":"text_label","text-field":"A3"},"geometry":{"type":"Point","coordinates":[3.954836944,43.580982222]}},{"type":"Feature","id":"LFMT-b0e66a2af5e5c44c73f5","properties":{"airport":"LFMT","name":"A4","layer":"Labels","category":"Gates","object_type":"Label","style_id":"label.gates","source_group":"LFMT Gates","vsmr_group_ids":[],"geometry_role":"text_label","text-field":"A4"},"geometry":{"type":"Point","coordinates":[3.95584,43.580954722]}},{"type":"Feature","id":"LFMT-afbe2c1e41f1d8ff07ff","properties":{"airport":"LFMT","name":"A5","layer":"Labels","category":"Gates","object_type":"Label","style_id":"label.gates","source_group":"LFMT Gates","vsmr_group_ids":[],"geometry_role":"text_label","text-field":"A5"},"geometry":{"type":"Point","coordinates":[3.955628056,43.580796111]}},{"type":"Feature","id":"LFMT-b7e0cc69031eec3cc506","properties":{"airport":"LFMT","name":"A6","layer":"Labels","category":"Gates","object_type":"Label","style_id":"label.gates","source_group":"LFMT Gates","vsmr_group_ids":[],"geometry_role":"text_label","text-field":"A6"},"geometry":{"type":"Point","coordinates":[3.955443333,43.5806425]}},{"type":"Feature","id":"LFMT-1ef215f7f37066088aa0","properties":{"airport":"LFMT","name":"B1","layer":"Labels","category":"Gates","object_type":"Label","style_id":"label.gates","source_group":"LFMT Gates","vsmr_group_ids":[],"geometry_role":"text_label","text-field":"B1"},"geometry":{"type":"Point","coordinates":[3.956490833,43.580954722]}},{"type":"Feature","id":"LFMT-d92427e9dcbeae988fcf","properties":{"airport":"LFMT","name":"B2","layer":"Labels","category":"Gates","object_type":"Label","style_id":"label.gates","source_group":"LFMT Gates","vsmr_group_ids":[],"geometry_role":"text_label","text-field":"B2"},"geometry":{"type":"Point","coordinates":[3.956623889,43.580898056]}},{"type":"Feature","id":"LFMT-f664343130590687c5da","properties":{"airport":"LFMT","name":"B3","layer":"Labels","category":"Gates","object_type":"Label","style_id":"label.gates","source_group":"LFMT Gates","vsmr_group_ids":[],"geometry_role":"text_label","text-field":"B3"},"geometry":{"type":"Point","coordinates":[3.957005833,43.580725]}},{"type":"Feature","id":"LFMT-e3e78a7ac93c897a8f58","properties":{"airport":"LFMT","name":"B4","layer":"Labels","category":"Gates","object_type":"Label","style_id":"label.gates","source_group":"LFMT Gates","vsmr_group_ids":[],"geometry_role":"text_label","text-field":"B4"},"geometry":{"type":"Point","coordinates":[3.957143889,43.580666944]}},{"type":"Feature","id":"LFMT-a87794ee22ee42a51699","properties":{"airport":"LFMT","name":"C1","layer":"Labels","category":"Gates","object_type":"Label","style_id":"label.gates","source_group":"LFMT Gates","vsmr_group_ids":[],"geometry_role":"text_label","text-field":"C1"},"geometry":{"type":"Point","coordinates":[3.957456944,43.580474444]}},{"type":"Feature","id":"LFMT-58fd4cb6d7f5a4dc35a7","properties":{"airport":"LFMT","name":"C2","layer":"Labels","category":"Gates","object_type":"Label","style_id":"label.gates","source_group":"LFMT Gates","vsmr_group_ids":[],"geometry_role":"text_label","text-field":"C2"},"geometry":{"type":"Point","coordinates":[3.957922778,43.580236667]}},{"type":"Feature","id":"LFMT-1c155c69bdc3b5c83bb9","properties":{"airport":"LFMT","name":"C3","layer":"Labels","category":"Gates","object_type":"Label","style_id":"label.gates","source_group":"LFMT Gates","vsmr_group_ids":[],"geometry_role":"text_label","text-field":"C3"},"geometry":{"type":"Point","coordinates":[3.958366389,43.580015278]}},{"type":"Feature","id":"LFMT-110b7b519a1b28e1f7c8","properties":{"airport":"LFMT","name":"D1","layer":"Labels","category":"Gates","object_type":"Label","style_id":"label.gates","source_group":"LFMT Gates","vsmr_group_ids":[],"geometry_role":"text_label","text-field":"D1"},"geometry":{"type":"Point","coordinates":[3.959018889,43.579526389]}},{"type":"Feature","id":"LFMT-792d8fc9523b291668b4","properties":{"airport":"LFMT","name":"D2","layer":"Labels","category":"Gates","object_type":"Label","style_id":"label.gates","source_group":"LFMT Gates","vsmr_group_ids":[],"geometry_role":"text_label","text-field":"D2"},"geometry":{"type":"Point","coordinates":[3.959195833,43.579531389]}},{"type":"Feature","id":"LFMT-8a279a6bc0c2f2ed09e0","properties":{"airport":"LFMT","name":"D3","layer":"Labels","category":"Gates","object_type":"Label","style_id":"label.gates","source_group":"LFMT Gates","vsmr_group_ids":[],"geometry_role":"text_label","text-field":"D3"},"geometry":{"type":"Point","coordinates":[3.959596389,43.579703056]}},{"type":"Feature","id":"LFMT-e3eb1d89fe31ad0b7602","properties":{"airport":"LFMT","name":"D4","layer":"Labels","category":"Gates","object_type":"Label","style_id":"label.gates","source_group":"LFMT Gates","vsmr_group_ids":[],"geometry_role":"text_label","text-field":"D4"},"geometry":{"type":"Point","coordinates":[3.9593075,43.579662778]}},{"type":"Feature","id":"LFMT-497714b31cb17b08ca15","properties":{"airport":"LFMT","name":"D5","layer":"Labels","category":"Gates","object_type":"Label","style_id":"label.gates","source_group":"LFMT Gates","vsmr_group_ids":[],"geometry_role":"text_label","text-field":"D5"},"geometry":{"type":"Point","coordinates":[3.959854444,43.579541389]}},{"type":"Feature","id":"LFMT-72fa0749f59bc147abc1","properties":{"airport":"LFMT","name":"D6","layer":"Labels","category":"Gates","object_type":"Label","style_id":"label.gates","source_group":"LFMT Gates","vsmr_group_ids":[],"geometry_role":"text_label","text-field":"D6"},"geometry":{"type":"Point","coordinates":[3.959446111,43.579574444]}},{"type":"Feature","id":"LFMT-6ca9f3203244906293e1","properties":{"airport":"LFMT","name":"D7","layer":"Labels","category":"Gates","object_type":"Label","style_id":"label.gates","source_group":"LFMT Gates","vsmr_group_ids":[],"geometry_role":"text_label","text-field":"D7"},"geometry":{"type":"Point","coordinates":[3.959885278,43.57939]}},{"type":"Feature","id":"LFMT-240e89d019e7cc24692b","properties":{"airport":"LFMT","name":"D8","layer":"Labels","category":"Gates","object_type":"Label","style_id":"label.gates","source_group":"LFMT Gates","vsmr_group_ids":[],"geometry_role":"text_label","text-field":"D8"},"geometry":{"type":"Point","coordinates":[3.959989167,43.579258611]}},{"type":"Feature","id":"LFMT-eca1255bcb65a02fb82e","properties":{"airport":"LFMT","name":"D9","layer":"Labels","category":"Gates","object_type":"Label","style_id":"label.gates","source_group":"LFMT Gates","vsmr_group_ids":[],"geometry_role":"text_label","text-field":"D9"},"geometry":{"type":"Point","coordinates":[3.960628611,43.579172778]}},{"type":"Feature","id":"LFMT-ed2b0bac4eaad1538bd3","properties":{"airport":"LFMT","name":"D10","layer":"Labels","category":"Gates","object_type":"Label","style_id":"label.gates","source_group":"LFMT Gates","vsmr_group_ids":[],"geometry_role":"text_label","text-field":"D10"},"geometry":{"type":"Point","coordinates":[3.960582222,43.578968056]}},{"type":"Feature","id":"LFMT-08a4a81272c5e9b1dd36","properties":{"airport":"LFMT","name":"E1","layer":"Labels","category":"Gates","object_type":"Label","style_id":"label.gates","source_group":"LFMT Gates","vsmr_group_ids":[],"geometry_role":"text_label","text-field":"E1"},"geometry":{"type":"Point","coordinates":[3.96178,43.578043611]}},{"type":"Feature","id":"LFMT-fcb97719b9431a42df7f","properties":{"airport":"LFMT","name":"E2","layer":"Labels","category":"Gates","object_type":"Label","style_id":"label.gates","source_group":"LFMT Gates","vsmr_group_ids":[],"geometry_role":"text_label","text-field":"E2"},"geometry":{"type":"Point","coordinates":[3.962391389,43.577708056]}},{"type":"Feature","id":"LFMT-cb191076e59266e6973c","properties":{"airport":"LFMT","name":"E3","layer":"Labels","category":"Gates","object_type":"Label","style_id":"label.gates","source_group":"LFMT Gates","vsmr_group_ids":[],"geometry_role":"text_label","text-field":"E3"},"geometry":{"type":"Point","coordinates":[3.962585278,43.577896111]}},{"type":"Feature","id":"LFMT-b16509bbbdb60de147ec","properties":{"airport":"LFMT","name":"E4","layer":"Labels","category":"Gates","object_type":"Label","style_id":"label.gates","source_group":"LFMT Gates","vsmr_group_ids":[],"geometry_role":"text_label","text-field":"E4"},"geometry":{"type":"Point","coordinates":[3.962770278,43.578071667]}},{"type":"Feature","id":"LFMT-ba0ef538e54c3fe22978","properties":{"airport":"LFMT","name":"E5","layer":"Labels","category":"Gates","object_type":"Label","style_id":"label.gates","source_group":"LFMT Gates","vsmr_group_ids":[],"geometry_role":"text_label","text-field":"E5"},"geometry":{"type":"Point","coordinates":[3.962908889,43.577489722]}},{"type":"Feature","id":"LFMT-1f9eb6ee5db5a5c5c592","properties":{"airport":"LFMT","name":"E6","layer":"Labels","category":"Gates","object_type":"Label","style_id":"label.gates","source_group":"LFMT Gates","vsmr_group_ids":[],"geometry_role":"text_label","text-field":"E6"},"geometry":{"type":"Point","coordinates":[3.963035278,43.577600833]}},{"type":"Feature","id":"LFMT-e286e601f4600948ce84","properties":{"airport":"LFMT","name":"E7","layer":"Labels","category":"Gates","object_type":"Label","style_id":"label.gates","source_group":"LFMT Gates","vsmr_group_ids":[],"geometry_role":"text_label","text-field":"E7"},"geometry":{"type":"Point","coordinates":[3.96318,43.577734444]}},{"type":"Feature","id":"LFMT-c8c0932050cc30aaf841","properties":{"airport":"LFMT","name":"E8","layer":"Labels","category":"Gates","object_type":"Label","style_id":"label.gates","source_group":"LFMT Gates","vsmr_group_ids":[],"geometry_role":"text_label","text-field":"E8"},"geometry":{"type":"Point","coordinates":[3.963343333,43.57789]}},{"type":"Feature","id":"LFMT-b9902ff085bb79da2fa0","properties":{"airport":"LFMT","name":"F1","layer":"Labels","category":"Gates","object_type":"Label","style_id":"label.gates","source_group":"LFMT Gates","vsmr_group_ids":[],"geometry_role":"text_label","text-field":"F1"},"geometry":{"type":"Point","coordinates":[3.963349444,43.5772575]}},{"type":"Feature","id":"LFMT-55043cb8548869bb5933","properties":{"airport":"LFMT","name":"F2","layer":"Labels","category":"Gates","object_type":"Label","style_id":"label.gates","source_group":"LFMT Gates","vsmr_group_ids":[],"geometry_role":"text_label","text-field":"F2"},"geometry":{"type":"Point","coordinates":[3.963451111,43.577364444]}},{"type":"Feature","id":"LFMT-2f8cff5b4e61da8d7141","properties":{"airport":"LFMT","name":"F3","layer":"Labels","category":"Gates","object_type":"Label","style_id":"label.gates","source_group":"LFMT Gates","vsmr_group_ids":[],"geometry_role":"text_label","text-field":"F3"},"geometry":{"type":"Point","coordinates":[3.963555833,43.577471667]}},{"type":"Feature","id":"LFMT-6183dd0967697e13b3b6","properties":{"airport":"LFMT","name":"F4","layer":"Labels","category":"Gates","object_type":"Label","style_id":"label.gates","source_group":"LFMT Gates","vsmr_group_ids":[],"geometry_role":"text_label","text-field":"F4"},"geometry":{"type":"Point","coordinates":[3.9636575,43.577582778]}},{"type":"Feature","id":"LFMT-28126703d222df75ed31","properties":{"airport":"LFMT","name":"F5","layer":"Labels","category":"Gates","object_type":"Label","style_id":"label.gates","source_group":"LFMT Gates","vsmr_group_ids":[],"geometry_role":"text_label","text-field":"F5"},"geometry":{"type":"Point","coordinates":[3.963759167,43.577689722]}},{"type":"Feature","id":"LFMT-08ef88b598784bd8437d","properties":{"airport":"LFMT","name":"F6","layer":"Labels","category":"Gates","object_type":"Label","style_id":"label.gates","source_group":"LFMT Gates","vsmr_group_ids":[],"geometry_role":"text_label","text-field":"F6"},"geometry":{"type":"Point","coordinates":[3.963716111,43.577134167]}},{"type":"Feature","id":"LFMT-66e41c903dc0f1743d95","properties":{"airport":"LFMT","name":"F7","layer":"Labels","category":"Gates","object_type":"Label","style_id":"label.gates","source_group":"LFMT Gates","vsmr_group_ids":[],"geometry_role":"text_label","text-field":"F7"},"geometry":{"type":"Point","coordinates":[3.963848611,43.5772575]}},{"type":"Feature","id":"LFMT-2d10ba311dea95fa9d95","properties":{"airport":"LFMT","name":"F8","layer":"Labels","category":"Gates","object_type":"Label","style_id":"label.gates","source_group":"LFMT Gates","vsmr_group_ids":[],"geometry_role":"text_label","text-field":"F8"},"geometry":{"type":"Point","coordinates":[3.963975,43.577382778]}},{"type":"Feature","id":"LFMT-3c33ce017705bd9c2e71","properties":{"airport":"LFMT","name":"FR1","layer":"Labels","category":"Gates","object_type":"Label","style_id":"label.gates","source_group":"LFMT Gates","vsmr_group_ids":[],"geometry_role":"text_label","text-field":"FR1"},"geometry":{"type":"Point","coordinates":[3.962973056,43.589003333]}},{"type":"Feature","id":"LFMT-b1369fed176dd20eb719","properties":{"airport":"LFMT","name":"FR2","layer":"Labels","category":"Gates","object_type":"Label","style_id":"label.gates","source_group":"LFMT Gates","vsmr_group_ids":[],"geometry_role":"text_label","text-field":"FR2"},"geometry":{"type":"Point","coordinates":[3.963517778,43.588820556]}},{"type":"Feature","id":"LFMT-a0c1c60f5e43dff4537a","properties":{"airport":"LFMT","name":"FR3","layer":"Labels","category":"Gates","object_type":"Label","style_id":"label.gates","source_group":"LFMT Gates","vsmr_group_ids":[],"geometry_role":"text_label","text-field":"FR3"},"geometry":{"type":"Point","coordinates":[3.963828333,43.588345278]}},{"type":"Feature","id":"LFMT-71ce45f5fa0db34b6dd1","properties":{"airport":"LFMT","name":"FR4","layer":"Labels","category":"Gates","object_type":"Label","style_id":"label.gates","source_group":"LFMT Gates","vsmr_group_ids":[],"geometry_role":"text_label","text-field":"FR4"},"geometry":{"type":"Point","coordinates":[3.963978611,43.588521389]}},{"type":"Feature","id":"LFMT-73e258bbca08fd1c88a5","properties":{"airport":"LFMT","name":"FR5","layer":"Labels","category":"Gates","object_type":"Label","style_id":"label.gates","source_group":"LFMT Gates","vsmr_group_ids":[],"geometry_role":"text_label","text-field":"FR5"},"geometry":{"type":"Point","coordinates":[3.9631775,43.588877222]}},{"type":"Feature","id":"LFMT-7b4011b28cc0811f76c4","properties":{"airport":"LFMT","name":"TEC","layer":"Labels","category":"Gates","object_type":"Label","style_id":"label.gates","source_group":"LFMT Gates","vsmr_group_ids":[],"geometry_role":"text_label","text-field":"TEC"},"geometry":{"type":"Point","coordinates":[3.954187222,43.5821425]}},{"type":"Feature","id":"LFMT-d1c6fdb99b19ba3f09a5","properties":{"airport":"LFMT","name":"ESMA","layer":"Labels","category":"Gates","object_type":"Label","style_id":"label.gates","source_group":"LFMT Gates","vsmr_group_ids":[],"geometry_role":"text_label","text-field":"ESMA"},"geometry":{"type":"Point","coordinates":[3.950661389,43.577541111]}},{"type":"Feature","id":"LFMT-6c60f3f7976baff01249","properties":{"airport":"LFMT","name":"ENAC","layer":"Labels","category":"Gates","object_type":"Label","style_id":"label.gates","source_group":"LFMT Gates","vsmr_group_ids":[],"geometry_role":"text_label","text-field":"ENAC"},"geometry":{"type":"Point","coordinates":[3.954481111,43.578263889]}},{"type":"Feature","id":"LFMT-7d55fa489050b2162928","properties":{"airport":"LFMT","name":"P3","layer":"Labels","category":"Gates","object_type":"Label","style_id":"label.gates","source_group":"LFMT Gates","vsmr_group_ids":[],"geometry_role":"text_label","text-field":"P3"},"geometry":{"type":"Point","coordinates":[3.954738056,43.576131944]}},{"type":"Feature","id":"LFMT-c191c2ac813cdb2714c9","properties":{"airport":"LFMT","name":"P2","layer":"Labels","category":"Gates","object_type":"Label","style_id":"label.gates","source_group":"LFMT Gates","vsmr_group_ids":[],"geometry_role":"text_label","text-field":"P2"},"geometry":{"type":"Point","coordinates":[3.955674722,43.575854722]}},{"type":"Feature","id":"LFMT-227e8b81d6bdade57aec","properties":{"airport":"LFMT","name":"P1","layer":"Labels","category":"Gates","object_type":"Label","style_id":"label.gates","source_group":"LFMT Gates","vsmr_group_ids":[],"geometry_role":"text_label","text-field":"P1"},"geometry":{"type":"Point","coordinates":[3.957015278,43.575770556]}},{"type":"Feature","id":"LFMT-cd55baa7665d6707cb1d","properties":{"airport":"LFMT","name":"GENDARMERIE","layer":"Labels","category":"Gates","object_type":"Label","style_id":"label.gates","source_group":"LFMT Gates","vsmr_group_ids":[],"geometry_role":"text_label","text-field":"GENDARMERIE"},"geometry":{"type":"Point","coordinates":[3.959861667,43.575385]}},{"type":"Feature","id":"LFMT-21504e801e849657dc46","properties":{"airport":"LFMT","name":"SECURITE","layer":"Labels","category":"Gates","object_type":"Label","style_id":"label.gates","source_group":"LFMT Gates","vsmr_group_ids":[],"geometry_role":"text_label","text-field":"SECURITE"},"geometry":{"type":"Point","coordinates":[3.959568056,43.574782778]}},{"type":"Feature","id":"LFMT-4a75cdb0ac3f3f0a9177","properties":{"airport":"LFMT","name":"G","layer":"Labels","category":"Gates","object_type":"Label","style_id":"label.gates","source_group":"LFMT Gates","vsmr_group_ids":[],"geometry_role":"text_label","text-field":"G"},"geometry":{"type":"Point","coordinates":[3.963112222,43.575131944]}},{"type":"Feature","id":"LFMT-1dcfa80d0bd672e95d1f","properties":{"airport":"LFMT","name":"FRET","layer":"Labels","category":"Gates","object_type":"Label","style_id":"label.gates","source_group":"LFMT Gates","vsmr_group_ids":[],"geometry_role":"text_label","text-field":"FRET"},"geometry":{"type":"Point","coordinates":[3.963699722,43.589213333]}},{"type":"Feature","id":"LFMT-267447efeb296f35be77","properties":{"airport":"LFMT","name":"TERMINAL","layer":"Labels","category":"Gates","object_type":"Label","style_id":"label.gates","source_group":"LFMT Gates","vsmr_group_ids":[],"geometry_role":"text_label","text-field":"TERMINAL"},"geometry":{"type":"Point","coordinates":[3.959182222,43.578902222]}},{"type":"Feature","id":"LFMT-06a70a304d234d07d09f","properties":{"airport":"LFMT","name":"STATION ESSENCE","layer":"Labels","category":"Gates","object_type":"Label","style_id":"label.gates","source_group":"LFMT Gates","vsmr_group_ids":[],"geometry_role":"text_label","text-field":"STATION ESSENCE"},"geometry":{"type":"Point","coordinates":[3.963791667,43.576396944]}},{"type":"Feature","id":"LFMT-61cf9db46e30885c5c25","properties":{"airport":"LFMT","name":"LFMT Groundlayout AVISO","layer":"Guidance lines","category":"Taxiways","object_type":"Line","style_id":"line.taxiway.c0b631","source_group":"LFMT Groundlayout AVISO","vsmr_group_ids":[],"geometry_role":"linework"},"geometry":{"type":"MultiLineString","coordinates":[[[3.955649444,43.580495833],[3.955400556,43.580619444]],[[3.955084444,43.580816944],[3.954791389,43.580962778]],[[3.955771944,43.580693611],[3.955570278,43.580794722]],[[3.955943333,43.580866667],[3.955799444,43.580940278]],[[3.955298889,43.581035278],[3.955023056,43.581175]],[[3.955631667,43.581240833],[3.955267222,43.581423889]],[[3.956528056,43.580916111],[3.956860278,43.581263056]],[[3.956897778,43.581245278],[3.956563056,43.580898611]],[[3.957020833,43.5806675],[3.95734,43.581004444]],[[3.9573775,43.580987778],[3.9570575,43.580650278]],[[3.957478889,43.580438333],[3.957870833,43.580848056]],[[3.957936389,43.5802075],[3.958327222,43.580618889]],[[3.958392778,43.579977222],[3.958784722,43.580391111]],[[3.959079444,43.579483333],[3.959035278,43.579939444]],[[3.959132222,43.579488333],[3.959272778,43.580125]],[[3.959335833,43.579596389],[3.959648333,43.580041667]],[[3.959757222,43.579440556],[3.95947,43.580080556]],[[3.959444167,43.579535833],[3.960045556,43.579650556]],[[3.959765,43.579376667],[3.960165278,43.579796667]],[[3.95988,43.57934],[3.960705833,43.579499444]],[[3.959975278,43.579230278],[3.960913333,43.579410833]],[[3.959978889,43.579334722],[3.961217222,43.578928889]],[[3.960237778,43.579093889],[3.961008889,43.578703056]],[[3.961845556,43.578010833],[3.961749444,43.5786825]],[[3.962722778,43.577595833],[3.962401111,43.5777575]],[[3.962896667,43.577777778],[3.962571111,43.577941389]],[[3.963067778,43.577961111],[3.962748333,43.578123056]],[[3.963156111,43.577321667],[3.962851111,43.577475278]],[[3.963273056,43.577442778],[3.962961389,43.577601111]],[[3.963389722,43.577599167],[3.963124444,43.577731944]],[[3.963539722,43.577749722],[3.963269444,43.577885]],[[3.963491667,43.5771425],[3.9632975,43.577241389]],[[3.963603611,43.57725],[3.963397222,43.577355]],[[3.963701111,43.577364722],[3.963505833,43.577464167]],[[3.963810833,43.577473333],[3.963604444,43.577578333]],[[3.963921667,43.577581389],[3.963711389,43.577689444]],[[3.9638975,43.577081111],[3.963719444,43.577170833]],[[3.964019444,43.577206111],[3.963848056,43.577292778]],[[3.964140278,43.577331944],[3.963966944,43.577418056]],[[3.963036667,43.5890025],[3.962939722,43.588744167]],[[3.963219722,43.588902778],[3.963222778,43.588476667]],[[3.963576111,43.588845278],[3.963559167,43.588249167]],[[3.963708889,43.588456111],[3.964288056,43.588527778]],[[3.963691944,43.587978889],[3.963891111,43.588363056]]]}},{"type":"Feature","id":"LFMT-ef8ea9d6466152bc3d93","properties":{"airport":"LFMT","name":"J","layer":"Labels","category":"Taxiways","object_type":"Label","style_id":"label.taxiways","source_group":"LFMT Taxiways","vsmr_group_ids":[],"geometry_role":"text_label","text-field":"J"},"geometry":{"type":"Point","coordinates":[3.961055833,43.585168056]}},{"type":"Feature","id":"LFMT-0873f5fc951df9b3c23f","properties":{"airport":"LFMT","name":"T6","layer":"Labels","category":"Taxiways","object_type":"Label","style_id":"label.taxiways","source_group":"LFMT Taxiways","vsmr_group_ids":[],"geometry_role":"text_label","text-field":"T6"},"geometry":{"type":"Point","coordinates":[3.956472222,43.583683889]}},{"type":"Feature","id":"LFMT-ff7fe4cab4da7dd4fe4b","properties":{"airport":"LFMT","name":"Y","layer":"Labels","category":"Taxiways","object_type":"Label","style_id":"label.taxiways","source_group":"LFMT Taxiways","vsmr_group_ids":[],"geometry_role":"text_label","text-field":"Y"},"geometry":{"type":"Point","coordinates":[3.959313611,43.583099444]}},{"type":"Feature","id":"LFMT-41dbf4b919a7f1191bce","properties":{"airport":"LFMT","name":"W1","layer":"Labels","category":"Taxiways","object_type":"Label","style_id":"label.taxiways","source_group":"LFMT Taxiways","vsmr_group_ids":[],"geometry_role":"text_label","text-field":"W1"},"geometry":{"type":"Point","coordinates":[3.959916111,43.582723056]}},{"type":"Feature","id":"LFMT-9271692d9666b2f0167c","properties":{"airport":"LFMT","name":"W2","layer":"Labels","category":"Taxiways","object_type":"Label","style_id":"label.taxiways","source_group":"LFMT Taxiways","vsmr_group_ids":[],"geometry_role":"text_label","text-field":"W2"},"geometry":{"type":"Point","coordinates":[3.957897222,43.5819975]}},{"type":"Feature","id":"LFMT-4b61940ac6678ba47b4e","properties":{"airport":"LFMT","name":"T5","layer":"Labels","category":"Taxiways","object_type":"Label","style_id":"label.taxiways","source_group":"LFMT Taxiways","vsmr_group_ids":[],"geometry_role":"text_label","text-field":"T5"},"geometry":{"type":"Point","coordinates":[3.961153611,43.581371111]}},{"type":"Feature","id":"LFMT-02231dff384eb07ad8cd","properties":{"airport":"LFMT","name":"M","layer":"Labels","category":"Taxiways","object_type":"Label","style_id":"label.taxiways","source_group":"LFMT Taxiways","vsmr_group_ids":[],"geometry_role":"text_label","text-field":"M"},"geometry":{"type":"Point","coordinates":[3.9622325,43.580031111]}},{"type":"Feature","id":"LFMT-6d3805c328775d758220","properties":{"airport":"LFMT","name":"T4","layer":"Labels","category":"Taxiways","object_type":"Label","style_id":"label.taxiways","source_group":"LFMT Taxiways","vsmr_group_ids":[],"geometry_role":"text_label","text-field":"T4"},"geometry":{"type":"Point","coordinates":[3.963908333,43.579955833]}},{"type":"Feature","id":"LFMT-a7ee988187f1f496dbd6","properties":{"airport":"LFMT","name":"T3","layer":"Labels","category":"Taxiways","object_type":"Label","style_id":"label.taxiways","source_group":"LFMT Taxiways","vsmr_group_ids":[],"geometry_role":"text_label","text-field":"T3"},"geometry":{"type":"Point","coordinates":[3.967121944,43.578329722]}},{"type":"Feature","id":"LFMT-7ef8a56e69342225756b","properties":{"airport":"LFMT","name":"V","layer":"Labels","category":"Taxiways","object_type":"Label","style_id":"label.taxiways","source_group":"LFMT Taxiways","vsmr_group_ids":[],"geometry_role":"text_label","text-field":"V"},"geometry":{"type":"Point","coordinates":[3.969873056,43.577528333]}},{"type":"Feature","id":"LFMT-ed838ae0887063bb2c26","properties":{"airport":"LFMT","name":"T2","layer":"Labels","category":"Taxiways","object_type":"Label","style_id":"label.taxiways","source_group":"LFMT Taxiways","vsmr_group_ids":[],"geometry_role":"text_label","text-field":"T2"},"geometry":{"type":"Point","coordinates":[3.9744675,43.574655833]}},{"type":"Feature","id":"LFMT-9e4e73875deb770fb154","properties":{"airport":"LFMT","name":"T1","layer":"Labels","category":"Taxiways","object_type":"Label","style_id":"label.taxiways","source_group":"LFMT Taxiways","vsmr_group_ids":[],"geometry_role":"text_label","text-field":"T1"},"geometry":{"type":"Point","coordinates":[3.981149722,43.571919722]}},{"type":"Feature","id":"LFMT-471c12e2f4d34d1ffd97","properties":{"airport":"LFMT","name":"L3","layer":"Labels","category":"Taxiways","object_type":"Label","style_id":"label.taxiways","source_group":"LFMT Taxiways","vsmr_group_ids":[],"geometry_role":"text_label","text-field":"L3"},"geometry":{"type":"Point","coordinates":[3.964596944,43.578540556]}},{"type":"Feature","id":"LFMT-ce276a8a108c6f950472","properties":{"airport":"LFMT","name":"GT","layer":"Labels","category":"Taxiways","object_type":"Label","style_id":"label.taxiways","source_group":"LFMT Taxiways","vsmr_group_ids":[],"geometry_role":"text_label","text-field":"GT"},"geometry":{"type":"Point","coordinates":[3.964091944,43.575514167]}},{"type":"Feature","id":"LFMT-b4b1dffa00816340037c","properties":{"airport":"LFMT","name":"GS","layer":"Labels","category":"Taxiways","object_type":"Label","style_id":"label.taxiways","source_group":"LFMT Taxiways","vsmr_group_ids":[],"geometry_role":"text_label","text-field":"GS"},"geometry":{"type":"Point","coordinates":[3.963908333,43.574535278]}},{"type":"Feature","id":"LFMT-f2ebf4e63ed405455b5d","properties":{"airport":"LFMT","name":"L2","layer":"Labels","category":"Taxiways","object_type":"Label","style_id":"label.taxiways","source_group":"LFMT Taxiways","vsmr_group_ids":[],"geometry_role":"text_label","text-field":"L2"},"geometry":{"type":"Point","coordinates":[3.963655833,43.573180278]}},{"type":"Feature","id":"LFMT-04d1745a0685fd220023","properties":{"airport":"LFMT","name":"SL","layer":"Labels","category":"Taxiways","object_type":"Label","style_id":"label.taxiways","source_group":"LFMT Taxiways","vsmr_group_ids":[],"geometry_role":"text_label","text-field":"SL"},"geometry":{"type":"Point","coordinates":[3.963265556,43.571313333]}},{"type":"Feature","id":"LFMT-5884dbeb5bac3f80155f","properties":{"airport":"LFMT","name":"L1","layer":"Labels","category":"Taxiways","object_type":"Label","style_id":"label.taxiways","source_group":"LFMT Taxiways","vsmr_group_ids":[],"geometry_role":"text_label","text-field":"L1"},"geometry":{"type":"Point","coordinates":[3.963179722,43.570728889]}},{"type":"Feature","id":"LFMT-7dc0885ad64365627d2b","properties":{"airport":"LFMT","name":"S1","layer":"Labels","category":"Taxiways","object_type":"Label","style_id":"label.taxiways","source_group":"LFMT Taxiways","vsmr_group_ids":[],"geometry_role":"text_label","text-field":"S1"},"geometry":{"type":"Point","coordinates":[3.960740833,43.572482778]}},{"type":"Feature","id":"LFMT-017619d0d92fc04a6025","properties":{"airport":"LFMT","name":"SN","layer":"Labels","category":"Taxiways","object_type":"Label","style_id":"label.taxiways","source_group":"LFMT Taxiways","vsmr_group_ids":[],"geometry_role":"text_label","text-field":"SN"},"geometry":{"type":"Point","coordinates":[3.959139444,43.573273056]}},{"type":"Feature","id":"LFMT-1d98c31d32d8663af443","properties":{"airport":"LFMT","name":"N2","layer":"Labels","category":"Taxiways","object_type":"Label","style_id":"label.taxiways","source_group":"LFMT Taxiways","vsmr_group_ids":[],"geometry_role":"text_label","text-field":"N2"},"geometry":{"type":"Point","coordinates":[3.959110278,43.573860833]}},{"type":"Feature","id":"LFMT-8d9a07ef97872054360e","properties":{"airport":"LFMT","name":"NS","layer":"Labels","category":"Taxiways","object_type":"Label","style_id":"label.taxiways","source_group":"LFMT Taxiways","vsmr_group_ids":[],"geometry_role":"text_label","text-field":"NS"},"geometry":{"type":"Point","coordinates":[3.958302222,43.5736875]}},{"type":"Feature","id":"LFMT-f8f614da480ed901fba0","properties":{"airport":"LFMT","name":"S2","layer":"Labels","category":"Taxiways","object_type":"Label","style_id":"label.taxiways","source_group":"LFMT Taxiways","vsmr_group_ids":[],"geometry_role":"text_label","text-field":"S2"},"geometry":{"type":"Point","coordinates":[3.957317778,43.574207778]}},{"type":"Feature","id":"LFMT-fbecc8f1c2adc07dddf3","properties":{"airport":"LFMT","name":"K2","layer":"Labels","category":"Taxiways","object_type":"Label","style_id":"label.taxiways","source_group":"LFMT Taxiways","vsmr_group_ids":[],"geometry_role":"text_label","text-field":"K2"},"geometry":{"type":"Point","coordinates":[3.956465833,43.574959444]}},{"type":"Feature","id":"LFMT-e22da3f4fc04e7ad2d04","properties":{"airport":"LFMT","name":"S3","layer":"Labels","category":"Taxiways","object_type":"Label","style_id":"label.taxiways","source_group":"LFMT Taxiways","vsmr_group_ids":[],"geometry_role":"text_label","text-field":"S3"},"geometry":{"type":"Point","coordinates":[3.955525556,43.575084722]}},{"type":"Feature","id":"LFMT-5f157b7c9a9efd08efa4","properties":{"airport":"LFMT","name":"K4","layer":"Labels","category":"Taxiways","object_type":"Label","style_id":"label.taxiways","source_group":"LFMT Taxiways","vsmr_group_ids":[],"geometry_role":"text_label","text-field":"K4"},"geometry":{"type":"Point","coordinates":[3.955305278,43.575498889]}},{"type":"Feature","id":"LFMT-9c9d7ed075724d3a270a","properties":{"airport":"LFMT","name":"K5","layer":"Labels","category":"Taxiways","object_type":"Label","style_id":"label.taxiways","source_group":"LFMT Taxiways","vsmr_group_ids":[],"geometry_role":"text_label","text-field":"K5"},"geometry":{"type":"Point","coordinates":[3.954967222,43.575682222]}},{"type":"Feature","id":"LFMT-ec42acd5761faab7f678","properties":{"airport":"LFMT","name":"K6","layer":"Labels","category":"Taxiways","object_type":"Label","style_id":"label.taxiways","source_group":"LFMT Taxiways","vsmr_group_ids":[],"geometry_role":"text_label","text-field":"K6"},"geometry":{"type":"Point","coordinates":[3.954732222,43.575778611]}},{"type":"Feature","id":"LFMT-edc7351bc6376497ffb1","properties":{"airport":"LFMT","name":"Q","layer":"Labels","category":"Taxiways","object_type":"Label","style_id":"label.taxiways","source_group":"LFMT Taxiways","vsmr_group_ids":[],"geometry_role":"text_label","text-field":"Q"},"geometry":{"type":"Point","coordinates":[3.954688056,43.575075]}},{"type":"Feature","id":"LFMT-7e9754cd111dc50ad7ef","properties":{"airport":"LFMT","name":"S4","layer":"Labels","category":"Taxiways","object_type":"Label","style_id":"label.taxiways","source_group":"LFMT Taxiways","vsmr_group_ids":[],"geometry_role":"text_label","text-field":"S4"},"geometry":{"type":"Point","coordinates":[3.954335556,43.575730278]}},{"type":"Feature","id":"LFMT-32de0299af079ce1b6ba","properties":{"airport":"LFMT","name":"R2","layer":"Labels","category":"Taxiways","object_type":"Label","style_id":"label.taxiways","source_group":"LFMT Taxiways","vsmr_group_ids":[],"geometry_role":"text_label","text-field":"R2"},"geometry":{"type":"Point","coordinates":[3.953953611,43.576298889]}},{"type":"Feature","id":"LFMT-dae02ad3a144baf0c570","properties":{"airport":"LFMT","name":"S5","layer":"Labels","category":"Taxiways","object_type":"Label","style_id":"label.taxiways","source_group":"LFMT Taxiways","vsmr_group_ids":[],"geometry_role":"text_label","text-field":"S5"},"geometry":{"type":"Point","coordinates":[3.952704722,43.57653]}},{"type":"Feature","id":"LFMT-88b8d23ed0fc495ffbfe","properties":{"airport":"LFMT","name":"R1","layer":"Labels","category":"Taxiways","object_type":"Label","style_id":"label.taxiways","source_group":"LFMT Taxiways","vsmr_group_ids":[],"geometry_role":"text_label","text-field":"R1"},"geometry":{"type":"Point","coordinates":[3.953546111,43.575834444]}}]}
