{"type":"FeatureCollection","name":"LFPB AVISO","bbox":[2.417956389,48.944631944,2.460221111,48.975990556],"metadata":{"schema":"vSMR AVISO","schema_version":2,"geometry_mode":"shared","airport":"LFPB","coordinate_reference_system":"WGS84","coordinate_order":"longitude, latitude","default_color_palette":"dark","color_palettes":["dark","light"],"background_colors":{"dark":"#434A4F","light":"#434A4F"},"runways":[{"ends":["09","27"],"headings":[84,264],"thresholds":[[2.420402778,48.963680833],[2.445546944,48.965052778]]},{"ends":["07","25"],"headings":[67,247],"thresholds":[[2.424063889,48.964849722],[2.446880833,48.970968889]]},{"ends":["03","21"],"headings":[24,204],"thresholds":[[2.428382778,48.950877778],[2.440605833,48.968263889]]}],"saved_active_runways":[],"saved_active_airport_modes":[],"airport_reference":[2.441388889,48.969443889],"feature_count":260,"style_count":14,"layer_counts":{"Airfield surfaces":86,"Buildings and structures":30,"Guidance lines":3,"Labels":120,"Operational restrictions":1,"Surface markings":19,"Terrain":1},"category_counts":{"Buildings":30,"Closure areas":1,"Gates":39,"Grass":1,"Hard Surface 2":8,"Hard Surface 3":19,"Hard Surface 4":21,"Runway Border":35,"Runways":4,"Stopbars":19,"Taxiway Orange":1,"Taxiways":82},"geometry_source":"local GNG","geometry_source_url":"","geometry_license":"GPL-3.0"},"styles":{"polygon.grassurface.00512f":{"name":"Grass","layer":"Terrain","object_type":"Area","paint":{"fill":"#010D19","fill-opacity":1,"palette-overrides":{"light":{"fill":"#00512F"}}},"feature_count":1},"polygon.hardsurface4.969393":{"name":"Hard Surface 4","layer":"Airfield surfaces","object_type":"Area","paint":{"fill":"#152841","fill-opacity":1,"palette-overrides":{"light":{"fill":"#969393"}}},"feature_count":21},"polygon.hardsurface3.8a807f":{"name":"Hard Surface 3","layer":"Airfield surfaces","object_type":"Area","paint":{"fill":"#222D3C","fill-opacity":1,"palette-overrides":{"light":{"fill":"#8A807F"}}},"feature_count":19},"polygon.hardsurface2.595e5b":{"name":"Hard Surface 2","layer":"Airfield surfaces","object_type":"Area","paint":{"fill":"#2F3949","fill-opacity":1,"palette-overrides":{"light":{"fill":"#595E5B"}}},"feature_count":8},"polygon.runwayconcrete.555555":{"name":"Runways","layer":"Airfield surfaces","object_type":"Area","paint":{"fill":"#111318","fill-opacity":1,"palette-overrides":{"light":{"fill":"#555555"}}},"feature_count":4},"polygon.building.394446":{"name":"Buildings","layer":"Buildings and structures","object_type":"Area","paint":{"fill":"#475570","fill-opacity":1,"palette-overrides":{"light":{"fill":"#394446"}}},"feature_count":30},"polygon.stopbar.7e0000":{"name":"Stopbars","layer":"Surface markings","object_type":"Area","paint":{"fill":"#7E0000","fill-opacity":1,"palette-overrides":{"light":{"fill":"#7E0000"}}},"feature_count":19},"polygon.closurearea.ff0000":{"name":"Closure areas","layer":"Operational restrictions","object_type":"Area","paint":{"fill":"#FF0000","fill-opacity":1,"palette-overrides":{"light":{"fill":"#FF0000"}}},"feature_count":1},"polygon.runwayborder.808080":{"name":"Runway Border","layer":"Airfield surfaces","object_type":"Area","paint":{"fill":"#808080","fill-opacity":1,"palette-overrides":{"light":{"fill":"#808080"}}},"feature_count":34},"line.runwayborder.808080":{"name":"Runway Border","layer":"Guidance lines","object_type":"Line","paint":{"stroke":"#808080","stroke-opacity":1,"stroke-width":1,"palette-overrides":{"light":{"stroke":"#808080"}}},"feature_count":1},"line.taxiway.c0b631":{"name":"Taxiways","layer":"Guidance lines","object_type":"Line","paint":{"stroke":"#4E5A69","stroke-opacity":1,"stroke-width":1,"palette-overrides":{"light":{"stroke":"#C0B631"}}},"feature_count":1},"line.taxiwayorange.cc6d00":{"name":"Taxiway Orange","layer":"Guidance lines","object_type":"Line","paint":{"stroke":"#CC8B00","stroke-opacity":1,"stroke-width":1,"palette-overrides":{"light":{"stroke":"#CC6D00"}}},"feature_count":1},"label.gates":{"name":"Gates","layer":"Labels","object_type":"Label","paint":{"text-color":"#CCCCCC","text-font":"Arial","text-size":12,"text-halo-color":"#000000","text-halo-width":1,"text-anchor":"center","zoomLevel":9},"feature_count":39},"label.taxiways":{"name":"Taxiways","layer":"Labels","object_type":"Label","paint":{"text-color":"#CCCCCC","text-font":"Arial","text-size":12,"text-halo-color":"#000000","text-halo-width":1,"text-anchor":"center","zoomLevel":7},"feature_count":81}},"vsmr_groups":[],"features":[{"type":"Feature","id":"LFPB-d4f7348c3e75df0161c3","properties":{"airport":"LFPB","name":"LFPB AVISO","layer":"Terrain","category":"Grass","object_type":"Area","style_id":"polygon.grassurface.00512f","source_group":"LFPB AVISO","vsmr_group_ids":[],"geometry_role":"filled_region"},"geometry":{"type":"Polygon","coordinates":[[[2.418046389,48.964438889],[2.4181275,48.964121667],[2.418192778,48.963925278],[2.418247222,48.963793333],[2.418328611,48.9636825],[2.419052222,48.9628725],[2.419541944,48.962195278],[2.419648889,48.962231944],[2.420685,48.961090556],[2.421239444,48.961335],[2.42151,48.961488056],[2.422923056,48.961588333],[2.4229125,48.961693333],[2.424441944,48.96181],[2.424553611,48.961810278],[2.42479,48.961750833],[2.427279722,48.961016389],[2.427488056,48.960951111],[2.429916111,48.959686667],[2.429966111,48.959601667],[2.423618889,48.950598889],[2.423751944,48.950177222],[2.423677222,48.949241944],[2.4251975,48.948718333],[2.423799167,48.946732778],[2.426526944,48.945888056],[2.427875556,48.947815833],[2.428893889,48.947454167],[2.430802778,48.946838333],[2.432369444,48.946251111],[2.432365278,48.945006111],[2.432984444,48.944764722],[2.433777778,48.945418333],[2.435089722,48.947144167],[2.435234722,48.947546944],[2.436762778,48.949231944],[2.437356944,48.949035],[2.437740556,48.949485833],[2.437829167,48.949569167],[2.437894167,48.949625556],[2.437985833,48.949666389],[2.43811,48.949708889],[2.4382075,48.949749722],[2.438303333,48.949834167],[2.440546667,48.9523425],[2.44118,48.953058889],[2.441417778,48.953337222],[2.44159,48.953566111],[2.442105278,48.954298889],[2.443105556,48.955731667],[2.444289167,48.957409722],[2.446244722,48.960193333],[2.446274167,48.960223611],[2.4463075,48.960245556],[2.446368333,48.96026],[2.447102222,48.960301667],[2.447818333,48.960069722],[2.447925,48.96004],[2.448003333,48.96004],[2.448050833,48.960055556],[2.448093333,48.96009],[2.4481625,48.960151111],[2.449493611,48.96163],[2.4497775,48.961911111],[2.450433056,48.962634444],[2.450446111,48.962663611],[2.450446389,48.962687222],[2.450254444,48.963101944],[2.450018056,48.963618333],[2.450025833,48.963710556],[2.450045833,48.963831111],[2.450088611,48.963949722],[2.450122778,48.964020833],[2.450159444,48.964068889],[2.450198333,48.964105556],[2.450251667,48.964142222],[2.450324722,48.964178889],[2.450395278,48.964209167],[2.450487778,48.964242778],[2.450621389,48.96427],[2.450774722,48.964295556],[2.450997222,48.964326389],[2.451069444,48.964306944],[2.451162778,48.9642875],[2.451328333,48.964263611],[2.451434167,48.9642525],[2.4515575,48.964267778],[2.451676111,48.964297222],[2.451793056,48.964340278],[2.451882222,48.964390556],[2.451953889,48.964446111],[2.4560875,48.968812778],[2.458636667,48.9716875],[2.458860278,48.971955833],[2.459131667,48.972318056],[2.460100278,48.973441111],[2.460221111,48.974279722],[2.458386111,48.975990556],[2.444395,48.972230833],[2.437294444,48.973677778],[2.436094722,48.972103333],[2.435395556,48.970700556],[2.434215278,48.971276389],[2.433686389,48.970756944],[2.4334125,48.970526667],[2.434160278,48.969521667],[2.418578611,48.965341111],[2.417956389,48.965350556],[2.417994722,48.964908889],[2.418046389,48.964438889]]]}},{"type":"Feature","id":"LFPB-b24167b3e40c32cc5ff5","properties":{"airport":"LFPB","name":"LFPB AVISO","layer":"Airfield surfaces","category":"Hard Surface 4","object_type":"Area","style_id":"polygon.hardsurface4.969393","source_group":"LFPB AVISO","vsmr_group_ids":[],"geometry_role":"filled_region"},"geometry":{"type":"Polygon","coordinates":[[[2.440303333,48.968345],[2.440878889,48.968171667],[2.442706111,48.970788333],[2.442133889,48.970952222],[2.440303333,48.968345]]]}},{"type":"Feature","id":"LFPB-1626b8b0f0b3563489c3","properties":{"airport":"LFPB","name":"LFPB AVISO","layer":"Airfield surfaces","category":"Hard Surface 4","object_type":"Area","style_id":"polygon.hardsurface4.969393","source_group":"LFPB AVISO","vsmr_group_ids":[],"geometry_role":"filled_region"},"geometry":{"type":"Polygon","coordinates":[[[2.457800833,48.974115278],[2.458026111,48.973738333],[2.459636111,48.974178611],[2.459386667,48.974562222],[2.457800833,48.974115278]]]}},{"type":"Feature","id":"LFPB-6b5255a8ac38ab2139f7","properties":{"airport":"LFPB","name":"LFPB AVISO","layer":"Airfield surfaces","category":"Hard Surface 4","object_type":"Area","style_id":"polygon.hardsurface4.969393","source_group":"LFPB AVISO","vsmr_group_ids":[],"geometry_role":"filled_region"},"geometry":{"type":"Polygon","coordinates":[[[2.445187778,48.967471389],[2.445048333,48.967463056],[2.444968889,48.967464722],[2.444891667,48.967474722],[2.444784444,48.967499167],[2.4447075,48.967526944],[2.444615278,48.967562778],[2.444114444,48.967823889],[2.444133611,48.967725],[2.444139167,48.967683611],[2.444133611,48.967644167],[2.444130833,48.967599444],[2.444106111,48.967550833],[2.444084167,48.967502222],[2.444043333,48.967450278],[2.443991111,48.967401667],[2.443931111,48.967356667],[2.443857222,48.967311944],[2.443772222,48.967277778],[2.4436875,48.967247222],[2.443569722,48.967221944],[2.429570278,48.965142778],[2.429691389,48.96461],[2.442919167,48.966568889],[2.443512778,48.966653333],[2.443905833,48.966709722],[2.444107778,48.966734722],[2.444250278,48.966745],[2.444348611,48.966743333],[2.444434167,48.966726389],[2.444522222,48.966692222],[2.4445975,48.966654722],[2.4446725,48.966593611],[2.444716667,48.966552778],[2.445096111,48.966478611],[2.445088889,48.966569167],[2.445104722,48.966643889],[2.445132222,48.966711944],[2.445168056,48.966762778],[2.445211389,48.96681],[2.4452675,48.966853333],[2.445339167,48.966886389],[2.445432778,48.966918611],[2.445493056,48.966938333],[2.445594444,48.966972778],[2.446094167,48.967051944],[2.449863333,48.967610833],[2.449930556,48.967613333],[2.450011111,48.967609444],[2.450107222,48.967595556],[2.450228333,48.967565278],[2.450337778,48.9675175],[2.450420278,48.967469444],[2.450485556,48.967426667],[2.450514444,48.967395],[2.450571667,48.967436667],[2.450323889,48.96823],[2.445187778,48.967471389]]]}},{"type":"Feature","id":"LFPB-937f8596b501234a72ff","properties":{"airport":"LFPB","name":"LFPB AVISO","layer":"Airfield surfaces","category":"Hard Surface 4","object_type":"Area","style_id":"polygon.hardsurface4.969393","source_group":"LFPB AVISO","vsmr_group_ids":[],"geometry_role":"filled_region"},"geometry":{"type":"Polygon","coordinates":[[[2.450739722,48.966707222],[2.450716111,48.966652222],[2.4506925,48.9666075],[2.45064,48.966545556],[2.449728333,48.965501667],[2.449599444,48.965487222],[2.445484722,48.965258333],[2.445533611,48.964858056],[2.449061111,48.965055556],[2.449143333,48.965055556],[2.449209722,48.965050556],[2.449257222,48.965033056],[2.449283889,48.965019167],[2.449294444,48.965001667],[2.449296944,48.964977222],[2.449283889,48.964951111],[2.4492625,48.964930278],[2.449230833,48.964911111],[2.449193611,48.964890278],[2.450246111,48.965083333],[2.4501825,48.965083333],[2.450126667,48.965095556],[2.450081667,48.965118333],[2.450033889,48.965149444],[2.449988889,48.965186111],[2.449957222,48.965222778],[2.449938611,48.965262778],[2.449925278,48.965306111],[2.449928056,48.965365278],[2.449948056,48.965413611],[2.449995833,48.965474722],[2.450360278,48.965872222],[2.450434444,48.965944722],[2.450494167,48.965985556],[2.450561111,48.966013611],[2.450625833,48.966030833],[2.450704722,48.966038889],[2.450786111,48.966037222],[2.450879167,48.966018333],[2.450934167,48.966001111],[2.450982222,48.965961944],[2.450747222,48.966773889],[2.450739722,48.966707222]]]}},{"type":"Feature","id":"LFPB-5c9c733e8c58909a236a","properties":{"airport":"LFPB","name":"LFPB AVISO","layer":"Airfield surfaces","category":"Hard Surface 4","object_type":"Area","style_id":"polygon.hardsurface4.969393","source_group":"LFPB AVISO","vsmr_group_ids":[],"geometry_role":"filled_region"},"geometry":{"type":"Polygon","coordinates":[[[2.4238375,48.962291111],[2.424186111,48.962614167],[2.422385556,48.962562778],[2.422759167,48.962252778],[2.4238375,48.962291111]]]}},{"type":"Feature","id":"LFPB-f3966a13c414e971f532","properties":{"airport":"LFPB","name":"LFPB AVISO","layer":"Airfield surfaces","category":"Hard Surface 4","object_type":"Area","style_id":"polygon.hardsurface4.969393","source_group":"LFPB AVISO","vsmr_group_ids":[],"geometry_role":"filled_region"},"geometry":{"type":"Polygon","coordinates":[[[2.422671389,48.962145],[2.422411389,48.962226944],[2.422627222,48.961993056],[2.424013333,48.962033056],[2.424217778,48.962310556],[2.423950556,48.962168889],[2.422671389,48.962145]]]}},{"type":"Feature","id":"LFPB-6a8b0273764bc59cfc7f","properties":{"airport":"LFPB","name":"LFPB AVISO","layer":"Airfield surfaces","category":"Hard Surface 4","object_type":"Area","style_id":"polygon.hardsurface4.969393","source_group":"LFPB AVISO","vsmr_group_ids":[],"geometry_role":"filled_region"},"geometry":{"type":"Polygon","coordinates":[[[2.444829722,48.964185],[2.444399444,48.964195556],[2.44145,48.963755833],[2.441300278,48.963725556],[2.441168056,48.963683889],[2.441053056,48.963633056],[2.440952222,48.963578333],[2.440860278,48.963519722],[2.440791389,48.963461111],[2.440710833,48.963359167],[2.439984167,48.962309444],[2.439956389,48.962274167],[2.439928333,48.962245833],[2.439879722,48.9622125],[2.440515,48.962301111],[2.440380278,48.962316944],[2.440356111,48.962329444],[2.440350833,48.962348611],[2.440356111,48.962400833],[2.440540556,48.962665833],[2.440913056,48.963214722],[2.4409775,48.963299444],[2.441031111,48.963361389],[2.441074167,48.963399444],[2.441127778,48.963436111],[2.441205278,48.963482222],[2.441298611,48.963523056],[2.4414175,48.963555556],[2.441556667,48.963581944],[2.442963333,48.963800833],[2.444864722,48.964077222],[2.444829722,48.964185]]]}},{"type":"Feature","id":"LFPB-65c8df61829f33d227b1","properties":{"airport":"LFPB","name":"LFPB AVISO","layer":"Airfield surfaces","category":"Hard Surface 4","object_type":"Area","style_id":"polygon.hardsurface4.969393","source_group":"LFPB AVISO","vsmr_group_ids":[],"geometry_role":"filled_region"},"geometry":{"type":"Polygon","coordinates":[[[2.446040833,48.963641111],[2.4461475,48.963463889],[2.446515278,48.963426944],[2.446489167,48.963441111],[2.446480278,48.963461111],[2.446484722,48.9634825],[2.446513056,48.963528333],[2.446547778,48.963583889],[2.446996389,48.964154167],[2.447078889,48.964249167],[2.447195833,48.964354167],[2.4460625,48.963808333],[2.446040833,48.963641111]]]}},{"type":"Feature","id":"LFPB-b8ecf68a0994665bb09a","properties":{"airport":"LFPB","name":"LFPB AVISO","layer":"Airfield surfaces","category":"Hard Surface 4","object_type":"Area","style_id":"polygon.hardsurface4.969393","source_group":"LFPB AVISO","vsmr_group_ids":[],"geometry_role":"filled_region"},"geometry":{"type":"Polygon","coordinates":[[[2.438014167,48.959075278],[2.438067778,48.959116389],[2.438094722,48.959127778],[2.438136944,48.959139444],[2.438170833,48.959147778],[2.438209444,48.959151111],[2.438245833,48.959151111],[2.438285833,48.959144167],[2.438514167,48.959073333],[2.438589167,48.959193333],[2.438364167,48.959263333],[2.438319722,48.9592825],[2.438291667,48.959307222],[2.438266944,48.959337222],[2.438256389,48.959374167],[2.438263333,48.959441944],[2.438117222,48.959256389],[2.438014167,48.959075278]]]}},{"type":"Feature","id":"LFPB-723e211b686471fdd613","properties":{"airport":"LFPB","name":"LFPB AVISO","layer":"Airfield surfaces","category":"Hard Surface 4","object_type":"Area","style_id":"polygon.hardsurface4.969393","source_group":"LFPB AVISO","vsmr_group_ids":[],"geometry_role":"filled_region"},"geometry":{"type":"Polygon","coordinates":[[[2.439987778,48.955473889],[2.439698611,48.955409722],[2.439540833,48.955288889],[2.439555833,48.955074444],[2.439655833,48.954883889],[2.439189722,48.954217778],[2.4393525,48.954206111],[2.4398675,48.954822778],[2.440051667,48.955059444],[2.441297222,48.954694167],[2.441427778,48.954901389],[2.440259444,48.955229444],[2.440382222,48.955436944],[2.439987778,48.955473889]]]}},{"type":"Feature","id":"LFPB-94e54636ccc21f207194","properties":{"airport":"LFPB","name":"LFPB AVISO","layer":"Airfield surfaces","category":"Hard Surface 4","object_type":"Area","style_id":"polygon.hardsurface4.969393","source_group":"LFPB AVISO","vsmr_group_ids":[],"geometry_role":"filled_region"},"geometry":{"type":"Polygon","coordinates":[[[2.4366525,48.949325278],[2.4366825,48.949513333],[2.436803889,48.949661667],[2.436479167,48.949724167],[2.436108889,48.9496225],[2.435844444,48.9493075],[2.434045,48.949947778],[2.434791667,48.951185278],[2.433863333,48.951471944],[2.433829167,48.951492778],[2.433815,48.951515],[2.4338125,48.951539167],[2.433943056,48.951730556],[2.433965833,48.951742222],[2.4340025,48.951749444],[2.434059444,48.951746944],[2.4338125,48.951824444],[2.433846667,48.951792778],[2.433856944,48.951771944],[2.433853056,48.951751944],[2.433821389,48.951711389],[2.4333075,48.951495278],[2.4334125,48.951426111],[2.433445278,48.951325556],[2.433366944,48.951176111],[2.431279444,48.948268056],[2.431090556,48.948208611],[2.431171111,48.948199444],[2.431188889,48.94819],[2.431188889,48.9481725],[2.430911944,48.947779167],[2.431135556,48.947710278],[2.432129722,48.949113611],[2.432415556,48.949010833],[2.431435556,48.947618056],[2.431740278,48.947533889],[2.4320325,48.947940278],[2.432085556,48.947933611],[2.432501111,48.947794722],[2.432218056,48.947490833],[2.432098056,48.947470278],[2.432027778,48.947474444],[2.431905556,48.947492222],[2.431740278,48.947535556],[2.431569444,48.947291944],[2.431680833,48.947256667],[2.431734444,48.947229444],[2.431788056,48.9471875],[2.431821111,48.947163333],[2.431841667,48.947131944],[2.431868333,48.947091389],[2.431407778,48.946584444],[2.432363611,48.946245833],[2.432356111,48.944999722],[2.433001389,48.944754444],[2.433800833,48.945421667],[2.435096944,48.947161111],[2.435213333,48.947593056],[2.4366525,48.949325278]]]}},{"type":"Feature","id":"LFPB-02466566dc084b57d4f8","properties":{"airport":"LFPB","name":"LFPB AVISO","layer":"Airfield surfaces","category":"Hard Surface 4","object_type":"Area","style_id":"polygon.hardsurface4.969393","source_group":"LFPB AVISO","vsmr_group_ids":[],"geometry_role":"filled_region"},"geometry":{"type":"Polygon","coordinates":[[[2.442966111,48.959418611],[2.444015833,48.959101111],[2.444416667,48.958982778],[2.444597222,48.959256389],[2.4440225,48.959211111],[2.443033889,48.959508611],[2.442966111,48.959418611]]]}},{"type":"Feature","id":"LFPB-754798caff2e2dda5a5f","properties":{"airport":"LFPB","name":"LFPB AVISO","layer":"Airfield surfaces","category":"Hard Surface 4","object_type":"Area","style_id":"polygon.hardsurface4.969393","source_group":"LFPB AVISO","vsmr_group_ids":[],"geometry_role":"filled_region"},"geometry":{"type":"Polygon","coordinates":[[[2.440136111,48.959345278],[2.439683056,48.958716667],[2.439762778,48.958693889],[2.440215833,48.959341389],[2.440136111,48.959345278]]]}},{"type":"Feature","id":"LFPB-ff8fd02dab411d3fa5af","properties":{"airport":"LFPB","name":"LFPB AVISO","layer":"Airfield surfaces","category":"Hard Surface 4","object_type":"Area","style_id":"polygon.hardsurface4.969393","source_group":"LFPB AVISO","vsmr_group_ids":[],"geometry_role":"filled_region"},"geometry":{"type":"Polygon","coordinates":[[[2.442145,48.958123333],[2.443285,48.957788056],[2.443426389,48.957869444],[2.443390278,48.957905],[2.443265,48.957836944],[2.442158056,48.9581475],[2.442145,48.958123333]]]}},{"type":"Feature","id":"LFPB-574f8384bd07d84adad2","properties":{"airport":"LFPB","name":"LFPB AVISO","layer":"Airfield surfaces","category":"Hard Surface 4","object_type":"Area","style_id":"polygon.hardsurface4.969393","source_group":"LFPB AVISO","vsmr_group_ids":[],"geometry_role":"filled_region"},"geometry":{"type":"Polygon","coordinates":[[[2.438257778,48.954888889],[2.438256111,48.954822222],[2.438238611,48.954796667],[2.438224722,48.954780833],[2.438186111,48.954758889],[2.438131944,48.954742778],[2.438066944,48.954736944],[2.437178056,48.954693889],[2.435841944,48.9551675],[2.435732222,48.955009722],[2.436684722,48.954696944],[2.436272778,48.954171111],[2.436626389,48.954053611],[2.437015278,48.954518333],[2.437057778,48.954543889],[2.437112222,48.954548889],[2.438130833,48.954606944],[2.438304722,48.954615833],[2.438431944,48.954617778],[2.438503611,48.954605],[2.43857,48.954585278],[2.438257778,48.954888889]]]}},{"type":"Feature","id":"LFPB-059c5cc131976cd87499","properties":{"airport":"LFPB","name":"LFPB AVISO","layer":"Airfield surfaces","category":"Hard Surface 4","object_type":"Area","style_id":"polygon.hardsurface4.969393","source_group":"LFPB AVISO","vsmr_group_ids":[],"geometry_role":"filled_region"},"geometry":{"type":"Polygon","coordinates":[[[2.428649167,48.948160556],[2.428698611,48.948111111],[2.428732778,48.948062778],[2.428753333,48.948008056],[2.428761944,48.9479575],[2.428906944,48.948117778],[2.428584444,48.948215833],[2.428649167,48.948160556]]]}},{"type":"Feature","id":"LFPB-a44549d30ac88c1bdde3","properties":{"airport":"LFPB","name":"LFPB AVISO","layer":"Airfield surfaces","category":"Hard Surface 4","object_type":"Area","style_id":"polygon.hardsurface4.969393","source_group":"LFPB AVISO","vsmr_group_ids":[],"geometry_role":"filled_region"},"geometry":{"type":"Polygon","coordinates":[[[2.454200556,48.970917778],[2.454640556,48.970781667],[2.454916667,48.970774722],[2.4555425,48.970948611],[2.455691111,48.971066944],[2.455796389,48.971349167],[2.454200556,48.970917778]]]}},{"type":"Feature","id":"LFPB-f9cd2945f40c947fb4b0","properties":{"airport":"LFPB","name":"LFPB AVISO","layer":"Airfield surfaces","category":"Hard Surface 4","object_type":"Area","style_id":"polygon.hardsurface4.969393","source_group":"LFPB AVISO","vsmr_group_ids":[],"geometry_role":"filled_region"},"geometry":{"type":"Polygon","coordinates":[[[2.454713611,48.970431111],[2.455980278,48.970772778],[2.456040278,48.971085833],[2.455929167,48.970922778],[2.455728611,48.970821389],[2.454752222,48.970553333],[2.454551667,48.970551667],[2.454400278,48.970593333],[2.454713611,48.970431111]]]}},{"type":"Feature","id":"LFPB-8eeaacfc7215ee5368bf","properties":{"airport":"LFPB","name":"LFPB AVISO","layer":"Airfield surfaces","category":"Hard Surface 3","object_type":"Area","style_id":"polygon.hardsurface3.8a807f","source_group":"LFPB AVISO","vsmr_group_ids":[],"geometry_role":"filled_region"},"geometry":{"type":"Polygon","coordinates":[[[2.445314722,48.967020833],[2.445462222,48.966927222],[2.445535278,48.966950278],[2.445581111,48.966962778],[2.445633056,48.966970833],[2.449580833,48.967557222],[2.449865556,48.967593333],[2.449952222,48.967780278],[2.449886111,48.967971111],[2.449670556,48.968133611],[2.44526,48.967483056],[2.445175278,48.967301944],[2.445314722,48.967020833]]]}},{"type":"Feature","id":"LFPB-25bd7ce47cbd25e117a1","properties":{"airport":"LFPB","name":"LFPB AVISO","layer":"Airfield surfaces","category":"Hard Surface 3","object_type":"Area","style_id":"polygon.hardsurface3.8a807f","source_group":"LFPB AVISO","vsmr_group_ids":[],"geometry_role":"filled_region"},"geometry":{"type":"Polygon","coordinates":[[[2.4500075,48.963715556],[2.449994167,48.963737222],[2.4499725,48.963755833],[2.449842778,48.9637975],[2.449715833,48.963820278],[2.449639167,48.963821667],[2.449126667,48.963794167],[2.448503611,48.963757222],[2.448341667,48.963750278],[2.448187778,48.963740278],[2.448010556,48.963721111],[2.447825833,48.963701667],[2.447641667,48.963683333],[2.447485556,48.963668333],[2.447248889,48.96365],[2.447281667,48.963400556],[2.447274722,48.963391111],[2.447262222,48.963384167],[2.447239167,48.963383056],[2.446983333,48.963404167],[2.446929444,48.9631375],[2.446268611,48.963190278],[2.445655,48.963239722],[2.445374722,48.96283],[2.446449444,48.962511667],[2.446495278,48.962574167],[2.446625,48.962536944],[2.4466725,48.962600556],[2.446758611,48.962576389],[2.446828056,48.962566944],[2.446976389,48.962561944],[2.447150278,48.962561944],[2.447216111,48.962561944],[2.447291111,48.9625775],[2.447355,48.962601667],[2.447405556,48.96263],[2.447428611,48.962641944],[2.447543056,48.962641944],[2.447781389,48.962683056],[2.447940556,48.962638611],[2.448379167,48.962738611],[2.448500278,48.962596944],[2.449743889,48.962832222],[2.449661389,48.962991667],[2.450234722,48.963098056],[2.449996389,48.963628056],[2.4500075,48.963715556]]]}},{"type":"Feature","id":"LFPB-6eff24e949773bd1084c","properties":{"airport":"LFPB","name":"LFPB AVISO","layer":"Airfield surfaces","category":"Hard Surface 3","object_type":"Area","style_id":"polygon.hardsurface3.8a807f","source_group":"LFPB AVISO","vsmr_group_ids":[],"geometry_role":"filled_region"},"geometry":{"type":"Polygon","coordinates":[[[2.444663333,48.9618175],[2.4468225,48.961129722],[2.4470775,48.961423889],[2.44827,48.961081111],[2.448243056,48.96105],[2.4483725,48.961006944],[2.448700278,48.961455],[2.448555556,48.961605556],[2.448132222,48.961726667],[2.447646111,48.961728333],[2.447768333,48.961911389],[2.448007778,48.962165833],[2.448039722,48.962211389],[2.447696944,48.962315833],[2.447638611,48.962232778],[2.447498333,48.9622675],[2.447381111,48.962335556],[2.447119167,48.962395833],[2.447045,48.962404722],[2.446962778,48.962403333],[2.446884722,48.962395833],[2.446814444,48.962381667],[2.44674,48.962353333],[2.446681389,48.962321389],[2.446636667,48.962291944],[2.446595556,48.962246944],[2.446562222,48.962198056],[2.446538889,48.962149444],[2.446517222,48.962108333],[2.446517222,48.962096944],[2.4462825,48.9620875],[2.445090833,48.962441667],[2.444663333,48.9618175]]]}},{"type":"Feature","id":"LFPB-118225ff47947a2d74de","properties":{"airport":"LFPB","name":"LFPB AVISO","layer":"Airfield surfaces","category":"Hard Surface 3","object_type":"Area","style_id":"polygon.hardsurface3.8a807f","source_group":"LFPB AVISO","vsmr_group_ids":[],"geometry_role":"filled_region"},"geometry":{"type":"Polygon","coordinates":[[[2.439766111,48.960894722],[2.440746389,48.960568611],[2.440675278,48.960426944],[2.441901111,48.960056389],[2.442261389,48.960553056],[2.442244167,48.960563333],[2.442243333,48.960576389],[2.442248611,48.960593333],[2.442328889,48.9607],[2.440274444,48.961318611],[2.440173889,48.961350833],[2.440115556,48.961381111],[2.439766111,48.960894722]]]}},{"type":"Feature","id":"LFPB-8d6b0a564a4551a2cf8a","properties":{"airport":"LFPB","name":"LFPB AVISO","layer":"Airfield surfaces","category":"Hard Surface 3","object_type":"Area","style_id":"polygon.hardsurface3.8a807f","source_group":"LFPB AVISO","vsmr_group_ids":[],"geometry_role":"filled_region"},"geometry":{"type":"Polygon","coordinates":[[[2.443025833,48.959498611],[2.444019167,48.959195556],[2.444628333,48.959236111],[2.445061667,48.959898333],[2.445292778,48.960234722],[2.444370556,48.960520556],[2.444434167,48.960606944],[2.443903889,48.9607675],[2.443025833,48.959498611]]]}},{"type":"Feature","id":"LFPB-7ef837a1fc836c4dc362","properties":{"airport":"LFPB","name":"LFPB AVISO","layer":"Airfield surfaces","category":"Hard Surface 3","object_type":"Area","style_id":"polygon.hardsurface3.8a807f","source_group":"LFPB AVISO","vsmr_group_ids":[],"geometry_role":"filled_region"},"geometry":{"type":"Polygon","coordinates":[[[2.442080278,48.958166389],[2.443255,48.957829167],[2.4432875,48.957832778],[2.443528056,48.957976389],[2.443703889,48.958221389],[2.443771389,48.958205556],[2.444246944,48.958864722],[2.443956389,48.958957778],[2.443946389,48.958966389],[2.4439425,48.958984444],[2.443948333,48.959004722],[2.444023611,48.959103333],[2.44297,48.959429722],[2.442080278,48.958166389]]]}},{"type":"Feature","id":"LFPB-80e61274f184097ec65d","properties":{"airport":"LFPB","name":"LFPB AVISO","layer":"Airfield surfaces","category":"Hard Surface 3","object_type":"Area","style_id":"polygon.hardsurface3.8a807f","source_group":"LFPB AVISO","vsmr_group_ids":[],"geometry_role":"filled_region"},"geometry":{"type":"Polygon","coordinates":[[[2.440210833,48.959341944],[2.439758056,48.958694167],[2.439783889,48.958688333],[2.439796667,48.958676944],[2.439796667,48.958660556],[2.439782778,48.958639722],[2.439291111,48.957955278],[2.440186111,48.957681667],[2.440633611,48.9583025],[2.440646944,48.958313056],[2.440675,48.958325556],[2.4407,48.958355556],[2.440870833,48.958596389],[2.440863333,48.958727778],[2.441126111,48.959114722],[2.440354167,48.959338333],[2.440210833,48.959341944]]]}},{"type":"Feature","id":"LFPB-9af3fdbc131012ffdeea","properties":{"airport":"LFPB","name":"LFPB AVISO","layer":"Airfield surfaces","category":"Hard Surface 3","object_type":"Area","style_id":"polygon.hardsurface3.8a807f","source_group":"LFPB AVISO","vsmr_group_ids":[],"geometry_role":"filled_region"},"geometry":{"type":"Polygon","coordinates":[[[2.438480556,48.9590825],[2.438606111,48.959042222],[2.438680556,48.959015278],[2.438721667,48.95899],[2.438743333,48.958965556],[2.438761389,48.958936111],[2.438762778,48.958911389],[2.438749722,48.958882778],[2.438735278,48.958860556],[2.438714167,48.958838056],[2.438681944,48.958822222],[2.438646111,48.958811667],[2.438604167,48.958810556],[2.438558889,48.958812778],[2.438528056,48.958815833],[2.438382778,48.958624722],[2.439314167,48.958341944],[2.439456111,48.958539722],[2.4394125,48.9585725],[2.439386111,48.958609722],[2.439373056,48.95865],[2.439379722,48.958677222],[2.439208889,48.958729444],[2.439190556,48.958710556],[2.439171389,48.958696111],[2.439136389,48.958685],[2.439094722,48.958676667],[2.439061111,48.958671389],[2.439025,48.958673056],[2.4389925,48.9586825],[2.43896,48.958702222],[2.438935556,48.958723333],[2.438913611,48.958753056],[2.438904444,48.958784722],[2.438909722,48.9588075],[2.438923889,48.958835556],[2.438951111,48.958855278],[2.438997778,48.958875556],[2.439050833,48.958885833],[2.439094722,48.958885833],[2.439129722,48.958876389],[2.439164722,48.958861111],[2.439201111,48.95884],[2.439215278,48.958812778],[2.439225556,48.958782778],[2.439431667,48.95872],[2.439474444,48.958734444],[2.439524722,48.958741111],[2.4395675,48.958743056],[2.439600556,48.958738333],[2.439633611,48.958730833],[2.439690556,48.958713056],[2.4401025,48.959297222],[2.439453611,48.959516389],[2.439774444,48.959983333],[2.439233333,48.960144167],[2.438480556,48.9590825]]]}},{"type":"Feature","id":"LFPB-7e3836de817986bbe7fe","properties":{"airport":"LFPB","name":"LFPB AVISO","layer":"Airfield surfaces","category":"Hard Surface 3","object_type":"Area","style_id":"polygon.hardsurface3.8a807f","source_group":"LFPB AVISO","vsmr_group_ids":[],"geometry_role":"filled_region"},"geometry":{"type":"Polygon","coordinates":[[[2.439227222,48.9587725],[2.439223333,48.95875],[2.439214167,48.958736111],[2.439202222,48.95872],[2.439377222,48.958668333],[2.439390556,48.95869],[2.439409167,48.958707222],[2.439442222,48.958726111],[2.439224167,48.958795],[2.439227222,48.9587725]]]}},{"type":"Feature","id":"LFPB-feda93803e6f4e8aea98","properties":{"airport":"LFPB","name":"LFPB AVISO","layer":"Airfield surfaces","category":"Hard Surface 3","object_type":"Area","style_id":"polygon.hardsurface3.8a807f","source_group":"LFPB AVISO","vsmr_group_ids":[],"geometry_role":"filled_region"},"geometry":{"type":"Polygon","coordinates":[[[2.440100556,48.955228333],[2.441384444,48.954834167],[2.441476389,48.954961389],[2.442434444,48.956327222],[2.442405278,48.956372778],[2.442511111,48.956524722],[2.442609444,48.956656389],[2.443098056,48.957358056],[2.443445833,48.957850278],[2.443423333,48.957873056],[2.443282778,48.957794444],[2.44215,48.958133056],[2.440100556,48.955228333]]]}},{"type":"Feature","id":"LFPB-4244459d3c072ba0f18e","properties":{"airport":"LFPB","name":"LFPB AVISO","layer":"Airfield surfaces","category":"Hard Surface 3","object_type":"Area","style_id":"polygon.hardsurface3.8a807f","source_group":"LFPB AVISO","vsmr_group_ids":[],"geometry_role":"filled_region"},"geometry":{"type":"Polygon","coordinates":[[[2.436731667,48.95662],[2.437727778,48.956328889],[2.438023333,48.956739722],[2.438046944,48.956755556],[2.438078056,48.956757778],[2.43812,48.956743333],[2.438431944,48.9566525],[2.438499444,48.956630833],[2.438517778,48.956615278],[2.438519444,48.956600833],[2.438512222,48.956578056],[2.438337222,48.956325278],[2.438320833,48.956311111],[2.4383025,48.956291944],[2.438228611,48.956185278],[2.439006667,48.955958333],[2.4391475,48.956171667],[2.439155556,48.956184722],[2.439163056,48.956207778],[2.439186111,48.956236944],[2.439224167,48.956290833],[2.439250278,48.956311389],[2.439279722,48.956321389],[2.439326667,48.956329444],[2.439381389,48.956333611],[2.439430278,48.956330833],[2.439475,48.956321389],[2.439500833,48.956313889],[2.4395975,48.956433889],[2.439218611,48.956548056],[2.437135,48.957193889],[2.436731667,48.95662]]]}},{"type":"Feature","id":"LFPB-cb69e7567522d85c68fb","properties":{"airport":"LFPB","name":"LFPB AVISO","layer":"Airfield surfaces","category":"Hard Surface 3","object_type":"Area","style_id":"polygon.hardsurface3.8a807f","source_group":"LFPB AVISO","vsmr_group_ids":[],"geometry_role":"filled_region"},"geometry":{"type":"Polygon","coordinates":[[[2.438156667,48.956719722],[2.438168611,48.956693056],[2.43817,48.956669444],[2.438166389,48.956639722],[2.438155556,48.956613056],[2.438109167,48.956543333],[2.438053056,48.956470556],[2.438026667,48.956444722],[2.437999167,48.956431944],[2.437973056,48.956425],[2.43793,48.956426667],[2.437884722,48.956433611],[2.437832222,48.956451389],[2.437823611,48.956470833],[2.437715833,48.956333333],[2.438239722,48.956181667],[2.438326111,48.956306667],[2.438273611,48.956321944],[2.438219167,48.956341389],[2.438189722,48.956361944],[2.4381725,48.956385],[2.4381625,48.956413611],[2.438168611,48.956434722],[2.438233611,48.956530556],[2.438270556,48.956582222],[2.4383,48.956609722],[2.438333333,48.956628333],[2.438363889,48.956641389],[2.438403333,48.956650278],[2.438448889,48.956654167],[2.438130556,48.956746667],[2.438156667,48.956719722]]]}},{"type":"Feature","id":"LFPB-40299f6ee1dcfe6e438c","properties":{"airport":"LFPB","name":"LFPB AVISO","layer":"Airfield surfaces","category":"Hard Surface 3","object_type":"Area","style_id":"polygon.hardsurface3.8a807f","source_group":"LFPB AVISO","vsmr_group_ids":[],"geometry_role":"filled_region"},"geometry":{"type":"Polygon","coordinates":[[[2.43398,48.950051667],[2.433972778,48.950017222],[2.433977222,48.949973889],[2.433990278,48.949930833],[2.434021111,48.949888611],[2.434058889,48.949861667],[2.434108611,48.949833056],[2.434159722,48.949806944],[2.434274167,48.949767222],[2.435613611,48.949258333],[2.435830556,48.949229167],[2.436153611,48.9495725],[2.436469722,48.949665833],[2.436727222,48.949565556],[2.436848056,48.949700833],[2.437214444,48.949915278],[2.437355278,48.950071667],[2.438316389,48.951168056],[2.439193333,48.952145],[2.440093889,48.953154722],[2.440280833,48.953357222],[2.440585833,48.953665278],[2.4407125,48.953813333],[2.4414175,48.954678056],[2.439985556,48.955086111],[2.439799722,48.9548625],[2.439613333,48.954630556],[2.439299167,48.954253333],[2.438863889,48.953721111],[2.438406944,48.953133333],[2.437794444,48.952384167],[2.436954722,48.951344444],[2.436700833,48.951036111],[2.436684167,48.950978889],[2.436271389,48.950515833],[2.434660833,48.951011389],[2.433985833,48.950075833],[2.43398,48.950051667]]]}},{"type":"Feature","id":"LFPB-42dd2b7cc887a8368db2","properties":{"airport":"LFPB","name":"LFPB AVISO","layer":"Airfield surfaces","category":"Hard Surface 3","object_type":"Area","style_id":"polygon.hardsurface3.8a807f","source_group":"LFPB AVISO","vsmr_group_ids":[],"geometry_role":"filled_region"},"geometry":{"type":"Polygon","coordinates":[[[2.438108611,48.954967778],[2.438151389,48.954960833],[2.438188611,48.954946667],[2.438225833,48.954924444],[2.438248889,48.954887222],[2.438263611,48.954848611],[2.438290833,48.954788889],[2.438334167,48.954734444],[2.438795278,48.955350556],[2.4380725,48.955562222],[2.437691667,48.954923611],[2.438108611,48.954967778]]]}},{"type":"Feature","id":"LFPB-b4db93e111327ce41fc9","properties":{"airport":"LFPB","name":"LFPB AVISO","layer":"Airfield surfaces","category":"Hard Surface 3","object_type":"Area","style_id":"polygon.hardsurface3.8a807f","source_group":"LFPB AVISO","vsmr_group_ids":[],"geometry_role":"filled_region"},"geometry":{"type":"Polygon","coordinates":[[[2.434688333,48.953518611],[2.435590556,48.953251111],[2.435618889,48.953275833],[2.435654444,48.953306944],[2.435692222,48.953358333],[2.436785,48.9547],[2.435750278,48.955038333],[2.434688333,48.953518611]]]}},{"type":"Feature","id":"LFPB-fe71c0aa2bd14a8b93fc","properties":{"airport":"LFPB","name":"LFPB AVISO","layer":"Airfield surfaces","category":"Hard Surface 3","object_type":"Area","style_id":"polygon.hardsurface3.8a807f","source_group":"LFPB AVISO","vsmr_group_ids":[],"geometry_role":"filled_region"},"geometry":{"type":"Polygon","coordinates":[[[2.437848611,48.954145278],[2.437210556,48.954375833],[2.436720556,48.9537875],[2.437363056,48.953554167],[2.437848611,48.954145278]]]}},{"type":"Feature","id":"LFPB-d09aa0af547efb80cfa2","properties":{"airport":"LFPB","name":"LFPB AVISO","layer":"Airfield surfaces","category":"Hard Surface 3","object_type":"Area","style_id":"polygon.hardsurface3.8a807f","source_group":"LFPB AVISO","vsmr_group_ids":[],"geometry_role":"filled_region"},"geometry":{"type":"Polygon","coordinates":[[[2.434052778,48.955332222],[2.434294444,48.955254722],[2.434418611,48.955420556],[2.434335833,48.9554475],[2.434396667,48.955543333],[2.434493333,48.955515],[2.434594722,48.95568],[2.434514444,48.955705278],[2.434584444,48.955804444],[2.4346775,48.955779444],[2.434793333,48.955944444],[2.434540278,48.956019167],[2.434423889,48.955853056],[2.434510556,48.955825556],[2.434443333,48.955728056],[2.434361667,48.955752222],[2.434243056,48.955586389],[2.434327778,48.955562778],[2.434263889,48.955469722],[2.434171944,48.955496111],[2.434052778,48.955332222]]]}},{"type":"Feature","id":"LFPB-a9e5c4b3c4de04414648","properties":{"airport":"LFPB","name":"LFPB AVISO","layer":"Airfield surfaces","category":"Hard Surface 3","object_type":"Area","style_id":"polygon.hardsurface3.8a807f","source_group":"LFPB AVISO","vsmr_group_ids":[],"geometry_role":"filled_region"},"geometry":{"type":"Polygon","coordinates":[[[2.432469167,48.951645556],[2.432438889,48.951572222],[2.432383056,48.951488889],[2.432169722,48.951196389],[2.431166111,48.949768333],[2.430445833,48.948741389],[2.4303825,48.948652778],[2.430285,48.948563889],[2.430143056,48.948421667],[2.430090556,48.948366111],[2.430041389,48.94833],[2.430391944,48.948223333],[2.430405556,48.948240278],[2.430425,48.948259444],[2.430456944,48.948278333],[2.430500556,48.948295556],[2.430556111,48.948311667],[2.430614444,48.948315556],[2.430671111,48.948312778],[2.430743889,48.9482975],[2.430800833,48.948283056],[2.430950833,48.948236111],[2.431011944,48.948216944],[2.431074722,48.9482075],[2.431140278,48.948205556],[2.431219167,48.948216944],[2.43128,48.948244167],[2.431326944,48.948275],[2.431368333,48.948322222],[2.433456944,48.951294167],[2.433467222,48.951338056],[2.433465556,48.951374167],[2.433444722,48.951418333],[2.433403611,48.951457778],[2.433370833,48.951485],[2.433308889,48.951511944],[2.433156667,48.951556111],[2.433028333,48.951596389],[2.432978333,48.951619722],[2.432932778,48.951653333],[2.43291,48.951683333],[2.432897222,48.951720833],[2.432525556,48.951835556],[2.432503333,48.951744444],[2.432469167,48.951645556]]]}},{"type":"Feature","id":"LFPB-1079320c9618e402b4b1","properties":{"airport":"LFPB","name":"LFPB AVISO","layer":"Airfield surfaces","category":"Hard Surface 3","object_type":"Area","style_id":"polygon.hardsurface3.8a807f","source_group":"LFPB AVISO","vsmr_group_ids":[],"geometry_role":"filled_region"},"geometry":{"type":"Polygon","coordinates":[[[2.428815556,48.947537222],[2.430046667,48.947160556],[2.431164167,48.946761111],[2.431325833,48.946924722],[2.431744167,48.947536389],[2.430695833,48.947851944],[2.43061,48.947875833],[2.430560556,48.947895556],[2.430483611,48.947853333],[2.430408611,48.947816667],[2.430337778,48.947787222],[2.430252222,48.947763333],[2.430162222,48.947739444],[2.430063611,48.947718333],[2.429918333,48.947694722],[2.429805556,48.947678333],[2.429670278,48.947671667],[2.429541111,48.947675833],[2.429407778,48.947691944],[2.429266389,48.947718611],[2.429113333,48.947763056],[2.428772778,48.947865278],[2.428815556,48.947537222]]]}},{"type":"Feature","id":"LFPB-d4e9009520206ae3276d","properties":{"airport":"LFPB","name":"LFPB AVISO","layer":"Airfield surfaces","category":"Hard Surface 4","object_type":"Area","style_id":"polygon.hardsurface4.969393","source_group":"LFPB AVISO","vsmr_group_ids":[],"geometry_role":"filled_region"},"geometry":{"type":"Polygon","coordinates":[[[2.442309167,48.956410278],[2.442367222,48.956491944],[2.442327222,48.956518611],[2.441243889,48.956852778],[2.441173889,48.956752222],[2.442309167,48.956410278]]]}},{"type":"Feature","id":"LFPB-cf20ede6fb85dec49d33","properties":{"airport":"LFPB","name":"LFPB AVISO","layer":"Airfield surfaces","category":"Hard Surface 4","object_type":"Area","style_id":"polygon.hardsurface4.969393","source_group":"LFPB AVISO","vsmr_group_ids":[],"geometry_role":"filled_region"},"geometry":{"type":"Polygon","coordinates":[[[2.441612222,48.955545],[2.441743333,48.955628056],[2.440621111,48.955969722],[2.440547778,48.955866111],[2.441612222,48.955545]]]}},{"type":"Feature","id":"LFPB-fe61ea5dafe386749dc0","properties":{"airport":"LFPB","name":"LFPB AVISO","layer":"Airfield surfaces","category":"Hard Surface 4","object_type":"Area","style_id":"polygon.hardsurface4.969393","source_group":"LFPB AVISO","vsmr_group_ids":[],"geometry_role":"filled_region"},"geometry":{"type":"Polygon","coordinates":[[[2.436255833,48.9504625],[2.437001667,48.950123611],[2.437029722,48.950156944],[2.437048889,48.950174444],[2.43707,48.950185833],[2.437106944,48.950199722],[2.436313056,48.950566389],[2.436234444,48.950474167],[2.436255833,48.9504625]]]}},{"type":"Feature","id":"LFPB-173256e943132960a7b1","properties":{"airport":"LFPB","name":"LFPB AVISO","layer":"Airfield surfaces","category":"Hard Surface 2","object_type":"Area","style_id":"polygon.hardsurface2.595e5b","source_group":"LFPB AVISO","vsmr_group_ids":[],"geometry_role":"filled_region"},"geometry":{"type":"Polygon","coordinates":[[[2.421896944,48.962503611],[2.424427222,48.962588056],[2.424618056,48.962593611],[2.424736389,48.962591111],[2.424881667,48.962578333],[2.425011944,48.962562222],[2.42515,48.962539444],[2.425310556,48.9625075],[2.425440833,48.962470833],[2.4256075,48.962415278],[2.425748333,48.962362222],[2.425864444,48.962306667],[2.425993333,48.962237778],[2.426106111,48.962176389],[2.427114167,48.961647222],[2.428158333,48.961099444],[2.429323333,48.9604875],[2.429593056,48.9603475],[2.429659444,48.960301667],[2.429753333,48.960244167],[2.429926667,48.960146389],[2.430111389,48.960033611],[2.430201944,48.959974167],[2.430255556,48.959933611],[2.430323611,48.959881389],[2.430368611,48.959833611],[2.430400278,48.959783333],[2.430428333,48.959728056],[2.430445278,48.9596825],[2.430454444,48.959623611],[2.430450833,48.959568611],[2.430434167,48.959497222],[2.430403056,48.959425556],[2.430365556,48.959338611],[2.430314167,48.959242778],[2.430035833,48.958794167],[2.428550833,48.956691944],[2.427903333,48.955768889],[2.426582222,48.953886389],[2.4265075,48.953778056],[2.426486944,48.9537625],[2.426468611,48.953754167],[2.426454722,48.953741389],[2.42639,48.953652778],[2.426291667,48.95353],[2.426154167,48.953365],[2.426091111,48.953306389],[2.426051944,48.95327],[2.426011389,48.953240278],[2.425967222,48.953206944],[2.425915278,48.953179167],[2.425877778,48.953160833],[2.425833611,48.953154444],[2.425776667,48.953150278],[2.425680556,48.953155556],[2.42556,48.953167222],[2.425462222,48.953180278],[2.4253075,48.952943611],[2.425353056,48.952928611],[2.425421389,48.952894444],[2.425470278,48.952873611],[2.425523333,48.95284],[2.425564167,48.952805],[2.425594722,48.952760833],[2.425606944,48.952728611],[2.425611111,48.952688333],[2.425606944,48.952655],[2.425603056,48.952618611],[2.4255825,48.952565],[2.425351389,48.952148056],[2.425339167,48.9521225],[2.425335,48.952095833],[2.425312778,48.952059722],[2.424856389,48.951423056],[2.4242975,48.950623333],[2.424230556,48.950535833],[2.424338611,48.9501375],[2.424400278,48.949915833],[2.424445556,48.949765556],[2.424490833,48.949645],[2.424547222,48.949575],[2.424620556,48.949498611],[2.424716944,48.949417778],[2.424796944,48.949374167],[2.424848056,48.949352222],[2.425050556,48.949545278],[2.424962222,48.949598611],[2.424885556,48.949662222],[2.424802222,48.949760556],[2.424744444,48.949863333],[2.42469,48.949988333],[2.424631667,48.950196111],[2.424606389,48.95034],[2.424608611,48.950478333],[2.424633611,48.950576667],[2.4246875,48.9506875],[2.424773889,48.950849722],[2.424852222,48.95099],[2.425005833,48.951208333],[2.425658333,48.952132222],[2.426517778,48.9533575],[2.427453056,48.954675278],[2.428377222,48.955996667],[2.429273333,48.957272778],[2.430273889,48.958692222],[2.430402778,48.958867778],[2.4305225,48.958996667],[2.430666944,48.959154167],[2.430789722,48.959271111],[2.430885,48.959335556],[2.430983056,48.959388056],[2.431053889,48.959406111],[2.431142778,48.959412222],[2.431222778,48.959410278],[2.431351667,48.959402222],[2.431508333,48.959373889],[2.431640556,48.959345833],[2.431791944,48.959311389],[2.431985556,48.959259722],[2.4321325,48.959211944],[2.432285833,48.959159167],[2.432447222,48.9591075],[2.432594444,48.959319167],[2.432078056,48.959459722],[2.431729444,48.959558889],[2.431581389,48.959607778],[2.431584444,48.959621944],[2.431463889,48.959673611],[2.431383611,48.959714167],[2.431310556,48.959762222],[2.431256111,48.959813889],[2.431233333,48.959861944],[2.431223056,48.959926944],[2.4312375,48.959986111],[2.431250278,48.960026667],[2.431294444,48.960121944],[2.431341389,48.960221667],[2.431778333,48.960841389],[2.432030833,48.961203333],[2.432080278,48.961267222],[2.432122778,48.961293889],[2.432163889,48.961306389],[2.432209722,48.961309722],[2.4322525,48.961299722],[2.43229,48.961281667],[2.432324167,48.961246944],[2.432346389,48.961189722],[2.432871944,48.959634722],[2.433138056,48.9596725],[2.432683056,48.960977222],[2.432318611,48.962086111],[2.432019444,48.962955833],[2.431752778,48.962915],[2.431941389,48.962376667],[2.431994444,48.962221389],[2.432006944,48.962141944],[2.432021944,48.962067778],[2.432026944,48.96199],[2.432035833,48.961854444],[2.432017778,48.96175],[2.431988889,48.961636389],[2.431934722,48.961501389],[2.431855556,48.961368889],[2.431058333,48.960244167],[2.430955556,48.960098611],[2.430912222,48.960045278],[2.430861389,48.960016667],[2.430815556,48.959998333],[2.430751667,48.959995],[2.430698333,48.960005],[2.430575833,48.960063611],[2.428849444,48.960971389],[2.426255833,48.962329444],[2.425944444,48.962493056],[2.425416389,48.962829167],[2.425322222,48.962899444],[2.425280278,48.962941944],[2.425231667,48.962998611],[2.425203611,48.963039444],[2.425175278,48.963087222],[2.425153611,48.963135],[2.4248175,48.963087222],[2.424833333,48.963040556],[2.424849167,48.962995833],[2.424870278,48.962941389],[2.424895278,48.962898333],[2.424924167,48.9628525],[2.424953056,48.962820556],[2.424966111,48.962804167],[2.424962222,48.962794722],[2.424950278,48.962788611],[2.424930833,48.962781667],[2.424897778,48.96278],[2.424776111,48.962785556],[2.424601667,48.962795],[2.424453889,48.962789444],[2.424234444,48.962785556],[2.422040556,48.962711389],[2.421988056,48.962718056],[2.421923611,48.962724722],[2.421878056,48.9627275],[2.421896944,48.962503611]]]}},{"type":"Feature","id":"LFPB-1d116ff26bdd9e71d20a","properties":{"airport":"LFPB","name":"LFPB AVISO","layer":"Airfield surfaces","category":"Hard Surface 2","object_type":"Area","style_id":"polygon.hardsurface2.595e5b","source_group":"LFPB AVISO","vsmr_group_ids":[],"geometry_role":"filled_region"},"geometry":{"type":"Polygon","coordinates":[[[2.422035556,48.962496111],[2.422115556,48.96247],[2.422175278,48.962445833],[2.422216944,48.962414167],[2.422285278,48.9623575],[2.422465,48.962175],[2.422518611,48.962144444],[2.422590833,48.962114444],[2.422661389,48.962091944],[2.422719444,48.962081389],[2.4237575,48.962109444],[2.423883333,48.962117778],[2.423964444,48.962128889],[2.424013611,48.962141389],[2.424072222,48.962166667],[2.424127222,48.962201111],[2.424154722,48.962226667],[2.424283889,48.962382222],[2.424333889,48.962446389],[2.424380278,48.96249],[2.424432778,48.962528889],[2.424475556,48.962548889],[2.42451,48.962563611],[2.424585556,48.962578889],[2.42468,48.962585556],[2.424826111,48.962586389],[2.424549722,48.962622222],[2.424100833,48.962582778],[2.42397,48.962463611],[2.423903889,48.962406667],[2.423865556,48.9623775],[2.423836667,48.962360833],[2.423804167,48.962344167],[2.423736944,48.962328056],[2.423653056,48.962315833],[2.423587222,48.962307222],[2.423479167,48.962303333],[2.423061111,48.9622875],[2.422986667,48.962285],[2.422918333,48.962291667],[2.422858056,48.962303611],[2.422795,48.962323889],[2.422742222,48.962349167],[2.422668889,48.962398056],[2.422485,48.962531389],[2.421944167,48.962511389],[2.422035556,48.962496111]]]}},{"type":"Feature","id":"LFPB-238812d633f4e56b315e","properties":{"airport":"LFPB","name":"LFPB AVISO","layer":"Airfield surfaces","category":"Hard Surface 2","object_type":"Area","style_id":"polygon.hardsurface2.595e5b","source_group":"LFPB AVISO","vsmr_group_ids":[],"geometry_role":"filled_region"},"geometry":{"type":"Polygon","coordinates":[[[2.443665,48.96872],[2.443711111,48.968673333],[2.443752778,48.968623056],[2.443806111,48.968560556],[2.443838056,48.968506389],[2.443871667,48.968456944],[2.443796111,48.968474444],[2.443729167,48.968488056],[2.443652222,48.968493611],[2.443561667,48.968496389],[2.443497222,48.968492778],[2.443438889,48.968485833],[2.443349444,48.968473611],[2.442150278,48.968297222],[2.442206389,48.968123889],[2.443239722,48.9682775],[2.443331111,48.968285556],[2.443420556,48.968286944],[2.443568056,48.968288333],[2.443665556,48.968283056],[2.443731944,48.968273333],[2.443798333,48.968255556],[2.443846111,48.968229722],[2.443904444,48.968183333],[2.443960278,48.968120556],[2.443999722,48.968060833],[2.444051389,48.96799],[2.444068333,48.967951389],[2.444144722,48.96775],[2.444267222,48.967475556],[2.444430833,48.967124722],[2.444568056,48.966835],[2.444776389,48.966374444],[2.445121111,48.966446667],[2.445048333,48.966598611],[2.445006944,48.966698056],[2.444998889,48.9667575],[2.445008611,48.966816111],[2.445028611,48.966864722],[2.445059722,48.966904722],[2.445105833,48.9669425],[2.445153611,48.966971667],[2.445213056,48.966998889],[2.445259167,48.967016111],[2.445303611,48.967025278],[2.445316389,48.967020556],[2.445176111,48.967304167],[2.445169722,48.967291389],[2.445127222,48.967288611],[2.445078889,48.967285833],[2.445034722,48.967286389],[2.444984167,48.967291944],[2.444931944,48.967301944],[2.444895278,48.967313889],[2.444846111,48.967331944],[2.444797222,48.967354167],[2.444763611,48.967378611],[2.444721111,48.9674125],[2.444693889,48.967442222],[2.444671667,48.967474722],[2.444660833,48.967509722],[2.444659722,48.967545278],[2.444671667,48.967586389],[2.444724167,48.967726944],[2.444768889,48.967824722],[2.444821667,48.967914167],[2.444885833,48.968000278],[2.444935556,48.968059167],[2.445034167,48.968166111],[2.445166389,48.968275556],[2.445353056,48.9684],[2.445499722,48.968483056],[2.445689444,48.968566111],[2.445884722,48.968645278],[2.446045556,48.968696111],[2.447680278,48.969138056],[2.449444444,48.969608333],[2.449567222,48.969639444],[2.449640278,48.969648889],[2.449689722,48.9696425],[2.449722778,48.969625556],[2.449748611,48.969599167],[2.449765278,48.969566667],[2.449784167,48.969523333],[2.44985,48.969347222],[2.450188333,48.968356667],[2.450229722,48.968228889],[2.450237778,48.968205278],[2.450231944,48.968186944],[2.450216944,48.968154722],[2.450201944,48.9681275],[2.450171667,48.968100278],[2.450145278,48.968071944],[2.450103889,48.968045833],[2.450051111,48.9680175],[2.450000278,48.967998889],[2.449943889,48.967979167],[2.449898889,48.967971389],[2.449880833,48.967971389],[2.449948333,48.967782778],[2.4499925,48.967783611],[2.4500525,48.967784444],[2.450119444,48.967780833],[2.450185,48.967770278],[2.450238611,48.967755556],[2.450298611,48.967730833],[2.450353611,48.9677],[2.450400278,48.967670278],[2.450428333,48.9676475],[2.450443056,48.967621111],[2.450518611,48.967385833],[2.450618333,48.967101944],[2.450925278,48.967149722],[2.450499167,48.968406389],[2.450319167,48.968929444],[2.450251944,48.969178611],[2.450198611,48.969390556],[2.450188056,48.969458333],[2.450195278,48.969541944],[2.450223611,48.969623611],[2.4502625,48.969686389],[2.45033,48.969751667],[2.450399167,48.969792778],[2.450501111,48.969839167],[2.450639444,48.969887222],[2.451295278,48.970099722],[2.451493611,48.970159722],[2.4537975,48.970775],[2.456344722,48.971459167],[2.457666944,48.971812778],[2.4577875,48.971842778],[2.457896111,48.971872778],[2.457958889,48.971889167],[2.457823611,48.972097778],[2.457617222,48.972024722],[2.457555556,48.972004444],[2.457196111,48.971906667],[2.455765556,48.97152],[2.452808889,48.970726111],[2.450131944,48.970008056],[2.448308056,48.969521667],[2.445870278,48.968865833],[2.445596389,48.968778333],[2.4454725,48.968728333],[2.445360278,48.968679444],[2.445238333,48.968618333],[2.445141111,48.968564444],[2.445055278,48.968509444],[2.444969444,48.968448056],[2.444870556,48.968374444],[2.444778889,48.968295278],[2.44471,48.968224444],[2.4446275,48.968140833],[2.444563889,48.968058611],[2.444507222,48.967979444],[2.444464167,48.967903889],[2.444428333,48.967838611],[2.444404167,48.967785556],[2.444287222,48.968139722],[2.444196389,48.968375556],[2.444132778,48.968511944],[2.444072778,48.968614722],[2.443983333,48.968737778],[2.4439025,48.968828611],[2.443665,48.96872]]]}},{"type":"Feature","id":"LFPB-2012c43a8d91770075b6","properties":{"airport":"LFPB","name":"LFPB AVISO","layer":"Airfield surfaces","category":"Hard Surface 2","object_type":"Area","style_id":"polygon.hardsurface2.595e5b","source_group":"LFPB AVISO","vsmr_group_ids":[],"geometry_role":"filled_region"},"geometry":{"type":"Polygon","coordinates":[[[2.453843056,48.970783333],[2.4539325,48.9707775],[2.454019722,48.970766389],[2.454092222,48.970744167],[2.454196389,48.970695],[2.454424167,48.970579167],[2.454461389,48.970561667],[2.454513333,48.970546111],[2.454574444,48.970536389],[2.454628889,48.970532778],[2.454688611,48.970534722],[2.454752222,48.970540833],[2.454805278,48.970553889],[2.455708333,48.970797778],[2.455839722,48.970836389],[2.4559,48.970856944],[2.455933333,48.970876111],[2.455963611,48.970902222],[2.455984167,48.970930556],[2.4560025,48.970965],[2.456022778,48.971006111],[2.456034722,48.971042778],[2.456070833,48.971213056],[2.456078889,48.971256944],[2.456097222,48.971293611],[2.456125278,48.971334167],[2.456165278,48.971374167],[2.456210278,48.971412222],[2.456271111,48.971448333],[2.455748611,48.971303333],[2.455729167,48.971249722],[2.455711111,48.971212222],[2.455685556,48.971169167],[2.455663611,48.971131944],[2.455639167,48.971094444],[2.4556175,48.971060833],[2.455593056,48.971028056],[2.455568889,48.971001111],[2.455532222,48.970976389],[2.455499444,48.970960556],[2.455454444,48.970945278],[2.454945,48.970809444],[2.454875833,48.970791389],[2.4548175,48.970786111],[2.454761389,48.970786944],[2.454690833,48.970795],[2.454625833,48.970810278],[2.454513889,48.970845],[2.454299167,48.97092],[2.453762222,48.970776389],[2.453843056,48.970783333]]]}},{"type":"Feature","id":"LFPB-094b2b6b2afea7ea61e4","properties":{"airport":"LFPB","name":"LFPB AVISO","layer":"Airfield surfaces","category":"Hard Surface 2","object_type":"Area","style_id":"polygon.hardsurface2.595e5b","source_group":"LFPB AVISO","vsmr_group_ids":[],"geometry_role":"filled_region"},"geometry":{"type":"Polygon","coordinates":[[[2.446380833,48.964162778],[2.445754167,48.963831111],[2.445713056,48.963811111],[2.445686389,48.963808889],[2.445657778,48.963806389],[2.445636389,48.963813611],[2.445616667,48.9638275],[2.445607778,48.963846389],[2.445616667,48.963875556],[2.445630833,48.963920278],[2.445645278,48.9639625],[2.445659444,48.964013889],[2.445668611,48.964069167],[2.445673889,48.964128889],[2.445672222,48.964176944],[2.445665,48.964243611],[2.445318611,48.964223889],[2.445321944,48.964179444],[2.445320278,48.964135278],[2.445313333,48.964087222],[2.445297778,48.964033889],[2.445275,48.963963333],[2.445228333,48.963865278],[2.445185556,48.963778333],[2.445099444,48.963639722],[2.444920556,48.963378889],[2.44482,48.963252778],[2.444717222,48.963130833],[2.44465,48.963058889],[2.444547222,48.96299],[2.444431111,48.962938611],[2.444294722,48.962903611],[2.444109167,48.962869722],[2.44344,48.962748056],[2.442305,48.9625775],[2.440416944,48.962299444],[2.439881389,48.962218611],[2.439698889,48.962196944],[2.439554722,48.962182222],[2.439413611,48.962171944],[2.439296389,48.962169722],[2.439180556,48.962177222],[2.439037778,48.962203056],[2.438898611,48.962230556],[2.438734722,48.962275556],[2.438526944,48.962341944],[2.438328611,48.962409444],[2.437946667,48.962533611],[2.437783056,48.962303056],[2.43811,48.962215],[2.438363611,48.9621475],[2.438531667,48.962101111],[2.438691667,48.962055833],[2.438861944,48.962001944],[2.438985278,48.961947778],[2.439044444,48.9619125],[2.439109722,48.961859167],[2.439181389,48.961792222],[2.439240278,48.961715833],[2.439276389,48.961645278],[2.439297778,48.961580556],[2.439309444,48.9615125],[2.4393125,48.961448889],[2.439301111,48.961384167],[2.439283056,48.961330278],[2.439256667,48.961269722],[2.439220556,48.961211389],[2.438285556,48.959877222],[2.437455278,48.9587075],[2.437347778,48.958580278],[2.437196944,48.958408611],[2.437095556,48.958307778],[2.437015556,48.958241111],[2.436920278,48.958190833],[2.436846667,48.9581525],[2.436769722,48.958136389],[2.436665278,48.958140278],[2.436551667,48.9581525],[2.436410278,48.958176667],[2.436275,48.958206944],[2.4357075,48.958365278],[2.435482222,48.958434722],[2.43531,48.958495],[2.435146944,48.958553889],[2.434988333,48.958326111],[2.435215833,48.958274722],[2.435456944,48.95821],[2.435783056,48.958115],[2.435992222,48.958046944],[2.436166667,48.957973056],[2.436264722,48.957915278],[2.436336111,48.957856667],[2.436396389,48.957787778],[2.436456667,48.957704167],[2.436490278,48.957619167],[2.436505833,48.9575225],[2.436508056,48.957456667],[2.436490278,48.957373056],[2.436444167,48.957281944],[2.436283333,48.95705],[2.435331944,48.955701944],[2.434746389,48.955878889],[2.434717778,48.955839167],[2.43531,48.955664444],[2.435119167,48.955388889],[2.434243056,48.954146111],[2.433825833,48.953555],[2.433404167,48.952953611],[2.433271944,48.952779722],[2.433181111,48.952690833],[2.433115278,48.9526325],[2.433047778,48.952593056],[2.432983889,48.952555],[2.432887222,48.952521944],[2.432794444,48.952494167],[2.432698056,48.952476389],[2.432603333,48.95247],[2.432493056,48.952476389],[2.432381111,48.952489167],[2.432299444,48.952505833],[2.431940833,48.952597778],[2.431543611,48.952715833],[2.431374167,48.952778333],[2.4312575,48.952820556],[2.431136667,48.952866389],[2.430964722,48.952631944],[2.431285833,48.952566667],[2.431429444,48.952529722],[2.431645833,48.952454444],[2.431905278,48.952368611],[2.432093056,48.952301389],[2.432238333,48.952240556],[2.432338056,48.952190556],[2.432403333,48.952150278],[2.432450278,48.952108611],[2.432483056,48.952066944],[2.432508889,48.952000556],[2.432524167,48.951960833],[2.432535278,48.951903056],[2.432525833,48.951833611],[2.432898333,48.951716111],[2.4329,48.951750278],[2.432921944,48.951782778],[2.432983333,48.951834167],[2.433048889,48.951868333],[2.433118333,48.951893611],[2.433168333,48.951910833],[2.433251944,48.95192],[2.433348056,48.951917222],[2.43343,48.951906389],[2.433520556,48.951887222],[2.433571944,48.951877222],[2.433643056,48.951863333],[2.434445,48.951619167],[2.434558056,48.951780278],[2.433933889,48.951970556],[2.433810556,48.952035833],[2.433718056,48.952100833],[2.433676667,48.952140833],[2.433626667,48.952189167],[2.433589167,48.95224],[2.433547778,48.95231],[2.433523056,48.952376111],[2.433506667,48.952455833],[2.4335025,48.952531667],[2.433512778,48.952612778],[2.4335375,48.952670833],[2.433591111,48.952761389],[2.433650833,48.952846667],[2.434095556,48.953482222],[2.434370833,48.953874722],[2.434476667,48.954021389],[2.434552222,48.9540925],[2.434634444,48.954155833],[2.434735556,48.954199167],[2.434825,48.954226944],[2.434942778,48.954245556],[2.4350275,48.954245556],[2.435095556,48.954234722],[2.435131111,48.954217222],[2.435149167,48.954195556],[2.435149167,48.954176944],[2.43537,48.954492222],[2.435340278,48.954474444],[2.435320278,48.954465278],[2.435294167,48.954463611],[2.435259444,48.9544675],[2.435214167,48.954481389],[2.435180278,48.954504167],[2.435144722,48.954528056],[2.435111389,48.954564167],[2.435084722,48.954602222],[2.435058333,48.954658333],[2.435048333,48.954713056],[2.435044444,48.954756667],[2.435058333,48.954813056],[2.435081111,48.954865],[2.435141111,48.954969167],[2.435201111,48.955059167],[2.435451944,48.955411944],[2.435835278,48.955961111],[2.436239722,48.956536111],[2.4365625,48.956993611],[2.436621944,48.957079167],[2.436665,48.957110833],[2.436709167,48.957128611],[2.436751944,48.957137222],[2.436814444,48.957139722],[2.436861111,48.957131944],[2.436903889,48.957118333],[2.436933889,48.957100556],[2.436961111,48.957075556],[2.436979444,48.95705],[2.436985833,48.957026111],[2.436988333,48.956998889],[2.436980556,48.956973333],[2.437139167,48.957194167],[2.437065278,48.957219167],[2.436988611,48.957241944],[2.436949444,48.957264167],[2.436922222,48.957287222],[2.436903889,48.957317222],[2.436895,48.957356389],[2.436901667,48.957396667],[2.436932222,48.957446667],[2.437018056,48.957524167],[2.437076944,48.957559444],[2.437157222,48.957589444],[2.437231389,48.957598056],[2.4373075,48.957599444],[2.437401111,48.957589444],[2.437503889,48.957576667],[2.437601111,48.95756],[2.437751389,48.957520556],[2.438797778,48.957203056],[2.438903056,48.957365556],[2.437871389,48.957685833],[2.437631667,48.957774444],[2.437533611,48.957829444],[2.437477778,48.957868611],[2.437430556,48.957907778],[2.4374025,48.957946667],[2.437390278,48.957990556],[2.437399167,48.958054722],[2.437413611,48.958115833],[2.437455556,48.958198333],[2.437600833,48.958465556],[2.437717778,48.958644167],[2.438051111,48.959111389],[2.4381525,48.959253889],[2.438269444,48.959426111],[2.438666944,48.9599925],[2.439131389,48.960659722],[2.439401389,48.961041944],[2.4394475,48.961102222],[2.439505556,48.961153889],[2.439565556,48.961194722],[2.439650556,48.9612275],[2.439715,48.961246389],[2.439783333,48.961253333],[2.439841389,48.961247778],[2.439889167,48.961231389],[2.439924444,48.961213889],[2.439934722,48.9611975],[2.439938889,48.961176944],[2.439941111,48.961149722],[2.439934722,48.961125278],[2.440117222,48.96138],[2.439953611,48.961466944],[2.4398975,48.9615025],[2.439866389,48.961535],[2.439856111,48.961571944],[2.439864444,48.961611389],[2.439890556,48.961668056],[2.439943056,48.961731111],[2.440022778,48.961815556],[2.440104167,48.9618975],[2.440193056,48.961968889],[2.440261667,48.962003333],[2.440350556,48.962030556],[2.440442778,48.962049722],[2.440565833,48.962074444],[2.441328611,48.962222222],[2.442503333,48.962393611],[2.443042778,48.962436667],[2.443375,48.962462778],[2.443483056,48.962469444],[2.443579167,48.962468056],[2.443669167,48.9624575],[2.443751111,48.962433889],[2.443831111,48.962395833],[2.443895278,48.962348611],[2.443925278,48.962295833],[2.44395,48.962241944],[2.443963611,48.962198611],[2.443955556,48.962153056],[2.443933056,48.962093056],[2.443801667,48.961831389],[2.443583889,48.961386389],[2.443797778,48.961311111],[2.444161944,48.961822778],[2.444271667,48.961966389],[2.44432,48.962005],[2.444376111,48.962028333],[2.444439722,48.96204],[2.444500833,48.96204],[2.444551667,48.96203],[2.444605278,48.962013333],[2.444645833,48.961986389],[2.444668889,48.961953056],[2.444689167,48.961918056],[2.444694167,48.961882778],[2.444685278,48.961847778],[2.444959722,48.962248056],[2.444927222,48.962222222],[2.444879444,48.962203056],[2.444818889,48.962185278],[2.444778056,48.962180278],[2.444733333,48.962184444],[2.444685278,48.962193333],[2.444643611,48.962207222],[2.444608333,48.962227778],[2.444578889,48.962252222],[2.444557222,48.962283056],[2.444548889,48.962314722],[2.444550278,48.962348333],[2.444565278,48.962393611],[2.444725,48.962615278],[2.444811667,48.962721389],[2.445094444,48.963049444],[2.445199722,48.963124167],[2.445307222,48.963176667],[2.445368611,48.963193333],[2.445442222,48.963201667],[2.445530833,48.963196111],[2.445591944,48.963180833],[2.4456125,48.963174167],[2.445659167,48.963237778],[2.446934167,48.963134722],[2.4469875,48.963404722],[2.446495,48.963444444],[2.446431944,48.963452222],[2.446363611,48.963464167],[2.446304722,48.9634775],[2.446269444,48.9634875],[2.446221389,48.963506667],[2.446181944,48.963526944],[2.446138333,48.963555556],[2.446113611,48.963580556],[2.446096111,48.963605556],[2.446085833,48.963635],[2.446083056,48.963664722],[2.446091667,48.963698333],[2.446104722,48.963728056],[2.446135556,48.963758611],[2.446179167,48.963785556],[2.4463425,48.9638725],[2.4465825,48.963999722],[2.446380833,48.964162778]]]}},{"type":"Feature","id":"LFPB-7fd18f8e32da7d0a827d","properties":{"airport":"LFPB","name":"LFPB AVISO","layer":"Airfield surfaces","category":"Hard Surface 2","object_type":"Area","style_id":"polygon.hardsurface2.595e5b","source_group":"LFPB AVISO","vsmr_group_ids":[],"geometry_role":"filled_region"},"geometry":{"type":"Polygon","coordinates":[[[2.44307,48.960684722],[2.443024444,48.960628056],[2.442963333,48.960576667],[2.442891111,48.960546667],[2.442848611,48.960531111],[2.442792222,48.960523056],[2.442506944,48.960510278],[2.442431389,48.960513889],[2.442383333,48.96052],[2.4422575,48.960555278],[2.442113889,48.960351389],[2.442394167,48.9603725],[2.442498056,48.960376944],[2.442541667,48.960378333],[2.442581944,48.960374722],[2.442615833,48.960367778],[2.442641944,48.9603575],[2.442669167,48.960345556],[2.442704167,48.960325556],[2.442715833,48.960313333],[2.44273,48.960294167],[2.442735556,48.960272222],[2.44274,48.960244722],[2.44274,48.960223056],[2.442736389,48.960205],[2.4416975,48.958735556],[2.441644444,48.958668889],[2.441611111,48.958636389],[2.441563056,48.958608056],[2.4415,48.958586111],[2.441443611,48.958571944],[2.441350556,48.958566667],[2.441041944,48.958548056],[2.440988889,48.958550833],[2.440962222,48.958554167],[2.440859722,48.9585825],[2.440744444,48.958419722],[2.440863056,48.958389167],[2.440930833,48.958366111],[2.440991944,48.958335833],[2.441128611,48.958272222],[2.441169722,48.9582475],[2.441200833,48.958226389],[2.441223333,48.9582025],[2.441234444,48.958175833],[2.441238889,48.958143333],[2.441229722,48.9581075],[2.441216944,48.958071944],[2.441120278,48.957905833],[2.440994444,48.957733889],[2.440866667,48.957582222],[2.440776111,48.957489722],[2.440692778,48.957396389],[2.440587222,48.957299167],[2.440516944,48.957233611],[2.440446667,48.957191111],[2.440378333,48.957152222],[2.440322778,48.957129167],[2.44026,48.957118333],[2.440161667,48.957116389],[2.440051389,48.957116389],[2.439945556,48.957128056],[2.439824722,48.957146667],[2.439323889,48.957248611],[2.43919,48.957282222],[2.438893056,48.957368056],[2.438783889,48.957207778],[2.439147222,48.9570925],[2.439298611,48.957045556],[2.439470556,48.956993889],[2.439541944,48.956968056],[2.439615833,48.956939167],[2.439676111,48.956909167],[2.439721389,48.956880833],[2.439770278,48.956838611],[2.439832222,48.956784444],[2.439878056,48.956731944],[2.439904167,48.956695833],[2.439926944,48.956659444],[2.439948333,48.956614722],[2.439964722,48.956575833],[2.439977222,48.956534444],[2.439986111,48.956498056],[2.439993056,48.956468611],[2.439991944,48.956431667],[2.439988889,48.956403889],[2.439986944,48.956386389],[2.439981111,48.956375833],[2.439971111,48.956368056],[2.4399575,48.956361667],[2.439935556,48.956357778],[2.439902222,48.956357222],[2.439865556,48.956359722],[2.439834167,48.956364167],[2.439798611,48.956375278],[2.439593611,48.956435278],[2.4394975,48.956314722],[2.4397075,48.956251667],[2.439754722,48.9562325],[2.439793889,48.956210556],[2.439822222,48.956180833],[2.439836111,48.956155],[2.4398375,48.956131389],[2.439839444,48.956105],[2.439830278,48.956074722],[2.439813611,48.956045833],[2.439025278,48.954999167],[2.438961111,48.954923611],[2.4389375,48.954894444],[2.438893056,48.9548575],[2.438861667,48.954837778],[2.438827778,48.954825833],[2.438780833,48.9548225],[2.438740278,48.9548225],[2.438699722,48.954824167],[2.438659167,48.954834444],[2.438623889,48.954850833],[2.4385925,48.954870556],[2.4385625,48.954897222],[2.438554444,48.954921111],[2.438540278,48.954965],[2.438541389,48.954993333],[2.438557222,48.955031944],[2.438333333,48.954736111],[2.438365278,48.954698333],[2.438398611,48.954667778],[2.438459444,48.95463],[2.438512778,48.954600278],[2.438553611,48.954575556],[2.438588056,48.954541389],[2.438596667,48.954512222],[2.438594722,48.9544775],[2.438579167,48.954438333],[2.438285556,48.954075],[2.438266667,48.954063611],[2.438240556,48.954060556],[2.438200278,48.954057778],[2.438142778,48.954061944],[2.438078333,48.954075556],[2.437845556,48.954145556],[2.4377825,48.954070278],[2.437955,48.954019167],[2.438013611,48.953997778],[2.438048611,48.95398],[2.438073889,48.953958056],[2.4381,48.953935],[2.438118056,48.953915],[2.438123611,48.9539],[2.438123611,48.953888333],[2.43812,48.953875278],[2.437211944,48.952751944],[2.436770278,48.952212778],[2.436508611,48.951944722],[2.436409167,48.951844444],[2.436320278,48.951764722],[2.436241389,48.951695556],[2.436164444,48.951628333],[2.436120278,48.951591111],[2.436090556,48.951568333],[2.436062222,48.951555],[2.436022778,48.9515375],[2.43596,48.951520833],[2.435884444,48.951508611],[2.435796389,48.951505278],[2.435706667,48.951510556],[2.435618611,48.951517778],[2.435517778,48.951538333],[2.435275833,48.951597222],[2.435010833,48.951660833],[2.434783333,48.951714722],[2.434543056,48.951783889],[2.434436944,48.951622778],[2.435098333,48.951417778],[2.435275,48.951361389],[2.435316667,48.951330278],[2.435336944,48.951291667],[2.435360556,48.951242778],[2.435364167,48.951209722],[2.435355,48.951166667],[2.435338056,48.951123889],[2.435316667,48.951071944],[2.435305556,48.951049722],[2.435296389,48.951040278],[2.435275,48.951040278],[2.435251389,48.951045278],[2.434779722,48.951191389],[2.434658333,48.951006667],[2.436273889,48.950513056],[2.436687222,48.950978611],[2.436703333,48.951035278],[2.436514444,48.95104],[2.436413889,48.951041111],[2.436336667,48.951043611],[2.43629,48.9510975],[2.436274167,48.951126944],[2.436271944,48.951155833],[2.4362775,48.95119],[2.436292222,48.951217222],[2.436340556,48.951270556],[2.436403889,48.951318611],[2.436469167,48.951356389],[2.43653,48.951383889],[2.436591944,48.951391389],[2.4366675,48.951395],[2.436726111,48.951391944],[2.436798056,48.951384167],[2.436879167,48.951367778],[2.436958056,48.9513475],[2.437090556,48.951512778],[2.43702,48.951544444],[2.436963611,48.951577222],[2.436906944,48.951620833],[2.436860556,48.951666111],[2.436833056,48.951707222],[2.436816111,48.951746389],[2.436813889,48.951790833],[2.436821111,48.951835833],[2.4368425,48.9518925],[2.436863333,48.951951389],[2.436908611,48.95201],[2.437310556,48.952503611],[2.437379444,48.952560278],[2.437437222,48.952596667],[2.437484722,48.952617222],[2.437522222,48.952626111],[2.437568611,48.952633611],[2.437615,48.952636944],[2.437665,48.952635278],[2.437717222,48.952629722],[2.437766667,48.952617778],[2.437938333,48.952557778],[2.438075,48.952726111],[2.4379725,48.952763333],[2.437908611,48.952788056],[2.437864444,48.9528075],[2.437839444,48.952824722],[2.437811389,48.952846667],[2.437791389,48.952868056],[2.437771944,48.952893333],[2.437760556,48.952914167],[2.437751944,48.952936389],[2.437753889,48.952955278],[2.437759722,48.952974167],[2.437783611,48.953005833],[2.437850556,48.953065278],[2.437960278,48.953161111],[2.438023056,48.953210278],[2.43807,48.953237222],[2.438115556,48.953255556],[2.438167222,48.95327],[2.438236111,48.953278333],[2.438294167,48.953275278],[2.438342778,48.953269167],[2.438399167,48.9532525],[2.438424167,48.953236111],[2.438433611,48.953221667],[2.438443056,48.953198056],[2.438445278,48.953182222],[2.438804444,48.953641667],[2.438769444,48.953633056],[2.43873,48.953629444],[2.438701944,48.953631389],[2.438664167,48.953636111],[2.438631667,48.953646667],[2.438596667,48.953661389],[2.438573333,48.953679722],[2.438556111,48.953703889],[2.438539167,48.953732222],[2.438532778,48.9537625],[2.438531944,48.9537975],[2.438541111,48.953846667],[2.4385675,48.953905],[2.438599167,48.953938333],[2.438642778,48.953966111],[2.438683333,48.953978889],[2.438728889,48.953981944],[2.438774167,48.953973611],[2.438816389,48.953956389],[2.438850556,48.953925556],[2.438861944,48.9539],[2.438871667,48.953861667],[2.43887,48.953815833],[2.438868611,48.953780833],[2.438865556,48.9537475],[2.438859722,48.953712222],[2.439302222,48.954255833],[2.439132778,48.954211944],[2.4390925,48.954205],[2.439064167,48.954205],[2.439038056,48.954208056],[2.4390075,48.954215833],[2.438975556,48.95423],[2.438948333,48.954251667],[2.438922222,48.954278889],[2.438906667,48.954311389],[2.438898611,48.954338611],[2.438906667,48.9543825],[2.438917222,48.954443056],[2.438939167,48.954484167],[2.43896,48.954515278],[2.439,48.954544167],[2.439050556,48.954565],[2.43912,48.954594167],[2.4391875,48.954618333],[2.439258333,48.954635556],[2.439329167,48.954645556],[2.439395278,48.954648611],[2.439471944,48.954645556],[2.439544444,48.954640556],[2.439615,48.9546275],[2.439806389,48.954863056],[2.439738333,48.9549025],[2.439684444,48.9549425],[2.439651111,48.954975],[2.439625556,48.955003889],[2.439601111,48.955037222],[2.439585833,48.955068611],[2.439573889,48.955106667],[2.439568889,48.955140833],[2.439568056,48.955177222],[2.439571944,48.955204167],[2.439575,48.955248333],[2.439581944,48.955278611],[2.439590556,48.955297778],[2.439610833,48.955322222],[2.439651389,48.955346667],[2.439701111,48.955368889],[2.439751944,48.9553875],[2.439807222,48.955403056],[2.439858889,48.955414722],[2.439916389,48.955424444],[2.439985278,48.955428056],[2.440056389,48.955428889],[2.440110556,48.955425],[2.440179444,48.955416111],[2.4402275,48.955408889],[2.440337778,48.955564444],[2.440295833,48.955582222],[2.440259167,48.955599722],[2.440216111,48.955626667],[2.440184167,48.955651944],[2.440152222,48.955680833],[2.440115278,48.955718889],[2.440086667,48.955754722],[2.440068611,48.955786111],[2.440058056,48.955812778],[2.440050278,48.955837222],[2.440045556,48.955861667],[2.440043889,48.9558975],[2.440043056,48.955938333],[2.440052778,48.955962222],[2.440088889,48.956021389],[2.440135,48.956064444],[2.440201944,48.956114722],[2.440275,48.956164167],[2.440350556,48.956206667],[2.440423611,48.956234167],[2.440497778,48.956242778],[2.440569444,48.956241944],[2.440636667,48.956235556],[2.440720278,48.956225556],[2.440795556,48.956211667],[2.440942778,48.956418333],[2.440905833,48.956428611],[2.440836389,48.956458333],[2.440766944,48.956499722],[2.440706944,48.956541944],[2.440674167,48.956581944],[2.4406575,48.956608333],[2.440645833,48.956652222],[2.440647778,48.956711667],[2.440661667,48.956750556],[2.440762222,48.956909722],[2.440846944,48.957021111],[2.44091,48.957084722],[2.440987778,48.957150278],[2.441077222,48.9572175],[2.441155833,48.957270833],[2.441222778,48.957306667],[2.441273333,48.957327778],[2.441308333,48.957335],[2.441343333,48.957337778],[2.441381111,48.957332222],[2.441550278,48.957280833],[2.441812778,48.957651944],[2.441684444,48.957687222],[2.441622222,48.9577125],[2.4415825,48.957739167],[2.441564444,48.9577675],[2.441558611,48.957805278],[2.441558889,48.957861111],[2.441577778,48.957926944],[2.4416125,48.958028056],[2.441636667,48.958103889],[2.441676389,48.958178889],[2.441754722,48.958310278],[2.441851111,48.958455833],[2.441943611,48.958601667],[2.441967778,48.958624167],[2.442000556,48.95864],[2.442046389,48.958647222],[2.442100833,48.958644722],[2.442161111,48.958633611],[2.442215556,48.958615556],[2.442271111,48.958594722],[2.442305,48.958575],[2.442318056,48.958555278],[2.442326667,48.958526667],[2.442323056,48.958509167],[2.442970833,48.959427778],[2.442935833,48.959406111],[2.442890278,48.95939],[2.442843056,48.959381111],[2.442808056,48.9593775],[2.44277,48.9593775],[2.442726667,48.959385556],[2.442673611,48.959399167],[2.442639444,48.959412222],[2.442604444,48.959431111],[2.442578889,48.959461944],[2.442565556,48.959489444],[2.442571111,48.959524444],[2.442591667,48.959560833],[2.442626667,48.959603333],[2.442663056,48.959626389],[2.442691389,48.959636667],[2.442724167,48.9596425],[2.442761667,48.959643333],[2.442805833,48.959641111],[2.442848889,48.95963],[2.442889722,48.959614444],[2.442919167,48.959594167],[2.442948611,48.959570556],[2.442975833,48.959545833],[2.443008056,48.959514444],[2.443027222,48.959498056],[2.443694722,48.960465556],[2.443633333,48.960423333],[2.443601667,48.96041],[2.443560833,48.960398611],[2.44352,48.9603925],[2.443472778,48.960389722],[2.443431944,48.960391111],[2.443400278,48.960397222],[2.443370556,48.960409167],[2.44334,48.960426667],[2.4433175,48.960442778],[2.443300278,48.960460278],[2.443288056,48.960480278],[2.443281944,48.960501944],[2.443276667,48.960526667],[2.443279722,48.960548889],[2.4433075,48.960596667],[2.443878611,48.961428056],[2.443668611,48.9615375],[2.44307,48.960684722]]]}},{"type":"Feature","id":"LFPB-3f650f8295f0685a86c3","properties":{"airport":"LFPB","name":"LFPB AVISO","layer":"Airfield surfaces","category":"Hard Surface 2","object_type":"Area","style_id":"polygon.hardsurface2.595e5b","source_group":"LFPB AVISO","vsmr_group_ids":[],"geometry_role":"filled_region"},"geometry":{"type":"Polygon","coordinates":[[[2.434335556,48.956006389],[2.434296111,48.95601],[2.434256389,48.956009167],[2.434222222,48.956005556],[2.434181111,48.955991944],[2.434146944,48.955971389],[2.434120833,48.955945278],[2.434095,48.955919167],[2.433884167,48.955612222],[2.433863333,48.955584444],[2.4338425,48.955566667],[2.433823056,48.955553889],[2.433801111,48.9555475],[2.433770833,48.955550833],[2.433730556,48.955559444],[2.433165,48.95573],[2.433130556,48.955681111],[2.434096667,48.955390833],[2.434131667,48.955438611],[2.434007778,48.955472778],[2.433974722,48.955482222],[2.433941944,48.955501667],[2.433929167,48.955517222],[2.433922222,48.955533889],[2.433922222,48.955548611],[2.433924444,48.95556],[2.433938056,48.955579444],[2.433985278,48.955651111],[2.434006389,48.955679444],[2.434019444,48.955690556],[2.434036667,48.955698889],[2.434054722,48.955703889],[2.434074167,48.955706944],[2.434098611,48.955705833],[2.434121111,48.955702778],[2.434141667,48.955697222],[2.434174444,48.955688333],[2.434291667,48.9556525],[2.434318333,48.955690278],[2.434214722,48.955721944],[2.434159167,48.955739722],[2.434131667,48.955753611],[2.43411,48.955771389],[2.434101944,48.955788056],[2.434100833,48.955806389],[2.434105833,48.955827222],[2.434165556,48.955908889],[2.434183889,48.955925556],[2.434211667,48.955941111],[2.4342425,48.955950556],[2.434266111,48.955953333],[2.434289722,48.955953333],[2.434323611,48.955947222],[2.434375833,48.955932222],[2.43446,48.955901389],[2.4345,48.955958611],[2.434376667,48.955996389],[2.434335556,48.956006389]]]}},{"type":"Feature","id":"LFPB-293bd9590300c24df6e1","properties":{"airport":"LFPB","name":"LFPB AVISO","layer":"Airfield surfaces","category":"Hard Surface 2","object_type":"Area","style_id":"polygon.hardsurface2.595e5b","source_group":"LFPB AVISO","vsmr_group_ids":[],"geometry_role":"filled_region"},"geometry":{"type":"Polygon","coordinates":[[[2.429988333,48.9482975],[2.429926667,48.948266389],[2.429858889,48.948239167],[2.429752778,48.948225],[2.429669444,48.948221111],[2.429590833,48.948223889],[2.429501667,48.948237222],[2.4294275,48.948252222],[2.429322778,48.948275556],[2.429031389,48.948365833],[2.4287575,48.947982222],[2.428773611,48.947862778],[2.42926,48.947719444],[2.429328611,48.947704444],[2.429424167,48.947687222],[2.429519722,48.947675],[2.429587222,48.947670278],[2.429669167,48.947669722],[2.429762222,48.947673333],[2.429854444,48.947682222],[2.429965833,48.947699167],[2.430078611,48.947720278],[2.430141667,48.947733611],[2.430201389,48.947747778],[2.430271389,48.947766111],[2.430349167,48.947789444],[2.430420556,48.947819444],[2.430483056,48.947850278],[2.430560833,48.947894167],[2.430541389,48.947901667],[2.430491944,48.947923611],[2.430450556,48.947946111],[2.430415,48.947975],[2.430389722,48.948008889],[2.430365556,48.948046667],[2.430356389,48.948076667],[2.430353056,48.948101667],[2.4303575,48.948146944],[2.430370278,48.948187778],[2.430391944,48.948225278],[2.430043889,48.9483325],[2.429988333,48.9482975]]]}},{"type":"Feature","id":"LFPB-45f3a8ed530e1cbbbf12","properties":{"airport":"LFPB","name":"LFPB AVISO","layer":"Airfield surfaces","category":"Runways","object_type":"Area","style_id":"polygon.runwayconcrete.555555","source_group":"LFPB AVISO","vsmr_group_ids":[],"geometry_role":"filled_region"},"geometry":{"type":"Polygon","coordinates":[[[2.458458333,48.97375],[2.458381389,48.973778889],[2.458301944,48.973803611],[2.458236389,48.973819444],[2.458015833,48.974173889],[2.420196389,48.964040278],[2.420419167,48.963665278],[2.42044,48.963521111],[2.420421667,48.963451111],[2.420412778,48.963388611],[2.420412778,48.963325556],[2.420416944,48.963262778],[2.42043,48.963201667],[2.420452222,48.963136111],[2.420476389,48.963076111],[2.420506944,48.963018889],[2.420550556,48.962959444],[2.420595278,48.962903056],[2.420650833,48.962846667],[2.420709722,48.962796944],[2.4207725,48.962747222],[2.420841944,48.962704167],[2.420915278,48.962663889],[2.420996389,48.962626944],[2.42108,48.962596111],[2.421166389,48.962567778],[2.421258056,48.962543611],[2.421349444,48.962525556],[2.421445,48.962510278],[2.421541389,48.962500833],[2.421638611,48.962497778],[2.421731389,48.962497778],[2.421816667,48.962501389],[2.421903889,48.962503889],[2.42189,48.962726111],[2.421817778,48.962730556],[2.421732778,48.9627325],[2.421652778,48.962738333],[2.421596389,48.962743056],[2.421521389,48.962749722],[2.421455,48.962761389],[2.421381667,48.962778889],[2.421318611,48.962795556],[2.421249722,48.962818889],[2.421194444,48.962842778],[2.421138889,48.962870556],[2.421077778,48.9629025],[2.421024722,48.962943333],[2.420978056,48.962986944],[2.420939167,48.963020278],[2.420918333,48.963051667],[2.420898889,48.963094444],[2.420897778,48.963144167],[2.420905,48.963204722],[2.420920833,48.963252222],[2.420942778,48.963294444],[2.420974167,48.963335833],[2.421011944,48.963372222],[2.421048611,48.963401944],[2.421098056,48.963435833],[2.421155833,48.963463611],[2.421215833,48.963489722],[2.421296667,48.963515833],[2.421389444,48.96353],[2.4214725,48.963537222],[2.421580833,48.963541944],[2.4215175,48.9639475],[2.424325833,48.964701389],[2.424366111,48.964694444],[2.424394167,48.964684167],[2.42441,48.964671389],[2.424420556,48.964653056],[2.424424167,48.964625278],[2.424424167,48.964587222],[2.424425833,48.964533056],[2.424427778,48.964474167],[2.424431944,48.964411111],[2.424440833,48.964350556],[2.424446111,48.964286389],[2.424460556,48.964226944],[2.4244675,48.9641875],[2.4244675,48.964162778],[2.424471111,48.964139722],[2.424464167,48.964120833],[2.424458611,48.964095278],[2.424987778,48.964116389],[2.424959444,48.964141944],[2.424952222,48.9641675],[2.4249575,48.964205],[2.424984167,48.964287778],[2.425017778,48.964365833],[2.425053333,48.964448611],[2.425113611,48.964538333],[2.425176944,48.964632778],[2.425229722,48.964698056],[2.42531,48.964771667],[2.425415556,48.964850833],[2.425506389,48.964914444],[2.425605833,48.964975556],[2.425690278,48.965018611],[2.425827778,48.965074167],[2.425918611,48.965113056],[2.426055833,48.965160278],[2.426164444,48.965194722],[2.430853056,48.966450278],[2.430922222,48.966461944],[2.430966111,48.966451667],[2.431001389,48.966429444],[2.431014167,48.966413611],[2.431028333,48.966389444],[2.431029722,48.966368056],[2.431018611,48.966335556],[2.430993611,48.966283889],[2.430963056,48.96623],[2.430941944,48.966183611],[2.430923333,48.966132778],[2.430904444,48.966080278],[2.430892778,48.966027778],[2.430871389,48.965972222],[2.430865,48.965905],[2.4308575,48.965848333],[2.430855833,48.965794444],[2.430851944,48.965733056],[2.430855833,48.965669167],[2.4308575,48.965607778],[2.430865,48.965546389],[2.430876389,48.965485],[2.430889444,48.965427222],[2.43091,48.965365833],[2.4311525,48.964583333],[2.431164167,48.964551944],[2.431164167,48.964530833],[2.431157222,48.964503889],[2.431138889,48.964488889],[2.431109167,48.964470833],[2.431065833,48.964443889],[2.431710278,48.964469444],[2.431586667,48.964496389],[2.431550278,48.964506944],[2.431518333,48.964521944],[2.4314975,48.964543056],[2.431483889,48.964574444],[2.431383333,48.964851944],[2.431197222,48.965378889],[2.43118,48.965443611],[2.431166389,48.965534167],[2.431161111,48.965638889],[2.431163889,48.96571],[2.43118,48.965800556],[2.431206944,48.965905278],[2.431236667,48.965995833],[2.43128,48.9660775],[2.431328611,48.966162778],[2.431374722,48.966235556],[2.431431389,48.966303056],[2.431501667,48.9663725],[2.431573056,48.966442222],[2.431661111,48.966508333],[2.431769444,48.966584722],[2.431892222,48.9666575],[2.431990556,48.966711111],[2.432105278,48.966762222],[2.432256667,48.9668175],[2.432373333,48.966860556],[2.441291667,48.969254722],[2.441496111,48.9692925],[2.441658056,48.969315556],[2.441858889,48.969326389],[2.442021944,48.969326389],[2.442188889,48.969319167],[2.442355278,48.969299444],[2.442540556,48.969263611],[2.442694722,48.969236667],[2.442812778,48.969203056],[2.442912222,48.969168333],[2.443030556,48.969127222],[2.443139167,48.969078611],[2.443231944,48.969035833],[2.443324444,48.968982778],[2.443398611,48.968937222],[2.443479722,48.9688825],[2.443553611,48.968824722],[2.443623056,48.968760833],[2.443669167,48.968716389],[2.443906389,48.968826944],[2.443856667,48.968878056],[2.443795833,48.968935278],[2.443731944,48.968991944],[2.443673333,48.969036944],[2.443627778,48.969076111],[2.443557222,48.969122222],[2.443496111,48.969161389],[2.443423889,48.969205833],[2.443365833,48.969241667],[2.443317222,48.969268611],[2.443254444,48.969300556],[2.443202778,48.969325278],[2.443144722,48.969350833],[2.443068056,48.969385],[2.442992778,48.969418889],[2.442932222,48.969441389],[2.442883611,48.969459167],[2.442832222,48.969474167],[2.442787778,48.969488333],[2.442746389,48.969504167],[2.442729167,48.969517222],[2.442714722,48.969531389],[2.442707778,48.969545556],[2.442706389,48.969561389],[2.442714722,48.969590556],[2.442727778,48.969615],[2.442751944,48.969636667],[2.442783611,48.969648889],[2.4572175,48.973520833],[2.457385833,48.973559167],[2.457518333,48.973578333],[2.457664167,48.973594444],[2.457776389,48.973601111],[2.457874167,48.973597778],[2.457975556,48.97359],[2.458083333,48.973575556],[2.458167778,48.973551111],[2.458253889,48.973524167],[2.4583275,48.973494444],[2.458391667,48.973460556],[2.458448056,48.973426667],[2.458498056,48.973391667],[2.458554444,48.973344444],[2.4586075,48.97329],[2.458656111,48.973221111],[2.458681667,48.973175],[2.458686667,48.973138611],[2.458704444,48.9730775],[2.458706944,48.973014722],[2.458706944,48.972947222],[2.458686667,48.972876111],[2.458658889,48.972801944],[2.458626389,48.972739167],[2.458586111,48.972683056],[2.458513056,48.972602222],[2.45834,48.972395556],[2.458287222,48.972340278],[2.4582275,48.972291111],[2.458172222,48.972256389],[2.458114722,48.972214167],[2.458028611,48.972178056],[2.457940278,48.972143333],[2.457820278,48.972097778],[2.457955278,48.971886667],[2.458087778,48.971923056],[2.458160278,48.971951944],[2.458232778,48.9719825],[2.458306389,48.972017222],[2.458364167,48.972047778],[2.458421944,48.972084167],[2.458479444,48.972124444],[2.458528611,48.972162222],[2.458586944,48.972220833],[2.458662222,48.972303333],[2.458780833,48.97244],[2.458888056,48.972566389],[2.458973333,48.972665],[2.459010833,48.972731389],[2.459042222,48.972789167],[2.459066667,48.972849444],[2.459080278,48.972904722],[2.459090833,48.972964444],[2.459094167,48.973007778],[2.45909,48.973064167],[2.459086389,48.97311],[2.459072222,48.973168889],[2.459060556,48.973216389],[2.459041667,48.973258889],[2.459021389,48.9733025],[2.458990833,48.973353611],[2.458956389,48.973399444],[2.4589175,48.973445278],[2.458876667,48.973487778],[2.458833889,48.973530278],[2.458778889,48.973574444],[2.458707222,48.973625],[2.4586325,48.973670556],[2.458538611,48.973718611],[2.458458333,48.97375]]]}},{"type":"Feature","id":"LFPB-750d8709afcc4ddfb24b","properties":{"airport":"LFPB","name":"LFPB AVISO","layer":"Airfield surfaces","category":"Runways","object_type":"Area","style_id":"polygon.runwayconcrete.555555","source_group":"LFPB AVISO","vsmr_group_ids":[],"geometry_role":"filled_region"},"geometry":{"type":"Polygon","coordinates":[[[2.424611667,48.963708611],[2.424819722,48.963083889],[2.425154444,48.963131111],[2.425131944,48.9631775],[2.425107778,48.963249722],[2.425085278,48.963320278],[2.425071111,48.963368611],[2.4250725,48.963419444],[2.425086111,48.963473611],[2.425113333,48.963524722],[2.425148889,48.963569444],[2.425188056,48.963603889],[2.425227222,48.963631944],[2.425286667,48.963668611],[2.425344167,48.963701111],[2.425398611,48.963722222],[2.425483611,48.963743333],[2.425592778,48.963764444],[2.431251111,48.9640725],[2.431285,48.964071111],[2.431311389,48.964059444],[2.431334444,48.964042222],[2.431355556,48.964018333],[2.431374167,48.963973889],[2.431487222,48.9636575],[2.431754167,48.962913333],[2.432020833,48.962953056],[2.431921944,48.963240833],[2.431892222,48.963329444],[2.431852222,48.963495556],[2.431833333,48.963574444],[2.431822778,48.9636425],[2.431818333,48.963706111],[2.431820556,48.963756111],[2.431835278,48.963811389],[2.431859167,48.963858611],[2.431888611,48.963902778],[2.431919722,48.9639425],[2.431964722,48.963984722],[2.432023333,48.9640175],[2.432065,48.964043611],[2.432135833,48.964074444],[2.4322225,48.964098333],[2.432288056,48.964110833],[2.432431944,48.964136389],[2.444760278,48.964811667],[2.444840833,48.964804444],[2.444926389,48.9647825],[2.445016667,48.96475],[2.445086389,48.964722222],[2.445131944,48.964695556],[2.445170278,48.964663333],[2.445201944,48.964611667],[2.445238889,48.964551111],[2.4452675,48.964469444],[2.445295833,48.964386944],[2.445311111,48.964313056],[2.445321111,48.964222778],[2.445666667,48.964242778],[2.445590833,48.964768611],[2.445514444,48.965355],[2.445500278,48.965415556],[2.445489167,48.96548],[2.445468611,48.965560278],[2.445451111,48.965617778],[2.445433611,48.965677222],[2.445406944,48.965763889],[2.4453775,48.965842222],[2.445348333,48.965925556],[2.445303889,48.966033333],[2.445117222,48.966450556],[2.444775278,48.966380833],[2.444855833,48.966210278],[2.444898889,48.966106111],[2.444947778,48.965980278],[2.444992778,48.965851944],[2.445020278,48.965743889],[2.445033889,48.965666944],[2.445044167,48.965580556],[2.4450425,48.96552],[2.445033611,48.965447778],[2.445006944,48.965373056],[2.444983889,48.96533],[2.444951944,48.965296111],[2.444891667,48.96526],[2.444824167,48.965233333],[2.444741944,48.965216389],[2.438556667,48.964874444],[2.44059,48.967751111],[2.440662778,48.967798056],[2.440778889,48.967854444],[2.440945,48.967918333],[2.441056944,48.967949722],[2.441155833,48.967968056],[2.442208056,48.968124444],[2.442156389,48.968298056],[2.441235556,48.968161667],[2.441118889,48.968146389],[2.441053889,48.968141111],[2.440998333,48.968149722],[2.440943056,48.968163889],[2.440336667,48.968354722],[2.4378575,48.964840556],[2.421505278,48.963947778],[2.421568056,48.9635425],[2.424611667,48.963708611]]]}},{"type":"Feature","id":"LFPB-66bfd77bb8d40170d5c4","properties":{"airport":"LFPB","name":"LFPB AVISO","layer":"Airfield surfaces","category":"Runways","object_type":"Area","style_id":"polygon.runwayconcrete.555555","source_group":"LFPB AVISO","vsmr_group_ids":[],"geometry_role":"filled_region"},"geometry":{"type":"Polygon","coordinates":[[[2.437566389,48.964435833],[2.434062778,48.959455556],[2.434025833,48.959404444],[2.433998056,48.959367778],[2.433960833,48.959325278],[2.433912778,48.959276667],[2.433858889,48.959234167],[2.433805278,48.959196389],[2.433751667,48.959170833],[2.433696111,48.959151389],[2.433645,48.959141667],[2.433591667,48.9591375],[2.433538333,48.959135556],[2.433485278,48.959139722],[2.433436667,48.95915],[2.433388056,48.959164167],[2.433344167,48.959184722],[2.433316111,48.959204444],[2.433295556,48.959223889],[2.433284722,48.959243333],[2.433175,48.959563333],[2.433136389,48.959674444],[2.432871389,48.959636667],[2.432881944,48.959603611],[2.432947222,48.959387222],[2.432958056,48.959343611],[2.432961944,48.959315833],[2.432961944,48.9593],[2.432953889,48.959288333],[2.4329375,48.959269722],[2.432914444,48.959257222],[2.4328875,48.959252778],[2.432858889,48.959254444],[2.432593056,48.959318611],[2.432444722,48.959108611],[2.432748611,48.959003611],[2.432916667,48.958939722],[2.433033889,48.958890833],[2.433138333,48.95884],[2.433227222,48.958791944],[2.433296667,48.958749444],[2.433348611,48.958700556],[2.433379167,48.958656944],[2.433395556,48.958613333],[2.433403611,48.9585675],[2.433392222,48.958519722],[2.433376111,48.958479444],[2.433271389,48.958325],[2.4270075,48.949418889],[2.4269675,48.949358611],[2.426930833,48.949319444],[2.426887222,48.949284722],[2.426836944,48.949254722],[2.426781944,48.9492275],[2.426713056,48.949203333],[2.426644167,48.949185278],[2.426564167,48.949174722],[2.426490833,48.949171667],[2.426421944,48.949171667],[2.426325556,48.949183889],[2.4259975,48.949242778],[2.425674722,48.949324444],[2.425495,48.949370556],[2.425324167,48.949436389],[2.425159167,48.949499722],[2.425046111,48.949548333],[2.424836944,48.949355833],[2.424943056,48.949311944],[2.425091944,48.949265],[2.425580556,48.949116667],[2.427317222,48.948594722],[2.428858333,48.948118333],[2.429031111,48.948363611],[2.42805,48.948668889],[2.4279125,48.948719167],[2.427792778,48.9487725],[2.427688333,48.948832778],[2.4276325,48.948871111],[2.427594722,48.948906944],[2.427568333,48.948938333],[2.427546944,48.948975556],[2.427525833,48.949017222],[2.427520556,48.949054444],[2.427516944,48.949092778],[2.427520556,48.949140556],[2.427529167,48.949178889],[2.427568333,48.949245278],[2.429920556,48.952590278],[2.429950556,48.952614722],[2.43,48.952645833],[2.430065278,48.952676667],[2.430150833,48.9527075],[2.430251111,48.952726111],[2.430343333,48.952735],[2.430418611,48.952737222],[2.430512222,48.952724167],[2.430688056,48.952687778],[2.4309775,48.952628333],[2.431146111,48.952863056],[2.431006389,48.952918611],[2.430898889,48.952961667],[2.430783333,48.953010556],[2.430703611,48.953054167],[2.430639167,48.953097778],[2.430588333,48.953137222],[2.430552778,48.953180833],[2.430523889,48.953223056],[2.430503889,48.953269444],[2.430497222,48.953314722],[2.430495,48.953364167],[2.430510556,48.953419444],[2.430530556,48.953468889],[2.430590278,48.953548889],[2.432283056,48.955942778],[2.4331325,48.955680833],[2.433166389,48.955728889],[2.432317778,48.955991944],[2.433921111,48.958283056],[2.433946667,48.958316389],[2.433986667,48.958351944],[2.434023333,48.958374444],[2.434068889,48.958398611],[2.434117222,48.958415278],[2.434176944,48.958430278],[2.434236389,48.958439722],[2.4342975,48.958443056],[2.434362222,48.9584375],[2.434458056,48.958428611],[2.434563889,48.958412778],[2.434671389,48.958395],[2.434804444,48.958371389],[2.434995833,48.958324444],[2.435152778,48.958550833],[2.434971667,48.958621389],[2.434859167,48.958671944],[2.434761667,48.958717778],[2.434683333,48.958756944],[2.434631944,48.958788333],[2.434587778,48.9588175],[2.434545,48.958853333],[2.434517778,48.958881944],[2.434489167,48.958921667],[2.434475556,48.958961389],[2.434468889,48.959006667],[2.434475556,48.959046389],[2.434483889,48.959083056],[2.434510833,48.959127222],[2.436673889,48.962204167],[2.436721389,48.962260278],[2.436759167,48.962291389],[2.436811389,48.962327222],[2.436863611,48.962352222],[2.436918056,48.962373889],[2.436989167,48.962391111],[2.437053056,48.962401944],[2.437126667,48.962408056],[2.437209444,48.962408056],[2.437304444,48.962395833],[2.437460833,48.962370833],[2.437648056,48.962335],[2.437786667,48.962302778],[2.437950278,48.962532778],[2.437788056,48.962601111],[2.437665833,48.962653611],[2.437556389,48.962706944],[2.437491944,48.962738333],[2.437445833,48.9627675],[2.4374,48.962805833],[2.437361667,48.962845],[2.437337222,48.962879167],[2.4373175,48.962918333],[2.437306667,48.9629575],[2.437300556,48.963001667],[2.437301944,48.963050833],[2.437312778,48.963097222],[2.437348056,48.963156389],[2.438276389,48.964473333],[2.437566389,48.964435833]]]}},{"type":"Feature","id":"LFPB-9ec68bd4ff2d944e668e","properties":{"airport":"LFPB","name":"LFPB AVISO","layer":"Airfield surfaces","category":"Runways","object_type":"Area","style_id":"polygon.runwayconcrete.555555","source_group":"LFPB AVISO","vsmr_group_ids":[],"geometry_role":"filled_region"},"geometry":{"type":"Polygon","coordinates":[[[2.446948333,48.964194167],[2.447050833,48.964247222],[2.447120278,48.964283056],[2.447174722,48.964306389],[2.447240278,48.964333056],[2.447318611,48.964361111],[2.447393333,48.964379722],[2.447981389,48.964494167],[2.44837,48.964558611],[2.450155833,48.964823611],[2.450380833,48.964860833],[2.450529167,48.964898889],[2.450613611,48.964928889],[2.450675833,48.964957778],[2.450727222,48.964990278],[2.450776667,48.9650225],[2.450809444,48.965046667],[2.450862778,48.965092222],[2.450919444,48.9651525],[2.450998333,48.965245],[2.451208889,48.965480278],[2.451278611,48.965555833],[2.451323889,48.965616389],[2.451346667,48.96566],[2.451365833,48.965715],[2.451374444,48.965760833],[2.451371667,48.965804167],[2.451365833,48.965839722],[2.451354444,48.965885833],[2.451325556,48.965983611],[2.451234722,48.966244444],[2.450923333,48.967153611],[2.450618056,48.967107222],[2.4507425,48.966735],[2.450971944,48.965936389],[2.450989444,48.965869444],[2.4509975,48.965802222],[2.450986389,48.96573],[2.450954444,48.965656944],[2.450906944,48.965590833],[2.450670278,48.965333611],[2.45061,48.965262778],[2.450552778,48.965211944],[2.450487778,48.965166944],[2.450433333,48.965138056],[2.450374444,48.965116111],[2.450307222,48.965095556],[2.449235,48.964900833],[2.448864167,48.964832778],[2.447287778,48.964601944],[2.447199722,48.964585],[2.4471325,48.964563056],[2.447067778,48.964539444],[2.446972778,48.964495556],[2.446901944,48.96446],[2.446821111,48.964415278],[2.446736667,48.964363056],[2.446637778,48.964300556],[2.446379444,48.964161667],[2.44658,48.963998056],[2.446948333,48.964194167]]]}},{"type":"Feature","id":"LFPB-9a6776e370530ce9dd7c","properties":{"airport":"LFPB","name":"LFPB AVISO","layer":"Buildings and structures","category":"Buildings","object_type":"Area","style_id":"polygon.building.394446","source_group":"LFPB AVISO","vsmr_group_ids":[],"geometry_role":"filled_region"},"geometry":{"type":"Polygon","coordinates":[[[2.450399722,48.962968333],[2.450594167,48.963004444],[2.450569722,48.963059722],[2.450710833,48.963087778],[2.450514444,48.9635125],[2.4501725,48.963444167],[2.450399722,48.962968333]]]}},{"type":"Feature","id":"LFPB-b8fa202c855aec6036cc","properties":{"airport":"LFPB","name":"LFPB AVISO","layer":"Buildings and structures","category":"Buildings","object_type":"Area","style_id":"polygon.building.394446","source_group":"LFPB AVISO","vsmr_group_ids":[],"geometry_role":"filled_region"},"geometry":{"type":"Polygon","coordinates":[[[2.449706944,48.9628675],[2.449378611,48.962805833],[2.449390833,48.962777222],[2.449325556,48.962766111],[2.449321944,48.9627725],[2.44931,48.962790556],[2.449290556,48.962807222],[2.449262778,48.962816111],[2.449233889,48.962818333],[2.449205,48.962816111],[2.449177222,48.962808056],[2.449157778,48.962796944],[2.449144444,48.962782778],[2.449142222,48.962762222],[2.449154167,48.962731389],[2.449103611,48.962721667],[2.449091389,48.962747778],[2.448563889,48.962647778],[2.448500556,48.962793611],[2.447943056,48.962693333],[2.447931111,48.962717778],[2.447737778,48.962680833],[2.447796667,48.962553056],[2.44792,48.962577778],[2.448005833,48.962395556],[2.448098889,48.962413333],[2.448120278,48.962362778],[2.448281111,48.962311111],[2.449295833,48.962511667],[2.449490833,48.9620625],[2.449700556,48.962104167],[2.449533611,48.962479167],[2.450176111,48.962607778],[2.450147222,48.962665],[2.450411944,48.962715],[2.450239444,48.963108056],[2.449650278,48.962996667],[2.449706944,48.9628675]]]}},{"type":"Feature","id":"LFPB-39e76c09dd1b8a5760d2","properties":{"airport":"LFPB","name":"LFPB AVISO","layer":"Buildings and structures","category":"Buildings","object_type":"Area","style_id":"polygon.building.394446","source_group":"LFPB AVISO","vsmr_group_ids":[],"geometry_role":"filled_region"},"geometry":{"type":"Polygon","coordinates":[[[2.446185556,48.962311667],[2.446214444,48.962354722],[2.446337778,48.962315556],[2.446505278,48.962560833],[2.445390556,48.962889444],[2.445203611,48.962609722],[2.446185556,48.962311667]]]}},{"type":"Feature","id":"LFPB-006dc2796c94758b1199","properties":{"airport":"LFPB","name":"LFPB AVISO","layer":"Buildings and structures","category":"Buildings","object_type":"Area","style_id":"polygon.building.394446","source_group":"LFPB AVISO","vsmr_group_ids":[],"geometry_role":"filled_region"},"geometry":{"type":"Polygon","coordinates":[[[2.447497222,48.961898056],[2.447671389,48.961846111],[2.447514722,48.961773611],[2.447706389,48.961597222],[2.447856389,48.961666667],[2.447878333,48.961545],[2.448200278,48.961563889],[2.448184722,48.961688333],[2.448524167,48.961584167],[2.448367778,48.961511667],[2.448551111,48.961340278],[2.448703611,48.961405833],[2.448717778,48.961286944],[2.449046667,48.9613025],[2.4490325,48.961426111],[2.449203889,48.961374444],[2.449344722,48.961566944],[2.449175556,48.961618611],[2.449328056,48.961695278],[2.449142222,48.961868889],[2.448989722,48.961795278],[2.448965833,48.961918889],[2.448648889,48.961901667],[2.448665556,48.961773611],[2.448315278,48.961883056],[2.4484775,48.961956667],[2.448291944,48.962130278],[2.448130833,48.962054444],[2.448117778,48.962184444],[2.447791389,48.962166944],[2.447811944,48.962037222],[2.447640556,48.962093611],[2.447497222,48.961898056]]]}},{"type":"Feature","id":"LFPB-f22b91ce03e9df8d819f","properties":{"airport":"LFPB","name":"LFPB AVISO","layer":"Buildings and structures","category":"Buildings","object_type":"Area","style_id":"polygon.building.394446","source_group":"LFPB AVISO","vsmr_group_ids":[],"geometry_role":"filled_region"},"geometry":{"type":"Polygon","coordinates":[[[2.447047778,48.961489722],[2.446838056,48.961198056],[2.444683889,48.961852778],[2.44434,48.961344722],[2.446537778,48.960674722],[2.446628611,48.9608],[2.446940278,48.960700556],[2.447179444,48.961038333],[2.4482225,48.960712778],[2.4483675,48.960913611],[2.448234722,48.960955278],[2.448334444,48.961090556],[2.447047778,48.961489722]]]}},{"type":"Feature","id":"LFPB-f06ff1e1765eb2538993","properties":{"airport":"LFPB","name":"LFPB AVISO","layer":"Buildings and structures","category":"Buildings","object_type":"Area","style_id":"polygon.building.394446","source_group":"LFPB AVISO","vsmr_group_ids":[],"geometry_role":"filled_region"},"geometry":{"type":"Polygon","coordinates":[[[2.448598056,48.960762778],[2.448736111,48.960974722],[2.448509722,48.961045556],[2.448360556,48.960831667],[2.448598056,48.960762778]]]}},{"type":"Feature","id":"LFPB-d92416ed3a6b627471cf","properties":{"airport":"LFPB","name":"LFPB AVISO","layer":"Buildings and structures","category":"Buildings","object_type":"Area","style_id":"polygon.building.394446","source_group":"LFPB AVISO","vsmr_group_ids":[],"geometry_role":"filled_region"},"geometry":{"type":"Polygon","coordinates":[[[2.442416389,48.961604167],[2.441933333,48.961758333],[2.441538611,48.961195556],[2.442015,48.961041389],[2.442416389,48.961604167]]]}},{"type":"Feature","id":"LFPB-051648d5768e9bd5cb08","properties":{"airport":"LFPB","name":"LFPB AVISO","layer":"Buildings and structures","category":"Buildings","object_type":"Area","style_id":"polygon.building.394446","source_group":"LFPB AVISO","vsmr_group_ids":[],"geometry_role":"filled_region"},"geometry":{"type":"Polygon","coordinates":[[[2.442396944,48.96104],[2.442650556,48.960955833],[2.442954167,48.961366667],[2.442685833,48.961450278],[2.442396944,48.96104]]]}},{"type":"Feature","id":"LFPB-63f915f50a7a37afd60f","properties":{"airport":"LFPB","name":"LFPB AVISO","layer":"Buildings and structures","category":"Buildings","object_type":"Area","style_id":"polygon.building.394446","source_group":"LFPB AVISO","vsmr_group_ids":[],"geometry_role":"filled_region"},"geometry":{"type":"Polygon","coordinates":[[[2.443879444,48.960740833],[2.444449444,48.960573889],[2.444435,48.960550556],[2.444717778,48.960468056],[2.444881667,48.960708056],[2.445033611,48.960662778],[2.445123889,48.960798611],[2.444753333,48.960909167],[2.444710556,48.960851667],[2.444648889,48.960870278],[2.444726667,48.960981944],[2.444169167,48.9611525],[2.443879444,48.960740833]]]}},{"type":"Feature","id":"LFPB-4f5a994041505b72a0ad","properties":{"airport":"LFPB","name":"LFPB AVISO","layer":"Buildings and structures","category":"Buildings","object_type":"Area","style_id":"polygon.building.394446","source_group":"LFPB AVISO","vsmr_group_ids":[],"geometry_role":"filled_region"},"geometry":{"type":"Polygon","coordinates":[[[2.445633889,48.959892778],[2.445863333,48.959823611],[2.446261667,48.9604],[2.446029444,48.960471944],[2.445633889,48.959892778]]]}},{"type":"Feature","id":"LFPB-f45e7dfd4d2bdaae4259","properties":{"airport":"LFPB","name":"LFPB AVISO","layer":"Buildings and structures","category":"Buildings","object_type":"Area","style_id":"polygon.building.394446","source_group":"LFPB AVISO","vsmr_group_ids":[],"geometry_role":"filled_region"},"geometry":{"type":"Polygon","coordinates":[[[2.444536111,48.959219444],[2.445181944,48.959021667],[2.445231667,48.959090556],[2.445364167,48.9590525],[2.445803056,48.959688611],[2.445670556,48.959726667],[2.445676111,48.959739444],[2.445044167,48.959931667],[2.444536111,48.959219444]]]}},{"type":"Feature","id":"LFPB-87c3a76d5a1f9a611465","properties":{"airport":"LFPB","name":"LFPB AVISO","layer":"Buildings and structures","category":"Buildings","object_type":"Area","style_id":"polygon.building.394446","source_group":"LFPB AVISO","vsmr_group_ids":[],"geometry_role":"filled_region"},"geometry":{"type":"Polygon","coordinates":[[[2.439413056,48.960385556],[2.440604722,48.960023889],[2.440664722,48.960105],[2.440851667,48.960045833],[2.440801667,48.959973611],[2.441672222,48.959703611],[2.441942222,48.960098056],[2.440763333,48.960451111],[2.440841944,48.9605675],[2.439758333,48.9609],[2.439413056,48.960385556]]]}},{"type":"Feature","id":"LFPB-e2e76ef643e979333d40","properties":{"airport":"LFPB","name":"LFPB AVISO","layer":"Buildings and structures","category":"Buildings","object_type":"Area","style_id":"polygon.building.394446","source_group":"LFPB AVISO","vsmr_group_ids":[],"geometry_role":"filled_region"},"geometry":{"type":"Polygon","coordinates":[[[2.444183889,48.958850556],[2.443750556,48.958208056],[2.444012222,48.958131667],[2.443993611,48.958106111],[2.444331667,48.958003333],[2.444388889,48.958085556],[2.444429444,48.958073333],[2.444823889,48.958641944],[2.444796667,48.95865],[2.444928333,48.958829167],[2.444715,48.958894444],[2.4446875,48.958856944],[2.444077222,48.959037778],[2.443985833,48.958912222],[2.444183889,48.958850556]]]}},{"type":"Feature","id":"LFPB-0cf3181c0aa0ddbcd13a","properties":{"airport":"LFPB","name":"LFPB AVISO","layer":"Buildings and structures","category":"Buildings","object_type":"Area","style_id":"polygon.building.394446","source_group":"LFPB AVISO","vsmr_group_ids":[],"geometry_role":"filled_region"},"geometry":{"type":"Polygon","coordinates":[[[2.440288056,48.959325556],[2.441158611,48.959059722],[2.441388889,48.959388611],[2.440520833,48.959651389],[2.440288056,48.959325556]]]}},{"type":"Feature","id":"LFPB-39bea759a8f864809ee7","properties":{"airport":"LFPB","name":"LFPB AVISO","layer":"Buildings and structures","category":"Buildings","object_type":"Area","style_id":"polygon.building.394446","source_group":"LFPB AVISO","vsmr_group_ids":[],"geometry_role":"filled_region"},"geometry":{"type":"Polygon","coordinates":[[[2.439403611,48.95951],[2.4401025,48.959290556],[2.440445556,48.959781111],[2.439742222,48.959994722],[2.439403611,48.95951]]]}},{"type":"Feature","id":"LFPB-70580870899f10e2118b","properties":{"airport":"LFPB","name":"LFPB AVISO","layer":"Buildings and structures","category":"Buildings","object_type":"Area","style_id":"polygon.building.394446","source_group":"LFPB AVISO","vsmr_group_ids":[],"geometry_role":"filled_region"},"geometry":{"type":"Polygon","coordinates":[[[2.438678889,48.958141389],[2.4387625,48.958270556],[2.439118333,48.958163333],[2.439265278,48.958377778],[2.438372222,48.958634167],[2.438143333,48.958300278],[2.438678889,48.958141389]]]}},{"type":"Feature","id":"LFPB-1d149e09e5e7a5b4b447","properties":{"airport":"LFPB","name":"LFPB AVISO","layer":"Buildings and structures","category":"Buildings","object_type":"Area","style_id":"polygon.building.394446","source_group":"LFPB AVISO","vsmr_group_ids":[],"geometry_role":"filled_region"},"geometry":{"type":"Polygon","coordinates":[[[2.4414225,48.9549175],[2.442207222,48.954670556],[2.443078889,48.955925278],[2.442623611,48.956075278],[2.442753056,48.956256389],[2.442431944,48.956351944],[2.4414225,48.9549175]]]}},{"type":"Feature","id":"LFPB-45458e9a7b0d86301b45","properties":{"airport":"LFPB","name":"LFPB AVISO","layer":"Buildings and structures","category":"Buildings","object_type":"Area","style_id":"polygon.building.394446","source_group":"LFPB AVISO","vsmr_group_ids":[],"geometry_role":"filled_region"},"geometry":{"type":"Polygon","coordinates":[[[2.437579444,48.956047778],[2.437605278,48.956084167],[2.438085833,48.955940833],[2.438041667,48.955880278],[2.4388025,48.955651944],[2.439031111,48.955977222],[2.436726389,48.956645556],[2.436531944,48.956364444],[2.437579444,48.956047778]]]}},{"type":"Feature","id":"LFPB-9a887c74734a1f592933","properties":{"airport":"LFPB","name":"LFPB AVISO","layer":"Buildings and structures","category":"Buildings","object_type":"Area","style_id":"polygon.building.394446","source_group":"LFPB AVISO","vsmr_group_ids":[],"geometry_role":"filled_region"},"geometry":{"type":"Polygon","coordinates":[[[2.437071389,48.955304167],[2.436954444,48.955114444],[2.437693333,48.954903056],[2.438139722,48.955563611],[2.437594444,48.955722222],[2.4372725,48.955244167],[2.437071389,48.955304167]]]}},{"type":"Feature","id":"LFPB-73a42757eb0bdf348897","properties":{"airport":"LFPB","name":"LFPB AVISO","layer":"Buildings and structures","category":"Buildings","object_type":"Area","style_id":"polygon.building.394446","source_group":"LFPB AVISO","vsmr_group_ids":[],"geometry_role":"filled_region"},"geometry":{"type":"Polygon","coordinates":[[[2.441270556,48.954699167],[2.440631111,48.953785278],[2.441393056,48.953548889],[2.442078056,48.954524722],[2.441393333,48.954729167],[2.441420556,48.954768611],[2.441234167,48.954826667],[2.44117,48.954730556],[2.441270556,48.954699167]]]}},{"type":"Feature","id":"LFPB-0513b5c30a5832d9fa4c","properties":{"airport":"LFPB","name":"LFPB AVISO","layer":"Buildings and structures","category":"Buildings","object_type":"Area","style_id":"polygon.building.394446","source_group":"LFPB AVISO","vsmr_group_ids":[],"geometry_role":"filled_region"},"geometry":{"type":"Polygon","coordinates":[[[2.440244167,48.953351667],[2.440966667,48.953077222],[2.441278333,48.953425556],[2.440566111,48.9537],[2.440244167,48.953351667]]]}},{"type":"Feature","id":"LFPB-55b512c4205ab6c8c084","properties":{"airport":"LFPB","name":"LFPB AVISO","layer":"Buildings and structures","category":"Buildings","object_type":"Area","style_id":"polygon.building.394446","source_group":"LFPB AVISO","vsmr_group_ids":[],"geometry_role":"filled_region"},"geometry":{"type":"Polygon","coordinates":[[[2.440411667,48.9524325],[2.440866944,48.952926111],[2.440097778,48.953218611],[2.439643611,48.952726111],[2.440411667,48.9524325]]]}},{"type":"Feature","id":"LFPB-2d77f2a26ffa6fc0979c","properties":{"airport":"LFPB","name":"LFPB AVISO","layer":"Buildings and structures","category":"Buildings","object_type":"Area","style_id":"polygon.building.394446","source_group":"LFPB AVISO","vsmr_group_ids":[],"geometry_role":"filled_region"},"geometry":{"type":"Polygon","coordinates":[[[2.439814722,48.9517525],[2.440278056,48.952262778],[2.439505278,48.952562222],[2.439058889,48.952047778],[2.439814722,48.9517525]]]}},{"type":"Feature","id":"LFPB-9e9b690351da961a767e","properties":{"airport":"LFPB","name":"LFPB AVISO","layer":"Buildings and structures","category":"Buildings","object_type":"Area","style_id":"polygon.building.394446","source_group":"LFPB AVISO","vsmr_group_ids":[],"geometry_role":"filled_region"},"geometry":{"type":"Polygon","coordinates":[[[2.436832778,48.953843889],[2.437279444,48.954396389],[2.436916667,48.954524722],[2.436462222,48.9539775],[2.436832778,48.953843889]]]}},{"type":"Feature","id":"LFPB-7d74a75f8b9b3b3db275","properties":{"airport":"LFPB","name":"LFPB AVISO","layer":"Buildings and structures","category":"Buildings","object_type":"Area","style_id":"polygon.building.394446","source_group":"LFPB AVISO","vsmr_group_ids":[],"geometry_role":"filled_region"},"geometry":{"type":"Polygon","coordinates":[[[2.436625556,48.952987778],[2.437171667,48.953652778],[2.436175,48.954001111],[2.435640833,48.953341389],[2.436625556,48.952987778]]]}},{"type":"Feature","id":"LFPB-342f9de8c7b03d9301e6","properties":{"airport":"LFPB","name":"LFPB AVISO","layer":"Buildings and structures","category":"Buildings","object_type":"Area","style_id":"polygon.building.394446","source_group":"LFPB AVISO","vsmr_group_ids":[],"geometry_role":"filled_region"},"geometry":{"type":"Polygon","coordinates":[[[2.439241389,48.951095833],[2.439696111,48.951607222],[2.438922222,48.951896389],[2.438477222,48.951394444],[2.439241389,48.951095833]]]}},{"type":"Feature","id":"LFPB-e7fb15ac228d244a597b","properties":{"airport":"LFPB","name":"LFPB AVISO","layer":"Buildings and structures","category":"Buildings","object_type":"Area","style_id":"polygon.building.394446","source_group":"LFPB AVISO","vsmr_group_ids":[],"geometry_role":"filled_region"},"geometry":{"type":"Polygon","coordinates":[[[2.438643333,48.950433056],[2.439066944,48.950906389],[2.438309444,48.951206111],[2.437885833,48.950721944],[2.438643333,48.950433056]]]}},{"type":"Feature","id":"LFPB-d7886457d36cf9639a41","properties":{"airport":"LFPB","name":"LFPB AVISO","layer":"Buildings and structures","category":"Buildings","object_type":"Area","style_id":"polygon.building.394446","source_group":"LFPB AVISO","vsmr_group_ids":[],"geometry_role":"filled_region"},"geometry":{"type":"Polygon","coordinates":[[[2.438028333,48.949745833],[2.438529444,48.950285833],[2.437763889,48.950574722],[2.437279167,48.950045278],[2.438028333,48.949745833]]]}},{"type":"Feature","id":"LFPB-9ee51b1bd11a7c611bf0","properties":{"airport":"LFPB","name":"LFPB AVISO","layer":"Buildings and structures","category":"Buildings","object_type":"Area","style_id":"polygon.building.394446","source_group":"LFPB AVISO","vsmr_group_ids":[],"geometry_role":"filled_region"},"geometry":{"type":"Polygon","coordinates":[[[2.437096111,48.949593611],[2.437363056,48.949888611],[2.437076667,48.949993333],[2.436816111,48.949700556],[2.437096111,48.949593611]]]}},{"type":"Feature","id":"LFPB-e63f6ea1bdeec11c37d9","properties":{"airport":"LFPB","name":"LFPB AVISO","layer":"Buildings and structures","category":"Buildings","object_type":"Area","style_id":"polygon.building.394446","source_group":"LFPB AVISO","vsmr_group_ids":[],"geometry_role":"filled_region"},"geometry":{"type":"Polygon","coordinates":[[[2.436584167,48.949410556],[2.436475,48.949290833],[2.436365556,48.949331111],[2.436289444,48.949239722],[2.436209722,48.949271389],[2.436294444,48.949364722],[2.436155278,48.949415556],[2.435460556,48.948636111],[2.435535278,48.948607222],[2.435481111,48.948537222],[2.435470833,48.948538333],[2.435440278,48.948539444],[2.43541,48.948532778],[2.435391111,48.948522778],[2.435384444,48.948505833],[2.435384444,48.948486944],[2.435394722,48.948470278],[2.435408056,48.948456944],[2.435347222,48.948388056],[2.435271667,48.948418056],[2.434662222,48.947735],[2.434744444,48.947703333],[2.434681944,48.947636389],[2.435096667,48.947487222],[2.435016111,48.947398056],[2.434976111,48.947411944],[2.433950278,48.946252778],[2.433903889,48.946268889],[2.433845,48.946201111],[2.433889167,48.946185],[2.433606389,48.945880833],[2.433571111,48.945894167],[2.433509167,48.945824722],[2.4337975,48.9457125],[2.433723889,48.945631389],[2.433526944,48.945703056],[2.433465,48.9456275],[2.433415,48.945645],[2.432714722,48.944863056],[2.433303333,48.944631944],[2.435559722,48.947188333],[2.435361944,48.947268889],[2.435547222,48.947466944],[2.435374444,48.947533056],[2.436924722,48.949274722],[2.436693611,48.949358056],[2.436814722,48.949493611],[2.4366,48.949573056],[2.436488056,48.949445278],[2.436584167,48.949410556]]]}},{"type":"Feature","id":"LFPB-14f1d42389837c5dec2c","properties":{"airport":"LFPB","name":"LFPB AVISO","layer":"Surface markings","category":"Stopbars","object_type":"Area","style_id":"polygon.stopbar.7e0000","source_group":"LFPB AVISO","vsmr_group_ids":[],"geometry_role":"filled_region"},"geometry":{"type":"Polygon","coordinates":[[[2.421890833,48.962503056],[2.421909444,48.962503333],[2.4218925,48.962727222],[2.421871111,48.9627275],[2.421890833,48.962503056]]]}},{"type":"Feature","id":"LFPB-1c9416583eabe303fd44","properties":{"airport":"LFPB","name":"LFPB AVISO","layer":"Surface markings","category":"Stopbars","object_type":"Area","style_id":"polygon.stopbar.7e0000","source_group":"LFPB AVISO","vsmr_group_ids":[],"geometry_role":"filled_region"},"geometry":{"type":"Polygon","coordinates":[[[2.425156944,48.963129722],[2.425150833,48.963142222],[2.424814444,48.963095833],[2.424818889,48.963082222],[2.425156944,48.963129722]]]}},{"type":"Feature","id":"LFPB-0ae86087f3ad7e92c700","properties":{"airport":"LFPB","name":"LFPB AVISO","layer":"Surface markings","category":"Stopbars","object_type":"Area","style_id":"polygon.stopbar.7e0000","source_group":"LFPB AVISO","vsmr_group_ids":[],"geometry_role":"filled_region"},"geometry":{"type":"Polygon","coordinates":[[[2.431195833,48.965389167],[2.431192222,48.965403333],[2.430911111,48.965362222],[2.430914722,48.965347778],[2.431195833,48.965389167]]]}},{"type":"Feature","id":"LFPB-12f7be1c20ef5ac6a194","properties":{"airport":"LFPB","name":"LFPB AVISO","layer":"Surface markings","category":"Stopbars","object_type":"Area","style_id":"polygon.stopbar.7e0000","source_group":"LFPB AVISO","vsmr_group_ids":[],"geometry_role":"filled_region"},"geometry":{"type":"Polygon","coordinates":[[[2.442212778,48.968125],[2.442157778,48.968299167],[2.442138611,48.968296389],[2.442195556,48.968122778],[2.442212778,48.968125]]]}},{"type":"Feature","id":"LFPB-a2e6b53f2758fb1fe089","properties":{"airport":"LFPB","name":"LFPB AVISO","layer":"Surface markings","category":"Stopbars","object_type":"Area","style_id":"polygon.stopbar.7e0000","source_group":"LFPB AVISO","vsmr_group_ids":[],"geometry_role":"filled_region"},"geometry":{"type":"Polygon","coordinates":[[[2.4579525,48.971886111],[2.457969722,48.971889722],[2.4578325,48.972103333],[2.457815278,48.972095833],[2.4579525,48.971886111]]]}},{"type":"Feature","id":"LFPB-503183bdc60fb11e897c","properties":{"airport":"LFPB","name":"LFPB AVISO","layer":"Surface markings","category":"Stopbars","object_type":"Area","style_id":"polygon.stopbar.7e0000","source_group":"LFPB AVISO","vsmr_group_ids":[],"geometry_role":"filled_region"},"geometry":{"type":"Polygon","coordinates":[[[2.450620278,48.967096944],[2.450928056,48.967143889],[2.450925833,48.967155],[2.450615,48.967108889],[2.450620278,48.967096944]]]}},{"type":"Feature","id":"LFPB-b42f59331e28f17ea17c","properties":{"airport":"LFPB","name":"LFPB AVISO","layer":"Surface markings","category":"Stopbars","object_type":"Area","style_id":"polygon.stopbar.7e0000","source_group":"LFPB AVISO","vsmr_group_ids":[],"geometry_role":"filled_region"},"geometry":{"type":"Polygon","coordinates":[[[2.4447775,48.966368889],[2.445121944,48.966443333],[2.445115833,48.966454167],[2.444772222,48.966381111],[2.4447775,48.966368889]]]}},{"type":"Feature","id":"LFPB-c5ff7f1453228dd60ec5","properties":{"airport":"LFPB","name":"LFPB AVISO","layer":"Surface markings","category":"Stopbars","object_type":"Area","style_id":"polygon.stopbar.7e0000","source_group":"LFPB AVISO","vsmr_group_ids":[],"geometry_role":"filled_region"},"geometry":{"type":"Polygon","coordinates":[[[2.446593056,48.964004722],[2.44639,48.964167778],[2.446374722,48.96416],[2.446578889,48.963996389],[2.446593056,48.964004722]]]}},{"type":"Feature","id":"LFPB-468b5e39e15754ab0cd4","properties":{"airport":"LFPB","name":"LFPB AVISO","layer":"Surface markings","category":"Stopbars","object_type":"Area","style_id":"polygon.stopbar.7e0000","source_group":"LFPB AVISO","vsmr_group_ids":[],"geometry_role":"filled_region"},"geometry":{"type":"Polygon","coordinates":[[[2.445319167,48.964221389],[2.4456675,48.964241667],[2.445666667,48.964253611],[2.445318333,48.964233056],[2.445319167,48.964221389]]]}},{"type":"Feature","id":"LFPB-50c9f7a6918981e0dcb1","properties":{"airport":"LFPB","name":"LFPB AVISO","layer":"Surface markings","category":"Stopbars","object_type":"Area","style_id":"polygon.stopbar.7e0000","source_group":"LFPB AVISO","vsmr_group_ids":[],"geometry_role":"filled_region"},"geometry":{"type":"Polygon","coordinates":[[[2.437791389,48.962299167],[2.437955556,48.962531944],[2.437921111,48.962546389],[2.437757222,48.962308889],[2.437791389,48.962299167]]]}},{"type":"Feature","id":"LFPB-a659a92537fbcd496370","properties":{"airport":"LFPB","name":"LFPB AVISO","layer":"Surface markings","category":"Stopbars","object_type":"Area","style_id":"polygon.stopbar.7e0000","source_group":"LFPB AVISO","vsmr_group_ids":[],"geometry_role":"filled_region"},"geometry":{"type":"Polygon","coordinates":[[[2.431753056,48.962910833],[2.4320225,48.962951944],[2.432016389,48.962965556],[2.431747778,48.962926111],[2.431753056,48.962910833]]]}},{"type":"Feature","id":"LFPB-4ba70ed7dc59e445638f","properties":{"airport":"LFPB","name":"LFPB AVISO","layer":"Surface markings","category":"Stopbars","object_type":"Area","style_id":"polygon.stopbar.7e0000","source_group":"LFPB AVISO","vsmr_group_ids":[],"geometry_role":"filled_region"},"geometry":{"type":"Polygon","coordinates":[[[2.432465278,48.959100278],[2.432616667,48.959314444],[2.432582222,48.959322778],[2.432433333,48.959111667],[2.432465278,48.959100278]]]}},{"type":"Feature","id":"LFPB-f2cb0abde358d255775d","properties":{"airport":"LFPB","name":"LFPB AVISO","layer":"Surface markings","category":"Stopbars","object_type":"Area","style_id":"polygon.stopbar.7e0000","source_group":"LFPB AVISO","vsmr_group_ids":[],"geometry_role":"filled_region"},"geometry":{"type":"Polygon","coordinates":[[[2.433143889,48.959658889],[2.433137778,48.959678889],[2.432868611,48.959638889],[2.432874722,48.959619167],[2.433143889,48.959658889]]]}},{"type":"Feature","id":"LFPB-54707cefbf09ff808985","properties":{"airport":"LFPB","name":"LFPB AVISO","layer":"Surface markings","category":"Stopbars","object_type":"Area","style_id":"polygon.stopbar.7e0000","source_group":"LFPB AVISO","vsmr_group_ids":[],"geometry_role":"filled_region"},"geometry":{"type":"Polygon","coordinates":[[[2.434999444,48.958322222],[2.435155833,48.958551111],[2.435121389,48.958563611],[2.434960556,48.958331944],[2.434999444,48.958322222]]]}},{"type":"Feature","id":"LFPB-c23cac1beb4656345b2e","properties":{"airport":"LFPB","name":"LFPB AVISO","layer":"Surface markings","category":"Stopbars","object_type":"Area","style_id":"polygon.stopbar.7e0000","source_group":"LFPB AVISO","vsmr_group_ids":[],"geometry_role":"filled_region"},"geometry":{"type":"Polygon","coordinates":[[[2.430990556,48.952625278],[2.431158611,48.952858889],[2.431123333,48.9528725],[2.430956389,48.952631944],[2.430990556,48.952625278]]]}},{"type":"Feature","id":"LFPB-c14858e672171c7559a4","properties":{"airport":"LFPB","name":"LFPB AVISO","layer":"Surface markings","category":"Stopbars","object_type":"Area","style_id":"polygon.stopbar.7e0000","source_group":"LFPB AVISO","vsmr_group_ids":[],"geometry_role":"filled_region"},"geometry":{"type":"Polygon","coordinates":[[[2.433138056,48.955678611],[2.433173056,48.955728611],[2.433138056,48.955738889],[2.433105833,48.955688889],[2.433138056,48.955678611]]]}},{"type":"Feature","id":"LFPB-36c1e5a31ce02e325eb3","properties":{"airport":"LFPB","name":"LFPB AVISO","layer":"Surface markings","category":"Stopbars","object_type":"Area","style_id":"polygon.stopbar.7e0000","source_group":"LFPB AVISO","vsmr_group_ids":[],"geometry_role":"filled_region"},"geometry":{"type":"Polygon","coordinates":[[[2.424850556,48.949348611],[2.425063333,48.949541944],[2.425035556,48.949554722],[2.424825556,48.949360833],[2.424850556,48.949348611]]]}},{"type":"Feature","id":"LFPB-d21b108d76e5d521e35f","properties":{"airport":"LFPB","name":"LFPB AVISO","layer":"Surface markings","category":"Stopbars","object_type":"Area","style_id":"polygon.stopbar.7e0000","source_group":"LFPB AVISO","vsmr_group_ids":[],"geometry_role":"filled_region"},"geometry":{"type":"Polygon","coordinates":[[[2.428871111,48.948113611],[2.429041389,48.948363333],[2.429005556,48.948372778],[2.428831389,48.948125],[2.428871111,48.948113611]]]}},{"type":"Feature","id":"LFPB-5c5159df9aa73703d645","properties":{"airport":"LFPB","name":"LFPB AVISO","layer":"Operational restrictions","category":"Closure areas","object_type":"Area","style_id":"polygon.closurearea.ff0000","source_group":"LFPB AVISO","vsmr_group_ids":[],"geometry_role":"filled_region"},"geometry":{"type":"Polygon","coordinates":[[[2.443669167,48.968713889],[2.443910556,48.968825],[2.443891944,48.968844167],[2.44365,48.968733611],[2.443669167,48.968713889]]]}},{"type":"Feature","id":"LFPB-ee1b27da963b6f1d9d64","properties":{"airport":"LFPB","name":"LFPB AVISO","layer":"Surface markings","category":"Stopbars","object_type":"Area","style_id":"polygon.stopbar.7e0000","source_group":"LFPB AVISO","vsmr_group_ids":[],"geometry_role":"filled_region"},"geometry":{"type":"Polygon","coordinates":[[[2.437354167,48.963163889],[2.436793611,48.963336944],[2.436776667,48.963314444],[2.437339722,48.963141667],[2.437354167,48.963163889]]]}},{"type":"Feature","id":"LFPB-57b3636a08c3113b8efa","properties":{"airport":"LFPB","name":"LFPB AVISO","layer":"Airfield surfaces","category":"Runway Border","object_type":"Area","style_id":"polygon.runwayborder.808080","source_group":"LFPB AVISO","vsmr_group_ids":[],"geometry_role":"filled_region"},"geometry":{"type":"Polygon","coordinates":[[[2.442962778,48.966818333],[2.442818333,48.966953056],[2.442766667,48.966944444],[2.442995833,48.966731111],[2.443066111,48.966991667],[2.4430075,48.966981667],[2.442962778,48.966818333]]]}},{"type":"Feature","id":"LFPB-7f595523e23fa1ac9f96","properties":{"airport":"LFPB","name":"LFPB AVISO","layer":"Airfield surfaces","category":"Runway Border","object_type":"Area","style_id":"polygon.runwayborder.808080","source_group":"LFPB AVISO","vsmr_group_ids":[],"geometry_role":"filled_region"},"geometry":{"type":"Polygon","coordinates":[[[2.442858889,48.966908056],[2.442893889,48.966875556],[2.442993056,48.966892222],[2.443005,48.966931111],[2.442858889,48.966908056]]]}},{"type":"Feature","id":"LFPB-0bc71d6a72ce6362ded7","properties":{"airport":"LFPB","name":"LFPB AVISO","layer":"Airfield surfaces","category":"Runway Border","object_type":"Area","style_id":"polygon.runwayborder.808080","source_group":"LFPB AVISO","vsmr_group_ids":[],"geometry_role":"filled_region"},"geometry":{"type":"Polygon","coordinates":[[[2.44262,48.966885833],[2.442646111,48.966816111],[2.442528611,48.966798611],[2.442541111,48.966765833],[2.442656389,48.966784167],[2.442676111,48.966733056],[2.442556667,48.966716111],[2.442568056,48.966682778],[2.442736111,48.966707222],[2.442660556,48.966929444],[2.442489444,48.966904167],[2.442502778,48.966867222],[2.44262,48.966885833]]]}},{"type":"Feature","id":"LFPB-56a7ee2d4ddf75265ec8","properties":{"airport":"LFPB","name":"LFPB AVISO","layer":"Airfield surfaces","category":"Runway Border","object_type":"Area","style_id":"polygon.runwayborder.808080","source_group":"LFPB AVISO","vsmr_group_ids":[],"geometry_role":"filled_region"},"geometry":{"type":"Polygon","coordinates":[[[2.4423925,48.966655],[2.442440556,48.966663056],[2.442362778,48.966883611],[2.442311667,48.966876944],[2.4423925,48.966655]]]}},{"type":"Feature","id":"LFPB-6bbc82a1e3ba98f637ab","properties":{"airport":"LFPB","name":"LFPB AVISO","layer":"Airfield surfaces","category":"Runway Border","object_type":"Area","style_id":"polygon.runwayborder.808080","source_group":"LFPB AVISO","vsmr_group_ids":[],"geometry_role":"filled_region"},"geometry":{"type":"Polygon","coordinates":[[[2.442354722,48.966685],[2.442341389,48.966684722],[2.442331944,48.966685556],[2.442318333,48.966689167],[2.442307222,48.966695278],[2.442300278,48.966701111],[2.442295833,48.966709444],[2.442293611,48.966716111],[2.442294167,48.966723611],[2.442298889,48.966731944],[2.442305278,48.966739722],[2.442313333,48.966744444],[2.442325833,48.966748611],[2.442335556,48.966750833],[2.442361111,48.966755],[2.442348056,48.966786667],[2.442340278,48.966785556],[2.442226389,48.966864722],[2.442163889,48.966854167],[2.442288056,48.966775],[2.442288889,48.966772778],[2.442280833,48.966768889],[2.442272778,48.966763889],[2.442264444,48.966758333],[2.4422575,48.966751667],[2.442252222,48.966745833],[2.442247778,48.966738611],[2.442244167,48.966731111],[2.4422425,48.966723056],[2.442241944,48.966714722],[2.442243056,48.966706389],[2.442246111,48.966698333],[2.442249167,48.966691389],[2.442255556,48.966682778],[2.442264722,48.966674722],[2.442274167,48.966667222],[2.442286111,48.966661389],[2.4422975,48.966657222],[2.442310278,48.966653889],[2.442323889,48.966651111],[2.442337222,48.966650556],[2.442351389,48.966650556],[2.442364167,48.966651667],[2.442393333,48.966655278],[2.442381667,48.966689722],[2.442354722,48.966685]]]}},{"type":"Feature","id":"LFPB-0a582672a49da0bfee37","properties":{"airport":"LFPB","name":"LFPB AVISO","layer":"Airfield surfaces","category":"Runway Border","object_type":"Area","style_id":"polygon.runwayborder.808080","source_group":"LFPB AVISO","vsmr_group_ids":[],"geometry_role":"filled_region"},"geometry":{"type":"Polygon","coordinates":[[[2.441958889,48.966826389],[2.441942222,48.966825556],[2.441923611,48.966823333],[2.441900833,48.966818333],[2.441878056,48.96681],[2.441854167,48.966795833],[2.441833889,48.966781389],[2.441815278,48.966761111],[2.441806111,48.966741667],[2.441801944,48.966718611],[2.441804722,48.966692778],[2.441811667,48.966672222],[2.441825833,48.966651111],[2.441845556,48.966630556],[2.441863056,48.966620556],[2.441881944,48.966609722],[2.441903056,48.966601944],[2.441928056,48.966594167],[2.441951944,48.966589722],[2.441972778,48.966589167],[2.441996667,48.966589444],[2.442022778,48.966594167],[2.44205,48.966601944],[2.442069444,48.966611667],[2.4420875,48.966623056],[2.442103333,48.966636667],[2.442115278,48.9666525],[2.442121944,48.966667778],[2.442126111,48.966683889],[2.442127222,48.9667],[2.442126389,48.966713611],[2.442124722,48.966728889],[2.442119444,48.966742778],[2.442108333,48.966760556],[2.442093611,48.966775833],[2.442073333,48.9667925],[2.442053611,48.966803056],[2.442031667,48.966811944],[2.442009444,48.966818333],[2.441993056,48.966821944],[2.441977778,48.966825],[2.441958611,48.966826389],[2.441960556,48.966790278],[2.441976389,48.966788056],[2.442003333,48.966781667],[2.442033056,48.966769167],[2.442051111,48.966759167],[2.44206,48.966748333],[2.442071389,48.966730278],[2.442075278,48.966709444],[2.442072222,48.966684167],[2.442062778,48.966662778],[2.442050278,48.966645278],[2.442028333,48.966634444],[2.442007222,48.966626944],[2.441983056,48.966625556],[2.441957222,48.966625],[2.441933333,48.9666275],[2.441906389,48.966636944],[2.441885278,48.966652222],[2.441871111,48.966669167],[2.441861389,48.966686111],[2.441854722,48.966703056],[2.441855556,48.966718889],[2.4418575,48.966731944],[2.441866111,48.966745833],[2.441872778,48.966757778],[2.441883333,48.966766667],[2.441898889,48.966776111],[2.44192,48.966783611],[2.441941111,48.966788611],[2.441960556,48.966790556],[2.441958889,48.966826389]]]}},{"type":"Feature","id":"LFPB-52bc4a0152d7565f1134","properties":{"airport":"LFPB","name":"LFPB AVISO","layer":"Airfield surfaces","category":"Runway Border","object_type":"Area","style_id":"polygon.runwayborder.808080","source_group":"LFPB AVISO","vsmr_group_ids":[],"geometry_role":"filled_region"},"geometry":{"type":"Polygon","coordinates":[[[2.441675278,48.966546389],[2.441720833,48.966553889],[2.441645556,48.966778056],[2.441593056,48.966769444],[2.441675278,48.966546389]]]}},{"type":"Feature","id":"LFPB-7148aa5364ea896e80b1","properties":{"airport":"LFPB","name":"LFPB AVISO","layer":"Airfield surfaces","category":"Runway Border","object_type":"Area","style_id":"polygon.runwayborder.808080","source_group":"LFPB AVISO","vsmr_group_ids":[],"geometry_role":"filled_region"},"geometry":{"type":"Polygon","coordinates":[[[2.441570556,48.966666944],[2.441558056,48.966661111],[2.441546667,48.966653611],[2.441537222,48.966644444],[2.441530833,48.966636667],[2.441525556,48.966627222],[2.441523611,48.966618611],[2.441522778,48.966610833],[2.441523056,48.966602778],[2.441525278,48.966594167],[2.441528889,48.966585833],[2.441534167,48.966578889],[2.441540278,48.966572222],[2.441546389,48.966566667],[2.441556111,48.96656],[2.441564444,48.966555556],[2.441571944,48.9665525],[2.441580833,48.966549444],[2.441591389,48.966546667],[2.441603889,48.966544167],[2.441616944,48.966542222],[2.441631111,48.966541667],[2.441644167,48.966541667],[2.441658333,48.966543333],[2.441679722,48.966547222],[2.441665,48.96658],[2.4416375,48.966575833],[2.441625,48.966575278],[2.441613056,48.966576389],[2.441602222,48.966579167],[2.441588889,48.966585],[2.441581111,48.96659],[2.441576111,48.966596944],[2.441572778,48.966604444],[2.441572222,48.966612778],[2.441575278,48.966620833],[2.441581389,48.966628333],[2.441588889,48.966634722],[2.441597778,48.966639167],[2.441608611,48.966641944],[2.441642222,48.966647222],[2.441628333,48.966680833],[2.441603889,48.966677222],[2.441585278,48.9666725],[2.441570556,48.966666944]]]}},{"type":"Feature","id":"LFPB-4f4d8830e8bd09338bac","properties":{"airport":"LFPB","name":"LFPB AVISO","layer":"Airfield surfaces","category":"Runway Border","object_type":"Area","style_id":"polygon.runwayborder.808080","source_group":"LFPB AVISO","vsmr_group_ids":[],"geometry_role":"filled_region"},"geometry":{"type":"Polygon","coordinates":[[[2.441222778,48.966719167],[2.441206111,48.966715],[2.441186667,48.966708611],[2.441161667,48.966698333],[2.441139722,48.966683889],[2.441120833,48.966666944],[2.441108056,48.966646111],[2.441101667,48.966625833],[2.441098889,48.966605556],[2.441103333,48.966584167],[2.441110833,48.966563333],[2.441123333,48.966542222],[2.44114,48.966527222],[2.441165278,48.966508889],[2.441186944,48.966498056],[2.441223611,48.966486944],[2.441255833,48.9664825],[2.441285,48.966482778],[2.44132,48.966488333],[2.441351389,48.966498611],[2.441376111,48.966512778],[2.441396389,48.966528056],[2.441411111,48.966546111],[2.441420833,48.966561389],[2.441425556,48.96658],[2.441425556,48.966601667],[2.441419722,48.966623611],[2.441412778,48.966641667],[2.441399167,48.966662778],[2.4413775,48.9666825],[2.441350556,48.966698611],[2.441321111,48.966709167],[2.441291667,48.966716667],[2.441267778,48.966719167],[2.441244167,48.966720278],[2.441223056,48.966719167],[2.441233056,48.966683056],[2.441258056,48.966683611],[2.441283333,48.966680833],[2.441303333,48.966673889],[2.441329444,48.966663611],[2.441349444,48.966649444],[2.441360833,48.966631667],[2.441368611,48.966615],[2.441371389,48.966599167],[2.441367778,48.966579167],[2.441360833,48.966561389],[2.441345278,48.966543611],[2.441325,48.966531111],[2.441300833,48.9665225],[2.441278056,48.966520278],[2.441249444,48.966520278],[2.441223333,48.966525556],[2.4412,48.966533333],[2.441181667,48.966546111],[2.441165833,48.966565556],[2.441155556,48.966584722],[2.441151944,48.966603611],[2.441154722,48.966623611],[2.44116,48.966639167],[2.441171111,48.966653889],[2.441186944,48.966665278],[2.441210278,48.966676667],[2.441233056,48.966683056],[2.441222778,48.966719167]]]}},{"type":"Feature","id":"LFPB-2ceabba72814f683fc8b","properties":{"airport":"LFPB","name":"LFPB AVISO","layer":"Airfield surfaces","category":"Runway Border","object_type":"Area","style_id":"polygon.runwayborder.808080","source_group":"LFPB AVISO","vsmr_group_ids":[],"geometry_role":"filled_region"},"geometry":{"type":"Polygon","coordinates":[[[2.440889444,48.966662778],[2.440972222,48.966439444],[2.441017778,48.966446667],[2.440938056,48.966670556],[2.440889444,48.966662778]]]}},{"type":"Feature","id":"LFPB-a632bb3168d0b21ead1d","properties":{"airport":"LFPB","name":"LFPB AVISO","layer":"Airfield surfaces","category":"Runway Border","object_type":"Area","style_id":"polygon.runwayborder.808080","source_group":"LFPB AVISO","vsmr_group_ids":[],"geometry_role":"filled_region"},"geometry":{"type":"Polygon","coordinates":[[[2.440949722,48.966471944],[2.440932778,48.966469722],[2.440915278,48.966469167],[2.440900556,48.966470556],[2.440886944,48.966475],[2.440876667,48.966482222],[2.440871111,48.966489444],[2.440868056,48.966498333],[2.440869167,48.966506111],[2.440873611,48.966514722],[2.440880556,48.966522778],[2.440889444,48.966529167],[2.440903333,48.966534444],[2.440919722,48.966537778],[2.440937778,48.966540278],[2.440925833,48.966572778],[2.440920278,48.966571667],[2.440801944,48.966649444],[2.440743056,48.96664],[2.440866111,48.966558889],[2.440855556,48.966554167],[2.440846667,48.966548611],[2.440838889,48.966541111],[2.440832222,48.966532778],[2.440825833,48.966523333],[2.440821111,48.966511111],[2.440820833,48.966498889],[2.440822778,48.966487222],[2.440829722,48.966473333],[2.440842778,48.966458889],[2.440855833,48.966448056],[2.440871111,48.966441389],[2.440888333,48.966435833],[2.440908611,48.966433889],[2.440929444,48.966434167],[2.440976389,48.966440278],[2.440963611,48.966474444],[2.440949722,48.966471944]]]}},{"type":"Feature","id":"LFPB-c80eef0ef05a9dffcf88","properties":{"airport":"LFPB","name":"LFPB AVISO","layer":"Airfield surfaces","category":"Runway Border","object_type":"Area","style_id":"polygon.runwayborder.808080","source_group":"LFPB AVISO","vsmr_group_ids":[],"geometry_role":"filled_region"},"geometry":{"type":"Polygon","coordinates":[[[2.4405425,48.966411667],[2.440555833,48.966375278],[2.440739444,48.966402778],[2.4407275,48.96644],[2.440661944,48.966431111],[2.440597222,48.966617222],[2.440545833,48.966609167],[2.440610556,48.966422778],[2.4405425,48.966411667]]]}},{"type":"Feature","id":"LFPB-d723612f2b8d23994fcb","properties":{"airport":"LFPB","name":"LFPB AVISO","layer":"Airfield surfaces","category":"Runway Border","object_type":"Area","style_id":"polygon.runwayborder.808080","source_group":"LFPB AVISO","vsmr_group_ids":[],"geometry_role":"filled_region"},"geometry":{"type":"Polygon","coordinates":[[[2.437809722,48.965961111],[2.437860278,48.965969722],[2.437781389,48.966189167],[2.437728333,48.966181389],[2.437809722,48.965961111]]]}},{"type":"Feature","id":"LFPB-e1f02ba28feda933cfd0","properties":{"airport":"LFPB","name":"LFPB AVISO","layer":"Airfield surfaces","category":"Runway Border","object_type":"Area","style_id":"polygon.runwayborder.808080","source_group":"LFPB AVISO","vsmr_group_ids":[],"geometry_role":"filled_region"},"geometry":{"type":"Polygon","coordinates":[[[2.437699722,48.966176667],[2.437666944,48.966170556],[2.4376425,48.966160833],[2.43762,48.966148056],[2.437604444,48.9661325],[2.437591667,48.966118333],[2.437583611,48.9661025],[2.437579722,48.966083611],[2.437579167,48.966061944],[2.437584167,48.96604],[2.437594722,48.96602],[2.437610278,48.965998889],[2.437631111,48.965980833],[2.437661111,48.965964444],[2.437683333,48.965957222],[2.437716944,48.965952778],[2.437757222,48.965952778],[2.437793056,48.965957778],[2.437861667,48.965968611],[2.437848889,48.966001389],[2.437787778,48.9659925],[2.437766944,48.965990556],[2.437748333,48.965990556],[2.437725278,48.965991389],[2.437708056,48.965993889],[2.437686389,48.966002222],[2.437669167,48.966011944],[2.437652222,48.966030278],[2.437643889,48.966043333],[2.437636389,48.96606],[2.437636389,48.966077778],[2.4376425,48.966098333],[2.437652778,48.9661125],[2.437671389,48.966128611],[2.43769,48.966136389],[2.437716944,48.966141667],[2.437751944,48.966147778],[2.437745278,48.966183889],[2.437699722,48.966176667]]]}},{"type":"Feature","id":"LFPB-fa6d249bbf354075c7d4","properties":{"airport":"LFPB","name":"LFPB AVISO","layer":"Airfield surfaces","category":"Runway Border","object_type":"Area","style_id":"polygon.runwayborder.808080","source_group":"LFPB AVISO","vsmr_group_ids":[],"geometry_role":"filled_region"},"geometry":{"type":"Polygon","coordinates":[[[2.4374225,48.966099722],[2.437446667,48.966030278],[2.437333611,48.9660125],[2.437346667,48.965975833],[2.437460556,48.965992778],[2.437478611,48.965945],[2.437359722,48.9659275],[2.437372778,48.965891944],[2.4375425,48.9659175],[2.437466667,48.9661425],[2.437294722,48.966114722],[2.437307778,48.96608],[2.4374225,48.966099722]]]}},{"type":"Feature","id":"LFPB-463d26c11ebf0e453649","properties":{"airport":"LFPB","name":"LFPB AVISO","layer":"Airfield surfaces","category":"Runway Border","object_type":"Area","style_id":"polygon.runwayborder.808080","source_group":"LFPB AVISO","vsmr_group_ids":[],"geometry_role":"filled_region"},"geometry":{"type":"Polygon","coordinates":[[[2.436998333,48.965835556],[2.437045278,48.965843889],[2.436968889,48.966067222],[2.436914722,48.966058333],[2.436998333,48.965835556]]]}},{"type":"Feature","id":"LFPB-0f5b8d9670adcb51d36e","properties":{"airport":"LFPB","name":"LFPB AVISO","layer":"Airfield surfaces","category":"Runway Border","object_type":"Area","style_id":"polygon.runwayborder.808080","source_group":"LFPB AVISO","vsmr_group_ids":[],"geometry_role":"filled_region"},"geometry":{"type":"Polygon","coordinates":[[[2.436975556,48.965870278],[2.436959722,48.965868333],[2.436937778,48.965866944],[2.436920556,48.965871111],[2.436907778,48.965878889],[2.436899444,48.965893889],[2.436898611,48.965906111],[2.436902222,48.965915278],[2.436918056,48.965926944],[2.436938333,48.965933333],[2.436965556,48.965937222],[2.436950556,48.965971944],[2.436912778,48.965966111],[2.436888611,48.9659575],[2.436869722,48.965947222],[2.436851667,48.965929444],[2.436845833,48.965910278],[2.436845833,48.965886667],[2.436853611,48.965868889],[2.436868611,48.965853889],[2.436889722,48.965840278],[2.436916667,48.965831667],[2.436942778,48.965828889],[2.436971667,48.965830833],[2.437004722,48.965836944],[2.436994722,48.965874167],[2.436975556,48.965870278]]]}},{"type":"Feature","id":"LFPB-c57ef57461a5dbf9c11e","properties":{"airport":"LFPB","name":"LFPB AVISO","layer":"Airfield surfaces","category":"Runway Border","object_type":"Area","style_id":"polygon.runwayborder.808080","source_group":"LFPB AVISO","vsmr_group_ids":[],"geometry_role":"filled_region"},"geometry":{"type":"Polygon","coordinates":[[[2.436656389,48.965864167],[2.436511111,48.965998611],[2.436455556,48.965988611],[2.436684167,48.965777778],[2.4367525,48.966036667],[2.436696944,48.966025833],[2.436656389,48.965864167]]]}},{"type":"Feature","id":"LFPB-d09d6bd99b0ac71cbb4d","properties":{"airport":"LFPB","name":"LFPB AVISO","layer":"Airfield surfaces","category":"Runway Border","object_type":"Area","style_id":"polygon.runwayborder.808080","source_group":"LFPB AVISO","vsmr_group_ids":[],"geometry_role":"filled_region"},"geometry":{"type":"Polygon","coordinates":[[[2.436676944,48.965936944],[2.436688056,48.965974167],[2.436557778,48.965953889],[2.43659,48.965924444],[2.436676944,48.965936944]]]}},{"type":"Feature","id":"LFPB-2f70b1717f8e76e0e742","properties":{"airport":"LFPB","name":"LFPB AVISO","layer":"Airfield surfaces","category":"Runway Border","object_type":"Area","style_id":"polygon.runwayborder.808080","source_group":"LFPB AVISO","vsmr_group_ids":[],"geometry_role":"filled_region"},"geometry":{"type":"Polygon","coordinates":[[[2.436403889,48.965747222],[2.436455,48.965755278],[2.436379167,48.965978611],[2.436324722,48.965971389],[2.436403889,48.965747222]]]}},{"type":"Feature","id":"LFPB-b74f8aa8e7e5f0eae63b","properties":{"airport":"LFPB","name":"LFPB AVISO","layer":"Airfield surfaces","category":"Runway Border","object_type":"Area","style_id":"polygon.runwayborder.808080","source_group":"LFPB AVISO","vsmr_group_ids":[],"geometry_role":"filled_region"},"geometry":{"type":"Polygon","coordinates":[[[2.436371111,48.965777778],[2.436358889,48.965776667],[2.4363425,48.965778333],[2.436325556,48.965784167],[2.436314167,48.965796111],[2.436308611,48.965806111],[2.436307778,48.965815278],[2.436313333,48.965824722],[2.436322222,48.965832222],[2.436336111,48.965840278],[2.436353056,48.965845556],[2.436373611,48.965848889],[2.436363889,48.965881944],[2.436353889,48.965880278],[2.436239444,48.965958611],[2.436178611,48.965946944],[2.436300278,48.965866389],[2.436291389,48.965862222],[2.436276111,48.9658525],[2.436263056,48.965838056],[2.436255556,48.965822222],[2.436254167,48.965805],[2.436258889,48.9657875],[2.436271944,48.965771944],[2.436288889,48.9657575],[2.436310833,48.965746944],[2.436336944,48.965741667],[2.436357222,48.965740556],[2.4364125,48.965748611],[2.436396944,48.965782222],[2.436371111,48.965777778]]]}},{"type":"Feature","id":"LFPB-0f945687e2e7f0fad92d","properties":{"airport":"LFPB","name":"LFPB AVISO","layer":"Airfield surfaces","category":"Runway Border","object_type":"Area","style_id":"polygon.runwayborder.808080","source_group":"LFPB AVISO","vsmr_group_ids":[],"geometry_role":"filled_region"},"geometry":{"type":"Polygon","coordinates":[[[2.436151389,48.9657075],[2.436068611,48.965931389],[2.436014444,48.9659225],[2.436095278,48.965697778],[2.436151389,48.9657075]]]}},{"type":"Feature","id":"LFPB-90fcadf7c4e6d3d01900","properties":{"airport":"LFPB","name":"LFPB AVISO","layer":"Airfield surfaces","category":"Runway Border","object_type":"Area","style_id":"polygon.runwayborder.808080","source_group":"LFPB AVISO","vsmr_group_ids":[],"geometry_role":"filled_region"},"geometry":{"type":"Polygon","coordinates":[[[2.435898611,48.965866389],[2.435883056,48.965879722],[2.435865833,48.965888889],[2.435846944,48.965894444],[2.435826667,48.9658975],[2.435804444,48.965896944],[2.435787222,48.965895556],[2.43577,48.965890556],[2.435751111,48.965881944],[2.435735556,48.965870833],[2.435724167,48.965859444],[2.435715833,48.965845556],[2.435711944,48.965828333],[2.435712778,48.965813611],[2.435718333,48.965798056],[2.43573,48.965783056],[2.435744722,48.965772222],[2.435761111,48.965763611],[2.435781389,48.965756667],[2.435798611,48.965753056],[2.4358225,48.965749167],[2.435849444,48.965745833],[2.435864167,48.965742778],[2.435877222,48.965735833],[2.435883889,48.965726667],[2.435885556,48.965716944],[2.435881389,48.965709444],[2.435871667,48.9657025],[2.435857778,48.9656975],[2.435842222,48.965696389],[2.435825833,48.965699167],[2.435810833,48.965706667],[2.435801944,48.9657125],[2.435766667,48.965688333],[2.4357775,48.965679167],[2.435793056,48.965670556],[2.435810833,48.9656625],[2.435833889,48.965658333],[2.435855278,48.965656111],[2.435878056,48.965659444],[2.435894444,48.965664167],[2.435914167,48.965671667],[2.435933889,48.965685278],[2.435945278,48.965696944],[2.435951944,48.96571],[2.435950278,48.9657275],[2.435944444,48.965741111],[2.435937222,48.965753889],[2.4359225,48.965763056],[2.435906111,48.965772222],[2.435884722,48.965779167],[2.435861667,48.965783056],[2.435829722,48.965786389],[2.435804444,48.965790556],[2.435781389,48.965799722],[2.435769167,48.965810556],[2.435765,48.965822222],[2.435765,48.9658325],[2.435775,48.965844444],[2.435783889,48.965850833],[2.435796944,48.965856667],[2.435811111,48.965859444],[2.435820833,48.965859444],[2.435834722,48.965855556],[2.435842222,48.965849167],[2.435850278,48.965841111],[2.435865833,48.965823889],[2.4359175,48.965841111],[2.435908333,48.965853889],[2.435898611,48.965866389]]]}},{"type":"Feature","id":"LFPB-06e7863d9b94c1158275","properties":{"airport":"LFPB","name":"LFPB AVISO","layer":"Airfield surfaces","category":"Runway Border","object_type":"Area","style_id":"polygon.runwayborder.808080","source_group":"LFPB AVISO","vsmr_group_ids":[],"geometry_role":"filled_region"},"geometry":{"type":"Polygon","coordinates":[[[2.435054167,48.965778889],[2.434911667,48.965755833],[2.434926111,48.965719722],[2.4350125,48.965734167],[2.435080278,48.965545556],[2.435137778,48.965555],[2.435054167,48.965778889]]]}},{"type":"Feature","id":"LFPB-69fbee6df6bd0fab539c","properties":{"airport":"LFPB","name":"LFPB AVISO","layer":"Airfield surfaces","category":"Runway Border","object_type":"Area","style_id":"polygon.runwayborder.808080","source_group":"LFPB AVISO","vsmr_group_ids":[],"geometry_role":"filled_region"},"geometry":{"type":"Polygon","coordinates":[[[2.434760556,48.965696389],[2.434785,48.965629722],[2.434670833,48.965611111],[2.434685,48.965575556],[2.434796111,48.965592222],[2.434813889,48.965545],[2.434696944,48.965525833],[2.434709167,48.965489167],[2.434884167,48.965516667],[2.434803611,48.965741389],[2.4346325,48.965713611],[2.434644722,48.965678611],[2.434760556,48.965696389]]]}},{"type":"Feature","id":"LFPB-e3167a85e59e3e147da3","properties":{"airport":"LFPB","name":"LFPB AVISO","layer":"Airfield surfaces","category":"Runway Border","object_type":"Area","style_id":"polygon.runwayborder.808080","source_group":"LFPB AVISO","vsmr_group_ids":[],"geometry_role":"filled_region"},"geometry":{"type":"Polygon","coordinates":[[[2.434309167,48.965666389],[2.434255556,48.965657778],[2.434333611,48.965434444],[2.434387222,48.965443056],[2.434309167,48.965666389]]]}},{"type":"Feature","id":"LFPB-9a09d402df251e1dc1a8","properties":{"airport":"LFPB","name":"LFPB AVISO","layer":"Airfield surfaces","category":"Runway Border","object_type":"Area","style_id":"polygon.runwayborder.808080","source_group":"LFPB AVISO","vsmr_group_ids":[],"geometry_role":"filled_region"},"geometry":{"type":"Polygon","coordinates":[[[2.434305833,48.965466944],[2.434289167,48.965466389],[2.434275833,48.965470833],[2.434263333,48.965477778],[2.434254444,48.965488889],[2.434251944,48.965501944],[2.434257778,48.96551],[2.434268333,48.965518889],[2.434288333,48.965525278],[2.434304167,48.965529167],[2.434293333,48.965563056],[2.434280833,48.965560833],[2.434262778,48.965556944],[2.434236111,48.965556667],[2.434216111,48.965561389],[2.434203611,48.965571944],[2.434197778,48.965583889],[2.434198611,48.965596389],[2.434208611,48.965605278],[2.434226111,48.965613889],[2.434249444,48.965620556],[2.434272778,48.965623611],[2.434261944,48.965658611],[2.434211111,48.965650556],[2.434185278,48.965642222],[2.434165278,48.965631389],[2.434152778,48.965618889],[2.434144444,48.965603056],[2.434142778,48.965586111],[2.434145278,48.965570278],[2.434157778,48.965552778],[2.434173611,48.965538611],[2.434193611,48.965528611],[2.434211944,48.965524167],[2.434206111,48.965512222],[2.434201111,48.965496944],[2.434202778,48.965482222],[2.434210278,48.965468611],[2.434224444,48.965451667],[2.434244444,48.96544],[2.434263333,48.9654325],[2.434286667,48.965428611],[2.434309167,48.965429722],[2.434358333,48.965438611],[2.4343275,48.965470278],[2.434305833,48.965466944]]]}},{"type":"Feature","id":"LFPB-401339ad60c5d2a55740","properties":{"airport":"LFPB","name":"LFPB AVISO","layer":"Airfield surfaces","category":"Runway Border","object_type":"Area","style_id":"polygon.runwayborder.808080","source_group":"LFPB AVISO","vsmr_group_ids":[],"geometry_role":"filled_region"},"geometry":{"type":"Polygon","coordinates":[[[2.433835278,48.965594444],[2.4338175,48.965586389],[2.433797778,48.965574167],[2.433780833,48.965558056],[2.433765,48.965535278],[2.433754722,48.965514444],[2.433753611,48.965486111],[2.433759444,48.965465278],[2.433773333,48.965439444],[2.433788333,48.965421111],[2.433808889,48.965403889],[2.433840833,48.965386667],[2.433877222,48.965374167],[2.433911944,48.965369444],[2.433941944,48.965369444],[2.4339775,48.965374167],[2.434001944,48.965379722],[2.434021667,48.965389167],[2.434041389,48.965400833],[2.434057222,48.965415],[2.434072222,48.965432222],[2.434080556,48.965448056],[2.434084444,48.965465833],[2.434084444,48.965481389],[2.434082222,48.965506944],[2.434076389,48.965524444],[2.434061111,48.965546667],[2.434045833,48.965563611],[2.434015556,48.965582778],[2.433986389,48.965595833],[2.433955833,48.965604444],[2.433923056,48.965608333],[2.433889167,48.965606667],[2.433856389,48.965601389],[2.433835278,48.965594444],[2.433861111,48.965562222],[2.433891389,48.9655675],[2.433921944,48.965569722],[2.43395,48.965565278],[2.433975833,48.9655575],[2.433994444,48.965544444],[2.434009722,48.965526944],[2.4340225,48.965506944],[2.434026111,48.965486944],[2.434024722,48.965463889],[2.434014444,48.965443056],[2.433993333,48.965425556],[2.43397,48.965414722],[2.433939444,48.965407778],[2.433904444,48.96541],[2.433872778,48.965419444],[2.433846944,48.96543],[2.433824722,48.96545],[2.433811944,48.965471667],[2.433808333,48.965493056],[2.433811944,48.965513056],[2.433821389,48.965530556],[2.433838889,48.965549167],[2.433861111,48.9655625],[2.433835278,48.965594444]]]}},{"type":"Feature","id":"LFPB-f9ac6d45b4b270857dbf","properties":{"airport":"LFPB","name":"LFPB AVISO","layer":"Airfield surfaces","category":"Runway Border","object_type":"Area","style_id":"polygon.runwayborder.808080","source_group":"LFPB AVISO","vsmr_group_ids":[],"geometry_role":"filled_region"},"geometry":{"type":"Polygon","coordinates":[[[2.433439722,48.965468611],[2.433442222,48.965483333],[2.433449722,48.965495],[2.433464722,48.9655025],[2.433480556,48.9655075],[2.433498056,48.965509722],[2.433517222,48.965509167],[2.433533889,48.965503611],[2.433546389,48.965494444],[2.433555556,48.965482222],[2.433565556,48.9654625],[2.433614722,48.965326389],[2.433673889,48.965336667],[2.433623056,48.965482222],[2.433612222,48.965499722],[2.433593889,48.965516667],[2.433571389,48.965530556],[2.433550556,48.965539167],[2.433518889,48.965544722],[2.433491389,48.965546944],[2.433467222,48.965543611],[2.433440556,48.965535833],[2.433420556,48.965525],[2.433402222,48.965509722],[2.433390556,48.965491111],[2.433384722,48.965470833],[2.433386389,48.965452222],[2.433442222,48.9652975],[2.433499722,48.965307222],[2.433439722,48.965468611]]]}},{"type":"Feature","id":"LFPB-20f14a8332ad4ec6e117","properties":{"airport":"LFPB","name":"LFPB AVISO","layer":"Airfield surfaces","category":"Runway Border","object_type":"Area","style_id":"polygon.runwayborder.808080","source_group":"LFPB AVISO","vsmr_group_ids":[],"geometry_role":"filled_region"},"geometry":{"type":"Polygon","coordinates":[[[2.433251111,48.96527],[2.433308333,48.965278611],[2.4332325,48.965503056],[2.433173889,48.965493056],[2.433251111,48.96527]]]}},{"type":"Feature","id":"LFPB-7f574cd76a8fe129e549","properties":{"airport":"LFPB","name":"LFPB AVISO","layer":"Airfield surfaces","category":"Runway Border","object_type":"Area","style_id":"polygon.runwayborder.808080","source_group":"LFPB AVISO","vsmr_group_ids":[],"geometry_role":"filled_region"},"geometry":{"type":"Polygon","coordinates":[[[2.433224444,48.965305556],[2.433204722,48.965303889],[2.433186389,48.965305833],[2.433172778,48.965311389],[2.433163611,48.965319722],[2.433158333,48.96533],[2.433156944,48.965342778],[2.433163056,48.965352222],[2.433171389,48.965360833],[2.433189722,48.965366389],[2.433202222,48.965368889],[2.433223056,48.965374722],[2.433215278,48.965405],[2.433204167,48.965403889],[2.433090278,48.965483333],[2.433024444,48.965471111],[2.433145833,48.965391389],[2.433131667,48.965385833],[2.433117222,48.965375],[2.433108611,48.965364722],[2.433101389,48.965347222],[2.433099444,48.965331389],[2.433104167,48.965314167],[2.433114444,48.965297778],[2.433129722,48.965283056],[2.433151944,48.965272778],[2.433176667,48.965266944],[2.433202222,48.965264722],[2.433225833,48.965266111],[2.433266944,48.965272778],[2.433241389,48.965308889],[2.433224444,48.965305556]]]}},{"type":"Feature","id":"LFPB-24645219c47a592d3f14","properties":{"airport":"LFPB","name":"LFPB AVISO","layer":"Airfield surfaces","category":"Runway Border","object_type":"Area","style_id":"polygon.runwayborder.808080","source_group":"LFPB AVISO","vsmr_group_ids":[],"geometry_role":"filled_region"},"geometry":{"type":"Polygon","coordinates":[[[2.4328125,48.965353611],[2.432735556,48.965341667],[2.432733333,48.96535],[2.432735833,48.965362778],[2.432746111,48.965376944],[2.43276,48.965388333],[2.4327775,48.965398611],[2.432795833,48.965405],[2.432815278,48.965408333],[2.432840556,48.965406389],[2.432857778,48.965402222],[2.4328775,48.965395],[2.432899167,48.965383333],[2.432914444,48.965370556],[2.432923611,48.965357222],[2.432933333,48.965338611],[2.432935278,48.965323333],[2.432933889,48.965303611],[2.432926944,48.9652875],[2.432914444,48.965271111],[2.432895,48.965258889],[2.432871111,48.965249167],[2.432846111,48.965243056],[2.432820278,48.965243056],[2.432794444,48.965248333],[2.432778333,48.965254722],[2.432753889,48.965268333],[2.432726667,48.965236667],[2.432760833,48.965218889],[2.432785833,48.965210278],[2.432816111,48.965204722],[2.432839722,48.965203611],[2.432871111,48.9652075],[2.432899722,48.965214167],[2.432925556,48.965223056],[2.432949444,48.965238056],[2.432968333,48.965254167],[2.432980833,48.965271111],[2.432991667,48.965290833],[2.432995833,48.965313056],[2.432993333,48.965330556],[2.432989167,48.965353611],[2.432976111,48.965373333],[2.4329625,48.965391944],[2.432940278,48.965410278],[2.432918889,48.965423889],[2.432891389,48.965433889],[2.432861389,48.965441389],[2.432830556,48.965444722],[2.4328,48.965443056],[2.43277,48.965438611],[2.432747778,48.96543],[2.432719444,48.965413889],[2.432699722,48.965393611],[2.432686111,48.965372222],[2.432679167,48.965350833],[2.432681667,48.965327222],[2.432691944,48.965298056],[2.432825,48.965318333],[2.4328125,48.965353611]]]}},{"type":"Feature","id":"LFPB-5c2da74c45efb9ae0cef","properties":{"airport":"LFPB","name":"LFPB AVISO","layer":"Airfield surfaces","category":"Runway Border","object_type":"Area","style_id":"polygon.runwayborder.808080","source_group":"LFPB AVISO","vsmr_group_ids":[],"geometry_role":"filled_region"},"geometry":{"type":"Polygon","coordinates":[[[2.432488056,48.965351389],[2.432511389,48.965283056],[2.432396667,48.965266944],[2.432410556,48.965230833],[2.432523333,48.965249167],[2.432540556,48.965201389],[2.4324225,48.965182222],[2.432435278,48.965145],[2.432608056,48.965173056],[2.432530833,48.965397778],[2.432355833,48.965371111],[2.432370833,48.965334444],[2.432488056,48.965351389]]]}},{"type":"Feature","id":"LFPB-b8183339f724c325926a","properties":{"airport":"LFPB","name":"LFPB AVISO","layer":"Airfield surfaces","category":"Runway Border","object_type":"Area","style_id":"polygon.runwayborder.808080","source_group":"LFPB AVISO","vsmr_group_ids":[],"geometry_role":"filled_region"},"geometry":{"type":"Polygon","coordinates":[[[2.432106944,48.965135833],[2.432122778,48.9650975],[2.432308333,48.965127222],[2.432295278,48.965164167],[2.432230278,48.965154444],[2.432167222,48.965342778],[2.432109167,48.965333889],[2.432175,48.965146111],[2.432106944,48.965135833]]]}},{"type":"Feature","id":"LFPB-3ac8738aa8015f26bdb2","properties":{"airport":"LFPB","name":"P1","layer":"Labels","category":"Gates","object_type":"Label","style_id":"label.gates","source_group":"LFPB Gates","vsmr_group_ids":[],"geometry_role":"text_label","text-field":"P1"},"geometry":{"type":"Point","coordinates":[2.447643611,48.967503056]}},{"type":"Feature","id":"LFPB-c14a6e8ea232bd3a2d5b","properties":{"airport":"LFPB","name":"M1","layer":"Labels","category":"Gates","object_type":"Label","style_id":"label.gates","source_group":"LFPB Gates","vsmr_group_ids":[],"geometry_role":"text_label","text-field":"M1"},"geometry":{"type":"Point","coordinates":[2.449814722,48.963274722]}},{"type":"Feature","id":"LFPB-ccca2bc3f39848740a04","properties":{"airport":"LFPB","name":"M2","layer":"Labels","category":"Gates","object_type":"Label","style_id":"label.gates","source_group":"LFPB Gates","vsmr_group_ids":[],"geometry_role":"text_label","text-field":"M2"},"geometry":{"type":"Point","coordinates":[2.448106667,48.962988611]}},{"type":"Feature","id":"LFPB-9e37c2bd56fb52f512f5","properties":{"airport":"LFPB","name":"M3","layer":"Labels","category":"Gates","object_type":"Label","style_id":"label.gates","source_group":"LFPB Gates","vsmr_group_ids":[],"geometry_role":"text_label","text-field":"M3"},"geometry":{"type":"Point","coordinates":[2.447198056,48.962853611]}},{"type":"Feature","id":"LFPB-8a1494375b1af8b31666","properties":{"airport":"LFPB","name":"M4","layer":"Labels","category":"Gates","object_type":"Label","style_id":"label.gates","source_group":"LFPB Gates","vsmr_group_ids":[],"geometry_role":"text_label","text-field":"M4"},"geometry":{"type":"Point","coordinates":[2.446011111,48.962925]}},{"type":"Feature","id":"LFPB-595d38733ac9e5f7f199","properties":{"airport":"LFPB","name":"D","layer":"Labels","category":"Gates","object_type":"Label","style_id":"label.gates","source_group":"LFPB Gates","vsmr_group_ids":[],"geometry_role":"text_label","text-field":"D"},"geometry":{"type":"Point","coordinates":[2.445981389,48.961760278]}},{"type":"Feature","id":"LFPB-26bb058bb9a09c591f97","properties":{"airport":"LFPB","name":"F1","layer":"Labels","category":"Gates","object_type":"Label","style_id":"label.gates","source_group":"LFPB Gates","vsmr_group_ids":[],"geometry_role":"text_label","text-field":"F1"},"geometry":{"type":"Point","coordinates":[2.444198611,48.9598225]}},{"type":"Feature","id":"LFPB-de0a2f2452e3cb4afda1","properties":{"airport":"LFPB","name":"F2","layer":"Labels","category":"Gates","object_type":"Label","style_id":"label.gates","source_group":"LFPB Gates","vsmr_group_ids":[],"geometry_role":"text_label","text-field":"F2"},"geometry":{"type":"Point","coordinates":[2.443281667,48.958619722]}},{"type":"Feature","id":"LFPB-af304dcd72acdebfd9ae","properties":{"airport":"LFPB","name":"I","layer":"Labels","category":"Gates","object_type":"Label","style_id":"label.gates","source_group":"LFPB Gates","vsmr_group_ids":[],"geometry_role":"text_label","text-field":"I"},"geometry":{"type":"Point","coordinates":[2.442242222,48.957228333]}},{"type":"Feature","id":"LFPB-a1ebe478fa54ed1cfdd2","properties":{"airport":"LFPB","name":"K1","layer":"Labels","category":"Gates","object_type":"Label","style_id":"label.gates","source_group":"LFPB Gates","vsmr_group_ids":[],"geometry_role":"text_label","text-field":"K1"},"geometry":{"type":"Point","coordinates":[2.441388889,48.956111111]}},{"type":"Feature","id":"LFPB-009faae01d735b0e6f8f","properties":{"airport":"LFPB","name":"K2","layer":"Labels","category":"Gates","object_type":"Label","style_id":"label.gates","source_group":"LFPB Gates","vsmr_group_ids":[],"geometry_role":"text_label","text-field":"K2"},"geometry":{"type":"Point","coordinates":[2.440833333,48.955277778]}},{"type":"Feature","id":"LFPB-57fdf17c234ff51b2594","properties":{"airport":"LFPB","name":"Z1","layer":"Labels","category":"Gates","object_type":"Label","style_id":"label.gates","source_group":"LFPB Gates","vsmr_group_ids":[],"geometry_role":"text_label","text-field":"Z1"},"geometry":{"type":"Point","coordinates":[2.44043,48.954424167]}},{"type":"Feature","id":"LFPB-1991eedb671edefbe118","properties":{"airport":"LFPB","name":"Z2","layer":"Labels","category":"Gates","object_type":"Label","style_id":"label.gates","source_group":"LFPB Gates","vsmr_group_ids":[],"geometry_role":"text_label","text-field":"Z2"},"geometry":{"type":"Point","coordinates":[2.439918889,48.953716389]}},{"type":"Feature","id":"LFPB-c85d5496ec179bf99975","properties":{"airport":"LFPB","name":"H1","layer":"Labels","category":"Gates","object_type":"Label","style_id":"label.gates","source_group":"LFPB Gates","vsmr_group_ids":[],"geometry_role":"text_label","text-field":"H1"},"geometry":{"type":"Point","coordinates":[2.439445833,48.953133056]}},{"type":"Feature","id":"LFPB-9eefe895d2490e2d8c77","properties":{"airport":"LFPB","name":"H2","layer":"Labels","category":"Gates","object_type":"Label","style_id":"label.gates","source_group":"LFPB Gates","vsmr_group_ids":[],"geometry_role":"text_label","text-field":"H2"},"geometry":{"type":"Point","coordinates":[2.438878056,48.952425278]}},{"type":"Feature","id":"LFPB-c0bc818a4e5deb691a9a","properties":{"airport":"LFPB","name":"H3","layer":"Labels","category":"Gates","object_type":"Label","style_id":"label.gates","source_group":"LFPB Gates","vsmr_group_ids":[],"geometry_role":"text_label","text-field":"H3"},"geometry":{"type":"Point","coordinates":[2.43831,48.951804722]}},{"type":"Feature","id":"LFPB-f9d563f9208ef9f3ba0b","properties":{"airport":"LFPB","name":"H4","layer":"Labels","category":"Gates","object_type":"Label","style_id":"label.gates","source_group":"LFPB Gates","vsmr_group_ids":[],"geometry_role":"text_label","text-field":"H4"},"geometry":{"type":"Point","coordinates":[2.437704444,48.951159167]}},{"type":"Feature","id":"LFPB-e2ba19e0f3d4835e1705","properties":{"airport":"LFPB","name":"H5","layer":"Labels","category":"Gates","object_type":"Label","style_id":"label.gates","source_group":"LFPB Gates","vsmr_group_ids":[],"geometry_role":"text_label","text-field":"H5"},"geometry":{"type":"Point","coordinates":[2.437136667,48.950525833]}},{"type":"Feature","id":"LFPB-034de823b874a4fafc7e","properties":{"airport":"LFPB","name":"T","layer":"Labels","category":"Gates","object_type":"Label","style_id":"label.gates","source_group":"LFPB Gates","vsmr_group_ids":[],"geometry_role":"text_label","text-field":"T"},"geometry":{"type":"Point","coordinates":[2.435319722,48.950136389]}},{"type":"Feature","id":"LFPB-c2c48a4400be18924d02","properties":{"airport":"LFPB","name":"G1","layer":"Labels","category":"Gates","object_type":"Label","style_id":"label.gates","source_group":"LFPB Gates","vsmr_group_ids":[],"geometry_role":"text_label","text-field":"G1"},"geometry":{"type":"Point","coordinates":[2.431179444,48.948925833]}},{"type":"Feature","id":"LFPB-399b3057fb191796f8fa","properties":{"airport":"LFPB","name":"G2","layer":"Labels","category":"Gates","object_type":"Label","style_id":"label.gates","source_group":"LFPB Gates","vsmr_group_ids":[],"geometry_role":"text_label","text-field":"G2"},"geometry":{"type":"Point","coordinates":[2.432456944,48.950757222]}},{"type":"Feature","id":"LFPB-975cd4d610b546255336","properties":{"airport":"LFPB","name":"L1","layer":"Labels","category":"Gates","object_type":"Label","style_id":"label.gates","source_group":"LFPB Gates","vsmr_group_ids":[],"geometry_role":"text_label","text-field":"L1"},"geometry":{"type":"Point","coordinates":[2.437288056,48.953977222]}},{"type":"Feature","id":"LFPB-1b8eeddc2b395f652190","properties":{"airport":"LFPB","name":"L2","layer":"Labels","category":"Gates","object_type":"Label","style_id":"label.gates","source_group":"LFPB Gates","vsmr_group_ids":[],"geometry_role":"text_label","text-field":"L2"},"geometry":{"type":"Point","coordinates":[2.435679167,48.954088889]}},{"type":"Feature","id":"LFPB-31b3e005e2cf22b05503","properties":{"airport":"LFPB","name":"N","layer":"Labels","category":"Gates","object_type":"Label","style_id":"label.gates","source_group":"LFPB Gates","vsmr_group_ids":[],"geometry_role":"text_label","text-field":"N"},"geometry":{"type":"Point","coordinates":[2.43831,48.955231111]}},{"type":"Feature","id":"LFPB-4a56905a8dc00cb6307f","properties":{"airport":"LFPB","name":"J","layer":"Labels","category":"Gates","object_type":"Label","style_id":"label.gates","source_group":"LFPB Gates","vsmr_group_ids":[],"geometry_role":"text_label","text-field":"J"},"geometry":{"type":"Point","coordinates":[2.438770278,48.956310833]}},{"type":"Feature","id":"LFPB-53194f950c8b671a68b1","properties":{"airport":"LFPB","name":"J","layer":"Labels","category":"Gates","object_type":"Label","style_id":"label.gates","source_group":"LFPB Gates","vsmr_group_ids":[],"geometry_role":"text_label","text-field":"J"},"geometry":{"type":"Point","coordinates":[2.437350833,48.956756944]}},{"type":"Feature","id":"LFPB-055616138ce56d87c3d7","properties":{"airport":"LFPB","name":"F3","layer":"Labels","category":"Gates","object_type":"Label","style_id":"label.gates","source_group":"LFPB Gates","vsmr_group_ids":[],"geometry_role":"text_label","text-field":"F3"},"geometry":{"type":"Point","coordinates":[2.440183889,48.958521111]}},{"type":"Feature","id":"LFPB-f914203f64717efd60ae","properties":{"airport":"LFPB","name":"F3","layer":"Labels","category":"Gates","object_type":"Label","style_id":"label.gates","source_group":"LFPB Gates","vsmr_group_ids":[],"geometry_role":"text_label","text-field":"F3"},"geometry":{"type":"Point","coordinates":[2.4392375,48.959141667]}},{"type":"Feature","id":"LFPB-f6971a429f0b95bce0ba","properties":{"airport":"LFPB","name":"E","layer":"Labels","category":"Gates","object_type":"Label","style_id":"label.gates","source_group":"LFPB Gates","vsmr_group_ids":[],"geometry_role":"text_label","text-field":"E"},"geometry":{"type":"Point","coordinates":[2.441040556,48.960824722]}},{"type":"Feature","id":"LFPB-0849a74dde42739452a1","properties":{"airport":"LFPB","name":"S","layer":"Labels","category":"Gates","object_type":"Label","style_id":"label.gates","source_group":"LFPB Gates","vsmr_group_ids":[],"geometry_role":"text_label","text-field":"S"},"geometry":{"type":"Point","coordinates":[2.430540556,48.947311944]}},{"type":"Feature","id":"LFPB-deedb9fb90a80910fe1a","properties":{"airport":"LFPB","name":"Q","layer":"Labels","category":"Gates","object_type":"Label","style_id":"label.gates","source_group":"LFPB Gates","vsmr_group_ids":[],"geometry_role":"text_label","text-field":"Q"},"geometry":{"type":"Point","coordinates":[2.434678333,48.955542222]}},{"type":"Feature","id":"LFPB-fd55fc2d8663010c5e8b","properties":{"airport":"LFPB","name":"ASTON SKY","layer":"Labels","category":"Gates","object_type":"Label","style_id":"label.gates","source_group":"LFPB Gates","vsmr_group_ids":[],"geometry_role":"text_label","text-field":"ASTON SKY"},"geometry":{"type":"Point","coordinates":[2.449166667,48.9625]}},{"type":"Feature","id":"LFPB-d8629934ed26f0e2b453","properties":{"airport":"LFPB","name":"DASSAULT FALCON SERVICE","layer":"Labels","category":"Gates","object_type":"Label","style_id":"label.gates","source_group":"LFPB Gates","vsmr_group_ids":[],"geometry_role":"text_label","text-field":"DASSAULT FALCON SERVICE"},"geometry":{"type":"Point","coordinates":[2.4475575,48.960785]}},{"type":"Feature","id":"LFPB-550f1d90a1464e26b09e","properties":{"airport":"LFPB","name":"SIGNATURE","layer":"Labels","category":"Gates","object_type":"Label","style_id":"label.gates","source_group":"LFPB Gates","vsmr_group_ids":[],"geometry_role":"text_label","text-field":"SIGNATURE"},"geometry":{"type":"Point","coordinates":[2.445746111,48.958238889]}},{"type":"Feature","id":"LFPB-226d7f814a800a78c745","properties":{"airport":"LFPB","name":"SKYVALET","layer":"Labels","category":"Gates","object_type":"Label","style_id":"label.gates","source_group":"LFPB Gates","vsmr_group_ids":[],"geometry_role":"text_label","text-field":"SKYVALET"},"geometry":{"type":"Point","coordinates":[2.44375,48.955426111]}},{"type":"Feature","id":"LFPB-adc1b057f107ddb7ef12","properties":{"airport":"LFPB","name":"SIGNATURE","layer":"Labels","category":"Gates","object_type":"Label","style_id":"label.gates","source_group":"LFPB Gates","vsmr_group_ids":[],"geometry_role":"text_label","text-field":"SIGNATURE"},"geometry":{"type":"Point","coordinates":[2.442678056,48.953874167]}},{"type":"Feature","id":"LFPB-0a7061101c1765a3bd30","properties":{"airport":"LFPB","name":"UNIVERSAL","layer":"Labels","category":"Gates","object_type":"Label","style_id":"label.gates","source_group":"LFPB Gates","vsmr_group_ids":[],"geometry_role":"text_label","text-field":"UNIVERSAL"},"geometry":{"type":"Point","coordinates":[2.440709444,48.951149444]}},{"type":"Feature","id":"LFPB-a36b8edd5308e3b89bbe","properties":{"airport":"LFPB","name":"ADVANCED AIR SUPPORT","layer":"Labels","category":"Gates","object_type":"Label","style_id":"label.gates","source_group":"LFPB Gates","vsmr_group_ids":[],"geometry_role":"text_label","text-field":"ADVANCED AIR SUPPORT"},"geometry":{"type":"Point","coordinates":[2.440155,48.950452222]}},{"type":"Feature","id":"LFPB-d731d57e32b224dcd043","properties":{"airport":"LFPB","name":"JETEX","layer":"Labels","category":"Gates","object_type":"Label","style_id":"label.gates","source_group":"LFPB Gates","vsmr_group_ids":[],"geometry_role":"text_label","text-field":"JETEX"},"geometry":{"type":"Point","coordinates":[2.437873611,48.950125556]}},{"type":"Feature","id":"LFPB-b028f12cd877ac7ec3c7","properties":{"airport":"LFPB","name":"LFPB Groundlayout AVISO","layer":"Guidance lines","category":"Runway Border","object_type":"Line","style_id":"line.runwayborder.808080","source_group":"LFPB Groundlayout AVISO","vsmr_group_ids":[],"geometry_role":"linework"},"geometry":{"type":"MultiLineString","coordinates":[[[2.420347778,48.963863611],[2.420601389,48.963931944]],[[2.420589444,48.9639475],[2.420720556,48.963964167],[2.420611389,48.963914167]],[[2.421105,48.964065833],[2.421360833,48.964135833]],[[2.421347778,48.964150833],[2.421480833,48.964168056],[2.42137,48.96412]],[[2.421864444,48.964269167],[2.422115833,48.964336944]],[[2.422103333,48.964355],[2.422240833,48.964371944],[2.422126389,48.964321667]],[[2.422619722,48.964473056],[2.422875278,48.964541389]],[[2.422861111,48.964556944],[2.423005,48.964578056],[2.422883333,48.964525556]],[[2.4233775,48.964676111],[2.423634167,48.964745]],[[2.423618611,48.964759444],[2.423759444,48.964779722],[2.423644167,48.96473]],[[2.423944444,48.965045833],[2.424182778,48.964661667]],[[2.446769722,48.971161111],[2.447002222,48.97078]],[[2.447308333,48.971103611],[2.447190278,48.971054444],[2.447326667,48.971073889]],[[2.4473175,48.971088056],[2.447573056,48.971157222]],[[2.448068333,48.971306389],[2.447948611,48.971258611],[2.448087778,48.971277778]],[[2.448076111,48.971291944],[2.448331944,48.97136]],[[2.448825,48.971510556],[2.448705556,48.971461389],[2.448846111,48.971480556]],[[2.448834167,48.971495],[2.449089444,48.971563611]],[[2.449585833,48.971714722],[2.449464167,48.971665278],[2.449604444,48.971684722]],[[2.449593611,48.971698611],[2.44985,48.971766944]],[[2.450345833,48.971916389],[2.450224167,48.9718675],[2.450364722,48.971887778]],[[2.450608889,48.971970556],[2.450353889,48.9719025]],[[2.451103611,48.972121111],[2.450984167,48.972071667],[2.451123056,48.972091667]],[[2.451368056,48.972174444],[2.451113611,48.972106389]],[[2.451863889,48.972325278],[2.451743056,48.972273889],[2.451882778,48.972294444]],[[2.452128333,48.972378611],[2.4518725,48.972309167]],[[2.452621111,48.9725275],[2.4525,48.972478889],[2.45264,48.972496944]],[[2.452884722,48.972580556],[2.452628333,48.972511111]],[[2.4533825,48.972731389],[2.453262778,48.972682222],[2.453401944,48.972701111]],[[2.453645,48.972783333],[2.453390556,48.972715833]],[[2.454139722,48.972933611],[2.454023611,48.972885833],[2.454159722,48.972905]],[[2.454402778,48.972987778],[2.454148889,48.972918889]],[[2.454898056,48.973136667],[2.454781111,48.973088889],[2.454917222,48.973108333]],[[2.455160833,48.973190833],[2.454906667,48.9731225]],[[2.4556525,48.973339444],[2.455534167,48.973291111],[2.455671111,48.97331]],[[2.455914722,48.9733925],[2.4556625,48.973324444]],[[2.456411111,48.973542778],[2.456291667,48.973495],[2.456430556,48.973513611]],[[2.456672222,48.973595556],[2.456419722,48.973528056]],[[2.457161667,48.973743056],[2.457048056,48.973697222],[2.457178056,48.973713889]],[[2.457423889,48.973795833],[2.457168889,48.973728611]],[[2.457806111,48.973915833],[2.457689167,48.973868056],[2.457823889,48.9738875]],[[2.458069167,48.973970278],[2.457816111,48.973901667]],[[2.428100833,48.950973889],[2.428664444,48.950801944]],[[2.428175,48.950615833],[2.428255,48.9506925],[2.428220833,48.950603333]],[[2.428082222,48.950445833],[2.428198611,48.95061]],[[2.427831944,48.950126667],[2.427911944,48.950202778],[2.427875833,48.950112778]],[[2.427737778,48.949955278],[2.427854167,48.950120833]],[[2.427486944,48.949638333],[2.427567778,48.949714722],[2.427532222,48.949623611]],[[2.427395,48.949466667],[2.42751,48.9496325]],[[2.427145278,48.949148889],[2.427224444,48.949223889],[2.427190556,48.949134167]],[[2.427050278,48.948978333],[2.427168333,48.9491425]]]}},{"type":"Feature","id":"LFPB-06325d372a2507f40fdc","properties":{"airport":"LFPB","name":"LFPB Groundlayout AVISO","layer":"Guidance lines","category":"Taxiways","object_type":"Line","style_id":"line.taxiway.c0b631","source_group":"LFPB Groundlayout AVISO","vsmr_group_ids":[],"geometry_role":"linework"},"geometry":{"type":"MultiLineString","coordinates":[[[2.458142222,48.974133889],[2.458090556,48.974054167]],[[2.458298611,48.973885278],[2.458174167,48.97392]],[[2.458528611,48.974238611],[2.458415556,48.974061667],[2.458681944,48.973988333]],[[2.458908889,48.974343056],[2.458794722,48.974164722],[2.459064444,48.974090833]],[[2.459286944,48.974441944],[2.459173611,48.974265278],[2.459443889,48.974189722]],[[2.4420125,48.970597222],[2.442113056,48.970417222],[2.442388333,48.970484167]],[[2.441841111,48.970351667],[2.441940556,48.970171944],[2.442216111,48.970238056]],[[2.441664167,48.970110833],[2.441764722,48.969926944],[2.442043889,48.969993056]],[[2.440973333,48.969126667],[2.441075556,48.968943333],[2.441352778,48.969012778]],[[2.440800833,48.968880278],[2.440901389,48.968698889],[2.441176111,48.968765556]],[[2.440628611,48.968634722],[2.440729167,48.968455],[2.4409975,48.968519167]],[[2.440453611,48.968389722],[2.440506111,48.968300833]],[[2.440831667,48.968276944],[2.440688333,48.968244167]],[[2.445625833,48.965204167],[2.445541389,48.9651425]],[[2.445664722,48.964932778],[2.445562222,48.964985278]],[[2.446023056,48.965228056],[2.445834444,48.965081111],[2.446062778,48.964953889]],[[2.446424722,48.965250278],[2.446233056,48.965103333],[2.446460278,48.964977222]],[[2.446831944,48.965271944],[2.446646111,48.965124444],[2.4468675,48.964998333]],[[2.447241667,48.965294722],[2.447055,48.965148889],[2.447274722,48.96502]],[[2.447649722,48.965316389],[2.447463889,48.965170556],[2.447682778,48.965043889]],[[2.448057778,48.965339167],[2.447868333,48.965193333],[2.448088889,48.965065556]],[[2.448464722,48.965361389],[2.448278889,48.965215556],[2.448498611,48.965086667]],[[2.448870278,48.9653825],[2.448683611,48.965238889],[2.448903889,48.965109444]],[[2.449275556,48.965404444],[2.449089722,48.965259167],[2.449307778,48.965132778]],[[2.449682778,48.965433056],[2.449499444,48.965281389],[2.449719167,48.965157222]],[[2.434081111,48.956123333],[2.434,48.956246667]],[[2.433923333,48.956384722],[2.433843611,48.956523889]],[[2.433767222,48.956662778],[2.433690556,48.956803056]],[[2.433615833,48.956941111],[2.433536111,48.957082222]],[[2.433468889,48.957209167],[2.433401944,48.957328333]],[[2.4334525,48.955468889],[2.433247778,48.955426389]],[[2.4329875,48.955374444],[2.432764722,48.955327778]],[[2.432510278,48.955278056],[2.4322825,48.955231389]],[[2.432054722,48.955184722],[2.431854167,48.955143056]],[[2.443303611,48.969135],[2.443360556,48.969101389],[2.443411667,48.969068611],[2.443462778,48.969033611],[2.443462778,48.969076111],[2.443462778,48.969033611],[2.443399167,48.969037222]],[[2.431630278,48.960844722],[2.431590833,48.9607875],[2.431560556,48.960746111],[2.431533889,48.960707778],[2.431607222,48.960733056],[2.431533889,48.960707778],[2.431513889,48.960755278]],[[2.432613333,48.960813611],[2.432664444,48.960663056],[2.432691111,48.960709722],[2.432664167,48.9606625],[2.432606667,48.960696667]],[[2.434193611,48.955403611],[2.434183333,48.955393889],[2.434178889,48.955385],[2.434176944,48.955373889],[2.43418,48.955362778],[2.434188889,48.955353056],[2.434200556,48.955345],[2.434214444,48.955339444],[2.434229167,48.955336944],[2.434246111,48.955336667],[2.434259444,48.955338889],[2.434271667,48.955342778],[2.434280556,48.9553475],[2.43429,48.955355833],[2.434296389,48.955365],[2.434298889,48.955375278],[2.434296389,48.955387778],[2.434288333,48.955399167],[2.434277222,48.955406944],[2.434265278,48.9554125],[2.434246389,48.955416111],[2.434230556,48.955416111],[2.434215,48.955413056],[2.434204444,48.955409167],[2.434193611,48.955403611]],[[2.4343625,48.955649167],[2.434359444,48.955639444],[2.434360556,48.955629167],[2.434364722,48.955619722],[2.434372222,48.955612222],[2.434383333,48.955605],[2.434395556,48.955600556],[2.434410278,48.9555975],[2.434424167,48.955596667],[2.43444,48.955598611],[2.434453333,48.955603056],[2.434466667,48.95561],[2.434475556,48.955619167],[2.434480278,48.955629167],[2.434481389,48.955639167],[2.434478333,48.955649167],[2.434471389,48.955658889],[2.434462778,48.955665833],[2.434452222,48.955671389],[2.434438889,48.955674722],[2.434423611,48.955676667],[2.434408333,48.955676389],[2.434393889,48.955672778],[2.434381667,48.955668333],[2.434372778,48.955662222],[2.434365833,48.955655278],[2.4343625,48.955649167]],[[2.434549722,48.955916667],[2.434545556,48.955909722],[2.434543333,48.955900556],[2.434543333,48.9558925],[2.434546667,48.955884722],[2.434551944,48.955876111],[2.434559722,48.955869444],[2.434569167,48.955863889],[2.434581111,48.955860278],[2.434594444,48.955857778],[2.434606389,48.955856944],[2.434621389,48.955858889],[2.434637222,48.9558625],[2.434648333,48.955868333],[2.434658611,48.955875833],[2.434665278,48.955885278],[2.4346675,48.955895278],[2.434666389,48.9559075],[2.4346625,48.955915833],[2.434655,48.955924167],[2.434646667,48.955929722],[2.434633889,48.955934722],[2.434620278,48.955938333],[2.434606944,48.955939444],[2.434591667,48.955938333],[2.434578333,48.955935],[2.434565833,48.95593],[2.434556944,48.955923611],[2.434549722,48.955916667]]]}},{"type":"Feature","id":"LFPB-ec9b9653d0bc0a82b3ee","properties":{"airport":"LFPB","name":"LFPB Groundlayout AVISO","layer":"Guidance lines","category":"Taxiway Orange","object_type":"Line","style_id":"line.taxiwayorange.cc6d00","source_group":"LFPB Groundlayout AVISO","vsmr_group_ids":[],"geometry_role":"linework"},"geometry":{"type":"MultiLineString","coordinates":[[[2.422941667,48.9627425],[2.422955278,48.962538056]],[[2.422990833,48.962088333],[2.422976667,48.962286389]],[[2.4302425,48.959942222],[2.430461667,48.960123889]],[[2.450209167,48.970029444],[2.450367222,48.969772222]],[[2.455276944,48.971388889],[2.455390833,48.971200833]],[[2.455533889,48.970978056],[2.45565,48.970780278]]]}},{"type":"Feature","id":"LFPB-e15bb14497f3145dedd1","properties":{"airport":"LFPB","name":"B","layer":"Labels","category":"Taxiways","object_type":"Label","style_id":"label.taxiways","source_group":"LFPB Taxiways","vsmr_group_ids":[],"geometry_role":"text_label","text-field":"B"},"geometry":{"type":"Point","coordinates":[2.444863889,48.966591389]}},{"type":"Feature","id":"LFPB-8c1bb4524f1e7eaa2543","properties":{"airport":"LFPB","name":"B","layer":"Labels","category":"Taxiways","object_type":"Label","style_id":"label.taxiways","source_group":"LFPB Taxiways","vsmr_group_ids":[],"geometry_role":"text_label","text-field":"B"},"geometry":{"type":"Point","coordinates":[2.447438056,48.969173611]}},{"type":"Feature","id":"LFPB-15dc09e04aa65512d416","properties":{"airport":"LFPB","name":"B","layer":"Labels","category":"Taxiways","object_type":"Label","style_id":"label.taxiways","source_group":"LFPB Taxiways","vsmr_group_ids":[],"geometry_role":"text_label","text-field":"B"},"geometry":{"type":"Point","coordinates":[2.452245278,48.970477222]}},{"type":"Feature","id":"LFPB-a404775e6762614e1ec1","properties":{"airport":"LFPB","name":"B","layer":"Labels","category":"Taxiways","object_type":"Label","style_id":"label.taxiways","source_group":"LFPB Taxiways","vsmr_group_ids":[],"geometry_role":"text_label","text-field":"B"},"geometry":{"type":"Point","coordinates":[2.457601667,48.972302222]}},{"type":"Feature","id":"LFPB-a0ab18472704d24b0e97","properties":{"airport":"LFPB","name":"BN2","layer":"Labels","category":"Taxiways","object_type":"Label","style_id":"label.taxiways","source_group":"LFPB Taxiways","vsmr_group_ids":[],"geometry_role":"text_label","text-field":"BN2"},"geometry":{"type":"Point","coordinates":[2.450083611,48.970226944]}},{"type":"Feature","id":"LFPB-6f5c9578544ac5131f2a","properties":{"airport":"LFPB","name":"B1","layer":"Labels","category":"Taxiways","object_type":"Label","style_id":"label.taxiways","source_group":"LFPB Taxiways","vsmr_group_ids":[],"geometry_role":"text_label","text-field":"B1"},"geometry":{"type":"Point","coordinates":[2.44418,48.968926944]}},{"type":"Feature","id":"LFPB-67e383d6e98717414058","properties":{"airport":"LFPB","name":"R1","layer":"Labels","category":"Taxiways","object_type":"Label","style_id":"label.taxiways","source_group":"LFPB Taxiways","vsmr_group_ids":[],"geometry_role":"text_label","text-field":"R1"},"geometry":{"type":"Point","coordinates":[2.431504444,48.965801667]}},{"type":"Feature","id":"LFPB-8852bc1f3a375b0981db","properties":{"airport":"LFPB","name":"A1","layer":"Labels","category":"Taxiways","object_type":"Label","style_id":"label.taxiways","source_group":"LFPB Taxiways","vsmr_group_ids":[],"geometry_role":"text_label","text-field":"A1"},"geometry":{"type":"Point","coordinates":[2.425514444,48.964491944]}},{"type":"Feature","id":"LFPB-2545e2938150ac52a183","properties":{"airport":"LFPB","name":"C4","layer":"Labels","category":"Taxiways","object_type":"Label","style_id":"label.taxiways","source_group":"LFPB Taxiways","vsmr_group_ids":[],"geometry_role":"text_label","text-field":"C4"},"geometry":{"type":"Point","coordinates":[2.442215833,48.967946667]}},{"type":"Feature","id":"LFPB-136847552129e42bf9da","properties":{"airport":"LFPB","name":"N2","layer":"Labels","category":"Taxiways","object_type":"Label","style_id":"label.taxiways","source_group":"LFPB Taxiways","vsmr_group_ids":[],"geometry_role":"text_label","text-field":"N2"},"geometry":{"type":"Point","coordinates":[2.450158611,48.968860278]}},{"type":"Feature","id":"LFPB-1afa6ec387994c334c91","properties":{"airport":"LFPB","name":"N2","layer":"Labels","category":"Taxiways","object_type":"Label","style_id":"label.taxiways","source_group":"LFPB Taxiways","vsmr_group_ids":[],"geometry_role":"text_label","text-field":"N2"},"geometry":{"type":"Point","coordinates":[2.451332222,48.967196667]}},{"type":"Feature","id":"LFPB-e84e3815524a8a6eabd4","properties":{"airport":"LFPB","name":"NR6","layer":"Labels","category":"Taxiways","object_type":"Label","style_id":"label.taxiways","source_group":"LFPB Taxiways","vsmr_group_ids":[],"geometry_role":"text_label","text-field":"NR6"},"geometry":{"type":"Point","coordinates":[2.455131667,48.971548333]}},{"type":"Feature","id":"LFPB-4e1d3d9f717232d505ca","properties":{"airport":"LFPB","name":"NB","layer":"Labels","category":"Taxiways","object_type":"Label","style_id":"label.taxiways","source_group":"LFPB Taxiways","vsmr_group_ids":[],"geometry_role":"text_label","text-field":"NB"},"geometry":{"type":"Point","coordinates":[2.455828333,48.970515278]}},{"type":"Feature","id":"LFPB-8db61cc2fcc88b1b2e20","properties":{"airport":"LFPB","name":"W4","layer":"Labels","category":"Taxiways","object_type":"Label","style_id":"label.taxiways","source_group":"LFPB Taxiways","vsmr_group_ids":[],"geometry_role":"text_label","text-field":"W4"},"geometry":{"type":"Point","coordinates":[2.446244167,48.964269722]}},{"type":"Feature","id":"LFPB-13cfc4dbf96835f55bbf","properties":{"airport":"LFPB","name":"W4","layer":"Labels","category":"Taxiways","object_type":"Label","style_id":"label.taxiways","source_group":"LFPB Taxiways","vsmr_group_ids":[],"geometry_role":"text_label","text-field":"W4"},"geometry":{"type":"Point","coordinates":[2.450901667,48.965358611]}},{"type":"Feature","id":"LFPB-a2f1f1767c57ae98c0e0","properties":{"airport":"LFPB","name":"W3","layer":"Labels","category":"Taxiways","object_type":"Label","style_id":"label.taxiways","source_group":"LFPB Taxiways","vsmr_group_ids":[],"geometry_role":"text_label","text-field":"W3"},"geometry":{"type":"Point","coordinates":[2.444950278,48.964338056]}},{"type":"Feature","id":"LFPB-250d5c1ff8813c1e089f","properties":{"airport":"LFPB","name":"AG1","layer":"Labels","category":"Taxiways","object_type":"Label","style_id":"label.taxiways","source_group":"LFPB Taxiways","vsmr_group_ids":[],"geometry_role":"text_label","text-field":"AG1"},"geometry":{"type":"Point","coordinates":[2.422916111,48.962893333]}},{"type":"Feature","id":"LFPB-24678ac9c9528e3aa8b6","properties":{"airport":"LFPB","name":"AB","layer":"Labels","category":"Taxiways","object_type":"Label","style_id":"label.taxiways","source_group":"LFPB Taxiways","vsmr_group_ids":[],"geometry_role":"text_label","text-field":"AB"},"geometry":{"type":"Point","coordinates":[2.422988889,48.961860278]}},{"type":"Feature","id":"LFPB-b0dfe0940e0da10e6894","properties":{"airport":"LFPB","name":"AU","layer":"Labels","category":"Taxiways","object_type":"Label","style_id":"label.taxiways","source_group":"LFPB Taxiways","vsmr_group_ids":[],"geometry_role":"text_label","text-field":"AU"},"geometry":{"type":"Point","coordinates":[2.430571111,48.96032]}},{"type":"Feature","id":"LFPB-b8ab263f8f68e838ebe6","properties":{"airport":"LFPB","name":"A1","layer":"Labels","category":"Taxiways","object_type":"Label","style_id":"label.taxiways","source_group":"LFPB Taxiways","vsmr_group_ids":[],"geometry_role":"text_label","text-field":"A1"},"geometry":{"type":"Point","coordinates":[2.425611111,48.963157778]}},{"type":"Feature","id":"LFPB-367d2c7edff775484fa7","properties":{"airport":"LFPB","name":"A","layer":"Labels","category":"Taxiways","object_type":"Label","style_id":"label.taxiways","source_group":"LFPB Taxiways","vsmr_group_ids":[],"geometry_role":"text_label","text-field":"A"},"geometry":{"type":"Point","coordinates":[2.421908056,48.962901389]}},{"type":"Feature","id":"LFPB-439306f398b82aa85081","properties":{"airport":"LFPB","name":"W5","layer":"Labels","category":"Taxiways","object_type":"Label","style_id":"label.taxiways","source_group":"LFPB Taxiways","vsmr_group_ids":[],"geometry_role":"text_label","text-field":"W5"},"geometry":{"type":"Point","coordinates":[2.446373611,48.963306944]}},{"type":"Feature","id":"LFPB-6558316e1e4435ea4cf0","properties":{"airport":"LFPB","name":"V4","layer":"Labels","category":"Taxiways","object_type":"Label","style_id":"label.taxiways","source_group":"LFPB Taxiways","vsmr_group_ids":[],"geometry_role":"text_label","text-field":"V4"},"geometry":{"type":"Point","coordinates":[2.441932778,48.962411111]}},{"type":"Feature","id":"LFPB-73041659c1a85c465328","properties":{"airport":"LFPB","name":"C3","layer":"Labels","category":"Taxiways","object_type":"Label","style_id":"label.taxiways","source_group":"LFPB Taxiways","vsmr_group_ids":[],"geometry_role":"text_label","text-field":"C3"},"geometry":{"type":"Point","coordinates":[2.438085278,48.9627175]}},{"type":"Feature","id":"LFPB-cf1687f45f2f38ac628e","properties":{"airport":"LFPB","name":"C2","layer":"Labels","category":"Taxiways","object_type":"Label","style_id":"label.taxiways","source_group":"LFPB Taxiways","vsmr_group_ids":[],"geometry_role":"text_label","text-field":"C2"},"geometry":{"type":"Point","coordinates":[2.435390556,48.958710278]}},{"type":"Feature","id":"LFPB-b8f77d5040b6f1c80321","properties":{"airport":"LFPB","name":"C1","layer":"Labels","category":"Taxiways","object_type":"Label","style_id":"label.taxiways","source_group":"LFPB Taxiways","vsmr_group_ids":[],"geometry_role":"text_label","text-field":"C1"},"geometry":{"type":"Point","coordinates":[2.431386667,48.953088889]}},{"type":"Feature","id":"LFPB-f440140ae62a20f9038f","properties":{"airport":"LFPB","name":"C","layer":"Labels","category":"Taxiways","object_type":"Label","style_id":"label.taxiways","source_group":"LFPB Taxiways","vsmr_group_ids":[],"geometry_role":"text_label","text-field":"C"},"geometry":{"type":"Point","coordinates":[2.428957222,48.948685556]}},{"type":"Feature","id":"LFPB-bb176648a1947431b02f","properties":{"airport":"LFPB","name":"A","layer":"Labels","category":"Taxiways","object_type":"Label","style_id":"label.taxiways","source_group":"LFPB Taxiways","vsmr_group_ids":[],"geometry_role":"text_label","text-field":"A"},"geometry":{"type":"Point","coordinates":[2.427768611,48.961401389]}},{"type":"Feature","id":"LFPB-3b2034ced08598fc5d6f","properties":{"airport":"LFPB","name":"U3","layer":"Labels","category":"Taxiways","object_type":"Label","style_id":"label.taxiways","source_group":"LFPB Taxiways","vsmr_group_ids":[],"geometry_role":"text_label","text-field":"U3"},"geometry":{"type":"Point","coordinates":[2.431328056,48.960429167]}},{"type":"Feature","id":"LFPB-bf154395425c8d2bcba3","properties":{"airport":"LFPB","name":"R","layer":"Labels","category":"Taxiways","object_type":"Label","style_id":"label.taxiways","source_group":"LFPB Taxiways","vsmr_group_ids":[],"geometry_role":"text_label","text-field":"R"},"geometry":{"type":"Point","coordinates":[2.432751389,48.960349722]}},{"type":"Feature","id":"LFPB-84d84b3b6d7a6c25f527","properties":{"airport":"LFPB","name":"R","layer":"Labels","category":"Taxiways","object_type":"Label","style_id":"label.taxiways","source_group":"LFPB Taxiways","vsmr_group_ids":[],"geometry_role":"text_label","text-field":"R"},"geometry":{"type":"Point","coordinates":[2.432335,48.963007778]}},{"type":"Feature","id":"LFPB-425c769a06c68270b38d","properties":{"airport":"LFPB","name":"A","layer":"Labels","category":"Taxiways","object_type":"Label","style_id":"label.taxiways","source_group":"LFPB Taxiways","vsmr_group_ids":[],"geometry_role":"text_label","text-field":"A"},"geometry":{"type":"Point","coordinates":[2.431915278,48.959348611]}},{"type":"Feature","id":"LFPB-47b9a1bd50130f4f9406","properties":{"airport":"LFPB","name":"U2","layer":"Labels","category":"Taxiways","object_type":"Label","style_id":"label.taxiways","source_group":"LFPB Taxiways","vsmr_group_ids":[],"geometry_role":"text_label","text-field":"U2"},"geometry":{"type":"Point","coordinates":[2.429568056,48.957928889]}},{"type":"Feature","id":"LFPB-25018381f5c1adade1ca","properties":{"airport":"LFPB","name":"U1","layer":"Labels","category":"Taxiways","object_type":"Label","style_id":"label.taxiways","source_group":"LFPB Taxiways","vsmr_group_ids":[],"geometry_role":"text_label","text-field":"U1"},"geometry":{"type":"Point","coordinates":[2.425969167,48.952899722]}},{"type":"Feature","id":"LFPB-d0dce16243c788a1dc94","properties":{"airport":"LFPB","name":"U1","layer":"Labels","category":"Taxiways","object_type":"Label","style_id":"label.taxiways","source_group":"LFPB Taxiways","vsmr_group_ids":[],"geometry_role":"text_label","text-field":"U1"},"geometry":{"type":"Point","coordinates":[2.425317222,48.949786389]}},{"type":"Feature","id":"LFPB-ba3d382b50c6f6430acd","properties":{"airport":"LFPB","name":"DQ","layer":"Labels","category":"Taxiways","object_type":"Label","style_id":"label.taxiways","source_group":"LFPB Taxiways","vsmr_group_ids":[],"geometry_role":"text_label","text-field":"DQ"},"geometry":{"type":"Point","coordinates":[2.433194444,48.955819444]}},{"type":"Feature","id":"LFPB-55544bc59bc561bd0be3","properties":{"airport":"LFPB","name":"DQ-N","layer":"Labels","category":"Taxiways","object_type":"Label","style_id":"label.taxiways","source_group":"LFPB Taxiways","vsmr_group_ids":[],"geometry_role":"text_label","text-field":"DQ-N"},"geometry":{"type":"Point","coordinates":[2.433903056,48.956711944]}},{"type":"Feature","id":"LFPB-76ad3ab4478839413711","properties":{"airport":"LFPB","name":"DQ-S","layer":"Labels","category":"Taxiways","object_type":"Label","style_id":"label.taxiways","source_group":"LFPB Taxiways","vsmr_group_ids":[],"geometry_role":"text_label","text-field":"DQ-S"},"geometry":{"type":"Point","coordinates":[2.432709167,48.955186389]}},{"type":"Feature","id":"LFPB-6ce16ba276b6a05b2275","properties":{"airport":"LFPB","name":"VQ","layer":"Labels","category":"Taxiways","object_type":"Label","style_id":"label.taxiways","source_group":"LFPB Taxiways","vsmr_group_ids":[],"geometry_role":"text_label","text-field":"VQ"},"geometry":{"type":"Point","coordinates":[2.435028889,48.955854722]}},{"type":"Feature","id":"LFPB-21bb86e32f05fb8a700c","properties":{"airport":"LFPB","name":"VG1","layer":"Labels","category":"Taxiways","object_type":"Label","style_id":"label.taxiways","source_group":"LFPB Taxiways","vsmr_group_ids":[],"geometry_role":"text_label","text-field":"VG1"},"geometry":{"type":"Point","coordinates":[2.430053611,48.948124444]}},{"type":"Feature","id":"LFPB-a2861c5fbd5a69d2d615","properties":{"airport":"LFPB","name":"VG2","layer":"Labels","category":"Taxiways","object_type":"Label","style_id":"label.taxiways","source_group":"LFPB Taxiways","vsmr_group_ids":[],"geometry_role":"text_label","text-field":"VG2"},"geometry":{"type":"Point","coordinates":[2.4327825,48.951920556]}},{"type":"Feature","id":"LFPB-72cbda33d9d118aa6374","properties":{"airport":"LFPB","name":"V3","layer":"Labels","category":"Taxiways","object_type":"Label","style_id":"label.taxiways","source_group":"LFPB Taxiways","vsmr_group_ids":[],"geometry_role":"text_label","text-field":"V3"},"geometry":{"type":"Point","coordinates":[2.438373611,48.959819722]}},{"type":"Feature","id":"LFPB-3c8dac891839b2ce0039","properties":{"airport":"LFPB","name":"V2","layer":"Labels","category":"Taxiways","object_type":"Label","style_id":"label.taxiways","source_group":"LFPB Taxiways","vsmr_group_ids":[],"geometry_role":"text_label","text-field":"V2"},"geometry":{"type":"Point","coordinates":[2.435628889,48.955901111]}},{"type":"Feature","id":"LFPB-d859f747753f94cc54e1","properties":{"airport":"LFPB","name":"V2","layer":"Labels","category":"Taxiways","object_type":"Label","style_id":"label.taxiways","source_group":"LFPB Taxiways","vsmr_group_ids":[],"geometry_role":"text_label","text-field":"V2"},"geometry":{"type":"Point","coordinates":[2.433901111,48.953399167]}},{"type":"Feature","id":"LFPB-8bf5e4dbdb89d95cda7e","properties":{"airport":"LFPB","name":"VE","layer":"Labels","category":"Taxiways","object_type":"Label","style_id":"label.taxiways","source_group":"LFPB Taxiways","vsmr_group_ids":[],"geometry_role":"text_label","text-field":"VE"},"geometry":{"type":"Point","coordinates":[2.439895556,48.961334444]}},{"type":"Feature","id":"LFPB-57cd9d398177dd20f871","properties":{"airport":"LFPB","name":"WE","layer":"Labels","category":"Taxiways","object_type":"Label","style_id":"label.taxiways","source_group":"LFPB Taxiways","vsmr_group_ids":[],"geometry_role":"text_label","text-field":"WE"},"geometry":{"type":"Point","coordinates":[2.442474444,48.960434444]}},{"type":"Feature","id":"LFPB-f69ff1b74be300199cd5","properties":{"airport":"LFPB","name":"VJ","layer":"Labels","category":"Taxiways","object_type":"Label","style_id":"label.taxiways","source_group":"LFPB Taxiways","vsmr_group_ids":[],"geometry_role":"text_label","text-field":"VJ"},"geometry":{"type":"Point","coordinates":[2.436954722,48.9571675]}},{"type":"Feature","id":"LFPB-fcd600a2e43d0e8df746","properties":{"airport":"LFPB","name":"WJ","layer":"Labels","category":"Taxiways","object_type":"Label","style_id":"label.taxiways","source_group":"LFPB Taxiways","vsmr_group_ids":[],"geometry_role":"text_label","text-field":"WJ"},"geometry":{"type":"Point","coordinates":[2.439665278,48.956333333]}},{"type":"Feature","id":"LFPB-60ecad58b179cda7a68e","properties":{"airport":"LFPB","name":"WL1","layer":"Labels","category":"Taxiways","object_type":"Label","style_id":"label.taxiways","source_group":"LFPB Taxiways","vsmr_group_ids":[],"geometry_role":"text_label","text-field":"WL1"},"geometry":{"type":"Point","coordinates":[2.438115556,48.954218611]}},{"type":"Feature","id":"LFPB-0e6f014f0784e1348519","properties":{"airport":"LFPB","name":"WN","layer":"Labels","category":"Taxiways","object_type":"Label","style_id":"label.taxiways","source_group":"LFPB Taxiways","vsmr_group_ids":[],"geometry_role":"text_label","text-field":"WN"},"geometry":{"type":"Point","coordinates":[2.438603889,48.954731389]}},{"type":"Feature","id":"LFPB-a5237bae2c081d740601","properties":{"airport":"LFPB","name":"W2","layer":"Labels","category":"Taxiways","object_type":"Label","style_id":"label.taxiways","source_group":"LFPB Taxiways","vsmr_group_ids":[],"geometry_role":"text_label","text-field":"W2"},"geometry":{"type":"Point","coordinates":[2.443689722,48.961416944]}},{"type":"Feature","id":"LFPB-11ce4ed2999000edbbe3","properties":{"airport":"LFPB","name":"W2","layer":"Labels","category":"Taxiways","object_type":"Label","style_id":"label.taxiways","source_group":"LFPB Taxiways","vsmr_group_ids":[],"geometry_role":"text_label","text-field":"W2"},"geometry":{"type":"Point","coordinates":[2.442438056,48.959596944]}},{"type":"Feature","id":"LFPB-ca90eb5c0243cdf2b9aa","properties":{"airport":"LFPB","name":"W2","layer":"Labels","category":"Taxiways","object_type":"Label","style_id":"label.taxiways","source_group":"LFPB Taxiways","vsmr_group_ids":[],"geometry_role":"text_label","text-field":"W2"},"geometry":{"type":"Point","coordinates":[2.440789722,48.957106389]}},{"type":"Feature","id":"LFPB-b0f241cd7b4e54758da2","properties":{"airport":"LFPB","name":"WF3","layer":"Labels","category":"Taxiways","object_type":"Label","style_id":"label.taxiways","source_group":"LFPB Taxiways","vsmr_group_ids":[],"geometry_role":"text_label","text-field":"WF3"},"geometry":{"type":"Point","coordinates":[2.441083333,48.958418611]}},{"type":"Feature","id":"LFPB-d3a81293c3129a66a3e3","properties":{"airport":"LFPB","name":"WF11","layer":"Labels","category":"Taxiways","object_type":"Label","style_id":"label.taxiways","source_group":"LFPB Taxiways","vsmr_group_ids":[],"geometry_role":"text_label","text-field":"WF11"},"geometry":{"type":"Point","coordinates":[2.443379167,48.9602425]}},{"type":"Feature","id":"LFPB-7921479fb8b0a5f30eb7","properties":{"airport":"LFPB","name":"WF12","layer":"Labels","category":"Taxiways","object_type":"Label","style_id":"label.taxiways","source_group":"LFPB Taxiways","vsmr_group_ids":[],"geometry_role":"text_label","text-field":"WF12"},"geometry":{"type":"Point","coordinates":[2.443064167,48.959734167]}},{"type":"Feature","id":"LFPB-85fa50332c1ccd99cae8","properties":{"airport":"LFPB","name":"WF21","layer":"Labels","category":"Taxiways","object_type":"Label","style_id":"label.taxiways","source_group":"LFPB Taxiways","vsmr_group_ids":[],"geometry_role":"text_label","text-field":"WF21"},"geometry":{"type":"Point","coordinates":[2.442700833,48.959233611]}},{"type":"Feature","id":"LFPB-586e6aeccf9f05a60817","properties":{"airport":"LFPB","name":"WF22","layer":"Labels","category":"Taxiways","object_type":"Label","style_id":"label.taxiways","source_group":"LFPB Taxiways","vsmr_group_ids":[],"geometry_role":"text_label","text-field":"WF22"},"geometry":{"type":"Point","coordinates":[2.442301111,48.958693333]}},{"type":"Feature","id":"LFPB-32a1742942003ea5f4be","properties":{"airport":"LFPB","name":"W1","layer":"Labels","category":"Taxiways","object_type":"Label","style_id":"label.taxiways","source_group":"LFPB Taxiways","vsmr_group_ids":[],"geometry_role":"text_label","text-field":"W1"},"geometry":{"type":"Point","coordinates":[2.439915556,48.955929444]}},{"type":"Feature","id":"LFPB-52e71849b68817c136c8","properties":{"airport":"LFPB","name":"W1","layer":"Labels","category":"Taxiways","object_type":"Label","style_id":"label.taxiways","source_group":"LFPB Taxiways","vsmr_group_ids":[],"geometry_role":"text_label","text-field":"W1"},"geometry":{"type":"Point","coordinates":[2.437731389,48.953106944]}},{"type":"Feature","id":"LFPB-8b047b12afd6a57c40ae","properties":{"airport":"LFPB","name":"X","layer":"Labels","category":"Taxiways","object_type":"Label","style_id":"label.taxiways","source_group":"LFPB Taxiways","vsmr_group_ids":[],"geometry_role":"text_label","text-field":"X"},"geometry":{"type":"Point","coordinates":[2.438336111,48.959205833]}},{"type":"Feature","id":"LFPB-cdeaf8e7725d2f422207","properties":{"airport":"LFPB","name":"C22","layer":"Labels","category":"Taxiways","object_type":"Label","style_id":"label.taxiways","source_group":"LFPB Taxiways","vsmr_group_ids":[],"geometry_role":"text_label","text-field":"C22"},"geometry":{"type":"Point","coordinates":[2.438553056,48.957366667]}},{"type":"Feature","id":"LFPB-c38e7e47bfc4d4e6be46","properties":{"airport":"LFPB","name":"VL2","layer":"Labels","category":"Taxiways","object_type":"Label","style_id":"label.taxiways","source_group":"LFPB Taxiways","vsmr_group_ids":[],"geometry_role":"text_label","text-field":"VL2"},"geometry":{"type":"Point","coordinates":[2.435031944,48.954366667]}},{"type":"Feature","id":"LFPB-7c7171d285c4dfc694fa","properties":{"airport":"LFPB","name":"C11","layer":"Labels","category":"Taxiways","object_type":"Label","style_id":"label.taxiways","source_group":"LFPB Taxiways","vsmr_group_ids":[],"geometry_role":"text_label","text-field":"C11"},"geometry":{"type":"Point","coordinates":[2.434445,48.951714722]}},{"type":"Feature","id":"LFPB-46f79528b63d9924172f","properties":{"airport":"LFPB","name":"WD","layer":"Labels","category":"Taxiways","object_type":"Label","style_id":"label.taxiways","source_group":"LFPB Taxiways","vsmr_group_ids":[],"geometry_role":"text_label","text-field":"WD"},"geometry":{"type":"Point","coordinates":[2.444598056,48.962100556]}},{"type":"Feature","id":"LFPB-435791c6115d91ebe53e","properties":{"airport":"LFPB","name":"WT","layer":"Labels","category":"Taxiways","object_type":"Label","style_id":"label.taxiways","source_group":"LFPB Taxiways","vsmr_group_ids":[],"geometry_role":"text_label","text-field":"WT"},"geometry":{"type":"Point","coordinates":[2.435495833,48.950804722]}},{"type":"Feature","id":"LFPB-c02fb0f9383fe63eede6","properties":{"airport":"LFPB","name":"WH5","layer":"Labels","category":"Taxiways","object_type":"Label","style_id":"label.taxiways","source_group":"LFPB Taxiways","vsmr_group_ids":[],"geometry_role":"text_label","text-field":"WH5"},"geometry":{"type":"Point","coordinates":[2.436329167,48.950804722]}},{"type":"Feature","id":"LFPB-cd77bf45b967279f49d9","properties":{"airport":"LFPB","name":"WH4","layer":"Labels","category":"Taxiways","object_type":"Label","style_id":"label.taxiways","source_group":"LFPB Taxiways","vsmr_group_ids":[],"geometry_role":"text_label","text-field":"WH4"},"geometry":{"type":"Point","coordinates":[2.436896389,48.951483611]}},{"type":"Feature","id":"LFPB-4a3f48d3603cb5ce3634","properties":{"airport":"LFPB","name":"WH2","layer":"Labels","category":"Taxiways","object_type":"Label","style_id":"label.taxiways","source_group":"LFPB Taxiways","vsmr_group_ids":[],"geometry_role":"text_label","text-field":"WH2"},"geometry":{"type":"Point","coordinates":[2.437847778,48.952687778]}},{"type":"Feature","id":"LFPB-6d5b108da4a79921c96e","properties":{"airport":"LFPB","name":"WH1","layer":"Labels","category":"Taxiways","object_type":"Label","style_id":"label.taxiways","source_group":"LFPB Taxiways","vsmr_group_ids":[],"geometry_role":"text_label","text-field":"WH1"},"geometry":{"type":"Point","coordinates":[2.438515556,48.953465]}},{"type":"Feature","id":"LFPB-c9330fda14919edb6f25","properties":{"airport":"LFPB","name":"WZ2","layer":"Labels","category":"Taxiways","object_type":"Label","style_id":"label.taxiways","source_group":"LFPB Taxiways","vsmr_group_ids":[],"geometry_role":"text_label","text-field":"WZ2"},"geometry":{"type":"Point","coordinates":[2.438905833,48.954090556]}},{"type":"Feature","id":"LFPB-708d6f7d32518154fbc8","properties":{"airport":"LFPB","name":"WZ1","layer":"Labels","category":"Taxiways","object_type":"Label","style_id":"label.taxiways","source_group":"LFPB Taxiways","vsmr_group_ids":[],"geometry_role":"text_label","text-field":"WZ1"},"geometry":{"type":"Point","coordinates":[2.439483611,48.954789722]}},{"type":"Feature","id":"LFPB-9a350f1eeaa6b0aafbe4","properties":{"airport":"LFPB","name":"WK2","layer":"Labels","category":"Taxiways","object_type":"Label","style_id":"label.taxiways","source_group":"LFPB Taxiways","vsmr_group_ids":[],"geometry_role":"text_label","text-field":"WK2"},"geometry":{"type":"Point","coordinates":[2.440101111,48.955566944]}},{"type":"Feature","id":"LFPB-465165b92623ffbc2639","properties":{"airport":"LFPB","name":"WK1","layer":"Labels","category":"Taxiways","object_type":"Label","style_id":"label.taxiways","source_group":"LFPB Taxiways","vsmr_group_ids":[],"geometry_role":"text_label","text-field":"WK1"},"geometry":{"type":"Point","coordinates":[2.440668611,48.956366111]}},{"type":"Feature","id":"LFPB-76f2655b184c41ba5e72","properties":{"airport":"LFPB","name":"WI","layer":"Labels","category":"Taxiways","object_type":"Label","style_id":"label.taxiways","source_group":"LFPB Taxiways","vsmr_group_ids":[],"geometry_role":"text_label","text-field":"WI"},"geometry":{"type":"Point","coordinates":[2.441486389,48.957515833]}},{"type":"Feature","id":"LFPB-f7e10d09880117346bdc","properties":{"airport":"LFPB","name":"03","layer":"Labels","category":"Taxiways","object_type":"Label","style_id":"label.taxiways","source_group":"LFPB Taxiways","vsmr_group_ids":[],"geometry_role":"text_label","text-field":"03"},"geometry":{"type":"Point","coordinates":[2.42852,48.951088056]}},{"type":"Feature","id":"LFPB-1f074dbb4cef00e8a018","properties":{"airport":"LFPB","name":"21","layer":"Labels","category":"Taxiways","object_type":"Label","style_id":"label.taxiways","source_group":"LFPB Taxiways","vsmr_group_ids":[],"geometry_role":"text_label","text-field":"21"},"geometry":{"type":"Point","coordinates":[2.440458889,48.968041667]}},{"type":"Feature","id":"LFPB-394e1b75a939928cde6d","properties":{"airport":"LFPB","name":"07","layer":"Labels","category":"Taxiways","object_type":"Label","style_id":"label.taxiways","source_group":"LFPB Taxiways","vsmr_group_ids":[],"geometry_role":"text_label","text-field":"07"},"geometry":{"type":"Point","coordinates":[2.424593611,48.964980278]}},{"type":"Feature","id":"LFPB-f035c70d18f27ae99b11","properties":{"airport":"LFPB","name":"25","layer":"Labels","category":"Taxiways","object_type":"Label","style_id":"label.taxiways","source_group":"LFPB Taxiways","vsmr_group_ids":[],"geometry_role":"text_label","text-field":"25"},"geometry":{"type":"Point","coordinates":[2.446450833,48.970844444]}},{"type":"Feature","id":"LFPB-66f79a066c36a4630d49","properties":{"airport":"LFPB","name":"09","layer":"Labels","category":"Taxiways","object_type":"Label","style_id":"label.taxiways","source_group":"LFPB Taxiways","vsmr_group_ids":[],"geometry_role":"text_label","text-field":"09"},"geometry":{"type":"Point","coordinates":[2.421701667,48.963748611]}},{"type":"Feature","id":"LFPB-bd78f2d54757c5fa6b47","properties":{"airport":"LFPB","name":"27","layer":"Labels","category":"Taxiways","object_type":"Label","style_id":"label.taxiways","source_group":"LFPB Taxiways","vsmr_group_ids":[],"geometry_role":"text_label","text-field":"27"},"geometry":{"type":"Point","coordinates":[2.444955556,48.965021667]}}]}
