{"type":"FeatureCollection","name":"LFPN AVISO","bbox":[2.090167222,48.746199167,2.121316389,48.7563775],"metadata":{"schema":"vSMR AVISO","schema_version":2,"geometry_mode":"shared","airport":"LFPN","coordinate_reference_system":"WGS84","coordinate_order":"longitude, latitude","default_color_palette":"dark","color_palettes":["dark","light"],"background_colors":{"dark":"#434A4F","light":"#434A4F"},"runways":[{"ends":["07R","25L"],"headings":[70,250],"thresholds":[[2.101802778,48.749996944],[2.113260833,48.752575]]},{"ends":["07L","25R"],"headings":[70,250],"thresholds":[[2.098724722,48.751205833],[2.112899722,48.754391944]]}],"saved_active_runways":[],"saved_active_airport_modes":[],"airport_reference":[2.111110833,48.749721944],"feature_count":268,"style_count":14,"layer_counts":{"Airfield surfaces":155,"Buildings and structures":40,"Guidance lines":1,"Labels":61,"Surface markings":7,"Terrain":4},"category_counts":{"Buildings":40,"Gates":31,"Grass":4,"Grass runways":1,"Hard Surface 2":10,"Hard Surface 3":17,"Hard Surface 4":2,"Runway Border":77,"Runways":3,"Stopbars":7,"Taxiway Orange":3,"Taxiways":73},"geometry_source":"local GNG","geometry_source_url":"","geometry_license":"GPL-3.0"},"styles":{"polygon.grassurface.00512f":{"name":"Grass","layer":"Terrain","object_type":"Area","paint":{"fill":"#010D19","fill-opacity":1,"palette-overrides":{"light":{"fill":"#00512F"}}},"feature_count":4},"polygon.hardsurface4.969393":{"name":"Hard Surface 4","layer":"Airfield surfaces","object_type":"Area","paint":{"fill":"#152841","fill-opacity":1,"palette-overrides":{"light":{"fill":"#969393"}}},"feature_count":2},"polygon.runwaygrass.008000":{"name":"Grass runways","layer":"Airfield surfaces","object_type":"Area","paint":{"fill":"#859A77","fill-opacity":1,"palette-overrides":{"light":{"fill":"#008000"}}},"feature_count":1},"polygon.hardsurface2.595e5b":{"name":"Hard Surface 2","layer":"Airfield surfaces","object_type":"Area","paint":{"fill":"#2F3949","fill-opacity":1,"palette-overrides":{"light":{"fill":"#595E5B"}}},"feature_count":10},"polygon.hardsurface3.8a807f":{"name":"Hard Surface 3","layer":"Airfield surfaces","object_type":"Area","paint":{"fill":"#222D3C","fill-opacity":1,"palette-overrides":{"light":{"fill":"#8A807F"}}},"feature_count":17},"polygon.runwayconcrete.555555":{"name":"Runways","layer":"Airfield surfaces","object_type":"Area","paint":{"fill":"#111318","fill-opacity":1,"palette-overrides":{"light":{"fill":"#555555"}}},"feature_count":3},"polygon.runwayborder.808080":{"name":"Runway Border","layer":"Airfield surfaces","object_type":"Area","paint":{"fill":"#808080","fill-opacity":1,"palette-overrides":{"light":{"fill":"#808080"}}},"feature_count":77},"polygon.stopbar.7e0000":{"name":"Stopbars","layer":"Surface markings","object_type":"Area","paint":{"fill":"#7E0000","fill-opacity":1,"palette-overrides":{"light":{"fill":"#7E0000"}}},"feature_count":7},"polygon.taxiwayorange.cc6d00":{"name":"Taxiway Orange","layer":"Airfield surfaces","object_type":"Area","paint":{"fill":"#CC8B00","fill-opacity":1,"palette-overrides":{"light":{"fill":"#CC6D00"}}},"feature_count":3},"polygon.building.394446":{"name":"Buildings","layer":"Buildings and structures","object_type":"Area","paint":{"fill":"#475570","fill-opacity":1,"palette-overrides":{"light":{"fill":"#394446"}}},"feature_count":40},"polygon.taxiway.c0b631":{"name":"Taxiways","layer":"Airfield surfaces","object_type":"Area","paint":{"fill":"#4E5A69","fill-opacity":1,"palette-overrides":{"light":{"fill":"#C0B631"}}},"feature_count":42},"line.taxiway.c0b631":{"name":"Taxiways","layer":"Guidance lines","object_type":"Line","paint":{"stroke":"#4E5A69","stroke-opacity":1,"stroke-width":1,"palette-overrides":{"light":{"stroke":"#C0B631"}}},"feature_count":1},"label.gates":{"name":"Gates","layer":"Labels","object_type":"Label","paint":{"text-color":"#CCCCCC","text-font":"Arial","text-size":12,"text-halo-color":"#000000","text-halo-width":1,"text-anchor":"center","zoomLevel":9},"feature_count":31},"label.taxiways":{"name":"Taxiways","layer":"Labels","object_type":"Label","paint":{"text-color":"#CCCCCC","text-font":"Arial","text-size":12,"text-halo-color":"#000000","text-halo-width":1,"text-anchor":"center","zoomLevel":7},"feature_count":30}},"vsmr_groups":[],"features":[{"type":"Feature","id":"LFPN-6786555cd5afe0ec94d4","properties":{"airport":"LFPN","name":"LFPN AVISO","layer":"Terrain","category":"Grass","object_type":"Area","style_id":"polygon.grassurface.00512f","source_group":"LFPN AVISO","vsmr_group_ids":[],"geometry_role":"filled_region"},"geometry":{"type":"Polygon","coordinates":[[[2.091048056,48.749478889],[2.091590833,48.748393056],[2.091821389,48.748178333],[2.0920875,48.74806],[2.092354444,48.748004167],[2.092657778,48.748000833],[2.093070556,48.748065278],[2.094324722,48.748346667],[2.0946075,48.748366389],[2.0949725,48.748323611],[2.095261667,48.748220833],[2.095664722,48.748034444],[2.096363333,48.747625833],[2.097228611,48.747118611],[2.098717778,48.746315833],[2.099161944,48.746205],[2.099392778,48.746199167],[2.105197778,48.746327222],[2.106789444,48.747110833],[2.107624722,48.746788333],[2.109958889,48.747863611],[2.111156111,48.748430833],[2.111356667,48.748481111],[2.111665,48.7485375],[2.112837222,48.748723889],[2.113097222,48.748801389],[2.113364167,48.748956667],[2.117101111,48.747398333],[2.117946111,48.747759444],[2.1185975,48.748061667],[2.119406667,48.7487725],[2.1196675,48.749291389],[2.119873333,48.749856111],[2.119993611,48.750651667],[2.120271111,48.752825556],[2.120650278,48.755083333],[2.120818056,48.755556667],[2.121056667,48.755836667],[2.121155556,48.756023056],[2.121316389,48.756202778],[2.121315,48.756259722],[2.119916667,48.755969167],[2.118238333,48.756328056],[2.117922778,48.756258333],[2.117556111,48.756101111],[2.117170278,48.756163056],[2.115808333,48.755962778],[2.113858333,48.755518889],[2.113295,48.755606944],[2.112894722,48.755860556],[2.112706111,48.756143889],[2.112567778,48.7563775],[2.112245833,48.7563375],[2.104616944,48.754617778],[2.102124444,48.753423889],[2.093084722,48.751391944],[2.092152222,48.751290278],[2.091266667,48.751323333],[2.090167222,48.751175556],[2.091048056,48.749478889]]]}},{"type":"Feature","id":"LFPN-b7e05ac6a8008d5660d2","properties":{"airport":"LFPN","name":"LFPN AVISO","layer":"Airfield surfaces","category":"Hard Surface 4","object_type":"Area","style_id":"polygon.hardsurface4.969393","source_group":"LFPN AVISO","vsmr_group_ids":[],"geometry_role":"filled_region"},"geometry":{"type":"Polygon","coordinates":[[[2.099917222,48.749265556],[2.099688611,48.749668889],[2.098718333,48.749469722],[2.100159722,48.748994722],[2.100031667,48.7491075],[2.099917222,48.749265556]]]}},{"type":"Feature","id":"LFPN-43fa3cf31df8390fc7f1","properties":{"airport":"LFPN","name":"LFPN AVISO","layer":"Airfield surfaces","category":"Hard Surface 4","object_type":"Area","style_id":"polygon.hardsurface4.969393","source_group":"LFPN AVISO","vsmr_group_ids":[],"geometry_role":"filled_region"},"geometry":{"type":"Polygon","coordinates":[[[2.096236944,48.75051],[2.098806389,48.751085556],[2.098674722,48.751336667],[2.096096944,48.750761389],[2.096236944,48.75051]]]}},{"type":"Feature","id":"LFPN-522f37f0e503714fe450","properties":{"airport":"LFPN","name":"LFPN AVISO","layer":"Airfield surfaces","category":"Grass runways","object_type":"Area","style_id":"polygon.runwaygrass.008000","source_group":"LFPN AVISO","vsmr_group_ids":[],"geometry_role":"filled_region"},"geometry":{"type":"Polygon","coordinates":[[[2.107883056,48.748874722],[2.109450833,48.749675833],[2.108955556,48.750107778],[2.107406944,48.749304444],[2.107883056,48.748874722]]]}},{"type":"Feature","id":"LFPN-ecf9ebb2cb1f224585cb","properties":{"airport":"LFPN","name":"LFPN AVISO","layer":"Airfield surfaces","category":"Hard Surface 2","object_type":"Area","style_id":"polygon.hardsurface2.595e5b","source_group":"LFPN AVISO","vsmr_group_ids":[],"geometry_role":"filled_region"},"geometry":{"type":"Polygon","coordinates":[[[2.097287222,48.749258333],[2.097266944,48.749196667],[2.097255,48.749114444],[2.097251389,48.749034722],[2.097250833,48.748996667],[2.097256944,48.748958056],[2.097268611,48.748916111],[2.0972875,48.748856389],[2.097349722,48.748723611],[2.097438056,48.748617778],[2.0975325,48.748529167],[2.0975825,48.748493611],[2.097676389,48.748431944],[2.097781944,48.748375],[2.097925556,48.748321944],[2.0980625,48.748279167],[2.098172778,48.748256944],[2.098289444,48.748237778],[2.098454722,48.748227778],[2.098608333,48.748226667],[2.098865,48.748233611],[2.099482222,48.748248056],[2.099624722,48.7482525],[2.099664167,48.748248889],[2.099703056,48.748238056],[2.0997475,48.748218611],[2.099788333,48.748188889],[2.099809722,48.748163611],[2.099821944,48.748133056],[2.0998225,48.748086111],[2.099949167,48.748089167],[2.0999475,48.7481325],[2.09995,48.7481525],[2.099959167,48.748173611],[2.099971389,48.748191667],[2.099993889,48.74821],[2.100019167,48.748227222],[2.100050278,48.748243611],[2.100086389,48.748256944],[2.100124444,48.748265278],[2.102033611,48.748311111],[2.102089444,48.748294444],[2.102139722,48.748276944],[2.102166667,48.748258333],[2.102188611,48.748229444],[2.102205556,48.748196667],[2.10221,48.748170833],[2.102211667,48.748147778],[2.102343611,48.748150833],[2.10234,48.748180833],[2.102344722,48.748210833],[2.102361667,48.748244444],[2.102388611,48.74827],[2.102425556,48.748291667],[2.102462778,48.748306944],[2.102466389,48.748444444],[2.10234,48.748445278],[2.10223,48.748451944],[2.102103056,48.748466389],[2.101985,48.748489167],[2.101823056,48.74853],[2.101455278,48.748651944],[2.100487222,48.748980278],[2.100421667,48.7489],[2.100935,48.748732778],[2.100983333,48.748697778],[2.101010556,48.748666667],[2.101026389,48.748629444],[2.101034444,48.748591667],[2.101031944,48.7485625],[2.101021667,48.748530833],[2.100997778,48.748496944],[2.100969167,48.748472778],[2.100935,48.748450833],[2.100892778,48.748430833],[2.100856389,48.748417778],[2.100812222,48.748410556],[2.0992225,48.748371944],[2.098507778,48.748354167],[2.098426389,48.748356944],[2.098338333,48.748364167],[2.098276111,48.748371944],[2.098210278,48.748383333],[2.098148889,48.748397222],[2.098083611,48.748417778],[2.098014167,48.748438056],[2.097925556,48.748472222],[2.097851667,48.748504444],[2.097771389,48.748550278],[2.097713056,48.748591389],[2.097653056,48.74864],[2.097613611,48.74868],[2.097556111,48.748743056],[2.097508333,48.748825],[2.097474722,48.748911944],[2.097451944,48.748985278],[2.097448056,48.749061389],[2.097454722,48.74913],[2.097470278,48.749196667],[2.097491944,48.749251389],[2.097301667,48.749289722],[2.097287222,48.749258333]]]}},{"type":"Feature","id":"LFPN-e680e8af35e5d6ca33ce","properties":{"airport":"LFPN","name":"LFPN AVISO","layer":"Airfield surfaces","category":"Hard Surface 2","object_type":"Area","style_id":"polygon.hardsurface2.595e5b","source_group":"LFPN AVISO","vsmr_group_ids":[],"geometry_role":"filled_region"},"geometry":{"type":"Polygon","coordinates":[[[2.096821389,48.749257222],[2.096804444,48.749198333],[2.096796389,48.749125833],[2.096800278,48.749054722],[2.096813611,48.748996111],[2.096838889,48.748945833],[2.096883889,48.748896111],[2.096934167,48.748853889],[2.096989722,48.748821944],[2.097042778,48.748793056],[2.097119722,48.748768333],[2.097160278,48.748760833],[2.097221389,48.748750278],[2.097274444,48.748736111],[2.097318889,48.748719444],[2.097360833,48.748696389],[2.097394722,48.748676389],[2.097339444,48.748813056],[2.097287222,48.7489125],[2.097232222,48.748885278],[2.097185556,48.748894167],[2.097147222,48.748908611],[2.097110556,48.748923333],[2.09708,48.748944444],[2.097052222,48.748966667],[2.097031667,48.748990278],[2.097011944,48.749020833],[2.097001389,48.749050833],[2.096993333,48.749090833],[2.096997222,48.749136111],[2.097006111,48.749192778],[2.0970125,48.749230556],[2.097023889,48.74926],[2.097046389,48.749288889],[2.097071111,48.7493125],[2.097093889,48.749328611],[2.096891389,48.749364722],[2.096856389,48.749326111],[2.096821389,48.749257222]]]}},{"type":"Feature","id":"LFPN-fd11f0fe3116ac928304","properties":{"airport":"LFPN","name":"LFPN AVISO","layer":"Airfield surfaces","category":"Hard Surface 2","object_type":"Area","style_id":"polygon.hardsurface2.595e5b","source_group":"LFPN AVISO","vsmr_group_ids":[],"geometry_role":"filled_region"},"geometry":{"type":"Polygon","coordinates":[[[2.102513056,48.748315278],[2.102579167,48.748320833],[2.103049444,48.748334722],[2.103511944,48.748348333],[2.103971111,48.748359722],[2.104576667,48.748373056],[2.106198889,48.748408333],[2.106988611,48.748423889],[2.1072975,48.748436667],[2.107367778,48.748443333],[2.107532222,48.748469167],[2.107641944,48.748495833],[2.107761389,48.748529444],[2.107874444,48.74857],[2.108110278,48.748676944],[2.108565278,48.748906389],[2.109036389,48.749149722],[2.109633889,48.749456111],[2.109665278,48.749468333],[2.109705556,48.7494775],[2.109758333,48.749482222],[2.109800833,48.749480833],[2.109843333,48.749471389],[2.109881944,48.749457778],[2.109923333,48.749461667],[2.110114444,48.7496475],[2.110228056,48.74985],[2.110302222,48.750058889],[2.110379722,48.7507525],[2.110411944,48.7508125],[2.110489722,48.750886667],[2.110596111,48.750942778],[2.112048333,48.751271389],[2.111940556,48.751522222],[2.111417222,48.751405],[2.110909722,48.751288611],[2.11085,48.751281944],[2.110788056,48.751281667],[2.110727778,48.751291389],[2.110675,48.751305833],[2.110626389,48.751324722],[2.110582778,48.751348889],[2.110486389,48.751406944],[2.110374444,48.751323889],[2.110384722,48.751301667],[2.110390556,48.751274167],[2.110387778,48.75124],[2.110374167,48.751195],[2.110349444,48.751160278],[2.110315556,48.7511325],[2.110283611,48.751111111],[2.110240556,48.751080833],[2.1101625,48.751025556],[2.110094167,48.750953889],[2.110055,48.750890278],[2.110028611,48.75085],[2.109861389,48.750807778],[2.109480833,48.750725278],[2.109433333,48.7507325],[2.109404722,48.750741389],[2.1093875,48.750754167],[2.109304444,48.750919722],[2.109292222,48.750924444],[2.109275833,48.750926667],[2.109068333,48.750878611],[2.1090525,48.750872222],[2.10905,48.750863333],[2.109113611,48.750731944],[2.109205,48.750565833],[2.109257778,48.750458056],[2.109300833,48.750364444],[2.109557778,48.750427222],[2.1094875,48.75057],[2.109480278,48.750618611],[2.109498056,48.750652222],[2.109533611,48.750672222],[2.109784167,48.750720556],[2.10987,48.750733611],[2.109954444,48.750724722],[2.109988889,48.750702222],[2.109997778,48.750672778],[2.109978611,48.750494444],[2.1099675,48.750361944],[2.109941944,48.750323056],[2.1098925,48.7503],[2.109842778,48.750295833],[2.109815278,48.750295556],[2.109788333,48.750171667],[2.109849167,48.750162222],[2.1098975,48.750140556],[2.109926667,48.750113333],[2.109923056,48.750054444],[2.1098925,48.749952778],[2.109757222,48.749748333],[2.109613056,48.749620278],[2.109424167,48.749503056],[2.108996944,48.749286944],[2.108308056,48.748946389],[2.108199167,48.748899444],[2.108128889,48.748905833],[2.108061389,48.748945556],[2.107993611,48.749006667],[2.107826667,48.748940833],[2.107938333,48.7488375],[2.107936944,48.748766944],[2.107750278,48.748676389],[2.107694167,48.748676944],[2.107633889,48.748689167],[2.107584167,48.748730556],[2.107398611,48.748692778],[2.107402222,48.748629444],[2.107375,48.748596111],[2.107305833,48.748575278],[2.106990556,48.748555556],[2.106566111,48.748544444],[2.106483611,48.748550556],[2.106438333,48.748581111],[2.106404444,48.748606944],[2.106348889,48.748603889],[2.106310833,48.748552222],[2.106151944,48.748538889],[2.105567222,48.748524722],[2.104728333,48.748503889],[2.104503889,48.748498056],[2.104403333,48.748524444],[2.1043525,48.748572222],[2.104345556,48.748643611],[2.104164167,48.748639167],[2.104156111,48.748548056],[2.104097778,48.748500556],[2.104010556,48.748487778],[2.102664444,48.748453889],[2.102455,48.748444444],[2.102455278,48.748305],[2.102513056,48.748315278]]]}},{"type":"Feature","id":"LFPN-a5de5b0a5bf1ccd42076","properties":{"airport":"LFPN","name":"LFPN AVISO","layer":"Airfield surfaces","category":"Hard Surface 2","object_type":"Area","style_id":"polygon.hardsurface2.595e5b","source_group":"LFPN AVISO","vsmr_group_ids":[],"geometry_role":"filled_region"},"geometry":{"type":"Polygon","coordinates":[[[2.113191389,48.751543056],[2.113180278,48.751572778],[2.113175278,48.751590556],[2.113177778,48.751607222],[2.113183611,48.751626667],[2.113196667,48.751648056],[2.113210833,48.751661111],[2.113223889,48.751668611],[2.113233611,48.751671944],[2.113251389,48.7516725],[2.113270278,48.75167],[2.11329,48.751659167],[2.113304167,48.7516425],[2.113314167,48.751615833],[2.113338889,48.751576389],[2.113663889,48.751653333],[2.113678333,48.751683056],[2.113696944,48.751710833],[2.113719722,48.751738056],[2.113744167,48.751760278],[2.113771389,48.751774444],[2.113822778,48.751797222],[2.113876389,48.751815],[2.113924722,48.751827778],[2.113986389,48.751836944],[2.114040556,48.751844722],[2.114101111,48.751845833],[2.114150833,48.751842222],[2.114203333,48.751830833],[2.114251944,48.751817778],[2.114306389,48.751793333],[2.114356667,48.751766111],[2.114396389,48.751738333],[2.114433333,48.751698889],[2.114457778,48.75166],[2.114585278,48.751685],[2.114571389,48.751715556],[2.114564722,48.751740556],[2.114566389,48.751765556],[2.114571944,48.751793611],[2.114586389,48.751811111],[2.114602778,48.751825278],[2.114621389,48.751836389],[2.114641667,48.751843611],[2.114672222,48.751845556],[2.11471,48.751843056],[2.114745,48.751836944],[2.114772778,48.751826111],[2.114803611,48.7518075],[2.114823889,48.751785278],[2.114840833,48.751757222],[2.114856111,48.751728056],[2.114974444,48.751760833],[2.114961389,48.751788611],[2.114951944,48.751810556],[2.114944722,48.751835556],[2.114945833,48.751867222],[2.114956389,48.751893889],[2.1149725,48.751917778],[2.115008056,48.751924167],[2.115018056,48.751950833],[2.115030556,48.751978056],[2.1150475,48.752007778],[2.115074167,48.752039444],[2.115111389,48.752073333],[2.115155556,48.752101111],[2.115204722,48.752121667],[2.115301667,48.752155278],[2.115380556,48.752183889],[2.115464167,48.7522225],[2.115542778,48.752263056],[2.1156175,48.752314444],[2.115691111,48.752370556],[2.115740556,48.752413333],[2.115791389,48.752468056],[2.115838333,48.752523611],[2.115870833,48.752575],[2.115895278,48.752632778],[2.115920278,48.752696667],[2.1159375,48.752741667],[2.1159475,48.752758333],[2.115969167,48.752773056],[2.116003889,48.752786944],[2.116040833,48.752796667],[2.116078889,48.752796944],[2.11632,48.752790833],[2.116356111,48.752785278],[2.116383611,48.752776667],[2.116418056,48.752761667],[2.116458056,48.752748333],[2.116496944,48.752743611],[2.116536111,48.752744722],[2.116571111,48.752753889],[2.116599167,48.752769444],[2.116616111,48.752787222],[2.11663,48.752811667],[2.11663,48.752841111],[2.116618056,48.752866389],[2.116595,48.752888611],[2.1165725,48.7529025],[2.1165475,48.752911667],[2.116519444,48.752916667],[2.116488611,48.752916667],[2.116453333,48.7529075],[2.116426389,48.752892778],[2.116396389,48.752884722],[2.116356944,48.752874722],[2.116150833,48.752878889],[2.116059722,48.752885],[2.116026667,48.752891111],[2.115999167,48.752898889],[2.115977778,48.752914167],[2.115966111,48.752923889],[2.115966389,48.752923889],[2.115959167,48.752946667],[2.115949444,48.752974722],[2.115946389,48.752994444],[2.115948611,48.753003611],[2.115906667,48.753151944],[2.115884444,48.753194722],[2.115864167,48.753228611],[2.115837778,48.753269722],[2.115795556,48.753314444],[2.1156075,48.753237778],[2.115636389,48.753206667],[2.115664167,48.753169167],[2.115691944,48.753128056],[2.1157125,48.753081111],[2.115735278,48.753022778],[2.115744167,48.752973889],[2.115753333,48.752917778],[2.115759167,48.7528625],[2.115754167,48.752806389],[2.115745833,48.752751389],[2.115722222,48.752690278],[2.11569,48.752627778],[2.115644167,48.752559722],[2.115608056,48.752513056],[2.115555,48.752464167],[2.1155,48.752418056],[2.115448611,48.7523825],[2.115384444,48.752344167],[2.1153125,48.752307222],[2.115235,48.752273333],[2.1151525,48.752245],[2.115011111,48.752209167],[2.114862222,48.752176667],[2.113626111,48.751900556],[2.113594167,48.751895556],[2.1135575,48.751899167],[2.113525833,48.751905833],[2.113500833,48.751921111],[2.1134775,48.751940556],[2.1134625,48.751961389],[2.113419444,48.75214],[2.113243611,48.7521025],[2.113258333,48.752054722],[2.113269722,48.752010833],[2.113273056,48.751975],[2.113268889,48.751941944],[2.113253056,48.751912222],[2.113231667,48.751883889],[2.113213611,48.751860556],[2.113177222,48.751842778],[2.113147778,48.751834167],[2.113118611,48.751835278],[2.113080278,48.751838056],[2.113039444,48.751845833],[2.113006944,48.751856389],[2.112976944,48.751879722],[2.112959722,48.751919167],[2.112937778,48.752031111],[2.112485,48.751936944],[2.112522778,48.751809722],[2.112529167,48.751746389],[2.112529167,48.751705],[2.112523333,48.751683056],[2.112506944,48.751664444],[2.112479722,48.751646944],[2.1124325,48.751630556],[2.111936944,48.751521389],[2.112038333,48.751284722],[2.113191389,48.751543056]]]}},{"type":"Feature","id":"LFPN-1b65d774bb315302d9c4","properties":{"airport":"LFPN","name":"LFPN AVISO","layer":"Airfield surfaces","category":"Hard Surface 2","object_type":"Area","style_id":"polygon.hardsurface2.595e5b","source_group":"LFPN AVISO","vsmr_group_ids":[],"geometry_role":"filled_region"},"geometry":{"type":"Polygon","coordinates":[[[2.115972222,48.753023611],[2.116006111,48.753045556],[2.116049444,48.753068333],[2.116096944,48.753098611],[2.116135,48.7531275],[2.116168333,48.753168889],[2.116191667,48.753203889],[2.116203611,48.753244167],[2.116201944,48.753276111],[2.116194444,48.753311944],[2.116180833,48.753342222],[2.116165,48.753370833],[2.116144444,48.753398333],[2.116124444,48.753414444],[2.115996389,48.753341944],[2.116017222,48.753324722],[2.116032222,48.753308056],[2.116041111,48.753281389],[2.116044722,48.7532575],[2.116038889,48.753229444],[2.116019167,48.753202222],[2.115993333,48.7531775],[2.115966389,48.753159444],[2.115939167,48.75315],[2.115881944,48.753148056],[2.11594,48.75299],[2.115972222,48.753023611]]]}},{"type":"Feature","id":"LFPN-41d3fbfac2bf96de87d8","properties":{"airport":"LFPN","name":"LFPN AVISO","layer":"Airfield surfaces","category":"Hard Surface 2","object_type":"Area","style_id":"polygon.hardsurface2.595e5b","source_group":"LFPN AVISO","vsmr_group_ids":[],"geometry_role":"filled_region"},"geometry":{"type":"Polygon","coordinates":[[[2.114894167,48.75052],[2.114890556,48.750542778],[2.114898333,48.750577222],[2.1149125,48.750608056],[2.114939167,48.750639167],[2.114976944,48.750671389],[2.115012778,48.750693333],[2.115056389,48.750710278],[2.115099722,48.750719167],[2.115143611,48.750725],[2.115185556,48.750723889],[2.115201389,48.750816667],[2.115153333,48.750833056],[2.115109722,48.750852222],[2.115075,48.750871944],[2.115040278,48.750894167],[2.115010833,48.750918889],[2.114973056,48.750958056],[2.114943333,48.750996389],[2.114921944,48.751035278],[2.114584167,48.751685278],[2.114457778,48.751660278],[2.114635556,48.751319167],[2.114813611,48.750973611],[2.114818889,48.750959167],[2.114818333,48.750950278],[2.114797778,48.750948056],[2.114780278,48.750950278],[2.114774722,48.750941389],[2.114774444,48.750929167],[2.114798333,48.750870833],[2.114808056,48.750835],[2.114812778,48.750797778],[2.114815,48.750744167],[2.114803889,48.750689444],[2.114791389,48.750642222],[2.114769722,48.750606944],[2.114738056,48.750573611],[2.114705,48.7505425],[2.114894167,48.75052]]]}},{"type":"Feature","id":"LFPN-6e672d94647884bd4172","properties":{"airport":"LFPN","name":"LFPN AVISO","layer":"Airfield surfaces","category":"Hard Surface 2","object_type":"Area","style_id":"polygon.hardsurface2.595e5b","source_group":"LFPN AVISO","vsmr_group_ids":[],"geometry_role":"filled_region"},"geometry":{"type":"Polygon","coordinates":[[[2.115255833,48.7507125],[2.115325,48.750686111],[2.115372778,48.750641111],[2.115396944,48.750604167],[2.115388056,48.750560833],[2.115357222,48.750494167],[2.115311667,48.750413611],[2.115285278,48.750394722],[2.115242778,48.7503775],[2.115203056,48.750366111],[2.11514,48.750358611],[2.115446111,48.750297222],[2.115430833,48.750311111],[2.1154225,48.750326111],[2.115424167,48.750343056],[2.115514444,48.750536111],[2.115536944,48.7505975],[2.115545,48.750616667],[2.1155575,48.75063],[2.115571111,48.750638056],[2.115589167,48.750643056],[2.115606667,48.750644444],[2.115619167,48.7506425],[2.115654167,48.750728333],[2.115608333,48.750743889],[2.115572778,48.750758611],[2.115538333,48.750776389],[2.115508889,48.750794722],[2.115485833,48.750813889],[2.1154575,48.750841111],[2.115437778,48.750866667],[2.115183889,48.751360278],[2.114996389,48.751723056],[2.114973889,48.751761111],[2.114855556,48.751729167],[2.115068333,48.751314167],[2.115175,48.751106111],[2.1152275,48.751005833],[2.115299444,48.750866111],[2.115306667,48.750851111],[2.115307778,48.750845],[2.11529,48.750821389],[2.115266389,48.750810556],[2.115236667,48.750808889],[2.115192222,48.750817778],[2.115181944,48.750725],[2.115255833,48.7507125]]]}},{"type":"Feature","id":"LFPN-89c5c8027af8083a4a46","properties":{"airport":"LFPN","name":"LFPN AVISO","layer":"Airfield surfaces","category":"Hard Surface 2","object_type":"Area","style_id":"polygon.hardsurface2.595e5b","source_group":"LFPN AVISO","vsmr_group_ids":[],"geometry_role":"filled_region"},"geometry":{"type":"Polygon","coordinates":[[[2.115185,48.749627222],[2.115105,48.749870556],[2.115050556,48.750023056],[2.115041667,48.750075278],[2.115031389,48.750104167],[2.115031389,48.750128056],[2.115041667,48.750151389],[2.115058611,48.750176667],[2.115084167,48.750197778],[2.115114167,48.750215556],[2.115149444,48.750228333],[2.115185556,48.750238333],[2.115225278,48.750241111],[2.115275278,48.750239444],[2.115406944,48.750218611],[2.1154475,48.7502975],[2.1151425,48.750358333],[2.115097778,48.750364722],[2.115056111,48.750376389],[2.115005,48.750394167],[2.114972222,48.750412778],[2.114944722,48.750431389],[2.114921389,48.750454444],[2.114904722,48.7504825],[2.114896944,48.750503889],[2.114894167,48.750520833],[2.114705833,48.750542778],[2.1146925,48.750530278],[2.114675278,48.7505175],[2.114650278,48.750506111],[2.114607778,48.750493056],[2.114655833,48.750364444],[2.114710556,48.750357222],[2.1147975,48.750336667],[2.114821111,48.7503275],[2.1148375,48.750297778],[2.114853333,48.7502575],[2.114871389,48.750188056],[2.114899722,48.750092222],[2.114993056,48.749819722],[2.1150575,48.749632222],[2.115057778,48.749618611],[2.115050556,48.749605278],[2.115042222,48.749590833],[2.11502,48.749575],[2.115005278,48.7495675],[2.115001389,48.749437778],[2.115023056,48.749421667],[2.115041944,48.749404722],[2.115053611,48.749385556],[2.1150575,48.749368611],[2.115056111,48.749353889],[2.115301944,48.749309444],[2.115314722,48.749331389],[2.115328333,48.749348889],[2.11534,48.74936],[2.115352778,48.749368611],[2.115363333,48.749463333],[2.115331389,48.749471944],[2.115306667,48.749483611],[2.115275,48.749502222],[2.115248056,48.749520278],[2.115224722,48.749543056],[2.115204722,48.749572222],[2.115185,48.749627222]]]}},{"type":"Feature","id":"LFPN-9b8e333e355701c1ee38","properties":{"airport":"LFPN","name":"LFPN AVISO","layer":"Airfield surfaces","category":"Hard Surface 2","object_type":"Area","style_id":"polygon.hardsurface2.595e5b","source_group":"LFPN AVISO","vsmr_group_ids":[],"geometry_role":"filled_region"},"geometry":{"type":"Polygon","coordinates":[[[2.115641389,48.750171389],[2.1156025,48.750079444],[2.116138889,48.749975],[2.116176944,48.750066667],[2.1163275,48.750036389],[2.116289722,48.7499475],[2.116564722,48.749894167],[2.116605,48.749982778],[2.116919167,48.749923889],[2.116880833,48.749832778],[2.116958611,48.749817778],[2.116999167,48.749907778],[2.117246944,48.749859444],[2.1172025,48.749770278],[2.117561111,48.749700833],[2.117609722,48.749791389],[2.117692222,48.749776944],[2.117647222,48.749685833],[2.118420556,48.749535556],[2.118449444,48.749626389],[2.118491944,48.749618611],[2.118452222,48.749527778],[2.118785278,48.749463611],[2.118821944,48.749554167],[2.1188125,48.749556111],[2.118869722,48.749695556],[2.118915,48.749790833],[2.118950556,48.749876944],[2.118998333,48.750006667],[2.119017222,48.750055278],[2.119024444,48.750077778],[2.119,48.750086389],[2.118998333,48.750094722],[2.119027778,48.750124167],[2.119143333,48.750103056],[2.119158333,48.750148056],[2.118658056,48.750245],[2.118643889,48.750201944],[2.118896667,48.75015],[2.118888333,48.750119722],[2.118884444,48.750111667],[2.118873056,48.750106944],[2.118756667,48.750127778],[2.118558611,48.7501625],[2.118561389,48.750181944],[2.118589722,48.750257222],[2.117810556,48.750409167],[2.11777,48.750319167],[2.117538333,48.750362778],[2.117573056,48.750456111],[2.117498889,48.750471389],[2.117456944,48.750379722],[2.117215556,48.750425],[2.117258611,48.750516667],[2.116955833,48.750576389],[2.1169175,48.750486389],[2.116770556,48.750513611],[2.1168125,48.750603889],[2.116519167,48.750661389],[2.116479444,48.750570278],[2.116410833,48.75058],[2.116240556,48.750612222],[2.116264167,48.750693611],[2.1162775,48.750706944],[2.115833889,48.750789444],[2.115954722,48.750686667],[2.115958889,48.750678333],[2.115952778,48.750673333],[2.115943611,48.750671667],[2.115721111,48.750712222],[2.115683611,48.750719167],[2.115651111,48.750728889],[2.115617778,48.750644444],[2.115866389,48.750594722],[2.116504722,48.750469444],[2.116932222,48.750393056],[2.117351389,48.750311667],[2.117803889,48.750223333],[2.118228611,48.75014],[2.118634167,48.750065833],[2.118728611,48.750037222],[2.1187725,48.749997222],[2.118803056,48.749958889],[2.118814444,48.749910278],[2.118808611,48.749858889],[2.118783056,48.749798333],[2.118712778,48.74974],[2.118621111,48.749712778],[2.118531111,48.749704722],[2.118306944,48.749740833],[2.117832222,48.749833056],[2.116999167,48.749998611],[2.116244444,48.750143056],[2.115440278,48.750298333],[2.115405278,48.750218889],[2.115641389,48.750171389]]]}},{"type":"Feature","id":"LFPN-96f9b0b3700e8e3f4cc3","properties":{"airport":"LFPN","name":"LFPN AVISO","layer":"Airfield surfaces","category":"Hard Surface 2","object_type":"Area","style_id":"polygon.hardsurface2.595e5b","source_group":"LFPN AVISO","vsmr_group_ids":[],"geometry_role":"filled_region"},"geometry":{"type":"Polygon","coordinates":[[[2.102700278,48.748296667],[2.103445278,48.748143611],[2.103613889,48.748104167],[2.103818056,48.748051111],[2.103822222,48.747940278],[2.104011111,48.747895],[2.104180833,48.747856111],[2.104321667,48.747823889],[2.104401389,48.747812222],[2.104492778,48.747801667],[2.104625,48.747793056],[2.104760556,48.747787222],[2.104761944,48.747883611],[2.105231944,48.747886667],[2.105646667,48.747889444],[2.10609,48.747899167],[2.106375278,48.7479075],[2.106431667,48.747904444],[2.10647,48.747886111],[2.106495833,48.747865833],[2.106500278,48.747848056],[2.106496389,48.747832222],[2.106488889,48.747816944],[2.106495,48.747811111],[2.107319722,48.747838333],[2.107709167,48.747943889],[2.110193889,48.749223056],[2.109991667,48.749377778],[2.109930833,48.749341667],[2.109583889,48.749170833],[2.109094167,48.748918611],[2.109050833,48.748941944],[2.109014444,48.748972778],[2.108993333,48.749000278],[2.108982222,48.7490325],[2.108976944,48.749065556],[2.108988333,48.749100278],[2.109015556,48.749129167],[2.109050833,48.749159444],[2.108572222,48.748914167],[2.108610833,48.748921667],[2.108653333,48.748924722],[2.108686667,48.748921944],[2.108730278,48.748911389],[2.108765556,48.748896389],[2.108805278,48.7488725],[2.108833056,48.748844167],[2.108850278,48.748823611],[2.108853611,48.748812778],[2.108843611,48.7488025],[2.108589444,48.748673056],[2.108435833,48.748596389],[2.108422222,48.748602778],[2.108316389,48.748696944],[2.108254444,48.748753056],[2.1081175,48.748690833],[2.108281667,48.748542222],[2.108283333,48.748530278],[2.108277778,48.748521111],[2.108269167,48.748510278],[2.107971944,48.748358889],[2.107923333,48.748338056],[2.107892222,48.748357222],[2.107863056,48.748381111],[2.107840556,48.748404167],[2.107826667,48.7484375],[2.107816667,48.748476111],[2.107814444,48.748504722],[2.107825833,48.748527778],[2.107851389,48.748551111],[2.10789,48.748578889],[2.107336944,48.7484425],[2.107396944,48.748438611],[2.107446667,48.748429444],[2.107491111,48.748414722],[2.1075275,48.748393611],[2.107611667,48.748316667],[2.107706944,48.748225556],[2.107526389,48.748134444],[2.107455833,48.748098056],[2.107399444,48.748077778],[2.107323333,48.748055556],[2.107259722,48.748044167],[2.107169167,48.748035278],[2.106946389,48.748018889],[2.106873611,48.748015833],[2.106844722,48.748022222],[2.106823333,48.748034722],[2.106811111,48.748047778],[2.106796667,48.748259722],[2.106799722,48.74832],[2.106809167,48.748348611],[2.106823056,48.748368056],[2.106847222,48.748388889],[2.106873333,48.748405],[2.10691,48.748417222],[2.107001944,48.748432222],[2.106354722,48.748414722],[2.106404444,48.748406389],[2.106437222,48.748389722],[2.106474167,48.748363056],[2.106513056,48.748324444],[2.106530556,48.748299444],[2.106537778,48.748270556],[2.106543056,48.748159444],[2.106552222,48.748029722],[2.106535833,48.747998611],[2.106391111,48.747994167],[2.106248889,48.747979444],[2.1058275,48.747963333],[2.105585833,48.74796],[2.105326944,48.747961389],[2.105041389,48.747964444],[2.10479,48.747970833],[2.104555833,48.747978333],[2.104504444,48.747980278],[2.104473889,48.747983056],[2.104453056,48.747990278],[2.104438333,48.747997778],[2.104426667,48.748012222],[2.104417222,48.748053611],[2.104408611,48.748104167],[2.104405,48.748173056],[2.104406389,48.748248056],[2.104408056,48.7482775],[2.104415833,48.748297222],[2.10444,48.748318889],[2.104473611,48.748338056],[2.104509167,48.748354722],[2.104560833,48.748369167],[2.104599167,48.748377222],[2.103948333,48.748363056],[2.103989167,48.7483575],[2.104031389,48.748343889],[2.104074167,48.748324167],[2.104116667,48.748289444],[2.104139167,48.74825],[2.104150278,48.748212778],[2.104151111,48.748172778],[2.10415,48.748113889],[2.104148333,48.748092222],[2.1041425,48.748076111],[2.1041325,48.748066389],[2.104117222,48.748061111],[2.104099167,48.748061111],[2.103409167,48.748228611],[2.103087778,48.748305833],[2.103063333,48.74831],[2.1030525,48.748315833],[2.103047222,48.748322222],[2.103046389,48.748328611],[2.103047778,48.748336111],[2.102578056,48.748325278],[2.102700278,48.748296667]]]}},{"type":"Feature","id":"LFPN-b4d25736b4af9dc4084c","properties":{"airport":"LFPN","name":"LFPN AVISO","layer":"Airfield surfaces","category":"Hard Surface 3","object_type":"Area","style_id":"polygon.hardsurface3.8a807f","source_group":"LFPN AVISO","vsmr_group_ids":[],"geometry_role":"filled_region"},"geometry":{"type":"Polygon","coordinates":[[[2.099908056,48.746524444],[2.099914167,48.746513611],[2.100038056,48.746519167],[2.100555278,48.746525278],[2.100544167,48.746717222],[2.100109722,48.746701111],[2.100075,48.746703889],[2.100048056,48.74671],[2.100031389,48.746718333],[2.1000225,48.746729167],[2.100011667,48.746919722],[2.100018889,48.746932222],[2.100031667,48.746940556],[2.100044722,48.746942778],[2.100059444,48.746943889],[2.100156389,48.7469425],[2.100163056,48.746839167],[2.100564444,48.746849722],[2.100562222,48.747106667],[2.100540556,48.747553056],[2.100521389,48.7478275],[2.100476389,48.74808],[2.100093889,48.748075],[2.100097222,48.748007778],[2.099956111,48.748002778],[2.099948611,48.748091111],[2.0998225,48.748088056],[2.099908056,48.746524444]]]}},{"type":"Feature","id":"LFPN-693f0b4c96de21b6e7d9","properties":{"airport":"LFPN","name":"LFPN AVISO","layer":"Airfield surfaces","category":"Hard Surface 3","object_type":"Area","style_id":"polygon.hardsurface3.8a807f","source_group":"LFPN AVISO","vsmr_group_ids":[],"geometry_role":"filled_region"},"geometry":{"type":"Polygon","coordinates":[[[2.102727222,48.746706389],[2.103010833,48.746718889],[2.102930278,48.748014722],[2.102655556,48.748011111],[2.102668611,48.747829722],[2.102366111,48.747825833],[2.102343889,48.748151389],[2.102211667,48.748149167],[2.102213611,48.7480375],[2.102078611,48.748035833],[2.102073056,48.748107778],[2.101612222,48.748091667],[2.101629444,48.747805278],[2.102084722,48.747815278],[2.102078056,48.747953611],[2.102216389,48.747953889],[2.102288889,48.746589722],[2.102431111,48.746591389],[2.102409167,48.74697],[2.102710278,48.746976667],[2.102727222,48.746706389]]]}},{"type":"Feature","id":"LFPN-60c88db27520312fd608","properties":{"airport":"LFPN","name":"LFPN AVISO","layer":"Airfield surfaces","category":"Hard Surface 3","object_type":"Area","style_id":"polygon.hardsurface3.8a807f","source_group":"LFPN AVISO","vsmr_group_ids":[],"geometry_role":"filled_region"},"geometry":{"type":"Polygon","coordinates":[[[2.106355,48.747126111],[2.106566111,48.747423889],[2.106521667,48.747439444],[2.106499444,48.747456389],[2.106484167,48.747481389],[2.106479722,48.747501667],[2.106486111,48.7475225],[2.106523333,48.747569722],[2.106585,48.747648611],[2.106626944,48.747702778],[2.106648889,48.747716389],[2.106681389,48.747726944],[2.106714722,48.747731944],[2.106751111,48.747731111],[2.106783056,48.747718333],[2.106814722,48.747698611],[2.106848333,48.747670556],[2.106888889,48.747621944],[2.106945556,48.7475625],[2.107033889,48.747475833],[2.106979444,48.747448056],[2.107135,48.747317222],[2.107529722,48.747511389],[2.107607778,48.747574722],[2.108040833,48.747794167],[2.110391944,48.748932778],[2.110102778,48.7492],[2.107789444,48.748029444],[2.107651944,48.747966667],[2.107580556,48.747934722],[2.107501389,48.747909722],[2.107418056,48.747889167],[2.107336667,48.747873889],[2.107260278,48.747862222],[2.107138889,48.747852222],[2.106489722,48.747817778],[2.106437778,48.747744167],[2.106302778,48.747558333],[2.1062875,48.747538611],[2.106270556,48.747531389],[2.106251944,48.747528056],[2.106219444,48.747539444],[2.105998611,48.747250278],[2.106355,48.747126111]]]}},{"type":"Feature","id":"LFPN-dfcf869716e3421203f3","properties":{"airport":"LFPN","name":"LFPN AVISO","layer":"Airfield surfaces","category":"Hard Surface 3","object_type":"Area","style_id":"polygon.hardsurface3.8a807f","source_group":"LFPN AVISO","vsmr_group_ids":[],"geometry_role":"filled_region"},"geometry":{"type":"Polygon","coordinates":[[[2.110514444,48.7489875],[2.110734444,48.749029444],[2.111199167,48.749128333],[2.111520556,48.749178889],[2.111508056,48.749205556],[2.111749722,48.749246667],[2.111668333,48.749460556],[2.111390833,48.749417778],[2.111366111,48.749414444],[2.11135,48.749416111],[2.111331667,48.749423611],[2.111315,48.749433889],[2.111300556,48.7494475],[2.111288889,48.749464167],[2.111283333,48.7494825],[2.111287778,48.749506944],[2.111300556,48.749530556],[2.111322778,48.749548333],[2.111448889,48.749971944],[2.111300556,48.750040278],[2.111255,48.750066111],[2.111228056,48.750085],[2.11121,48.750108056],[2.111201389,48.750134444],[2.111197778,48.750163333],[2.111206667,48.750221389],[2.111285278,48.750842222],[2.111292222,48.750852778],[2.111311111,48.750862778],[2.112988333,48.751236111],[2.113320556,48.751310833],[2.113194722,48.751543889],[2.110852778,48.751018889],[2.110699167,48.750990278],[2.110615556,48.750971944],[2.110566944,48.750954444],[2.110500556,48.750923611],[2.110446667,48.75089],[2.110416667,48.750860833],[2.110385556,48.750833611],[2.110365833,48.750809722],[2.110356111,48.750786111],[2.110335556,48.750671389],[2.110301944,48.750387222],[2.110265,48.750055],[2.110258889,48.750031111],[2.110176111,48.749815],[2.110160833,48.749781389],[2.1101425,48.749748333],[2.110106667,48.749701944],[2.109878611,48.749458056],[2.109910278,48.749442778],[2.109936389,48.749426389],[2.109966111,48.749406667],[2.109981944,48.749386667],[2.109991944,48.749376111],[2.110169167,48.749231944],[2.110101111,48.749198611],[2.110378889,48.748928611],[2.110514444,48.7489875]]]}},{"type":"Feature","id":"LFPN-c1ce4db1028fbf864083","properties":{"airport":"LFPN","name":"LFPN AVISO","layer":"Airfield surfaces","category":"Hard Surface 3","object_type":"Area","style_id":"polygon.hardsurface3.8a807f","source_group":"LFPN AVISO","vsmr_group_ids":[],"geometry_role":"filled_region"},"geometry":{"type":"Polygon","coordinates":[[[2.112003889,48.749290556],[2.112018056,48.749263056],[2.1128175,48.749399444],[2.113401944,48.7494975],[2.113699167,48.749542222],[2.113688333,48.749596111],[2.1136525,48.74976],[2.113634444,48.7498],[2.113608611,48.749831667],[2.113568611,48.749856389],[2.113156667,48.750011944],[2.1131325,48.750020556],[2.113110833,48.750031389],[2.113081389,48.750035],[2.113055,48.750033611],[2.112970833,48.750021111],[2.112951389,48.750009722],[2.1129175,48.749963889],[2.112888333,48.749936667],[2.112861111,48.749916944],[2.112827222,48.749899444],[2.112778333,48.749888889],[2.112492222,48.749840556],[2.112531667,48.749734722],[2.112554722,48.749750833],[2.1125875,48.749765],[2.112819444,48.749803056],[2.112877778,48.749811944],[2.1129325,48.749814722],[2.112982778,48.749808889],[2.113018056,48.7497975],[2.113044167,48.74978],[2.11306,48.749756111],[2.113074444,48.749721944],[2.113082778,48.749699444],[2.112564444,48.749610556],[2.111661111,48.749459167],[2.111741944,48.749245],[2.112003889,48.749290556]]]}},{"type":"Feature","id":"LFPN-ff9be0336c005a47301e","properties":{"airport":"LFPN","name":"LFPN AVISO","layer":"Airfield surfaces","category":"Hard Surface 3","object_type":"Area","style_id":"polygon.hardsurface3.8a807f","source_group":"LFPN AVISO","vsmr_group_ids":[],"geometry_role":"filled_region"},"geometry":{"type":"Polygon","coordinates":[[[2.111639444,48.749604167],[2.111677778,48.749609167],[2.111715,48.7496075],[2.111744444,48.749592778],[2.111763611,48.749579444],[2.111772778,48.749564444],[2.1117775,48.749536389],[2.111770278,48.749513611],[2.111753611,48.749491667],[2.111728611,48.749468333],[2.111735,48.749459722],[2.1120075,48.749511944],[2.1119725,48.749521389],[2.111926944,48.749539722],[2.111909444,48.749556667],[2.111897778,48.749579722],[2.111897222,48.749603889],[2.111903056,48.749623056],[2.111924722,48.749646111],[2.111956111,48.749661111],[2.112241667,48.749708056],[2.112279722,48.749712222],[2.112320556,48.749711389],[2.112349444,48.749702778],[2.112373889,48.749686944],[2.112387222,48.7496725],[2.112401111,48.749644444],[2.112405,48.749630556],[2.112408333,48.749613333],[2.112402778,48.749599167],[2.112390833,48.749586389],[2.112375833,48.749571389],[2.112563333,48.749594444],[2.112520278,48.749684167],[2.112518611,48.749704722],[2.112523056,48.749721389],[2.112533889,48.749739722],[2.112500556,48.749841389],[2.111973056,48.749755556],[2.111430556,48.749979444],[2.111297778,48.749548889],[2.111320833,48.7495475],[2.111358333,48.749559444],[2.111563889,48.749594167],[2.111639444,48.749604167]]]}},{"type":"Feature","id":"LFPN-d5a6995c81d0ddf5cef8","properties":{"airport":"LFPN","name":"LFPN AVISO","layer":"Airfield surfaces","category":"Hard Surface 3","object_type":"Area","style_id":"polygon.hardsurface3.8a807f","source_group":"LFPN AVISO","vsmr_group_ids":[],"geometry_role":"filled_region"},"geometry":{"type":"Polygon","coordinates":[[[2.115653333,48.750969722],[2.115651944,48.750955833],[2.115749444,48.750857222],[2.115835278,48.750788333],[2.116276667,48.750706667],[2.116519722,48.750660556],[2.116810556,48.750600556],[2.1168725,48.750729722],[2.117008889,48.750700833],[2.116955556,48.750575278],[2.1172575,48.750515556],[2.117347778,48.750693333],[2.116095556,48.750934167],[2.116224167,48.751224722],[2.116216111,48.751243333],[2.115822778,48.751328056],[2.115653333,48.750969722]]]}},{"type":"Feature","id":"LFPN-15328f6128da247e7d4a","properties":{"airport":"LFPN","name":"LFPN AVISO","layer":"Airfield surfaces","category":"Hard Surface 3","object_type":"Area","style_id":"polygon.hardsurface3.8a807f","source_group":"LFPN AVISO","vsmr_group_ids":[],"geometry_role":"filled_region"},"geometry":{"type":"Polygon","coordinates":[[[2.1175725,48.750455278],[2.117618889,48.750558333],[2.117630556,48.750568889],[2.117642778,48.750575556],[2.117656111,48.750576389],[2.117785,48.750552778],[2.117879722,48.750774167],[2.117520556,48.750843611],[2.117481389,48.750756389],[2.117479722,48.750743056],[2.117486944,48.750732778],[2.117506111,48.750721944],[2.117601111,48.750703889],[2.117498611,48.75047],[2.1175725,48.750455278]]]}},{"type":"Feature","id":"LFPN-6178fa91a97a7730e835","properties":{"airport":"LFPN","name":"LFPN AVISO","layer":"Airfield surfaces","category":"Hard Surface 3","object_type":"Area","style_id":"polygon.hardsurface3.8a807f","source_group":"LFPN AVISO","vsmr_group_ids":[],"geometry_role":"filled_region"},"geometry":{"type":"Polygon","coordinates":[[[2.118658611,48.750243889],[2.1191825,48.7501425],[2.119236111,48.750265556],[2.119173056,48.750279167],[2.119196111,48.750333611],[2.118801667,48.750409722],[2.118655278,48.7504375],[2.117891944,48.750590556],[2.117810556,48.750408056],[2.118588889,48.750256389],[2.118658611,48.750243889]]]}},{"type":"Feature","id":"LFPN-a17873a72a38f094c3ac","properties":{"airport":"LFPN","name":"LFPN AVISO","layer":"Airfield surfaces","category":"Hard Surface 3","object_type":"Area","style_id":"polygon.hardsurface3.8a807f","source_group":"LFPN AVISO","vsmr_group_ids":[],"geometry_role":"filled_region"},"geometry":{"type":"Polygon","coordinates":[[[2.118820556,48.749554167],[2.118783889,48.749465],[2.118453611,48.749529444],[2.118375556,48.7493525],[2.118408333,48.749346111],[2.118793889,48.749266111],[2.118799167,48.7492775],[2.11884,48.749271389],[2.118916111,48.749453056],[2.118943611,48.7495275],[2.118820556,48.749554167]]]}},{"type":"Feature","id":"LFPN-c70d891397377861eeb5","properties":{"airport":"LFPN","name":"LFPN AVISO","layer":"Airfield surfaces","category":"Hard Surface 3","object_type":"Area","style_id":"polygon.hardsurface3.8a807f","source_group":"LFPN AVISO","vsmr_group_ids":[],"geometry_role":"filled_region"},"geometry":{"type":"Polygon","coordinates":[[[2.118419444,48.7495375],[2.117648056,48.749686667],[2.117548056,48.749460556],[2.118310833,48.749310833],[2.118419444,48.7495375]]]}},{"type":"Feature","id":"LFPN-1a279c94c9e3782a99c7","properties":{"airport":"LFPN","name":"LFPN AVISO","layer":"Airfield surfaces","category":"Hard Surface 3","object_type":"Area","style_id":"polygon.hardsurface3.8a807f","source_group":"LFPN AVISO","vsmr_group_ids":[],"geometry_role":"filled_region"},"geometry":{"type":"Polygon","coordinates":[[[2.117421667,48.749380556],[2.117561389,48.749702222],[2.117203333,48.749770556],[2.117059722,48.749451667],[2.117421667,48.749380556]]]}},{"type":"Feature","id":"LFPN-7ae77c77791810f1430d","properties":{"airport":"LFPN","name":"LFPN AVISO","layer":"Airfield surfaces","category":"Hard Surface 3","object_type":"Area","style_id":"polygon.hardsurface3.8a807f","source_group":"LFPN AVISO","vsmr_group_ids":[],"geometry_role":"filled_region"},"geometry":{"type":"Polygon","coordinates":[[[2.116873333,48.749626111],[2.116958611,48.749818333],[2.116881111,48.749833333],[2.116796111,48.749645278],[2.116873333,48.749626111]]]}},{"type":"Feature","id":"LFPN-9e64d85046b29c30606e","properties":{"airport":"LFPN","name":"LFPN AVISO","layer":"Airfield surfaces","category":"Hard Surface 3","object_type":"Area","style_id":"polygon.hardsurface3.8a807f","source_group":"LFPN AVISO","vsmr_group_ids":[],"geometry_role":"filled_region"},"geometry":{"type":"Polygon","coordinates":[[[2.116564444,48.749894722],[2.11629,48.749948333],[2.116195556,48.749751111],[2.116468889,48.749701944],[2.116564444,48.749894722]]]}},{"type":"Feature","id":"LFPN-ec5945a794f0c99aa9e3","properties":{"airport":"LFPN","name":"LFPN AVISO","layer":"Airfield surfaces","category":"Hard Surface 3","object_type":"Area","style_id":"polygon.hardsurface3.8a807f","source_group":"LFPN AVISO","vsmr_group_ids":[],"geometry_role":"filled_region"},"geometry":{"type":"Polygon","coordinates":[[[2.116139167,48.749975833],[2.115602778,48.750079722],[2.115520556,48.7498975],[2.116055556,48.749804167],[2.116139167,48.749975833]]]}},{"type":"Feature","id":"LFPN-67f6c0f3dfac29bee2f6","properties":{"airport":"LFPN","name":"LFPN AVISO","layer":"Airfield surfaces","category":"Hard Surface 3","object_type":"Area","style_id":"polygon.hardsurface3.8a807f","source_group":"LFPN AVISO","vsmr_group_ids":[],"geometry_role":"filled_region"},"geometry":{"type":"Polygon","coordinates":[[[2.103839167,48.747655556],[2.104765,48.747679444],[2.104759167,48.747789722],[2.104460833,48.747815556],[2.104246111,48.7478525],[2.103823056,48.747941111],[2.103839167,48.747655556]]]}},{"type":"Feature","id":"LFPN-4811a41bf35751afda4a","properties":{"airport":"LFPN","name":"LFPN AVISO","layer":"Airfield surfaces","category":"Hard Surface 3","object_type":"Area","style_id":"polygon.hardsurface3.8a807f","source_group":"LFPN AVISO","vsmr_group_ids":[],"geometry_role":"filled_region"},"geometry":{"type":"Polygon","coordinates":[[[2.114972778,48.749128611],[2.114949167,48.7490725],[2.114912222,48.749036944],[2.114873889,48.749021667],[2.114842778,48.749018889],[2.114811667,48.749023889],[2.114754444,48.749048611],[2.114611944,48.749103889],[2.114405278,48.749181667],[2.114208333,48.749255833],[2.114039722,48.749090556],[2.115451667,48.748528611],[2.11561,48.748707222],[2.1154125,48.7487875],[2.115363333,48.748816389],[2.115321944,48.748859444],[2.115260556,48.748918889],[2.115234167,48.748960833],[2.115222778,48.749002222],[2.115226389,48.749035833],[2.115235556,48.749098056],[2.115255,48.749180556],[2.115301667,48.749310556],[2.115057222,48.749354444],[2.114972778,48.749128611]]]}},{"type":"Feature","id":"LFPN-79836886a82eaa31ca2b","properties":{"airport":"LFPN","name":"LFPN AVISO","layer":"Airfield surfaces","category":"Runways","object_type":"Area","style_id":"polygon.runwayconcrete.555555","source_group":"LFPN AVISO","vsmr_group_ids":[],"geometry_role":"filled_region"},"geometry":{"type":"Polygon","coordinates":[[[2.104325556,48.74946],[2.104176667,48.749755],[2.103672778,48.749640833],[2.103829722,48.749343889],[2.104325556,48.74946]]]}},{"type":"Feature","id":"LFPN-2564f116e5f050ebecb8","properties":{"airport":"LFPN","name":"LFPN AVISO","layer":"Airfield surfaces","category":"Runways","object_type":"Area","style_id":"polygon.runwayconcrete.555555","source_group":"LFPN AVISO","vsmr_group_ids":[],"geometry_role":"filled_region"},"geometry":{"type":"Polygon","coordinates":[[[2.099806944,48.749411389],[2.099830833,48.749417222],[2.099924167,48.749236944],[2.099955556,48.749180556],[2.099984167,48.749140833],[2.100020278,48.749100833],[2.100053889,48.749066389],[2.100098611,48.749029444],[2.100127778,48.749008611],[2.100153333,48.748994444],[2.100191111,48.748981944],[2.100253056,48.748961389],[2.1004225,48.748899722],[2.100488333,48.74898],[2.100316389,48.749043056],[2.100265556,48.749064444],[2.100222222,48.749100556],[2.100188056,48.749137222],[2.100161944,48.749172778],[2.100104167,48.749286944],[2.100094722,48.74932],[2.100091111,48.749350278],[2.100095278,48.749383056],[2.100115,48.749421944],[2.100143889,48.7494525],[2.1001825,48.749485],[2.100258611,48.749515],[2.100411389,48.749548333],[2.109740278,48.751641667],[2.109807222,48.751640556],[2.109876667,48.751629444],[2.109940278,48.751601667],[2.110151667,48.751483611],[2.110306667,48.751395833],[2.1103375,48.751375],[2.110357222,48.751353611],[2.110375,48.751322778],[2.110487778,48.751406111],[2.110324167,48.751501389],[2.110294722,48.751524444],[2.110275556,48.751549444],[2.110259722,48.751577778],[2.110250556,48.751606389],[2.110248611,48.751634444],[2.110253611,48.751666389],[2.110265,48.751697222],[2.110288333,48.751722778],[2.110331944,48.751758889],[2.110368056,48.751781389],[2.112529167,48.752271111],[2.112575,48.752278333],[2.112623333,48.752280556],[2.112658333,48.752275278],[2.112695278,48.752263889],[2.1127225,48.752246667],[2.112743611,48.752198889],[2.112773889,48.752135833],[2.112793889,48.752075556],[2.112809722,48.752003889],[2.112937778,48.752030833],[2.112911111,48.752167222],[2.112915,48.752177778],[2.112930833,48.752185556],[2.113010278,48.752204444],[2.113051944,48.752211389],[2.113076389,48.752213611],[2.113104722,48.752205278],[2.113201944,48.752155],[2.113222778,48.752139722],[2.113238056,48.752122778],[2.113245,48.752101667],[2.113418889,48.752139444],[2.113375833,48.752348056],[2.113355833,48.752395556],[2.113333889,48.752447778],[2.113205556,48.752706111],[2.1041125,48.750663333],[2.099676111,48.749666667],[2.099806944,48.749411389]]]}},{"type":"Feature","id":"LFPN-a3671fe124d505fdfda8","properties":{"airport":"LFPN","name":"LFPN AVISO","layer":"Airfield surfaces","category":"Runways","object_type":"Area","style_id":"polygon.runwayconcrete.555555","source_group":"LFPN AVISO","vsmr_group_ids":[],"geometry_role":"filled_region"},"geometry":{"type":"Polygon","coordinates":[[[2.098797778,48.751085278],[2.098820278,48.751086111],[2.098849722,48.751035556],[2.098776944,48.750955],[2.098698056,48.750863889],[2.098548889,48.750700556],[2.098430556,48.750573611],[2.098268056,48.750399167],[2.098166944,48.750285556],[2.098042778,48.750154167],[2.097922222,48.750022778],[2.097826944,48.749918889],[2.097703611,48.749785833],[2.097581389,48.749648889],[2.097561389,48.749628333],[2.097538889,48.749608889],[2.097511111,48.749595],[2.097463056,48.749578056],[2.097369722,48.749555556],[2.097185833,48.749510833],[2.097102778,48.749488889],[2.097049167,48.74947],[2.097008889,48.749449722],[2.096963333,48.749424722],[2.096936667,48.749406944],[2.096916389,48.749391111],[2.096890833,48.749363611],[2.097088611,48.749326111],[2.097121944,48.749343611],[2.097155833,48.749360278],[2.097210278,48.749375833],[2.097268333,48.749391944],[2.097306944,48.749398056],[2.097328333,48.749395278],[2.097341667,48.749385278],[2.097347778,48.749373056],[2.09734,48.749354722],[2.097319167,48.749320833],[2.097301944,48.749288611],[2.097490833,48.749250278],[2.097514444,48.749295278],[2.097548611,48.749354167],[2.0976025,48.749423889],[2.0983475,48.7502325],[2.098813333,48.750743056],[2.09893,48.750865278],[2.099053611,48.750978056],[2.099143333,48.751046667],[2.099273611,48.751126667],[2.099398611,48.751195833],[2.099537778,48.751245833],[2.099603611,48.751267778],[2.099716389,48.751296389],[2.112046944,48.754069444],[2.112223333,48.7541],[2.112303056,48.754104444],[2.112422778,48.7541125],[2.112545278,48.754115],[2.112678333,48.754108333],[2.112779722,48.754100833],[2.112921389,48.75408],[2.113075,48.754047778],[2.1142225,48.753752778],[2.114866389,48.753588333],[2.115096389,48.753527222],[2.115178056,48.753502222],[2.115257778,48.753476389],[2.115339167,48.753438889],[2.115411667,48.753396667],[2.115481389,48.753350278],[2.115545556,48.753300556],[2.115584167,48.753263056],[2.115608333,48.753237778],[2.115794444,48.753314167],[2.115756389,48.753349444],[2.115752222,48.753358333],[2.115755556,48.753366944],[2.115771389,48.753373056],[2.115816944,48.7533825],[2.115869444,48.753385278],[2.115915,48.753378333],[2.115956944,48.753364722],[2.115980278,48.753352778],[2.115996111,48.753343333],[2.116124722,48.753413333],[2.116085833,48.753435556],[2.116055833,48.753453056],[2.116022222,48.753466667],[2.115986111,48.753479444],[2.115953889,48.753487222],[2.115903889,48.753493333],[2.11586,48.753493056],[2.115819444,48.753492778],[2.115768056,48.753495],[2.115708056,48.7535],[2.115646667,48.753509444],[2.115372222,48.753581667],[2.115313056,48.753603611],[2.115271111,48.753619444],[2.115205,48.753638056],[2.113151111,48.754170278],[2.113055556,48.754196111],[2.113017222,48.754205],[2.1129975,48.754211944],[2.112993889,48.754216667],[2.112996944,48.754219167],[2.113003889,48.7542225],[2.112854444,48.754519444],[2.0986725,48.751333056],[2.098797778,48.751085278]]]}},{"type":"Feature","id":"LFPN-a44a0b09ef4c95aed1d1","properties":{"airport":"LFPN","name":"LFPN AVISO","layer":"Terrain","category":"Grass","object_type":"Area","style_id":"polygon.grassurface.00512f","source_group":"LFPN AVISO","vsmr_group_ids":[],"geometry_role":"filled_region"},"geometry":{"type":"Polygon","coordinates":[[[2.099965,48.7478325],[2.099979167,48.7475375],[2.100120556,48.747539167],[2.100108611,48.747834167],[2.099965,48.7478325]]]}},{"type":"Feature","id":"LFPN-b2316fcc270438438788","properties":{"airport":"LFPN","name":"LFPN AVISO","layer":"Terrain","category":"Grass","object_type":"Area","style_id":"polygon.grassurface.00512f","source_group":"LFPN AVISO","vsmr_group_ids":[],"geometry_role":"filled_region"},"geometry":{"type":"Polygon","coordinates":[[[2.099992778,48.747366389],[2.100011111,48.747025],[2.100151389,48.747028611],[2.100130278,48.747367222],[2.099992778,48.747366389]]]}},{"type":"Feature","id":"LFPN-0ae86f62e422b8a6360d","properties":{"airport":"LFPN","name":"LFPN AVISO","layer":"Terrain","category":"Grass","object_type":"Area","style_id":"polygon.grassurface.00512f","source_group":"LFPN AVISO","vsmr_group_ids":[],"geometry_role":"filled_region"},"geometry":{"type":"Polygon","coordinates":[[[2.102538333,48.747105],[2.102701944,48.747111389],[2.102676389,48.747691944],[2.102371944,48.747685278],[2.102403611,48.747107222],[2.102538333,48.747105]]]}},{"type":"Feature","id":"LFPN-9d525425a8affe4ecc63","properties":{"airport":"LFPN","name":"LFPN AVISO","layer":"Airfield surfaces","category":"Runway Border","object_type":"Area","style_id":"polygon.runwayborder.808080","source_group":"LFPN AVISO","vsmr_group_ids":[],"geometry_role":"filled_region"},"geometry":{"type":"Polygon","coordinates":[[[2.09882,48.751085556],[2.098692778,48.751332778],[2.099734722,48.7515675],[2.100955,48.751841667],[2.102070278,48.752093333],[2.102283333,48.752141111],[2.102305,48.752097778],[2.102692222,48.752187778],[2.102671667,48.752228333],[2.102830556,48.752263889],[2.10383,48.752489722],[2.105226111,48.7528025],[2.106246944,48.753032222],[2.108735,48.753590556],[2.108856111,48.753617778],[2.108879444,48.753576111],[2.109267222,48.753663611],[2.109245833,48.753705],[2.110636111,48.754018056],[2.112852222,48.754513889],[2.112846944,48.754525],[2.1125775,48.754463333],[2.1116075,48.754245556],[2.109241389,48.753715],[2.107752222,48.75338],[2.106246389,48.753041389],[2.1051275,48.752790833],[2.104242778,48.752591389],[2.103063889,48.752326667],[2.102566667,48.752214722],[2.102281389,48.752150556],[2.102267222,48.752145556],[2.102108333,48.75211],[2.101432222,48.751958056],[2.100621389,48.751775556],[2.099470278,48.751516111],[2.098958056,48.751402778],[2.098660278,48.751335833],[2.098791389,48.751080278],[2.09882,48.751085556]]]}},{"type":"Feature","id":"LFPN-a6ae4485c9b692bb88db","properties":{"airport":"LFPN","name":"LFPN AVISO","layer":"Airfield surfaces","category":"Runway Border","object_type":"Area","style_id":"polygon.runwayborder.808080","source_group":"LFPN AVISO","vsmr_group_ids":[],"geometry_role":"filled_region"},"geometry":{"type":"Polygon","coordinates":[[[2.099575833,48.751258889],[2.099667222,48.751283333],[2.099778611,48.7513075],[2.099925833,48.751339722],[2.100846667,48.751546667],[2.102515833,48.751921944],[2.103891389,48.752233056],[2.105603333,48.7526175],[2.107492778,48.753041389],[2.109435278,48.7534775],[2.112006389,48.754054444],[2.112080278,48.754071389],[2.112168611,48.7540875],[2.112241389,48.754097222],[2.112295278,48.754103056],[2.112303333,48.754104444],[2.112303889,48.7541125],[2.112218889,48.754105556],[2.112154167,48.754094167],[2.112059722,48.754075833],[2.111862222,48.754031111],[2.11139,48.753925833],[2.109366111,48.753470278],[2.109345278,48.753512222],[2.108957222,48.753424722],[2.108976667,48.753383333],[2.107925556,48.753146667],[2.107182778,48.752981111],[2.1064575,48.752818056],[2.105439722,48.752589722],[2.104387222,48.752351667],[2.103559167,48.752167222],[2.102794167,48.751994167],[2.102771389,48.752034444],[2.102385833,48.751947222],[2.1024075,48.751906667],[2.101975278,48.75181],[2.101285278,48.751654444],[2.100691667,48.751520833],[2.100382778,48.751451111],[2.099929167,48.751349722],[2.099649722,48.751287222],[2.099581389,48.751269444],[2.09953,48.751253333],[2.099496389,48.75124],[2.099473611,48.751230833],[2.099477778,48.751225556],[2.099575833,48.751258889]]]}},{"type":"Feature","id":"LFPN-29f004f31017ce1bcfdd","properties":{"airport":"LFPN","name":"LFPN AVISO","layer":"Airfield surfaces","category":"Runway Border","object_type":"Area","style_id":"polygon.runwayborder.808080","source_group":"LFPN AVISO","vsmr_group_ids":[],"geometry_role":"filled_region"},"geometry":{"type":"Polygon","coordinates":[[[2.110741944,48.753796667],[2.111032222,48.753860833],[2.111019722,48.753886944],[2.110726389,48.753822778],[2.110741944,48.753796667]]]}},{"type":"Feature","id":"LFPN-e0bb764eededcbb48aea","properties":{"airport":"LFPN","name":"LFPN AVISO","layer":"Airfield surfaces","category":"Runway Border","object_type":"Area","style_id":"polygon.runwayborder.808080","source_group":"LFPN AVISO","vsmr_group_ids":[],"geometry_role":"filled_region"},"geometry":{"type":"Polygon","coordinates":[[[2.110648056,48.753975556],[2.110940556,48.754041111],[2.110925833,48.754066111],[2.110633333,48.754001667],[2.110648056,48.753975556]]]}},{"type":"Feature","id":"LFPN-5e11406e1ddab27389b5","properties":{"airport":"LFPN","name":"LFPN AVISO","layer":"Airfield surfaces","category":"Runway Border","object_type":"Area","style_id":"polygon.runwayborder.808080","source_group":"LFPN AVISO","vsmr_group_ids":[],"geometry_role":"filled_region"},"geometry":{"type":"Polygon","coordinates":[[[2.112845833,48.754524722],[2.112999167,48.754221389],[2.113015,48.754224167],[2.112860278,48.754528611],[2.112845833,48.754524722]]]}},{"type":"Feature","id":"LFPN-c3c602cc86d7b39f5bde","properties":{"airport":"LFPN","name":"LFPN AVISO","layer":"Airfield surfaces","category":"Runway Border","object_type":"Area","style_id":"polygon.runwayborder.808080","source_group":"LFPN AVISO","vsmr_group_ids":[],"geometry_role":"filled_region"},"geometry":{"type":"Polygon","coordinates":[[[2.099411944,48.751332778],[2.099391944,48.751370556],[2.099584167,48.751415833],[2.099578056,48.751431111],[2.099340833,48.751379167],[2.099366667,48.751323611],[2.099411944,48.751332778]]]}},{"type":"Feature","id":"LFPN-f95536621daa5f039ee1","properties":{"airport":"LFPN","name":"LFPN AVISO","layer":"Airfield surfaces","category":"Runway Border","object_type":"Area","style_id":"polygon.runwayborder.808080","source_group":"LFPN AVISO","vsmr_group_ids":[],"geometry_role":"filled_region"},"geometry":{"type":"Polygon","coordinates":[[[2.099763056,48.751400833],[2.100015833,48.751412222],[2.099984167,48.751471667],[2.099946111,48.751463333],[2.099965,48.751424722],[2.099798889,48.751418333],[2.099755,48.751416111],[2.099763056,48.751400833]]]}},{"type":"Feature","id":"LFPN-b760ff78a35ae648f71e","properties":{"airport":"LFPN","name":"LFPN AVISO","layer":"Airfield surfaces","category":"Runway Border","object_type":"Area","style_id":"polygon.runwayborder.808080","source_group":"LFPN AVISO","vsmr_group_ids":[],"geometry_role":"filled_region"},"geometry":{"type":"Polygon","coordinates":[[[2.099725833,48.751473056],[2.099733056,48.751457222],[2.099965,48.751510278],[2.099938889,48.751561667],[2.0998975,48.751553889],[2.099920278,48.751516389],[2.099725833,48.751473056]]]}},{"type":"Feature","id":"LFPN-d3d2b521752955bf0dff","properties":{"airport":"LFPN","name":"LFPN AVISO","layer":"Airfield surfaces","category":"Runway Border","object_type":"Area","style_id":"polygon.runwayborder.808080","source_group":"LFPN AVISO","vsmr_group_ids":[],"geometry_role":"filled_region"},"geometry":{"type":"Polygon","coordinates":[[[2.099860833,48.751528056],[2.099945833,48.751545556],[2.099938333,48.751562778],[2.099707778,48.751511389],[2.099733333,48.751458056],[2.099769167,48.751478056],[2.099756111,48.751505278],[2.099860833,48.751528056]]]}},{"type":"Feature","id":"LFPN-fc50e42d20e908eae494","properties":{"airport":"LFPN","name":"LFPN AVISO","layer":"Airfield surfaces","category":"Runway Border","object_type":"Area","style_id":"polygon.runwayborder.808080","source_group":"LFPN AVISO","vsmr_group_ids":[],"geometry_role":"filled_region"},"geometry":{"type":"Polygon","coordinates":[[[2.111732778,48.754094167],[2.111769722,48.754101389],[2.1118775,48.754083056],[2.111944722,48.754100833],[2.111918611,48.754152222],[2.111876111,48.754143056],[2.111897778,48.754106667],[2.111870278,48.754099167],[2.111762222,48.754118611],[2.111682778,48.754099444],[2.111708889,48.7540475],[2.111774167,48.754062778],[2.111765833,48.7540775],[2.111744167,48.754072778],[2.111732778,48.754094167]]]}},{"type":"Feature","id":"LFPN-161ef0bf6292965e725e","properties":{"airport":"LFPN","name":"LFPN AVISO","layer":"Airfield surfaces","category":"Runway Border","object_type":"Area","style_id":"polygon.runwayborder.808080","source_group":"LFPN AVISO","vsmr_group_ids":[],"geometry_role":"filled_region"},"geometry":{"type":"Polygon","coordinates":[[[2.111635833,48.754191111],[2.111662778,48.754139167],[2.111774722,48.754162222],[2.111755,48.754200556],[2.111840556,48.754219444],[2.111856389,48.754181389],[2.111898889,48.754191389],[2.111872778,48.754243889],[2.111705556,48.754207222],[2.111724722,48.754168889],[2.1116975,48.754163333],[2.111679167,48.754199722],[2.111635833,48.754191111]]]}},{"type":"Feature","id":"LFPN-2f7f89b25e36fafd4bd4","properties":{"airport":"LFPN","name":"LFPN AVISO","layer":"Airfield surfaces","category":"Runway Border","object_type":"Area","style_id":"polygon.runwayborder.808080","source_group":"LFPN AVISO","vsmr_group_ids":[],"geometry_role":"filled_region"},"geometry":{"type":"Polygon","coordinates":[[[2.112164444,48.754216944],[2.112109167,48.754204444],[2.112066111,48.754194722],[2.112075278,48.754180278],[2.11231,48.754232778],[2.112300278,48.754248333],[2.112204167,48.754225278],[2.112164444,48.754216944]]]}},{"type":"Feature","id":"LFPN-170b50fee2fcecf61a59","properties":{"airport":"LFPN","name":"LFPN AVISO","layer":"Airfield surfaces","category":"Runway Border","object_type":"Area","style_id":"polygon.runwayborder.808080","source_group":"LFPN AVISO","vsmr_group_ids":[],"geometry_role":"filled_region"},"geometry":{"type":"Polygon","coordinates":[[[2.112095833,48.754226944],[2.112153611,48.754240278],[2.112169722,48.754209444],[2.112209167,48.754217222],[2.112185556,48.754263889],[2.112046944,48.754232778],[2.112073611,48.754179444],[2.112110833,48.754196111],[2.112095833,48.754226944]]]}},{"type":"Feature","id":"LFPN-89d174b6604727f0adf6","properties":{"airport":"LFPN","name":"LFPN AVISO","layer":"Airfield surfaces","category":"Runway Border","object_type":"Area","style_id":"polygon.runwayborder.808080","source_group":"LFPN AVISO","vsmr_group_ids":[],"geometry_role":"filled_region"},"geometry":{"type":"Polygon","coordinates":[[[2.112190556,48.754233889],[2.11229,48.754270556],[2.112281667,48.754285556],[2.1121725,48.754246389],[2.112190556,48.754233889]]]}},{"type":"Feature","id":"LFPN-48c57bb391a94e3cf5a6","properties":{"airport":"LFPN","name":"LFPN AVISO","layer":"Airfield surfaces","category":"Runway Border","object_type":"Area","style_id":"polygon.runwayborder.808080","source_group":"LFPN AVISO","vsmr_group_ids":[],"geometry_role":"filled_region"},"geometry":{"type":"Polygon","coordinates":[[[2.096390556,48.750543333],[2.096398333,48.750545556],[2.096521389,48.750714444],[2.096260833,48.750797778],[2.096265556,48.750785833],[2.096501111,48.75071],[2.096385556,48.750552778],[2.096390556,48.750543333]]]}},{"type":"Feature","id":"LFPN-b3de31c7028d772c1252","properties":{"airport":"LFPN","name":"LFPN AVISO","layer":"Airfield surfaces","category":"Runway Border","object_type":"Area","style_id":"polygon.runwayborder.808080","source_group":"LFPN AVISO","vsmr_group_ids":[],"geometry_role":"filled_region"},"geometry":{"type":"Polygon","coordinates":[[[2.096776111,48.750630556],[2.096905556,48.750801667],[2.096652778,48.750880833],[2.096652222,48.750872222],[2.096886389,48.750796944],[2.096769444,48.750639444],[2.096776111,48.750630556]]]}},{"type":"Feature","id":"LFPN-631d98443c461baee976","properties":{"airport":"LFPN","name":"LFPN AVISO","layer":"Airfield surfaces","category":"Runway Border","object_type":"Area","style_id":"polygon.runwayborder.808080","source_group":"LFPN AVISO","vsmr_group_ids":[],"geometry_role":"filled_region"},"geometry":{"type":"Polygon","coordinates":[[[2.097161111,48.750716944],[2.097166944,48.75072],[2.097295556,48.7508875],[2.097038056,48.750969722],[2.0970375,48.750961111],[2.097274722,48.750883611],[2.097156944,48.7507275],[2.097161111,48.750716944]]]}},{"type":"Feature","id":"LFPN-b65dd81d9aa01be719c7","properties":{"airport":"LFPN","name":"LFPN AVISO","layer":"Airfield surfaces","category":"Runway Border","object_type":"Area","style_id":"polygon.runwayborder.808080","source_group":"LFPN AVISO","vsmr_group_ids":[],"geometry_role":"filled_region"},"geometry":{"type":"Polygon","coordinates":[[[2.0975525,48.750801944],[2.097679167,48.750975],[2.097421667,48.751056111],[2.097425278,48.751044722],[2.097656944,48.750969444],[2.097543889,48.750814722],[2.0975525,48.750801944]]]}},{"type":"Feature","id":"LFPN-0360d8d0cdb336288d02","properties":{"airport":"LFPN","name":"LFPN AVISO","layer":"Airfield surfaces","category":"Runway Border","object_type":"Area","style_id":"polygon.runwayborder.808080","source_group":"LFPN AVISO","vsmr_group_ids":[],"geometry_role":"filled_region"},"geometry":{"type":"Polygon","coordinates":[[[2.097935278,48.750892222],[2.098063611,48.751060556],[2.097809722,48.751142222],[2.097809167,48.751133889],[2.098041944,48.751056389],[2.097928056,48.7509],[2.097935278,48.750892222]]]}},{"type":"Feature","id":"LFPN-546ba6fab54ee3d2af0d","properties":{"airport":"LFPN","name":"LFPN AVISO","layer":"Airfield surfaces","category":"Runway Border","object_type":"Area","style_id":"polygon.runwayborder.808080","source_group":"LFPN AVISO","vsmr_group_ids":[],"geometry_role":"filled_region"},"geometry":{"type":"Polygon","coordinates":[[[2.098322778,48.750976944],[2.098450556,48.751148333],[2.098192778,48.751230556],[2.098198611,48.751220278],[2.098430833,48.751143333],[2.098315833,48.750989444],[2.098322778,48.750976944]]]}},{"type":"Feature","id":"LFPN-62b77cf76556544ba50f","properties":{"airport":"LFPN","name":"LFPN AVISO","layer":"Airfield surfaces","category":"Runway Border","object_type":"Area","style_id":"polygon.runwayborder.808080","source_group":"LFPN AVISO","vsmr_group_ids":[],"geometry_role":"filled_region"},"geometry":{"type":"Polygon","coordinates":[[[2.098708889,48.751063056],[2.098764167,48.751133889],[2.0987575,48.751147222],[2.098700278,48.751074722],[2.098708889,48.751063056]]]}},{"type":"Feature","id":"LFPN-b77f28fbdfed1e39c6a4","properties":{"airport":"LFPN","name":"LFPN AVISO","layer":"Airfield surfaces","category":"Runway Border","object_type":"Area","style_id":"polygon.runwayborder.808080","source_group":"LFPN AVISO","vsmr_group_ids":[],"geometry_role":"filled_region"},"geometry":{"type":"Polygon","coordinates":[[[2.098578889,48.751307778],[2.098693333,48.751271667],[2.098686667,48.751285],[2.098579722,48.751317778],[2.098578889,48.751307778]]]}},{"type":"Feature","id":"LFPN-047b899ce9bb71abca3e","properties":{"airport":"LFPN","name":"LFPN AVISO","layer":"Airfield surfaces","category":"Runway Border","object_type":"Area","style_id":"polygon.runwayborder.808080","source_group":"LFPN AVISO","vsmr_group_ids":[],"geometry_role":"filled_region"},"geometry":{"type":"Polygon","coordinates":[[[2.098866944,48.751128056],[2.0992575,48.751214167],[2.099251389,48.751228056],[2.098859444,48.751141944],[2.098866944,48.751128056]]]}},{"type":"Feature","id":"LFPN-66a7ce39d185f41b93d1","properties":{"airport":"LFPN","name":"LFPN AVISO","layer":"Airfield surfaces","category":"Runway Border","object_type":"Area","style_id":"polygon.runwayborder.808080","source_group":"LFPN AVISO","vsmr_group_ids":[],"geometry_role":"filled_region"},"geometry":{"type":"Polygon","coordinates":[[[2.098853611,48.751153056],[2.099243611,48.751240278],[2.099236389,48.751253333],[2.098846944,48.751166389],[2.098853611,48.751153056]]]}},{"type":"Feature","id":"LFPN-a3d095d056e5a8533398","properties":{"airport":"LFPN","name":"LFPN AVISO","layer":"Airfield surfaces","category":"Runway Border","object_type":"Area","style_id":"polygon.runwayborder.808080","source_group":"LFPN AVISO","vsmr_group_ids":[],"geometry_role":"filled_region"},"geometry":{"type":"Polygon","coordinates":[[[2.098839722,48.751178611],[2.0992325,48.751265833],[2.099225,48.751279444],[2.098832222,48.7511925],[2.098839722,48.751178611]]]}},{"type":"Feature","id":"LFPN-82c2bcdd642920e4d6ba","properties":{"airport":"LFPN","name":"LFPN AVISO","layer":"Airfield surfaces","category":"Runway Border","object_type":"Area","style_id":"polygon.runwayborder.808080","source_group":"LFPN AVISO","vsmr_group_ids":[],"geometry_role":"filled_region"},"geometry":{"type":"Polygon","coordinates":[[[2.098827222,48.751204167],[2.099217222,48.751291944],[2.099209444,48.751304167],[2.098818611,48.7512175],[2.098827222,48.751204167]]]}},{"type":"Feature","id":"LFPN-09d33c2ece95684e329f","properties":{"airport":"LFPN","name":"LFPN AVISO","layer":"Airfield surfaces","category":"Runway Border","object_type":"Area","style_id":"polygon.runwayborder.808080","source_group":"LFPN AVISO","vsmr_group_ids":[],"geometry_role":"filled_region"},"geometry":{"type":"Polygon","coordinates":[[[2.098807778,48.751242222],[2.099197778,48.751329722],[2.099189167,48.751343611],[2.098800833,48.751256389],[2.098807778,48.751242222]]]}},{"type":"Feature","id":"LFPN-c3642327f8429b03a10b","properties":{"airport":"LFPN","name":"LFPN AVISO","layer":"Airfield surfaces","category":"Runway Border","object_type":"Area","style_id":"polygon.runwayborder.808080","source_group":"LFPN AVISO","vsmr_group_ids":[],"geometry_role":"filled_region"},"geometry":{"type":"Polygon","coordinates":[[[2.098795556,48.7512675],[2.099184722,48.751356111],[2.099177222,48.751368611],[2.098787778,48.751280833],[2.098795556,48.7512675]]]}},{"type":"Feature","id":"LFPN-2b4cf0e8e675ae2c82be","properties":{"airport":"LFPN","name":"LFPN AVISO","layer":"Airfield surfaces","category":"Runway Border","object_type":"Area","style_id":"polygon.runwayborder.808080","source_group":"LFPN AVISO","vsmr_group_ids":[],"geometry_role":"filled_region"},"geometry":{"type":"Polygon","coordinates":[[[2.098782222,48.751293333],[2.0991725,48.751380556],[2.099163611,48.751394167],[2.098775833,48.751308056],[2.098782222,48.751293333]]]}},{"type":"Feature","id":"LFPN-8b956766a142d452e975","properties":{"airport":"LFPN","name":"LFPN AVISO","layer":"Airfield surfaces","category":"Runway Border","object_type":"Area","style_id":"polygon.runwayborder.808080","source_group":"LFPN AVISO","vsmr_group_ids":[],"geometry_role":"filled_region"},"geometry":{"type":"Polygon","coordinates":[[[2.09877,48.751319444],[2.099158333,48.751407222],[2.099149444,48.75142],[2.0987625,48.751333056],[2.09877,48.751319444]]]}},{"type":"Feature","id":"LFPN-6bf9a173cab7e5c2f337","properties":{"airport":"LFPN","name":"LFPN AVISO","layer":"Airfield surfaces","category":"Runway Border","object_type":"Area","style_id":"polygon.runwayborder.808080","source_group":"LFPN AVISO","vsmr_group_ids":[],"geometry_role":"filled_region"},"geometry":{"type":"Polygon","coordinates":[[[2.1125025,48.754189722],[2.112888611,48.754277222],[2.112880833,48.754290833],[2.112495,48.754203889],[2.1125025,48.754189722]]]}},{"type":"Feature","id":"LFPN-e3a681317567e7a90796","properties":{"airport":"LFPN","name":"LFPN AVISO","layer":"Airfield surfaces","category":"Runway Border","object_type":"Area","style_id":"polygon.runwayborder.808080","source_group":"LFPN AVISO","vsmr_group_ids":[],"geometry_role":"filled_region"},"geometry":{"type":"Polygon","coordinates":[[[2.112488056,48.754216111],[2.112875556,48.754303889],[2.1128675,48.754316667],[2.112480278,48.75423],[2.112488056,48.754216111]]]}},{"type":"Feature","id":"LFPN-feff822387f4bb0e8917","properties":{"airport":"LFPN","name":"LFPN AVISO","layer":"Airfield surfaces","category":"Runway Border","object_type":"Area","style_id":"polygon.runwayborder.808080","source_group":"LFPN AVISO","vsmr_group_ids":[],"geometry_role":"filled_region"},"geometry":{"type":"Polygon","coordinates":[[[2.112475833,48.75424],[2.112860833,48.754328333],[2.112853889,48.754342222],[2.1124675,48.754255278],[2.112475833,48.75424]]]}},{"type":"Feature","id":"LFPN-8bce7ab9100732c09357","properties":{"airport":"LFPN","name":"LFPN AVISO","layer":"Airfield surfaces","category":"Runway Border","object_type":"Area","style_id":"polygon.runwayborder.808080","source_group":"LFPN AVISO","vsmr_group_ids":[],"geometry_role":"filled_region"},"geometry":{"type":"Polygon","coordinates":[[[2.1124625,48.754267778],[2.112848611,48.754355556],[2.112841389,48.754368611],[2.112455,48.754280556],[2.1124625,48.754267778]]]}},{"type":"Feature","id":"LFPN-189c545b257f634134fd","properties":{"airport":"LFPN","name":"LFPN AVISO","layer":"Airfield surfaces","category":"Runway Border","object_type":"Area","style_id":"polygon.runwayborder.808080","source_group":"LFPN AVISO","vsmr_group_ids":[],"geometry_role":"filled_region"},"geometry":{"type":"Polygon","coordinates":[[[2.1124425,48.754304722],[2.112828611,48.754392778],[2.112822222,48.754406667],[2.112434444,48.754319167],[2.1124425,48.754304722]]]}},{"type":"Feature","id":"LFPN-cc773c23a9288aa6a833","properties":{"airport":"LFPN","name":"LFPN AVISO","layer":"Airfield surfaces","category":"Runway Border","object_type":"Area","style_id":"polygon.runwayborder.808080","source_group":"LFPN AVISO","vsmr_group_ids":[],"geometry_role":"filled_region"},"geometry":{"type":"Polygon","coordinates":[[[2.112428889,48.754330833],[2.112815556,48.754416944],[2.112808333,48.754431667],[2.112420833,48.754345],[2.112428889,48.754330833]]]}},{"type":"Feature","id":"LFPN-0e0230ca71283f71e63b","properties":{"airport":"LFPN","name":"LFPN AVISO","layer":"Airfield surfaces","category":"Runway Border","object_type":"Area","style_id":"polygon.runwayborder.808080","source_group":"LFPN AVISO","vsmr_group_ids":[],"geometry_role":"filled_region"},"geometry":{"type":"Polygon","coordinates":[[[2.112414444,48.754356944],[2.112802778,48.754444444],[2.112795,48.7544575],[2.112407778,48.754370556],[2.112414444,48.754356944]]]}},{"type":"Feature","id":"LFPN-9e6bb076fee9becff002","properties":{"airport":"LFPN","name":"LFPN AVISO","layer":"Airfield surfaces","category":"Runway Border","object_type":"Area","style_id":"polygon.runwayborder.808080","source_group":"LFPN AVISO","vsmr_group_ids":[],"geometry_role":"filled_region"},"geometry":{"type":"Polygon","coordinates":[[[2.1124025,48.754382222],[2.112790278,48.754469444],[2.112783611,48.754482222],[2.112394444,48.754396389],[2.1124025,48.754382222]]]}},{"type":"Feature","id":"LFPN-17163755bbc77730bad2","properties":{"airport":"LFPN","name":"LFPN AVISO","layer":"Airfield surfaces","category":"Runway Border","object_type":"Area","style_id":"polygon.runwayborder.808080","source_group":"LFPN AVISO","vsmr_group_ids":[],"geometry_role":"filled_region"},"geometry":{"type":"Polygon","coordinates":[[[2.0996275,48.749574167],[2.099608333,48.749585],[2.099417222,48.749477222],[2.099153056,48.749485],[2.099151667,48.749466667],[2.099383056,48.749458889],[2.099207778,48.749358889],[2.099225833,48.749345278],[2.099421944,48.749458056],[2.099678611,48.74945],[2.099681111,48.749465556],[2.099450278,48.749473333],[2.0996275,48.749574167]]]}},{"type":"Feature","id":"LFPN-ba3d35da189d01b8c9aa","properties":{"airport":"LFPN","name":"LFPN AVISO","layer":"Airfield surfaces","category":"Runway Border","object_type":"Area","style_id":"polygon.runwayborder.808080","source_group":"LFPN AVISO","vsmr_group_ids":[],"geometry_role":"filled_region"},"geometry":{"type":"Polygon","coordinates":[[[2.099835,48.749417222],[2.099703333,48.749670556],[2.099677222,48.749664167],[2.099806667,48.749412778],[2.099835,48.749417222]]]}},{"type":"Feature","id":"LFPN-c928e9250a93dc4550ec","properties":{"airport":"LFPN","name":"LFPN AVISO","layer":"Airfield surfaces","category":"Runway Border","object_type":"Area","style_id":"polygon.runwayborder.808080","source_group":"LFPN AVISO","vsmr_group_ids":[],"geometry_role":"filled_region"},"geometry":{"type":"Polygon","coordinates":[[[2.100569167,48.749753611],[2.100576389,48.749739722],[2.100588611,48.749715556],[2.100529167,48.749702222],[2.100508333,48.749739444],[2.100471111,48.749729722],[2.100495556,48.749680278],[2.100634167,48.749711111],[2.100609444,48.749761944],[2.100569167,48.749753611]]]}},{"type":"Feature","id":"LFPN-df66f6a8004aa0261502","properties":{"airport":"LFPN","name":"LFPN AVISO","layer":"Airfield surfaces","category":"Runway Border","object_type":"Area","style_id":"polygon.runwayborder.808080","source_group":"LFPN AVISO","vsmr_group_ids":[],"geometry_role":"filled_region"},"geometry":{"type":"Polygon","coordinates":[[[2.100469444,48.749731111],[2.1004775,48.7497175],[2.100615,48.749749722],[2.100609722,48.7497625],[2.100469444,48.749731111]]]}},{"type":"Feature","id":"LFPN-6e14a860d5c8ac0c2843","properties":{"airport":"LFPN","name":"LFPN AVISO","layer":"Airfield surfaces","category":"Runway Border","object_type":"Area","style_id":"polygon.runwayborder.808080","source_group":"LFPN AVISO","vsmr_group_ids":[],"geometry_role":"filled_region"},"geometry":{"type":"Polygon","coordinates":[[[2.100400833,48.749658333],[2.100508056,48.749703333],[2.100498611,48.749737778],[2.100374167,48.749709722],[2.100381667,48.749695278],[2.100488056,48.74972],[2.100488889,48.749710833],[2.1003925,48.749673333],[2.100400833,48.749658333]]]}},{"type":"Feature","id":"LFPN-9014ee5d61d05398993e","properties":{"airport":"LFPN","name":"LFPN AVISO","layer":"Airfield surfaces","category":"Runway Border","object_type":"Area","style_id":"polygon.runwayborder.808080","source_group":"LFPN AVISO","vsmr_group_ids":[],"geometry_role":"filled_region"},"geometry":{"type":"Polygon","coordinates":[[[2.100792222,48.749731667],[2.101050278,48.749745833],[2.101016111,48.749803889],[2.100975556,48.749795556],[2.100995556,48.749758056],[2.100785278,48.749747222],[2.100792222,48.749731667]]]}},{"type":"Feature","id":"LFPN-95ae06f08b6f03b03c4b","properties":{"airport":"LFPN","name":"LFPN AVISO","layer":"Airfield surfaces","category":"Runway Border","object_type":"Area","style_id":"polygon.runwayborder.808080","source_group":"LFPN AVISO","vsmr_group_ids":[],"geometry_role":"filled_region"},"geometry":{"type":"Polygon","coordinates":[[[2.100781944,48.749836667],[2.100858611,48.749854167],[2.100848056,48.749866667],[2.1007375,48.749841667],[2.100763333,48.749791111],[2.100891389,48.749819722],[2.100884444,48.7498325],[2.100795556,48.749813056],[2.100781944,48.749836667]]]}},{"type":"Feature","id":"LFPN-eea904535d9897f7cab7","properties":{"airport":"LFPN","name":"LFPN AVISO","layer":"Airfield surfaces","category":"Runway Border","object_type":"Area","style_id":"polygon.runwayborder.808080","source_group":"LFPN AVISO","vsmr_group_ids":[],"geometry_role":"filled_region"},"geometry":{"type":"Polygon","coordinates":[[[2.100995833,48.749844167],[2.10097,48.749894722],[2.100844444,48.749865833],[2.100854722,48.749853333],[2.100935278,48.749871667],[2.100948889,48.7498475],[2.100858611,48.749826944],[2.100882778,48.749818056],[2.100995833,48.749844167]]]}},{"type":"Feature","id":"LFPN-233922a0950dc9224e64","properties":{"airport":"LFPN","name":"LFPN AVISO","layer":"Airfield surfaces","category":"Runway Border","object_type":"Area","style_id":"polygon.runwayborder.808080","source_group":"LFPN AVISO","vsmr_group_ids":[],"geometry_role":"filled_region"},"geometry":{"type":"Polygon","coordinates":[[[2.112094444,48.752276944],[2.112124444,48.752282778],[2.11224,48.752266389],[2.112307778,48.752283056],[2.112279722,48.752333333],[2.112241111,48.752324722],[2.112261111,48.752287222],[2.112235556,48.7522825],[2.112123056,48.752299444],[2.112045278,48.752281389],[2.112072222,48.752230278],[2.112135,48.752244444],[2.112126944,48.752259167],[2.112105,48.752254444],[2.112094444,48.752276944]]]}},{"type":"Feature","id":"LFPN-77fc25da6242b05dca74","properties":{"airport":"LFPN","name":"LFPN AVISO","layer":"Airfield surfaces","category":"Runway Border","object_type":"Area","style_id":"polygon.runwayborder.808080","source_group":"LFPN AVISO","vsmr_group_ids":[],"geometry_role":"filled_region"},"geometry":{"type":"Polygon","coordinates":[[[2.112262222,48.7523725],[2.112234722,48.752423889],[2.112075278,48.75239],[2.112094722,48.752351389],[2.112059167,48.752343889],[2.112038333,48.75238],[2.111999444,48.752370833],[2.112025833,48.752321111],[2.112143056,48.752346944],[2.112123889,48.752384444],[2.112199167,48.752400833],[2.112219444,48.752363056],[2.112262222,48.7523725]]]}},{"type":"Feature","id":"LFPN-8721e83cd0c5b1aa2937","properties":{"airport":"LFPN","name":"LFPN AVISO","layer":"Airfield surfaces","category":"Runway Border","object_type":"Area","style_id":"polygon.runwayborder.808080","source_group":"LFPN AVISO","vsmr_group_ids":[],"geometry_role":"filled_region"},"geometry":{"type":"Polygon","coordinates":[[[2.112437222,48.752361389],[2.11267,48.752416111],[2.112643056,48.752465556],[2.112602778,48.752456667],[2.11262,48.752420556],[2.112426667,48.752376111],[2.112437222,48.752361389]]]}},{"type":"Feature","id":"LFPN-ae349c1db2ba56bd9961","properties":{"airport":"LFPN","name":"LFPN AVISO","layer":"Airfield surfaces","category":"Runway Border","object_type":"Area","style_id":"polygon.runwayborder.808080","source_group":"LFPN AVISO","vsmr_group_ids":[],"geometry_role":"filled_region"},"geometry":{"type":"Polygon","coordinates":[[[2.099898056,48.749460556],[2.100288333,48.749546389],[2.10028,48.749560278],[2.099890833,48.749473611],[2.099898056,48.749460556]]]}},{"type":"Feature","id":"LFPN-e15bbe5ec1dd7aa57a9e","properties":{"airport":"LFPN","name":"LFPN AVISO","layer":"Airfield surfaces","category":"Runway Border","object_type":"Area","style_id":"polygon.runwayborder.808080","source_group":"LFPN AVISO","vsmr_group_ids":[],"geometry_role":"filled_region"},"geometry":{"type":"Polygon","coordinates":[[[2.099885278,48.749486944],[2.100275278,48.749573611],[2.100267222,48.749585833],[2.099878056,48.749499167],[2.099885278,48.749486944]]]}},{"type":"Feature","id":"LFPN-d2cd35a7562c11a15a0b","properties":{"airport":"LFPN","name":"LFPN AVISO","layer":"Airfield surfaces","category":"Runway Border","object_type":"Area","style_id":"polygon.runwayborder.808080","source_group":"LFPN AVISO","vsmr_group_ids":[],"geometry_role":"filled_region"},"geometry":{"type":"Polygon","coordinates":[[[2.099872222,48.749511667],[2.1002625,48.749599167],[2.100254722,48.749610556],[2.099864444,48.749525],[2.099872222,48.749511667]]]}},{"type":"Feature","id":"LFPN-5033ce8dfd2ae1ef36a9","properties":{"airport":"LFPN","name":"LFPN AVISO","layer":"Airfield surfaces","category":"Runway Border","object_type":"Area","style_id":"polygon.runwayborder.808080","source_group":"LFPN AVISO","vsmr_group_ids":[],"geometry_role":"filled_region"},"geometry":{"type":"Polygon","coordinates":[[[2.099858056,48.749538056],[2.100245278,48.749623889],[2.100240833,48.749636667],[2.099851111,48.749551389],[2.099858056,48.749538056]]]}},{"type":"Feature","id":"LFPN-a1bd550adab87b69382f","properties":{"airport":"LFPN","name":"LFPN AVISO","layer":"Airfield surfaces","category":"Runway Border","object_type":"Area","style_id":"polygon.runwayborder.808080","source_group":"LFPN AVISO","vsmr_group_ids":[],"geometry_role":"filled_region"},"geometry":{"type":"Polygon","coordinates":[[[2.099838333,48.749575556],[2.100227222,48.749661667],[2.100220556,48.749674167],[2.099832222,48.749588333],[2.099838333,48.749575556]]]}},{"type":"Feature","id":"LFPN-8bf830360b889a2f12ff","properties":{"airport":"LFPN","name":"LFPN AVISO","layer":"Airfield surfaces","category":"Runway Border","object_type":"Area","style_id":"polygon.runwayborder.808080","source_group":"LFPN AVISO","vsmr_group_ids":[],"geometry_role":"filled_region"},"geometry":{"type":"Polygon","coordinates":[[[2.099826389,48.749601944],[2.100215,48.749687778],[2.100206944,48.749700278],[2.09982,48.749615],[2.099826389,48.749601944]]]}},{"type":"Feature","id":"LFPN-38e5194f511345fd23ef","properties":{"airport":"LFPN","name":"LFPN AVISO","layer":"Airfield surfaces","category":"Runway Border","object_type":"Area","style_id":"polygon.runwayborder.808080","source_group":"LFPN AVISO","vsmr_group_ids":[],"geometry_role":"filled_region"},"geometry":{"type":"Polygon","coordinates":[[[2.0998125,48.749627222],[2.1002,48.749712778],[2.100193611,48.749725278],[2.099805833,48.749639167],[2.0998125,48.749627222]]]}},{"type":"Feature","id":"LFPN-f5d10607252f5d72e793","properties":{"airport":"LFPN","name":"LFPN AVISO","layer":"Airfield surfaces","category":"Runway Border","object_type":"Area","style_id":"polygon.runwayborder.808080","source_group":"LFPN AVISO","vsmr_group_ids":[],"geometry_role":"filled_region"},"geometry":{"type":"Polygon","coordinates":[[[2.099799444,48.749652222],[2.100189167,48.74974],[2.100180278,48.749752222],[2.099790833,48.749665],[2.099799444,48.749652222]]]}},{"type":"Feature","id":"LFPN-dfb890c82b22a915e24f","properties":{"airport":"LFPN","name":"LFPN AVISO","layer":"Airfield surfaces","category":"Runway Border","object_type":"Area","style_id":"polygon.runwayborder.808080","source_group":"LFPN AVISO","vsmr_group_ids":[],"geometry_role":"filled_region"},"geometry":{"type":"Polygon","coordinates":[[[2.112862222,48.752373056],[2.11325,48.752458611],[2.113243056,48.752471944],[2.112853889,48.752385833],[2.112862222,48.752373056]]]}},{"type":"Feature","id":"LFPN-8510a5f089e80b3fff6a","properties":{"airport":"LFPN","name":"LFPN AVISO","layer":"Airfield surfaces","category":"Runway Border","object_type":"Area","style_id":"polygon.runwayborder.808080","source_group":"LFPN AVISO","vsmr_group_ids":[],"geometry_role":"filled_region"},"geometry":{"type":"Polygon","coordinates":[[[2.112849444,48.752398889],[2.113235833,48.752485278],[2.113228333,48.752496944],[2.112841111,48.752411111],[2.112849444,48.752398889]]]}},{"type":"Feature","id":"LFPN-ee5c5fa933634dd89171","properties":{"airport":"LFPN","name":"LFPN AVISO","layer":"Airfield surfaces","category":"Runway Border","object_type":"Area","style_id":"polygon.runwayborder.808080","source_group":"LFPN AVISO","vsmr_group_ids":[],"geometry_role":"filled_region"},"geometry":{"type":"Polygon","coordinates":[[[2.112834167,48.752424444],[2.113223056,48.752511111],[2.113217778,48.752523333],[2.112828611,48.752436389],[2.112834167,48.752424444]]]}},{"type":"Feature","id":"LFPN-eb0f108611220c0fce59","properties":{"airport":"LFPN","name":"LFPN AVISO","layer":"Airfield surfaces","category":"Runway Border","object_type":"Area","style_id":"polygon.runwayborder.808080","source_group":"LFPN AVISO","vsmr_group_ids":[],"geometry_role":"filled_region"},"geometry":{"type":"Polygon","coordinates":[[[2.112822222,48.752449167],[2.113209722,48.752535833],[2.113202222,48.752548056],[2.112815278,48.752461667],[2.112822222,48.752449167]]]}},{"type":"Feature","id":"LFPN-d2177e3bec9f679daa34","properties":{"airport":"LFPN","name":"LFPN AVISO","layer":"Airfield surfaces","category":"Runway Border","object_type":"Area","style_id":"polygon.runwayborder.808080","source_group":"LFPN AVISO","vsmr_group_ids":[],"geometry_role":"filled_region"},"geometry":{"type":"Polygon","coordinates":[[[2.112804167,48.752487778],[2.11319,48.752573889],[2.113183889,48.752586111],[2.112795556,48.752501111],[2.112804167,48.752487778]]]}},{"type":"Feature","id":"LFPN-39f379166a08d452bb61","properties":{"airport":"LFPN","name":"LFPN AVISO","layer":"Airfield surfaces","category":"Runway Border","object_type":"Area","style_id":"polygon.runwayborder.808080","source_group":"LFPN AVISO","vsmr_group_ids":[],"geometry_role":"filled_region"},"geometry":{"type":"Polygon","coordinates":[[[2.112788889,48.7525125],[2.113177222,48.752600556],[2.11317,48.752611389],[2.112780833,48.752525556],[2.112788889,48.7525125]]]}},{"type":"Feature","id":"LFPN-724f31764e7ad3c32df3","properties":{"airport":"LFPN","name":"LFPN AVISO","layer":"Airfield surfaces","category":"Runway Border","object_type":"Area","style_id":"polygon.runwayborder.808080","source_group":"LFPN AVISO","vsmr_group_ids":[],"geometry_role":"filled_region"},"geometry":{"type":"Polygon","coordinates":[[[2.112776667,48.752538056],[2.113165278,48.752625278],[2.113158889,48.752637222],[2.112769444,48.752551111],[2.112776667,48.752538056]]]}},{"type":"Feature","id":"LFPN-6762cc93a5dbc3758a3a","properties":{"airport":"LFPN","name":"LFPN AVISO","layer":"Airfield surfaces","category":"Runway Border","object_type":"Area","style_id":"polygon.runwayborder.808080","source_group":"LFPN AVISO","vsmr_group_ids":[],"geometry_role":"filled_region"},"geometry":{"type":"Polygon","coordinates":[[[2.112763611,48.752563889],[2.113151111,48.752650833],[2.113143889,48.752661667],[2.112755833,48.7525775],[2.112763611,48.752563889]]]}},{"type":"Feature","id":"LFPN-c6d4a35933a5e630302c","properties":{"airport":"LFPN","name":"LFPN AVISO","layer":"Airfield surfaces","category":"Runway Border","object_type":"Area","style_id":"polygon.runwayborder.808080","source_group":"LFPN AVISO","vsmr_group_ids":[],"geometry_role":"filled_region"},"geometry":{"type":"Polygon","coordinates":[[[2.103853611,48.749440556],[2.103839167,48.749436111],[2.103859444,48.749390556],[2.103945278,48.749409444],[2.103936389,48.749420833],[2.103871944,48.749406389],[2.103853611,48.749440556]]]}},{"type":"Feature","id":"LFPN-7e60d5654675c63cc081","properties":{"airport":"LFPN","name":"LFPN AVISO","layer":"Airfield surfaces","category":"Runway Border","object_type":"Area","style_id":"polygon.runwayborder.808080","source_group":"LFPN AVISO","vsmr_group_ids":[],"geometry_role":"filled_region"},"geometry":{"type":"Polygon","coordinates":[[[2.10402,48.749426389],[2.104096944,48.749442778],[2.104091111,48.749453056],[2.104011944,48.749436667],[2.10402,48.749426389]]]}},{"type":"Feature","id":"LFPN-4950f61eff2b9237285c","properties":{"airport":"LFPN","name":"LFPN AVISO","layer":"Airfield surfaces","category":"Runway Border","object_type":"Area","style_id":"polygon.runwayborder.808080","source_group":"LFPN AVISO","vsmr_group_ids":[],"geometry_role":"filled_region"},"geometry":{"type":"Polygon","coordinates":[[[2.104174167,48.749462222],[2.1042525,48.749479722],[2.104228889,48.749526389],[2.104216111,48.749523333],[2.104232222,48.749486667],[2.10417,48.749472222],[2.104174167,48.749462222]]]}},{"type":"Feature","id":"LFPN-16d09db8cc12e7b72b4e","properties":{"airport":"LFPN","name":"LFPN AVISO","layer":"Airfield surfaces","category":"Runway Border","object_type":"Area","style_id":"polygon.runwayborder.808080","source_group":"LFPN AVISO","vsmr_group_ids":[],"geometry_role":"filled_region"},"geometry":{"type":"Polygon","coordinates":[[[2.104208611,48.749568056],[2.104184167,48.749613056],[2.104170833,48.74961],[2.104192222,48.749564444],[2.104208611,48.749568056]]]}},{"type":"Feature","id":"LFPN-98d0ceb2430ae7464f22","properties":{"airport":"LFPN","name":"LFPN AVISO","layer":"Airfield surfaces","category":"Runway Border","object_type":"Area","style_id":"polygon.runwayborder.808080","source_group":"LFPN AVISO","vsmr_group_ids":[],"geometry_role":"filled_region"},"geometry":{"type":"Polygon","coordinates":[[[2.104059167,48.749682778],[2.104065278,48.749674167],[2.104129722,48.7496875],[2.104149167,48.749650278],[2.104164167,48.749655],[2.104139722,48.749701944],[2.104059167,48.749682778]]]}},{"type":"Feature","id":"LFPN-9e93e497b65f7c83c921","properties":{"airport":"LFPN","name":"LFPN AVISO","layer":"Airfield surfaces","category":"Runway Border","object_type":"Area","style_id":"polygon.runwayborder.808080","source_group":"LFPN AVISO","vsmr_group_ids":[],"geometry_role":"filled_region"},"geometry":{"type":"Polygon","coordinates":[[[2.103908333,48.749639167],[2.103990278,48.749656389],[2.103983333,48.749668611],[2.103903889,48.749651111],[2.103908333,48.749639167]]]}},{"type":"Feature","id":"LFPN-ad79734ebc974bebff2d","properties":{"airport":"LFPN","name":"LFPN AVISO","layer":"Airfield surfaces","category":"Runway Border","object_type":"Area","style_id":"polygon.runwayborder.808080","source_group":"LFPN AVISO","vsmr_group_ids":[],"geometry_role":"filled_region"},"geometry":{"type":"Polygon","coordinates":[[[2.103749444,48.749615556],[2.103771111,48.749569167],[2.103785833,48.749571111],[2.103770278,48.749605278],[2.103832778,48.749621667],[2.1038275,48.749634722],[2.103749444,48.749615556]]]}},{"type":"Feature","id":"LFPN-71a8e37ba1e6bc74f890","properties":{"airport":"LFPN","name":"LFPN AVISO","layer":"Airfield surfaces","category":"Runway Border","object_type":"Area","style_id":"polygon.runwayborder.808080","source_group":"LFPN AVISO","vsmr_group_ids":[],"geometry_role":"filled_region"},"geometry":{"type":"Polygon","coordinates":[[[2.103793333,48.749527778],[2.103816389,48.749479444],[2.103832222,48.749483056],[2.103810833,48.749530556],[2.103793333,48.749527778]]]}},{"type":"Feature","id":"LFPN-158852967943ed1510d3","properties":{"airport":"LFPN","name":"LFPN AVISO","layer":"Airfield surfaces","category":"Runway Border","object_type":"Area","style_id":"polygon.runwayborder.808080","source_group":"LFPN AVISO","vsmr_group_ids":[],"geometry_role":"filled_region"},"geometry":{"type":"Polygon","coordinates":[[[2.104061667,48.749630833],[2.103874444,48.7495875],[2.103940556,48.749465],[2.104117778,48.749506111],[2.104115,48.749509444],[2.103943333,48.749473611],[2.103888056,48.749583889],[2.104065278,48.749622778],[2.104061667,48.749630833]]]}},{"type":"Feature","id":"LFPN-52eb74a32dc0ec71e379","properties":{"airport":"LFPN","name":"LFPN AVISO","layer":"Airfield surfaces","category":"Runway Border","object_type":"Area","style_id":"polygon.runwayborder.808080","source_group":"LFPN AVISO","vsmr_group_ids":[],"geometry_role":"filled_region"},"geometry":{"type":"Polygon","coordinates":[[[2.104054444,48.749628889],[2.104117222,48.749506111],[2.104123889,48.749507778],[2.104062222,48.749630556],[2.104054444,48.749628889]]]}},{"type":"Feature","id":"LFPN-6fc22a179b44a0afd888","properties":{"airport":"LFPN","name":"LFPN AVISO","layer":"Airfield surfaces","category":"Runway Border","object_type":"Area","style_id":"polygon.runwayborder.808080","source_group":"LFPN AVISO","vsmr_group_ids":[],"geometry_role":"filled_region"},"geometry":{"type":"Polygon","coordinates":[[[2.103977222,48.749546667],[2.103994444,48.74955],[2.103999167,48.749543889],[2.103981667,48.749539444],[2.103984167,48.749534722],[2.104005556,48.749539722],[2.103995556,48.749556389],[2.103974722,48.749551944],[2.103977222,48.749546667]]]}},{"type":"Feature","id":"LFPN-0938ea488d0a950f3417","properties":{"airport":"LFPN","name":"LFPN AVISO","layer":"Airfield surfaces","category":"Runway Border","object_type":"Area","style_id":"polygon.runwayborder.808080","source_group":"LFPN AVISO","vsmr_group_ids":[],"geometry_role":"filled_region"},"geometry":{"type":"Polygon","coordinates":[[[2.103995,48.749556111],[2.104004167,48.749539444],[2.104024444,48.749543056],[2.104021389,48.749548333],[2.104005833,48.749544444],[2.104001667,48.749552222],[2.104018611,48.749555833],[2.104015833,48.74956],[2.103995,48.749556111]]]}},{"type":"Feature","id":"LFPN-4682d59b6d7b86eabb90","properties":{"airport":"LFPN","name":"LFPN AVISO","layer":"Surface markings","category":"Stopbars","object_type":"Area","style_id":"polygon.stopbar.7e0000","source_group":"LFPN AVISO","vsmr_group_ids":[],"geometry_role":"filled_region"},"geometry":{"type":"Polygon","coordinates":[[[2.097499167,48.749264167],[2.097306389,48.749300278],[2.097296667,48.749280556],[2.097489167,48.749243611],[2.097499167,48.749264167]]]}},{"type":"Feature","id":"LFPN-44e59e1a1d8cc5682c68","properties":{"airport":"LFPN","name":"LFPN AVISO","layer":"Surface markings","category":"Stopbars","object_type":"Area","style_id":"polygon.stopbar.7e0000","source_group":"LFPN AVISO","vsmr_group_ids":[],"geometry_role":"filled_region"},"geometry":{"type":"Polygon","coordinates":[[[2.097113333,48.749338611],[2.096904444,48.749379167],[2.096886389,48.749360278],[2.097085278,48.749321944],[2.097113333,48.749338611]]]}},{"type":"Feature","id":"LFPN-ca8749722cfce647ddcc","properties":{"airport":"LFPN","name":"LFPN AVISO","layer":"Surface markings","category":"Stopbars","object_type":"Area","style_id":"polygon.stopbar.7e0000","source_group":"LFPN AVISO","vsmr_group_ids":[],"geometry_role":"filled_region"},"geometry":{"type":"Polygon","coordinates":[[[2.100492222,48.748978889],[2.100474444,48.748985278],[2.100409722,48.748903611],[2.100428056,48.748897222],[2.100492222,48.748978889]]]}},{"type":"Feature","id":"LFPN-76574f3008f50ef4b643","properties":{"airport":"LFPN","name":"LFPN AVISO","layer":"Surface markings","category":"Stopbars","object_type":"Area","style_id":"polygon.stopbar.7e0000","source_group":"LFPN AVISO","vsmr_group_ids":[],"geometry_role":"filled_region"},"geometry":{"type":"Polygon","coordinates":[[[2.112810278,48.751996944],[2.112939444,48.7520275],[2.112937222,48.752039722],[2.112808056,48.752009722],[2.112810278,48.751996944]]]}},{"type":"Feature","id":"LFPN-404f752eb99352a38608","properties":{"airport":"LFPN","name":"LFPN AVISO","layer":"Surface markings","category":"Stopbars","object_type":"Area","style_id":"polygon.stopbar.7e0000","source_group":"LFPN AVISO","vsmr_group_ids":[],"geometry_role":"filled_region"},"geometry":{"type":"Polygon","coordinates":[[[2.113244722,48.752098056],[2.113421111,48.752135556],[2.113417778,48.752147778],[2.113241389,48.752109167],[2.113244722,48.752098056]]]}},{"type":"Feature","id":"LFPN-31d8d0147a72191e7d45","properties":{"airport":"LFPN","name":"LFPN AVISO","layer":"Surface markings","category":"Stopbars","object_type":"Area","style_id":"polygon.stopbar.7e0000","source_group":"LFPN AVISO","vsmr_group_ids":[],"geometry_role":"filled_region"},"geometry":{"type":"Polygon","coordinates":[[[2.115610833,48.753233333],[2.115800556,48.753309722],[2.115783333,48.753326389],[2.115594444,48.753251111],[2.115610833,48.753233333]]]}},{"type":"Feature","id":"LFPN-17984147ed5ddc9a2289","properties":{"airport":"LFPN","name":"LFPN AVISO","layer":"Surface markings","category":"Stopbars","object_type":"Area","style_id":"polygon.stopbar.7e0000","source_group":"LFPN AVISO","vsmr_group_ids":[],"geometry_role":"filled_region"},"geometry":{"type":"Polygon","coordinates":[[[2.116001389,48.7533375],[2.116130278,48.753411111],[2.116106111,48.753425556],[2.115979444,48.7533525],[2.116001389,48.7533375]]]}},{"type":"Feature","id":"LFPN-e342aba8553c01248f65","properties":{"airport":"LFPN","name":"LFPN AVISO","layer":"Airfield surfaces","category":"Taxiway Orange","object_type":"Area","style_id":"polygon.taxiwayorange.cc6d00","source_group":"LFPN AVISO","vsmr_group_ids":[],"geometry_role":"filled_region"},"geometry":{"type":"Polygon","coordinates":[[[2.110375833,48.751319722],[2.110491389,48.751404722],[2.110483333,48.751409444],[2.1103725,48.751326111],[2.110375833,48.751319722]]]}},{"type":"Feature","id":"LFPN-93613a6d92b24a475047","properties":{"airport":"LFPN","name":"LFPN AVISO","layer":"Airfield surfaces","category":"Taxiway Orange","object_type":"Area","style_id":"polygon.taxiwayorange.cc6d00","source_group":"LFPN AVISO","vsmr_group_ids":[],"geometry_role":"filled_region"},"geometry":{"type":"Polygon","coordinates":[[[2.099493333,48.748248056],[2.099479444,48.748378611],[2.099464722,48.748378056],[2.099480556,48.748247778],[2.099493333,48.748248056]]]}},{"type":"Feature","id":"LFPN-8cd52dac7e1b22536627","properties":{"airport":"LFPN","name":"LFPN AVISO","layer":"Airfield surfaces","category":"Taxiway Orange","object_type":"Area","style_id":"polygon.taxiwayorange.cc6d00","source_group":"LFPN AVISO","vsmr_group_ids":[],"geometry_role":"filled_region"},"geometry":{"type":"Polygon","coordinates":[[[2.100943889,48.748725833],[2.101002222,48.748805833],[2.100987778,48.748810833],[2.100928333,48.748734444],[2.100934722,48.7487325],[2.100943889,48.748725833]]]}},{"type":"Feature","id":"LFPN-ee595d15a213af860ff7","properties":{"airport":"LFPN","name":"LFPN AVISO","layer":"Buildings and structures","category":"Buildings","object_type":"Area","style_id":"polygon.building.394446","source_group":"LFPN AVISO","vsmr_group_ids":[],"geometry_role":"filled_region"},"geometry":{"type":"Polygon","coordinates":[[[2.100951667,48.746825833],[2.100538333,48.746817222],[2.100553056,48.746542222],[2.100966111,48.746553333],[2.100951667,48.746825833]]]}},{"type":"Feature","id":"LFPN-c322b5266765aa2c1e6e","properties":{"airport":"LFPN","name":"LFPN AVISO","layer":"Buildings and structures","category":"Buildings","object_type":"Area","style_id":"polygon.building.394446","source_group":"LFPN AVISO","vsmr_group_ids":[],"geometry_role":"filled_region"},"geometry":{"type":"Polygon","coordinates":[[[2.100912778,48.74715],[2.100505,48.747138611],[2.100519722,48.746866944],[2.100931111,48.7468775],[2.100912778,48.74715]]]}},{"type":"Feature","id":"LFPN-32fa5bc1d45cd4756a02","properties":{"airport":"LFPN","name":"LFPN AVISO","layer":"Buildings and structures","category":"Buildings","object_type":"Area","style_id":"polygon.building.394446","source_group":"LFPN AVISO","vsmr_group_ids":[],"geometry_role":"filled_region"},"geometry":{"type":"Polygon","coordinates":[[[2.100469722,48.747746944],[2.100514722,48.747189444],[2.100932222,48.7471975],[2.1009025,48.747755833],[2.100469722,48.747746944]]]}},{"type":"Feature","id":"LFPN-cf0af55ec31c23383630","properties":{"airport":"LFPN","name":"LFPN AVISO","layer":"Buildings and structures","category":"Buildings","object_type":"Area","style_id":"polygon.building.394446","source_group":"LFPN AVISO","vsmr_group_ids":[],"geometry_role":"filled_region"},"geometry":{"type":"Polygon","coordinates":[[[2.100464444,48.748079722],[2.1004775,48.7478],[2.100925,48.747806944],[2.100911667,48.748088333],[2.100464444,48.748079722]]]}},{"type":"Feature","id":"LFPN-2a6f23f956b4b1f94334","properties":{"airport":"LFPN","name":"LFPN AVISO","layer":"Buildings and structures","category":"Buildings","object_type":"Area","style_id":"polygon.building.394446","source_group":"LFPN AVISO","vsmr_group_ids":[],"geometry_role":"filled_region"},"geometry":{"type":"Polygon","coordinates":[[[2.101220556,48.748094167],[2.101234722,48.747820833],[2.101641667,48.747836389],[2.1016275,48.748104167],[2.101220556,48.748094167]]]}},{"type":"Feature","id":"LFPN-3158dc95d417b8fb284c","properties":{"airport":"LFPN","name":"LFPN AVISO","layer":"Buildings and structures","category":"Buildings","object_type":"Area","style_id":"polygon.building.394446","source_group":"LFPN AVISO","vsmr_group_ids":[],"geometry_role":"filled_region"},"geometry":{"type":"Polygon","coordinates":[[[2.103236667,48.747997778],[2.103234444,48.748037778],[2.102913056,48.748029722],[2.102982778,48.746716667],[2.1030275,48.746718611],[2.103040833,48.746577222],[2.103460278,48.746588056],[2.103443889,48.746725],[2.103467778,48.746725278],[2.103395278,48.747999167],[2.103236667,48.747997778]]]}},{"type":"Feature","id":"LFPN-9207bf834fa66e267fa2","properties":{"airport":"LFPN","name":"LFPN AVISO","layer":"Buildings and structures","category":"Buildings","object_type":"Area","style_id":"polygon.building.394446","source_group":"LFPN AVISO","vsmr_group_ids":[],"geometry_role":"filled_region"},"geometry":{"type":"Polygon","coordinates":[[[2.103584444,48.746582778],[2.1035925,48.746466667],[2.104026389,48.746476667],[2.104020833,48.746590833],[2.104489444,48.746602222],[2.104481389,48.746718333],[2.103850278,48.746700278],[2.1038575,48.746588056],[2.103584444,48.746582778]]]}},{"type":"Feature","id":"LFPN-5db82cd4d351a2e96a2e","properties":{"airport":"LFPN","name":"LFPN AVISO","layer":"Buildings and structures","category":"Buildings","object_type":"Area","style_id":"polygon.building.394446","source_group":"LFPN AVISO","vsmr_group_ids":[],"geometry_role":"filled_region"},"geometry":{"type":"Polygon","coordinates":[[[2.103553333,48.747204167],[2.103581667,48.746693611],[2.104014167,48.746703889],[2.103986944,48.747212778],[2.103553333,48.747204167]]]}},{"type":"Feature","id":"LFPN-91c83debe03594975cc4","properties":{"airport":"LFPN","name":"LFPN AVISO","layer":"Buildings and structures","category":"Buildings","object_type":"Area","style_id":"polygon.building.394446","source_group":"LFPN AVISO","vsmr_group_ids":[],"geometry_role":"filled_region"},"geometry":{"type":"Polygon","coordinates":[[[2.1037775,48.747380556],[2.104785833,48.747404444],[2.104768611,48.747685278],[2.103758889,48.747661389],[2.1037775,48.747380556]]]}},{"type":"Feature","id":"LFPN-5c5432990fbd04f3d751","properties":{"airport":"LFPN","name":"LFPN AVISO","layer":"Buildings and structures","category":"Buildings","object_type":"Area","style_id":"polygon.building.394446","source_group":"LFPN AVISO","vsmr_group_ids":[],"geometry_role":"filled_region"},"geometry":{"type":"Polygon","coordinates":[[[2.105973889,48.7472825],[2.1058525,48.747100833],[2.106224722,48.746981944],[2.106269444,48.747050556],[2.106335556,48.747028333],[2.106409444,48.747126389],[2.106352222,48.747144444],[2.1063625,48.747158056],[2.105973889,48.7472825]]]}},{"type":"Feature","id":"LFPN-6f790f2974fc0bdf46ef","properties":{"airport":"LFPN","name":"LFPN AVISO","layer":"Buildings and structures","category":"Buildings","object_type":"Area","style_id":"polygon.building.394446","source_group":"LFPN AVISO","vsmr_group_ids":[],"geometry_role":"filled_region"},"geometry":{"type":"Polygon","coordinates":[[[2.107174167,48.747351111],[2.107513889,48.7470575],[2.107865278,48.747232222],[2.10753,48.747523889],[2.107174167,48.747351111]]]}},{"type":"Feature","id":"LFPN-5f14d4faef6507e6d701","properties":{"airport":"LFPN","name":"LFPN AVISO","layer":"Buildings and structures","category":"Buildings","object_type":"Area","style_id":"polygon.building.394446","source_group":"LFPN AVISO","vsmr_group_ids":[],"geometry_role":"filled_region"},"geometry":{"type":"Polygon","coordinates":[[[2.108474722,48.747428611],[2.108849167,48.747618333],[2.108414444,48.747984167],[2.108040278,48.747794722],[2.108474722,48.747428611]]]}},{"type":"Feature","id":"LFPN-a471e04bb21da437bba5","properties":{"airport":"LFPN","name":"LFPN AVISO","layer":"Buildings and structures","category":"Buildings","object_type":"Area","style_id":"polygon.building.394446","source_group":"LFPN AVISO","vsmr_group_ids":[],"geometry_role":"filled_region"},"geometry":{"type":"Polygon","coordinates":[[[2.108834444,48.747769167],[2.1091625,48.747940833],[2.108840278,48.748201944],[2.108511667,48.748031944],[2.108834444,48.747769167]]]}},{"type":"Feature","id":"LFPN-55c250d93c95e36f1700","properties":{"airport":"LFPN","name":"LFPN AVISO","layer":"Buildings and structures","category":"Buildings","object_type":"Area","style_id":"polygon.building.394446","source_group":"LFPN AVISO","vsmr_group_ids":[],"geometry_role":"filled_region"},"geometry":{"type":"Polygon","coordinates":[[[2.109350556,48.748038889],[2.109679722,48.748208611],[2.109366944,48.748466944],[2.109035,48.748298889],[2.109350556,48.748038889]]]}},{"type":"Feature","id":"LFPN-8424f3cf8b284b46eaaf","properties":{"airport":"LFPN","name":"LFPN AVISO","layer":"Buildings and structures","category":"Buildings","object_type":"Area","style_id":"polygon.building.394446","source_group":"LFPN AVISO","vsmr_group_ids":[],"geometry_role":"filled_region"},"geometry":{"type":"Polygon","coordinates":[[[2.109824167,48.748123056],[2.110196667,48.748306944],[2.109785,48.748660278],[2.109416111,48.748475278],[2.109824167,48.748123056]]]}},{"type":"Feature","id":"LFPN-f7a5a71ad5d0c00bd965","properties":{"airport":"LFPN","name":"LFPN AVISO","layer":"Buildings and structures","category":"Buildings","object_type":"Area","style_id":"polygon.building.394446","source_group":"LFPN AVISO","vsmr_group_ids":[],"geometry_role":"filled_region"},"geometry":{"type":"Polygon","coordinates":[[[2.106475833,48.748989722],[2.106387222,48.749151944],[2.106255,48.749121389],[2.106343056,48.748959167],[2.106475833,48.748989722]]]}},{"type":"Feature","id":"LFPN-91efb5ac3476f42d5377","properties":{"airport":"LFPN","name":"LFPN AVISO","layer":"Buildings and structures","category":"Buildings","object_type":"Area","style_id":"polygon.building.394446","source_group":"LFPN AVISO","vsmr_group_ids":[],"geometry_role":"filled_region"},"geometry":{"type":"Polygon","coordinates":[[[2.110451944,48.748142778],[2.110764167,48.74829],[2.110503611,48.748536389],[2.110182222,48.748393889],[2.110451944,48.748142778]]]}},{"type":"Feature","id":"LFPN-7b82157ca3f135d10694","properties":{"airport":"LFPN","name":"LFPN AVISO","layer":"Buildings and structures","category":"Buildings","object_type":"Area","style_id":"polygon.building.394446","source_group":"LFPN AVISO","vsmr_group_ids":[],"geometry_role":"filled_region"},"geometry":{"type":"Polygon","coordinates":[[[2.110151389,48.748519167],[2.110200556,48.748546389],[2.110221111,48.748530833],[2.110709722,48.748771667],[2.110661111,48.748812778],[2.110706944,48.748834167],[2.110517222,48.7490025],[2.1104725,48.748981667],[2.110462222,48.748990833],[2.109923889,48.748724444],[2.110151389,48.748519167]]]}},{"type":"Feature","id":"LFPN-c895e01aba5d2b76e0fe","properties":{"airport":"LFPN","name":"LFPN AVISO","layer":"Buildings and structures","category":"Buildings","object_type":"Area","style_id":"polygon.building.394446","source_group":"LFPN AVISO","vsmr_group_ids":[],"geometry_role":"filled_region"},"geometry":{"type":"Polygon","coordinates":[[[2.1109725,48.748456111],[2.111310556,48.748512222],[2.111196944,48.748793056],[2.110865278,48.748731944],[2.1109725,48.748456111]]]}},{"type":"Feature","id":"LFPN-6a6017e9984ee301bee0","properties":{"airport":"LFPN","name":"LFPN AVISO","layer":"Buildings and structures","category":"Buildings","object_type":"Area","style_id":"polygon.building.394446","source_group":"LFPN AVISO","vsmr_group_ids":[],"geometry_role":"filled_region"},"geometry":{"type":"Polygon","coordinates":[[[2.1107675,48.748786111],[2.111308056,48.748876111],[2.111202778,48.749138333],[2.110666389,48.749047778],[2.1107675,48.748786111]]]}},{"type":"Feature","id":"LFPN-8ffb6f40ce4e335189bf","properties":{"airport":"LFPN","name":"LFPN AVISO","layer":"Buildings and structures","category":"Buildings","object_type":"Area","style_id":"polygon.building.394446","source_group":"LFPN AVISO","vsmr_group_ids":[],"geometry_role":"filled_region"},"geometry":{"type":"Polygon","coordinates":[[[2.112202778,48.7487],[2.112651667,48.7487775],[2.112531111,48.749076111],[2.112118611,48.749001667],[2.112123889,48.748984444],[2.112094722,48.748978889],[2.112202778,48.7487]]]}},{"type":"Feature","id":"LFPN-34c6eb5f451f0d6839a2","properties":{"airport":"LFPN","name":"LFPN AVISO","layer":"Buildings and structures","category":"Buildings","object_type":"Area","style_id":"polygon.building.394446","source_group":"LFPN AVISO","vsmr_group_ids":[],"geometry_role":"filled_region"},"geometry":{"type":"Polygon","coordinates":[[[2.112121944,48.748981944],[2.112537222,48.749057222],[2.113193056,48.749164722],[2.113078056,48.749458056],[2.112005556,48.749278333],[2.112121944,48.748981944]]]}},{"type":"Feature","id":"LFPN-735d3513298e484d4414","properties":{"airport":"LFPN","name":"LFPN AVISO","layer":"Buildings and structures","category":"Buildings","object_type":"Area","style_id":"polygon.building.394446","source_group":"LFPN AVISO","vsmr_group_ids":[],"geometry_role":"filled_region"},"geometry":{"type":"Polygon","coordinates":[[[2.113233889,48.749226944],[2.113485833,48.749271111],[2.113666389,48.749473889],[2.113654722,48.749500278],[2.113578889,48.749527222],[2.113143889,48.749455278],[2.113233889,48.749226944]]]}},{"type":"Feature","id":"LFPN-410024180260906ee057","properties":{"airport":"LFPN","name":"LFPN AVISO","layer":"Buildings and structures","category":"Buildings","object_type":"Area","style_id":"polygon.building.394446","source_group":"LFPN AVISO","vsmr_group_ids":[],"geometry_role":"filled_region"},"geometry":{"type":"Polygon","coordinates":[[[2.111893333,48.750486944],[2.111902222,48.750477778],[2.111897778,48.750471389],[2.111897778,48.750458611],[2.1119075,48.750449167],[2.111923333,48.750442222],[2.111941389,48.750441389],[2.111949444,48.750434444],[2.1120125,48.750466389],[2.112065556,48.75042],[2.112141389,48.750456944],[2.112196111,48.7504625],[2.112242222,48.7504575],[2.112238333,48.750436944],[2.112355833,48.750425833],[2.112355278,48.750419167],[2.112422222,48.750414167],[2.112447222,48.750586667],[2.112374722,48.7505925],[2.112375833,48.750631389],[2.1124025,48.750629722],[2.112403611,48.750646944],[2.112475,48.750641389],[2.112478889,48.7506725],[2.112472222,48.7506725],[2.112486667,48.750754444],[2.112382222,48.750763611],[2.112361389,48.7506625],[2.112199444,48.750675],[2.112124722,48.750736944],[2.112060833,48.750704167],[2.112011944,48.750745556],[2.111999722,48.750741667],[2.111984722,48.750746111],[2.111971667,48.750745278],[2.1119525,48.750738056],[2.111944444,48.750728056],[2.111947222,48.750716944],[2.111938056,48.750713056],[2.112027222,48.750633611],[2.112003333,48.750541389],[2.111893333,48.750486944]]]}},{"type":"Feature","id":"LFPN-b1a8d15bd157198cda0a","properties":{"airport":"LFPN","name":"LFPN AVISO","layer":"Buildings and structures","category":"Buildings","object_type":"Area","style_id":"polygon.building.394446","source_group":"LFPN AVISO","vsmr_group_ids":[],"geometry_role":"filled_region"},"geometry":{"type":"Polygon","coordinates":[[[2.115453889,48.7485425],[2.114036944,48.7491],[2.113750278,48.748777222],[2.115163611,48.748219444],[2.115453889,48.7485425]]]}},{"type":"Feature","id":"LFPN-5205b556e530c68a9e47","properties":{"airport":"LFPN","name":"LFPN AVISO","layer":"Buildings and structures","category":"Buildings","object_type":"Area","style_id":"polygon.building.394446","source_group":"LFPN AVISO","vsmr_group_ids":[],"geometry_role":"filled_region"},"geometry":{"type":"Polygon","coordinates":[[[2.112828056,48.750914167],[2.112913889,48.750932222],[2.112920833,48.7509175],[2.113044722,48.750945278],[2.113051667,48.750929444],[2.113136667,48.750949444],[2.113093333,48.751031389],[2.113012222,48.751013611],[2.1130025,48.751030278],[2.112882222,48.751001944],[2.112872778,48.751017222],[2.112785278,48.750998056],[2.112828056,48.750914167]]]}},{"type":"Feature","id":"LFPN-20eae4acdf966022b9bd","properties":{"airport":"LFPN","name":"LFPN AVISO","layer":"Buildings and structures","category":"Buildings","object_type":"Area","style_id":"polygon.building.394446","source_group":"LFPN AVISO","vsmr_group_ids":[],"geometry_role":"filled_region"},"geometry":{"type":"Polygon","coordinates":[[[2.113281111,48.7509875],[2.113389722,48.7510125],[2.113346667,48.751087778],[2.113241389,48.751063611],[2.113281111,48.7509875]]]}},{"type":"Feature","id":"LFPN-f107d53e5cbfc518d316","properties":{"airport":"LFPN","name":"LFPN AVISO","layer":"Buildings and structures","category":"Buildings","object_type":"Area","style_id":"polygon.building.394446","source_group":"LFPN AVISO","vsmr_group_ids":[],"geometry_role":"filled_region"},"geometry":{"type":"Polygon","coordinates":[[[2.1136225,48.751109444],[2.113944444,48.751182222],[2.113902222,48.751268611],[2.113579167,48.751195833],[2.1136225,48.751109444]]]}},{"type":"Feature","id":"LFPN-9b2c17193c4ee158af28","properties":{"airport":"LFPN","name":"LFPN AVISO","layer":"Buildings and structures","category":"Buildings","object_type":"Area","style_id":"polygon.building.394446","source_group":"LFPN AVISO","vsmr_group_ids":[],"geometry_role":"filled_region"},"geometry":{"type":"Polygon","coordinates":[[[2.115498611,48.749538333],[2.115894722,48.7494625],[2.116049722,48.749812222],[2.115655,48.749886944],[2.115498611,48.749538333]]]}},{"type":"Feature","id":"LFPN-9823c6b9325393633d0f","properties":{"airport":"LFPN","name":"LFPN AVISO","layer":"Buildings and structures","category":"Buildings","object_type":"Area","style_id":"polygon.building.394446","source_group":"LFPN AVISO","vsmr_group_ids":[],"geometry_role":"filled_region"},"geometry":{"type":"Polygon","coordinates":[[[2.115476944,48.749837222],[2.115603333,48.7498125],[2.115637778,48.749892222],[2.115514167,48.749915833],[2.115476944,48.749837222]]]}},{"type":"Feature","id":"LFPN-c8584bca64389bc33707","properties":{"airport":"LFPN","name":"LFPN AVISO","layer":"Buildings and structures","category":"Buildings","object_type":"Area","style_id":"polygon.building.394446","source_group":"LFPN AVISO","vsmr_group_ids":[],"geometry_role":"filled_region"},"geometry":{"type":"Polygon","coordinates":[[[2.115949167,48.749450278],[2.116385,48.749368056],[2.116534722,48.749718056],[2.11611,48.749801667],[2.115949167,48.749450278]]]}},{"type":"Feature","id":"LFPN-a4bf6774f2e914ca41ef","properties":{"airport":"LFPN","name":"LFPN AVISO","layer":"Buildings and structures","category":"Buildings","object_type":"Area","style_id":"polygon.building.394446","source_group":"LFPN AVISO","vsmr_group_ids":[],"geometry_role":"filled_region"},"geometry":{"type":"Polygon","coordinates":[[[2.116633333,48.749696667],[2.116483333,48.749347222],[2.116891667,48.749271944],[2.117038056,48.749619444],[2.116633333,48.749696667]]]}},{"type":"Feature","id":"LFPN-1639af34d7f0539cef7b","properties":{"airport":"LFPN","name":"LFPN AVISO","layer":"Buildings and structures","category":"Buildings","object_type":"Area","style_id":"polygon.building.394446","source_group":"LFPN AVISO","vsmr_group_ids":[],"geometry_role":"filled_region"},"geometry":{"type":"Polygon","coordinates":[[[2.117035278,48.749483611],[2.116940278,48.749261667],[2.117341389,48.749180556],[2.117435278,48.749405],[2.117035278,48.749483611]]]}},{"type":"Feature","id":"LFPN-56f046da7eafb9d0b159","properties":{"airport":"LFPN","name":"LFPN AVISO","layer":"Buildings and structures","category":"Buildings","object_type":"Area","style_id":"polygon.building.394446","source_group":"LFPN AVISO","vsmr_group_ids":[],"geometry_role":"filled_region"},"geometry":{"type":"Polygon","coordinates":[[[2.117525556,48.749473889],[2.117395278,48.749175278],[2.118185278,48.749020278],[2.118318889,48.749322222],[2.117525556,48.749473889]]]}},{"type":"Feature","id":"LFPN-20d14e5ce150c64ee391","properties":{"airport":"LFPN","name":"LFPN AVISO","layer":"Buildings and structures","category":"Buildings","object_type":"Area","style_id":"polygon.building.394446","source_group":"LFPN AVISO","vsmr_group_ids":[],"geometry_role":"filled_region"},"geometry":{"type":"Polygon","coordinates":[[[2.118396944,48.749353333],[2.118241667,48.749006667],[2.11865,48.748926944],[2.118802778,48.749275],[2.118396944,48.749353333]]]}},{"type":"Feature","id":"LFPN-8f0021cedc02f09ddfeb","properties":{"airport":"LFPN","name":"LFPN AVISO","layer":"Buildings and structures","category":"Buildings","object_type":"Area","style_id":"polygon.building.394446","source_group":"LFPN AVISO","vsmr_group_ids":[],"geometry_role":"filled_region"},"geometry":{"type":"Polygon","coordinates":[[[2.118963333,48.750821389],[2.118788333,48.750404167],[2.119251111,48.750313333],[2.119425278,48.750731667],[2.118963333,48.750821389]]]}},{"type":"Feature","id":"LFPN-b68bf70d3c41bf7898b4","properties":{"airport":"LFPN","name":"LFPN AVISO","layer":"Buildings and structures","category":"Buildings","object_type":"Area","style_id":"polygon.building.394446","source_group":"LFPN AVISO","vsmr_group_ids":[],"geometry_role":"filled_region"},"geometry":{"type":"Polygon","coordinates":[[[2.118008056,48.750882222],[2.117874722,48.750586389],[2.118659444,48.750431389],[2.118794722,48.750735556],[2.118008056,48.750882222]]]}},{"type":"Feature","id":"LFPN-3ceb354f93ed2c0cfd65","properties":{"airport":"LFPN","name":"LFPN AVISO","layer":"Buildings and structures","category":"Buildings","object_type":"Area","style_id":"polygon.building.394446","source_group":"LFPN AVISO","vsmr_group_ids":[],"geometry_role":"filled_region"},"geometry":{"type":"Polygon","coordinates":[[[2.117576111,48.751017222],[2.1175,48.750840833],[2.117879444,48.750766667],[2.117959722,48.750943611],[2.117576111,48.751017222]]]}},{"type":"Feature","id":"LFPN-816bb4452420dc8fff91","properties":{"airport":"LFPN","name":"LFPN AVISO","layer":"Buildings and structures","category":"Buildings","object_type":"Area","style_id":"polygon.building.394446","source_group":"LFPN AVISO","vsmr_group_ids":[],"geometry_role":"filled_region"},"geometry":{"type":"Polygon","coordinates":[[[2.116682222,48.751189167],[2.116533333,48.7508425],[2.117358333,48.7506825],[2.11751,48.751030278],[2.116682222,48.751189167]]]}},{"type":"Feature","id":"LFPN-7d7397788a2f73d5a7fb","properties":{"airport":"LFPN","name":"LFPN AVISO","layer":"Buildings and structures","category":"Buildings","object_type":"Area","style_id":"polygon.building.394446","source_group":"LFPN AVISO","vsmr_group_ids":[],"geometry_role":"filled_region"},"geometry":{"type":"Polygon","coordinates":[[[2.116664167,48.751095833],[2.116688611,48.751187222],[2.116681111,48.751192778],[2.116229167,48.751280556],[2.116077778,48.750928056],[2.116447778,48.750857222],[2.116569722,48.751114722],[2.116664167,48.751095833]]]}},{"type":"Feature","id":"LFPN-a2e7f3333e2ef2614d34","properties":{"airport":"LFPN","name":"LFPN AVISO","layer":"Airfield surfaces","category":"Taxiways","object_type":"Area","style_id":"polygon.taxiway.c0b631","source_group":"LFPN AVISO","vsmr_group_ids":[],"geometry_role":"filled_region"},"geometry":{"type":"Polygon","coordinates":[[[2.104188056,48.748685],[2.104182778,48.748675833],[2.104188056,48.748668611],[2.104200556,48.7486625],[2.104204444,48.748671944],[2.104203056,48.748682778],[2.104188056,48.748685]]]}},{"type":"Feature","id":"LFPN-6b1ad96aa57a1f91d4d5","properties":{"airport":"LFPN","name":"LFPN AVISO","layer":"Airfield surfaces","category":"Taxiways","object_type":"Area","style_id":"polygon.taxiway.c0b631","source_group":"LFPN AVISO","vsmr_group_ids":[],"geometry_role":"filled_region"},"geometry":{"type":"Polygon","coordinates":[[[2.104308889,48.748670556],[2.104308889,48.748680278],[2.104301667,48.748685556],[2.104294722,48.748678889],[2.104291667,48.748673889],[2.104298611,48.748664444],[2.104308889,48.748670556]]]}},{"type":"Feature","id":"LFPN-2d275283b6e2cf897c7f","properties":{"airport":"LFPN","name":"LFPN AVISO","layer":"Airfield surfaces","category":"Taxiways","object_type":"Area","style_id":"polygon.taxiway.c0b631","source_group":"LFPN AVISO","vsmr_group_ids":[],"geometry_role":"filled_region"},"geometry":{"type":"Polygon","coordinates":[[[2.104173611,48.748814167],[2.104177222,48.748806667],[2.104189167,48.748803056],[2.104200556,48.748805833],[2.104197222,48.7488125],[2.104189444,48.748817222],[2.104173611,48.748814167]]]}},{"type":"Feature","id":"LFPN-96814cb6644f08bee4d1","properties":{"airport":"LFPN","name":"LFPN AVISO","layer":"Airfield surfaces","category":"Taxiways","object_type":"Area","style_id":"polygon.taxiway.c0b631","source_group":"LFPN AVISO","vsmr_group_ids":[],"geometry_role":"filled_region"},"geometry":{"type":"Polygon","coordinates":[[[2.104277222,48.748810278],[2.1042925,48.748801944],[2.104310278,48.748809167],[2.104301389,48.748816667],[2.104292778,48.748819444],[2.104277222,48.748810278]]]}},{"type":"Feature","id":"LFPN-e5b456f1c5a5088e468f","properties":{"airport":"LFPN","name":"LFPN AVISO","layer":"Airfield surfaces","category":"Taxiways","object_type":"Area","style_id":"polygon.taxiway.c0b631","source_group":"LFPN AVISO","vsmr_group_ids":[],"geometry_role":"filled_region"},"geometry":{"type":"Polygon","coordinates":[[[2.104156667,48.748948611],[2.104168611,48.748941111],[2.104182778,48.748941111],[2.104182222,48.748950556],[2.104174722,48.748955833],[2.104156667,48.748948611]]]}},{"type":"Feature","id":"LFPN-ace9e2ab0cab6c164c56","properties":{"airport":"LFPN","name":"LFPN AVISO","layer":"Airfield surfaces","category":"Taxiways","object_type":"Area","style_id":"polygon.taxiway.c0b631","source_group":"LFPN AVISO","vsmr_group_ids":[],"geometry_role":"filled_region"},"geometry":{"type":"Polygon","coordinates":[[[2.104276667,48.748954167],[2.104271944,48.748946111],[2.104288889,48.748939167],[2.1043,48.748948889],[2.104292778,48.748958056],[2.104276667,48.748954167]]]}},{"type":"Feature","id":"LFPN-b7649ff9a973500e0946","properties":{"airport":"LFPN","name":"LFPN AVISO","layer":"Airfield surfaces","category":"Taxiways","object_type":"Area","style_id":"polygon.taxiway.c0b631","source_group":"LFPN AVISO","vsmr_group_ids":[],"geometry_role":"filled_region"},"geometry":{"type":"Polygon","coordinates":[[[2.104160833,48.749078611],[2.104172222,48.749071667],[2.1041825,48.749077778],[2.104185278,48.749085278],[2.104173056,48.749090833],[2.104160833,48.749078611]]]}},{"type":"Feature","id":"LFPN-eceb60e3969df23db290","properties":{"airport":"LFPN","name":"LFPN AVISO","layer":"Airfield surfaces","category":"Taxiways","object_type":"Area","style_id":"polygon.taxiway.c0b631","source_group":"LFPN AVISO","vsmr_group_ids":[],"geometry_role":"filled_region"},"geometry":{"type":"Polygon","coordinates":[[[2.104270833,48.749081389],[2.104277222,48.749074167],[2.104288333,48.7490775],[2.104294167,48.749084167],[2.104280278,48.749091389],[2.104270833,48.749081389]]]}},{"type":"Feature","id":"LFPN-7ef506c150bf8a1d23b1","properties":{"airport":"LFPN","name":"LFPN AVISO","layer":"Airfield surfaces","category":"Taxiways","object_type":"Area","style_id":"polygon.taxiway.c0b631","source_group":"LFPN AVISO","vsmr_group_ids":[],"geometry_role":"filled_region"},"geometry":{"type":"Polygon","coordinates":[[[2.104152778,48.749220833],[2.104153611,48.749209444],[2.104170833,48.749209444],[2.104179722,48.749211667],[2.104171667,48.749222222],[2.104162778,48.749228333],[2.104152778,48.749220833]]]}},{"type":"Feature","id":"LFPN-681760f9e8d4d9851ecc","properties":{"airport":"LFPN","name":"LFPN AVISO","layer":"Airfield surfaces","category":"Taxiways","object_type":"Area","style_id":"polygon.taxiway.c0b631","source_group":"LFPN AVISO","vsmr_group_ids":[],"geometry_role":"filled_region"},"geometry":{"type":"Polygon","coordinates":[[[2.104269444,48.749214722],[2.104275278,48.749208056],[2.104292778,48.749214722],[2.104285556,48.749222222],[2.104275278,48.749224444],[2.104269444,48.749214722]]]}},{"type":"Feature","id":"LFPN-716de2ddc4a218264e1d","properties":{"airport":"LFPN","name":"LFPN AVISO","layer":"Airfield surfaces","category":"Taxiways","object_type":"Area","style_id":"polygon.taxiway.c0b631","source_group":"LFPN AVISO","vsmr_group_ids":[],"geometry_role":"filled_region"},"geometry":{"type":"Polygon","coordinates":[[[2.104144444,48.7493525],[2.104149167,48.749341667],[2.104165833,48.749342222],[2.104173056,48.749353333],[2.104161389,48.749360278],[2.104144444,48.7493525]]]}},{"type":"Feature","id":"LFPN-9abb9d27736a7671eb05","properties":{"airport":"LFPN","name":"LFPN AVISO","layer":"Airfield surfaces","category":"Taxiways","object_type":"Area","style_id":"polygon.taxiway.c0b631","source_group":"LFPN AVISO","vsmr_group_ids":[],"geometry_role":"filled_region"},"geometry":{"type":"Polygon","coordinates":[[[2.104255833,48.749350833],[2.104262778,48.749340833],[2.104275556,48.749343889],[2.104279167,48.749354444],[2.104264722,48.749361667],[2.104255833,48.749350833]]]}},{"type":"Feature","id":"LFPN-ea85895bd5c544c9864c","properties":{"airport":"LFPN","name":"LFPN AVISO","layer":"Airfield surfaces","category":"Taxiways","object_type":"Area","style_id":"polygon.taxiway.c0b631","source_group":"LFPN AVISO","vsmr_group_ids":[],"geometry_role":"filled_region"},"geometry":{"type":"Polygon","coordinates":[[[2.104318056,48.749581389],[2.104315,48.749575],[2.104327778,48.749568889],[2.104336111,48.749578056],[2.10433,48.749586389],[2.104318056,48.749581389]]]}},{"type":"Feature","id":"LFPN-ec6930d96552c72e9d99","properties":{"airport":"LFPN","name":"LFPN AVISO","layer":"Airfield surfaces","category":"Taxiways","object_type":"Area","style_id":"polygon.taxiway.c0b631","source_group":"LFPN AVISO","vsmr_group_ids":[],"geometry_role":"filled_region"},"geometry":{"type":"Polygon","coordinates":[[[2.104278889,48.749646667],[2.104290278,48.749637222],[2.104299444,48.749648056],[2.104296944,48.749653889],[2.104282222,48.7496575],[2.104278889,48.749646667]]]}},{"type":"Feature","id":"LFPN-068fb7ecd3da4f618057","properties":{"airport":"LFPN","name":"LFPN AVISO","layer":"Airfield surfaces","category":"Taxiways","object_type":"Area","style_id":"polygon.taxiway.c0b631","source_group":"LFPN AVISO","vsmr_group_ids":[],"geometry_role":"filled_region"},"geometry":{"type":"Polygon","coordinates":[[[2.104597778,48.7497175],[2.104609722,48.7497125],[2.104618056,48.749721667],[2.104605833,48.7497275],[2.104597778,48.7497175]]]}},{"type":"Feature","id":"LFPN-5ffbeae79e6de7124637","properties":{"airport":"LFPN","name":"LFPN AVISO","layer":"Airfield surfaces","category":"Taxiways","object_type":"Area","style_id":"polygon.taxiway.c0b631","source_group":"LFPN AVISO","vsmr_group_ids":[],"geometry_role":"filled_region"},"geometry":{"type":"Polygon","coordinates":[[[2.104630833,48.749650833],[2.104646389,48.749640278],[2.104659167,48.749645278],[2.104656111,48.749653056],[2.104644167,48.749658611],[2.104630833,48.749650833]]]}},{"type":"Feature","id":"LFPN-d79c45fab5457a991433","properties":{"airport":"LFPN","name":"LFPN AVISO","layer":"Airfield surfaces","category":"Taxiways","object_type":"Area","style_id":"polygon.taxiway.c0b631","source_group":"LFPN AVISO","vsmr_group_ids":[],"geometry_role":"filled_region"},"geometry":{"type":"Polygon","coordinates":[[[2.104913333,48.749794444],[2.104928056,48.749783056],[2.104944722,48.749788056],[2.104945278,48.7497975],[2.104933056,48.749803056],[2.104913333,48.749794444]]]}},{"type":"Feature","id":"LFPN-73c56040acce074942c0","properties":{"airport":"LFPN","name":"LFPN AVISO","layer":"Airfield surfaces","category":"Taxiways","object_type":"Area","style_id":"polygon.taxiway.c0b631","source_group":"LFPN AVISO","vsmr_group_ids":[],"geometry_role":"filled_region"},"geometry":{"type":"Polygon","coordinates":[[[2.104953056,48.749722222],[2.1049675,48.7497125],[2.104983056,48.749723889],[2.104968889,48.749731944],[2.104953056,48.749722222]]]}},{"type":"Feature","id":"LFPN-1be583c5f56a43596a7f","properties":{"airport":"LFPN","name":"LFPN AVISO","layer":"Airfield surfaces","category":"Taxiways","object_type":"Area","style_id":"polygon.taxiway.c0b631","source_group":"LFPN AVISO","vsmr_group_ids":[],"geometry_role":"filled_region"},"geometry":{"type":"Polygon","coordinates":[[[2.105239722,48.749866111],[2.105255833,48.7498575],[2.105270278,48.749866389],[2.105263056,48.749872222],[2.105247222,48.749876667],[2.105239722,48.749866111]]]}},{"type":"Feature","id":"LFPN-9fc3b766f291a35b6a95","properties":{"airport":"LFPN","name":"LFPN AVISO","layer":"Airfield surfaces","category":"Taxiways","object_type":"Area","style_id":"polygon.taxiway.c0b631","source_group":"LFPN AVISO","vsmr_group_ids":[],"geometry_role":"filled_region"},"geometry":{"type":"Polygon","coordinates":[[[2.105275833,48.749801389],[2.105284722,48.749791389],[2.105299444,48.749793611],[2.105300833,48.749801667],[2.10529,48.749809722],[2.105275833,48.749801389]]]}},{"type":"Feature","id":"LFPN-1f3216b07c2268a53da8","properties":{"airport":"LFPN","name":"LFPN AVISO","layer":"Airfield surfaces","category":"Taxiways","object_type":"Area","style_id":"polygon.taxiway.c0b631","source_group":"LFPN AVISO","vsmr_group_ids":[],"geometry_role":"filled_region"},"geometry":{"type":"Polygon","coordinates":[[[2.105564167,48.749941389],[2.105568056,48.749931389],[2.105586111,48.749935],[2.105587778,48.749939722],[2.105577222,48.749949444],[2.105564167,48.749941389]]]}},{"type":"Feature","id":"LFPN-288524c18af23eb986dc","properties":{"airport":"LFPN","name":"LFPN AVISO","layer":"Airfield surfaces","category":"Taxiways","object_type":"Area","style_id":"polygon.taxiway.c0b631","source_group":"LFPN AVISO","vsmr_group_ids":[],"geometry_role":"filled_region"},"geometry":{"type":"Polygon","coordinates":[[[2.105601111,48.749874722],[2.105606111,48.749865278],[2.105621111,48.749863611],[2.105621111,48.749872778],[2.105613611,48.749879444],[2.105601111,48.749874722]]]}},{"type":"Feature","id":"LFPN-ff9bb45eaa8ef8ca4930","properties":{"airport":"LFPN","name":"LFPN AVISO","layer":"Airfield surfaces","category":"Taxiways","object_type":"Area","style_id":"polygon.taxiway.c0b631","source_group":"LFPN AVISO","vsmr_group_ids":[],"geometry_role":"filled_region"},"geometry":{"type":"Polygon","coordinates":[[[2.105919444,48.749943333],[2.105931389,48.749935833],[2.10594,48.7499425],[2.10594,48.749947778],[2.105931111,48.749950833],[2.105919444,48.749943333]]]}},{"type":"Feature","id":"LFPN-09d586e1c41f5e433a46","properties":{"airport":"LFPN","name":"LFPN AVISO","layer":"Airfield surfaces","category":"Taxiways","object_type":"Area","style_id":"polygon.taxiway.c0b631","source_group":"LFPN AVISO","vsmr_group_ids":[],"geometry_role":"filled_region"},"geometry":{"type":"Polygon","coordinates":[[[2.105882222,48.750011944],[2.105895833,48.750003611],[2.105908056,48.750011944],[2.105906944,48.7500175],[2.105896389,48.750021389],[2.105882222,48.750011944]]]}},{"type":"Feature","id":"LFPN-f4543c0509f0e2bdd071","properties":{"airport":"LFPN","name":"LFPN AVISO","layer":"Airfield surfaces","category":"Taxiways","object_type":"Area","style_id":"polygon.taxiway.c0b631","source_group":"LFPN AVISO","vsmr_group_ids":[],"geometry_role":"filled_region"},"geometry":{"type":"Polygon","coordinates":[[[2.106208611,48.750088056],[2.106210833,48.750078333],[2.1062275,48.750077222],[2.106233889,48.750085],[2.106218611,48.750094722],[2.106208611,48.750088056]]]}},{"type":"Feature","id":"LFPN-ef55890d61d65987e4a8","properties":{"airport":"LFPN","name":"LFPN AVISO","layer":"Airfield surfaces","category":"Taxiways","object_type":"Area","style_id":"polygon.taxiway.c0b631","source_group":"LFPN AVISO","vsmr_group_ids":[],"geometry_role":"filled_region"},"geometry":{"type":"Polygon","coordinates":[[[2.106235556,48.750015556],[2.106248611,48.750006389],[2.106268333,48.750008611],[2.106268333,48.7500175],[2.106252778,48.750025278],[2.106235556,48.750015556]]]}},{"type":"Feature","id":"LFPN-6a4051e2e2b6a6e316d1","properties":{"airport":"LFPN","name":"LFPN AVISO","layer":"Airfield surfaces","category":"Taxiways","object_type":"Area","style_id":"polygon.taxiway.c0b631","source_group":"LFPN AVISO","vsmr_group_ids":[],"geometry_role":"filled_region"},"geometry":{"type":"Polygon","coordinates":[[[2.106526111,48.750163333],[2.106530556,48.750156389],[2.106541944,48.750150833],[2.106550833,48.750155833],[2.1065525,48.750164167],[2.106542778,48.7501675],[2.106526111,48.750163333]]]}},{"type":"Feature","id":"LFPN-2b738d623a1b01d5cecd","properties":{"airport":"LFPN","name":"LFPN AVISO","layer":"Airfield surfaces","category":"Taxiways","object_type":"Area","style_id":"polygon.taxiway.c0b631","source_group":"LFPN AVISO","vsmr_group_ids":[],"geometry_role":"filled_region"},"geometry":{"type":"Polygon","coordinates":[[[2.1065625,48.750088889],[2.106569444,48.750080833],[2.106582222,48.750080833],[2.106590556,48.750083056],[2.106588056,48.7500925],[2.106571389,48.750098889],[2.1065625,48.750088889]]]}},{"type":"Feature","id":"LFPN-a286dd87635c3546b9ce","properties":{"airport":"LFPN","name":"LFPN AVISO","layer":"Airfield surfaces","category":"Taxiways","object_type":"Area","style_id":"polygon.taxiway.c0b631","source_group":"LFPN AVISO","vsmr_group_ids":[],"geometry_role":"filled_region"},"geometry":{"type":"Polygon","coordinates":[[[2.106849167,48.750234444],[2.106847222,48.750223889],[2.106865278,48.750222778],[2.106875,48.750227222],[2.1068775,48.750235556],[2.106866389,48.750240833],[2.106849167,48.750234444]]]}},{"type":"Feature","id":"LFPN-c023877d102114f45eb8","properties":{"airport":"LFPN","name":"LFPN AVISO","layer":"Airfield surfaces","category":"Taxiways","object_type":"Area","style_id":"polygon.taxiway.c0b631","source_group":"LFPN AVISO","vsmr_group_ids":[],"geometry_role":"filled_region"},"geometry":{"type":"Polygon","coordinates":[[[2.106886111,48.750169444],[2.106878611,48.750158333],[2.106888056,48.750150833],[2.1069075,48.750151667],[2.1069125,48.750161389],[2.106902778,48.750172222],[2.106886111,48.750169444]]]}},{"type":"Feature","id":"LFPN-e97578786cc8dad3863b","properties":{"airport":"LFPN","name":"LFPN AVISO","layer":"Airfield surfaces","category":"Taxiways","object_type":"Area","style_id":"polygon.taxiway.c0b631","source_group":"LFPN AVISO","vsmr_group_ids":[],"geometry_role":"filled_region"},"geometry":{"type":"Polygon","coordinates":[[[2.107181111,48.750311389],[2.107173333,48.750304167],[2.107176389,48.750294722],[2.107190556,48.750293889],[2.107201667,48.750298889],[2.107196944,48.750306389],[2.107194167,48.750313889],[2.107181111,48.750311389]]]}},{"type":"Feature","id":"LFPN-2b1274cf0bbc7e46b02c","properties":{"airport":"LFPN","name":"LFPN AVISO","layer":"Airfield surfaces","category":"Taxiways","object_type":"Area","style_id":"polygon.taxiway.c0b631","source_group":"LFPN AVISO","vsmr_group_ids":[],"geometry_role":"filled_region"},"geometry":{"type":"Polygon","coordinates":[[[2.107203056,48.750233889],[2.107216111,48.750223889],[2.107228333,48.750226389],[2.1072325,48.750233889],[2.107218611,48.750243056],[2.107203056,48.750233889]]]}},{"type":"Feature","id":"LFPN-5bee871324bcb7dc1a27","properties":{"airport":"LFPN","name":"LFPN AVISO","layer":"Airfield surfaces","category":"Taxiways","object_type":"Area","style_id":"polygon.taxiway.c0b631","source_group":"LFPN AVISO","vsmr_group_ids":[],"geometry_role":"filled_region"},"geometry":{"type":"Polygon","coordinates":[[[2.107514167,48.750383611],[2.107499167,48.750378611],[2.107505,48.750368611],[2.107516944,48.750365278],[2.107529167,48.7503725],[2.107514167,48.750383611]]]}},{"type":"Feature","id":"LFPN-da9e6cdfcc41dd596c8a","properties":{"airport":"LFPN","name":"LFPN AVISO","layer":"Airfield surfaces","category":"Taxiways","object_type":"Area","style_id":"polygon.taxiway.c0b631","source_group":"LFPN AVISO","vsmr_group_ids":[],"geometry_role":"filled_region"},"geometry":{"type":"Polygon","coordinates":[[[2.107543611,48.750317222],[2.107527222,48.750308889],[2.107535,48.750299167],[2.107554167,48.750298056],[2.107565833,48.750300833],[2.107564722,48.750311944],[2.107543611,48.750317222]]]}},{"type":"Feature","id":"LFPN-7795b31bc62072ad611b","properties":{"airport":"LFPN","name":"LFPN AVISO","layer":"Airfield surfaces","category":"Taxiways","object_type":"Area","style_id":"polygon.taxiway.c0b631","source_group":"LFPN AVISO","vsmr_group_ids":[],"geometry_role":"filled_region"},"geometry":{"type":"Polygon","coordinates":[[[2.107834722,48.750455],[2.107820556,48.750451389],[2.107821389,48.750441389],[2.107838333,48.750438333],[2.107849722,48.750445278],[2.107834722,48.750455]]]}},{"type":"Feature","id":"LFPN-502b693ce2aa15d2954f","properties":{"airport":"LFPN","name":"LFPN AVISO","layer":"Airfield surfaces","category":"Taxiways","object_type":"Area","style_id":"polygon.taxiway.c0b631","source_group":"LFPN AVISO","vsmr_group_ids":[],"geometry_role":"filled_region"},"geometry":{"type":"Polygon","coordinates":[[[2.107855278,48.750378056],[2.107869167,48.750364444],[2.107884444,48.750368889],[2.107887222,48.750379444],[2.107873333,48.750387778],[2.107855278,48.750378056]]]}},{"type":"Feature","id":"LFPN-1156dca78df70c2da0c4","properties":{"airport":"LFPN","name":"LFPN AVISO","layer":"Airfield surfaces","category":"Taxiways","object_type":"Area","style_id":"polygon.taxiway.c0b631","source_group":"LFPN AVISO","vsmr_group_ids":[],"geometry_role":"filled_region"},"geometry":{"type":"Polygon","coordinates":[[[2.108170278,48.750524167],[2.1081525,48.750526111],[2.108143333,48.750518333],[2.108140278,48.750509167],[2.108158056,48.750505833],[2.108168333,48.750513333],[2.108170278,48.750524167]]]}},{"type":"Feature","id":"LFPN-60fc8309e05b9b3bc41a","properties":{"airport":"LFPN","name":"LFPN AVISO","layer":"Airfield surfaces","category":"Taxiways","object_type":"Area","style_id":"polygon.taxiway.c0b631","source_group":"LFPN AVISO","vsmr_group_ids":[],"geometry_role":"filled_region"},"geometry":{"type":"Polygon","coordinates":[[[2.1082125,48.750455278],[2.108193056,48.750460278],[2.108173056,48.750454722],[2.1081775,48.750445556],[2.108187222,48.750440278],[2.108208889,48.7504425],[2.1082125,48.750455278]]]}},{"type":"Feature","id":"LFPN-59ead6fd540e2c023345","properties":{"airport":"LFPN","name":"LFPN AVISO","layer":"Airfield surfaces","category":"Taxiways","object_type":"Area","style_id":"polygon.taxiway.c0b631","source_group":"LFPN AVISO","vsmr_group_ids":[],"geometry_role":"filled_region"},"geometry":{"type":"Polygon","coordinates":[[[2.108488056,48.750603056],[2.108468611,48.750600278],[2.108465556,48.750588611],[2.108478056,48.750583333],[2.108489722,48.750586944],[2.108488056,48.750603056]]]}},{"type":"Feature","id":"LFPN-94ec6c66b32542af946d","properties":{"airport":"LFPN","name":"LFPN AVISO","layer":"Airfield surfaces","category":"Taxiways","object_type":"Area","style_id":"polygon.taxiway.c0b631","source_group":"LFPN AVISO","vsmr_group_ids":[],"geometry_role":"filled_region"},"geometry":{"type":"Polygon","coordinates":[[[2.108498889,48.750528611],[2.108503611,48.750514722],[2.108521944,48.750512778],[2.108529167,48.750522222],[2.108516667,48.7505325],[2.108498889,48.750528611]]]}},{"type":"Feature","id":"LFPN-b63512a75f386ee93e80","properties":{"airport":"LFPN","name":"LFPN AVISO","layer":"Airfield surfaces","category":"Taxiways","object_type":"Area","style_id":"polygon.taxiway.c0b631","source_group":"LFPN AVISO","vsmr_group_ids":[],"geometry_role":"filled_region"},"geometry":{"type":"Polygon","coordinates":[[[2.108792222,48.750667778],[2.108786944,48.750655556],[2.108804722,48.750651389],[2.108811389,48.750658056],[2.108813056,48.750666389],[2.108792222,48.750667778]]]}},{"type":"Feature","id":"LFPN-5a6823d6fdab4a15ea89","properties":{"airport":"LFPN","name":"LFPN AVISO","layer":"Airfield surfaces","category":"Taxiways","object_type":"Area","style_id":"polygon.taxiway.c0b631","source_group":"LFPN AVISO","vsmr_group_ids":[],"geometry_role":"filled_region"},"geometry":{"type":"Polygon","coordinates":[[[2.108822778,48.750601111],[2.108821944,48.750583056],[2.10884,48.750583611],[2.108851389,48.750598333],[2.108842222,48.750605278],[2.108822778,48.750601111]]]}},{"type":"Feature","id":"LFPN-5493434e340fad3d2e79","properties":{"airport":"LFPN","name":"TWR","layer":"Labels","category":"Gates","object_type":"Label","style_id":"label.gates","source_group":"LFPN Gates","vsmr_group_ids":[],"geometry_role":"text_label","text-field":"TWR"},"geometry":{"type":"Point","coordinates":[2.112144167,48.750585833]}},{"type":"Feature","id":"LFPN-7988fbf7d39b1812b73d","properties":{"airport":"LFPN","name":"Les Alcyons","layer":"Labels","category":"Gates","object_type":"Label","style_id":"label.gates","source_group":"LFPN Gates","vsmr_group_ids":[],"geometry_role":"text_label","text-field":"Les Alcyons"},"geometry":{"type":"Point","coordinates":[2.113378333,48.749391667]}},{"type":"Feature","id":"LFPN-9f6f84bd58673aec9e77","properties":{"airport":"LFPN","name":"AstonFly","layer":"Labels","category":"Gates","object_type":"Label","style_id":"label.gates","source_group":"LFPN Gates","vsmr_group_ids":[],"geometry_role":"text_label","text-field":"AstonFly"},"geometry":{"type":"Point","coordinates":[2.100663889,48.747929722]}},{"type":"Feature","id":"LFPN-f4ca334ce4553928c204","properties":{"airport":"LFPN","name":"Allintair","layer":"Labels","category":"Gates","object_type":"Label","style_id":"label.gates","source_group":"LFPN Gates","vsmr_group_ids":[],"geometry_role":"text_label","text-field":"Allintair"},"geometry":{"type":"Point","coordinates":[2.100729722,48.7466725]}},{"type":"Feature","id":"LFPN-b12ecd165c3cace1c594","properties":{"airport":"LFPN","name":"Helixaero","layer":"Labels","category":"Gates","object_type":"Label","style_id":"label.gates","source_group":"LFPN Gates","vsmr_group_ids":[],"geometry_role":"text_label","text-field":"Helixaero"},"geometry":{"type":"Point","coordinates":[2.101411667,48.747953611]}},{"type":"Feature","id":"LFPN-9b733fa65b1963b3aca4","properties":{"airport":"LFPN","name":"Héli-Union","layer":"Labels","category":"Gates","object_type":"Label","style_id":"label.gates","source_group":"LFPN Gates","vsmr_group_ids":[],"geometry_role":"text_label","text-field":"Héli-Union"},"geometry":{"type":"Point","coordinates":[2.103781389,48.746892778]}},{"type":"Feature","id":"LFPN-171fec3f6144bc1e3188","properties":{"airport":"LFPN","name":"ACB Air France","layer":"Labels","category":"Gates","object_type":"Label","style_id":"label.gates","source_group":"LFPN Gates","vsmr_group_ids":[],"geometry_role":"text_label","text-field":"ACB Air France"},"geometry":{"type":"Point","coordinates":[2.104253611,48.747520556]}},{"type":"Feature","id":"LFPN-1aa298d8e9bd9c347ab3","properties":{"airport":"LFPN","name":"Aero Touring","layer":"Labels","category":"Gates","object_type":"Label","style_id":"label.gates","source_group":"LFPN Gates","vsmr_group_ids":[],"geometry_role":"text_label","text-field":"Aero Touring"},"geometry":{"type":"Point","coordinates":[2.107511944,48.747284444]}},{"type":"Feature","id":"LFPN-46dd7efe56f4a32d1024","properties":{"airport":"LFPN","name":"Aeropyrénées","layer":"Labels","category":"Gates","object_type":"Label","style_id":"label.gates","source_group":"LFPN Gates","vsmr_group_ids":[],"geometry_role":"text_label","text-field":"Aeropyrénées"},"geometry":{"type":"Point","coordinates":[2.110963333,48.748950556]}},{"type":"Feature","id":"LFPN-7daa677022a69a5d5f1a","properties":{"airport":"LFPN","name":"Farman","layer":"Labels","category":"Gates","object_type":"Label","style_id":"label.gates","source_group":"LFPN Gates","vsmr_group_ids":[],"geometry_role":"text_label","text-field":"Farman"},"geometry":{"type":"Point","coordinates":[2.114608056,48.74861]}},{"type":"Feature","id":"LFPN-a456ecb54c5fb76a136b","properties":{"airport":"LFPN","name":"ACPS","layer":"Labels","category":"Gates","object_type":"Label","style_id":"label.gates","source_group":"LFPN Gates","vsmr_group_ids":[],"geometry_role":"text_label","text-field":"ACPS"},"geometry":{"type":"Point","coordinates":[2.119123889,48.750516667]}},{"type":"Feature","id":"LFPN-b6d77027f9e7c80bbe60","properties":{"airport":"LFPN","name":"10","layer":"Labels","category":"Gates","object_type":"Label","style_id":"label.gates","source_group":"LFPN Gates","vsmr_group_ids":[],"geometry_role":"text_label","text-field":"10"},"geometry":{"type":"Point","coordinates":[2.110378056,48.750177222]}},{"type":"Feature","id":"LFPN-b566194d2c42da700a4d","properties":{"airport":"LFPN","name":"11","layer":"Labels","category":"Gates","object_type":"Label","style_id":"label.gates","source_group":"LFPN Gates","vsmr_group_ids":[],"geometry_role":"text_label","text-field":"11"},"geometry":{"type":"Point","coordinates":[2.110392778,48.750311667]}},{"type":"Feature","id":"LFPN-c3fc247fbc5bb04b872f","properties":{"airport":"LFPN","name":"12","layer":"Labels","category":"Gates","object_type":"Label","style_id":"label.gates","source_group":"LFPN Gates","vsmr_group_ids":[],"geometry_role":"text_label","text-field":"12"},"geometry":{"type":"Point","coordinates":[2.110406111,48.750446111]}},{"type":"Feature","id":"LFPN-40bc42379409864866e8","properties":{"airport":"LFPN","name":"13","layer":"Labels","category":"Gates","object_type":"Label","style_id":"label.gates","source_group":"LFPN Gates","vsmr_group_ids":[],"geometry_role":"text_label","text-field":"13"},"geometry":{"type":"Point","coordinates":[2.110422778,48.750581111]}},{"type":"Feature","id":"LFPN-8ee53f07c63c9985aee8","properties":{"airport":"LFPN","name":"14","layer":"Labels","category":"Gates","object_type":"Label","style_id":"label.gates","source_group":"LFPN Gates","vsmr_group_ids":[],"geometry_role":"text_label","text-field":"14"},"geometry":{"type":"Point","coordinates":[2.110438056,48.750714722]}},{"type":"Feature","id":"LFPN-1f2ae45a03e9613a0135","properties":{"airport":"LFPN","name":"20","layer":"Labels","category":"Gates","object_type":"Label","style_id":"label.gates","source_group":"LFPN Gates","vsmr_group_ids":[],"geometry_role":"text_label","text-field":"20"},"geometry":{"type":"Point","coordinates":[2.110894444,48.750263056]}},{"type":"Feature","id":"LFPN-efe259dead9f742fad1f","properties":{"airport":"LFPN","name":"21","layer":"Labels","category":"Gates","object_type":"Label","style_id":"label.gates","source_group":"LFPN Gates","vsmr_group_ids":[],"geometry_role":"text_label","text-field":"21"},"geometry":{"type":"Point","coordinates":[2.110909722,48.750398611]}},{"type":"Feature","id":"LFPN-fd97a5f206b963941ccf","properties":{"airport":"LFPN","name":"22","layer":"Labels","category":"Gates","object_type":"Label","style_id":"label.gates","source_group":"LFPN Gates","vsmr_group_ids":[],"geometry_role":"text_label","text-field":"22"},"geometry":{"type":"Point","coordinates":[2.110925,48.750532222]}},{"type":"Feature","id":"LFPN-2bf0b5ad89224e58278c","properties":{"airport":"LFPN","name":"23","layer":"Labels","category":"Gates","object_type":"Label","style_id":"label.gates","source_group":"LFPN Gates","vsmr_group_ids":[],"geometry_role":"text_label","text-field":"23"},"geometry":{"type":"Point","coordinates":[2.110940556,48.750666944]}},{"type":"Feature","id":"LFPN-ed699c30206c1880cb8b","properties":{"airport":"LFPN","name":"24","layer":"Labels","category":"Gates","object_type":"Label","style_id":"label.gates","source_group":"LFPN Gates","vsmr_group_ids":[],"geometry_role":"text_label","text-field":"24"},"geometry":{"type":"Point","coordinates":[2.110955278,48.7508]}},{"type":"Feature","id":"LFPN-61a397126b58b32b119a","properties":{"airport":"LFPN","name":"25","layer":"Labels","category":"Gates","object_type":"Label","style_id":"label.gates","source_group":"LFPN Gates","vsmr_group_ids":[],"geometry_role":"text_label","text-field":"25"},"geometry":{"type":"Point","coordinates":[2.110969444,48.750936389]}},{"type":"Feature","id":"LFPN-4a8d5af482c22cbcab8c","properties":{"airport":"LFPN","name":"30","layer":"Labels","category":"Gates","object_type":"Label","style_id":"label.gates","source_group":"LFPN Gates","vsmr_group_ids":[],"geometry_role":"text_label","text-field":"30"},"geometry":{"type":"Point","coordinates":[2.110230278,48.749671667]}},{"type":"Feature","id":"LFPN-fdd03805c9ca6ec64e15","properties":{"airport":"LFPN","name":"31","layer":"Labels","category":"Gates","object_type":"Label","style_id":"label.gates","source_group":"LFPN Gates","vsmr_group_ids":[],"geometry_role":"text_label","text-field":"31"},"geometry":{"type":"Point","coordinates":[2.11043,48.749701667]}},{"type":"Feature","id":"LFPN-f886b853c16ec6368060","properties":{"airport":"LFPN","name":"32","layer":"Labels","category":"Gates","object_type":"Label","style_id":"label.gates","source_group":"LFPN Gates","vsmr_group_ids":[],"geometry_role":"text_label","text-field":"32"},"geometry":{"type":"Point","coordinates":[2.110662222,48.749743333]}},{"type":"Feature","id":"LFPN-c559b33a4e93c7364d6e","properties":{"airport":"LFPN","name":"33","layer":"Labels","category":"Gates","object_type":"Label","style_id":"label.gates","source_group":"LFPN Gates","vsmr_group_ids":[],"geometry_role":"text_label","text-field":"33"},"geometry":{"type":"Point","coordinates":[2.110945833,48.749788611]}},{"type":"Feature","id":"LFPN-54d019cdc41cb8ce1d81","properties":{"airport":"LFPN","name":"34","layer":"Labels","category":"Gates","object_type":"Label","style_id":"label.gates","source_group":"LFPN Gates","vsmr_group_ids":[],"geometry_role":"text_label","text-field":"34"},"geometry":{"type":"Point","coordinates":[2.111222222,48.7498325]}},{"type":"Feature","id":"LFPN-100c25b6eb29f694c74d","properties":{"airport":"LFPN","name":"40","layer":"Labels","category":"Gates","object_type":"Label","style_id":"label.gates","source_group":"LFPN Gates","vsmr_group_ids":[],"geometry_role":"text_label","text-field":"40"},"geometry":{"type":"Point","coordinates":[2.111790556,48.751144444]}},{"type":"Feature","id":"LFPN-241e9a2ab9553bc66264","properties":{"airport":"LFPN","name":"41","layer":"Labels","category":"Gates","object_type":"Label","style_id":"label.gates","source_group":"LFPN Gates","vsmr_group_ids":[],"geometry_role":"text_label","text-field":"41"},"geometry":{"type":"Point","coordinates":[2.112227222,48.751240556]}},{"type":"Feature","id":"LFPN-d033222ce544c39715d0","properties":{"airport":"LFPN","name":"42","layer":"Labels","category":"Gates","object_type":"Label","style_id":"label.gates","source_group":"LFPN Gates","vsmr_group_ids":[],"geometry_role":"text_label","text-field":"42"},"geometry":{"type":"Point","coordinates":[2.112655,48.751338611]}},{"type":"Feature","id":"LFPN-c4dfd412be7a17d8dc66","properties":{"airport":"LFPN","name":"43","layer":"Labels","category":"Gates","object_type":"Label","style_id":"label.gates","source_group":"LFPN Gates","vsmr_group_ids":[],"geometry_role":"text_label","text-field":"43"},"geometry":{"type":"Point","coordinates":[2.113086389,48.751435833]}},{"type":"Feature","id":"LFPN-d8021e4e1e21accb1b69","properties":{"airport":"LFPN","name":"LFPN Groundlayout AVISO","layer":"Guidance lines","category":"Taxiways","object_type":"Line","style_id":"line.taxiway.c0b631","source_group":"LFPN Groundlayout AVISO","vsmr_group_ids":[],"geometry_role":"linework"},"geometry":{"type":"LineString","coordinates":[[2.115488611,48.750482222],[2.118803056,48.749844167]]}},{"type":"Feature","id":"LFPN-fbf9791d1b0d42f6b76d","properties":{"airport":"LFPN","name":"A","layer":"Labels","category":"Taxiways","object_type":"Label","style_id":"label.taxiways","source_group":"LFPN Taxiways","vsmr_group_ids":[],"geometry_role":"text_label","text-field":"A"},"geometry":{"type":"Point","coordinates":[2.108889444,48.748935]}},{"type":"Feature","id":"LFPN-74e2ded7bb6adae9cfd1","properties":{"airport":"LFPN","name":"B","layer":"Labels","category":"Taxiways","object_type":"Label","style_id":"label.taxiways","source_group":"LFPN Taxiways","vsmr_group_ids":[],"geometry_role":"text_label","text-field":"B"},"geometry":{"type":"Point","coordinates":[2.108274722,48.748619722]}},{"type":"Feature","id":"LFPN-0a5fa06bb7d9e9a5ad7d","properties":{"airport":"LFPN","name":"C","layer":"Labels","category":"Taxiways","object_type":"Label","style_id":"label.taxiways","source_group":"LFPN Taxiways","vsmr_group_ids":[],"geometry_role":"text_label","text-field":"C"},"geometry":{"type":"Point","coordinates":[2.107699722,48.748370278]}},{"type":"Feature","id":"LFPN-b184c2c60bdf4ba331fa","properties":{"airport":"LFPN","name":"D","layer":"Labels","category":"Taxiways","object_type":"Label","style_id":"label.taxiways","source_group":"LFPN Taxiways","vsmr_group_ids":[],"geometry_role":"text_label","text-field":"D"},"geometry":{"type":"Point","coordinates":[2.106681111,48.748183333]}},{"type":"Feature","id":"LFPN-09000308cf44ffe810fb","properties":{"airport":"LFPN","name":"E","layer":"Labels","category":"Taxiways","object_type":"Label","style_id":"label.taxiways","source_group":"LFPN Taxiways","vsmr_group_ids":[],"geometry_role":"text_label","text-field":"E"},"geometry":{"type":"Point","coordinates":[2.114311667,48.753786111]}},{"type":"Feature","id":"LFPN-b097d9091ca1b939008e","properties":{"airport":"LFPN","name":"E1","layer":"Labels","category":"Taxiways","object_type":"Label","style_id":"label.taxiways","source_group":"LFPN Taxiways","vsmr_group_ids":[],"geometry_role":"text_label","text-field":"E1"},"geometry":{"type":"Point","coordinates":[2.115143056,48.7513]}},{"type":"Feature","id":"LFPN-465f2832427ce2c73d35","properties":{"airport":"LFPN","name":"E1","layer":"Labels","category":"Taxiways","object_type":"Label","style_id":"label.taxiways","source_group":"LFPN Taxiways","vsmr_group_ids":[],"geometry_role":"text_label","text-field":"E1"},"geometry":{"type":"Point","coordinates":[2.117159167,48.750391111]}},{"type":"Feature","id":"LFPN-0559ceda67d0a3c1f473","properties":{"airport":"LFPN","name":"E2","layer":"Labels","category":"Taxiways","object_type":"Label","style_id":"label.taxiways","source_group":"LFPN Taxiways","vsmr_group_ids":[],"geometry_role":"text_label","text-field":"E2"},"geometry":{"type":"Point","coordinates":[2.1188525,48.749830278]}},{"type":"Feature","id":"LFPN-05c881a98e49f8530bd4","properties":{"airport":"LFPN","name":"E3","layer":"Labels","category":"Taxiways","object_type":"Label","style_id":"label.taxiways","source_group":"LFPN Taxiways","vsmr_group_ids":[],"geometry_role":"text_label","text-field":"E3"},"geometry":{"type":"Point","coordinates":[2.115047222,48.7498575]}},{"type":"Feature","id":"LFPN-ed8a1d7c89c08f562759","properties":{"airport":"LFPN","name":"E4","layer":"Labels","category":"Taxiways","object_type":"Label","style_id":"label.taxiways","source_group":"LFPN Taxiways","vsmr_group_ids":[],"geometry_role":"text_label","text-field":"E4"},"geometry":{"type":"Point","coordinates":[2.116863333,48.749959722]}},{"type":"Feature","id":"LFPN-6a86e9887163548aaa0b","properties":{"airport":"LFPN","name":"E4","layer":"Labels","category":"Taxiways","object_type":"Label","style_id":"label.taxiways","source_group":"LFPN Taxiways","vsmr_group_ids":[],"geometry_role":"text_label","text-field":"E4"},"geometry":{"type":"Point","coordinates":[2.114728056,48.751263333]}},{"type":"Feature","id":"LFPN-3193270dbda482e20f7c","properties":{"airport":"LFPN","name":"EH","layer":"Labels","category":"Taxiways","object_type":"Label","style_id":"label.taxiways","source_group":"LFPN Taxiways","vsmr_group_ids":[],"geometry_role":"text_label","text-field":"EH"},"geometry":{"type":"Point","coordinates":[2.117073333,48.750234722]}},{"type":"Feature","id":"LFPN-cee853161cb754670690","properties":{"airport":"LFPN","name":"F","layer":"Labels","category":"Taxiways","object_type":"Label","style_id":"label.taxiways","source_group":"LFPN Taxiways","vsmr_group_ids":[],"geometry_role":"text_label","text-field":"F"},"geometry":{"type":"Point","coordinates":[2.104283333,48.748175]}},{"type":"Feature","id":"LFPN-4b3bc60fbbda821f75aa","properties":{"airport":"LFPN","name":"H1","layer":"Labels","category":"Taxiways","object_type":"Label","style_id":"label.taxiways","source_group":"LFPN Taxiways","vsmr_group_ids":[],"geometry_role":"text_label","text-field":"H1"},"geometry":{"type":"Point","coordinates":[2.106623889,48.749966667]}},{"type":"Feature","id":"LFPN-8b884b57a679106fe636","properties":{"airport":"LFPN","name":"H2","layer":"Labels","category":"Taxiways","object_type":"Label","style_id":"label.taxiways","source_group":"LFPN Taxiways","vsmr_group_ids":[],"geometry_role":"text_label","text-field":"H2"},"geometry":{"type":"Point","coordinates":[2.104475833,48.749054444]}},{"type":"Feature","id":"LFPN-d28db6acd8b062bba61d","properties":{"airport":"LFPN","name":"S","layer":"Labels","category":"Taxiways","object_type":"Label","style_id":"label.taxiways","source_group":"LFPN Taxiways","vsmr_group_ids":[],"geometry_role":"text_label","text-field":"S"},"geometry":{"type":"Point","coordinates":[2.111853889,48.751358611]}},{"type":"Feature","id":"LFPN-d9b5af1d19ba7dc9bce1","properties":{"airport":"LFPN","name":"S","layer":"Labels","category":"Taxiways","object_type":"Label","style_id":"label.taxiways","source_group":"LFPN Taxiways","vsmr_group_ids":[],"geometry_role":"text_label","text-field":"S"},"geometry":{"type":"Point","coordinates":[2.110046111,48.749953611]}},{"type":"Feature","id":"LFPN-62286c1ca957c0bad02a","properties":{"airport":"LFPN","name":"S","layer":"Labels","category":"Taxiways","object_type":"Label","style_id":"label.taxiways","source_group":"LFPN Taxiways","vsmr_group_ids":[],"geometry_role":"text_label","text-field":"S"},"geometry":{"type":"Point","coordinates":[2.107120833,48.748487778]}},{"type":"Feature","id":"LFPN-5af7a21b7e083f392bff","properties":{"airport":"LFPN","name":"S","layer":"Labels","category":"Taxiways","object_type":"Label","style_id":"label.taxiways","source_group":"LFPN Taxiways","vsmr_group_ids":[],"geometry_role":"text_label","text-field":"S"},"geometry":{"type":"Point","coordinates":[2.103481944,48.748411667]}},{"type":"Feature","id":"LFPN-aab9422c6f6f113c10c8","properties":{"airport":"LFPN","name":"S1","layer":"Labels","category":"Taxiways","object_type":"Label","style_id":"label.taxiways","source_group":"LFPN Taxiways","vsmr_group_ids":[],"geometry_role":"text_label","text-field":"S1"},"geometry":{"type":"Point","coordinates":[2.110118056,48.751281111]}},{"type":"Feature","id":"LFPN-7ca312dd14f60d3f3e5c","properties":{"airport":"LFPN","name":"S2","layer":"Labels","category":"Taxiways","object_type":"Label","style_id":"label.taxiways","source_group":"LFPN Taxiways","vsmr_group_ids":[],"geometry_role":"text_label","text-field":"S2"},"geometry":{"type":"Point","coordinates":[2.103486667,48.748163056]}},{"type":"Feature","id":"LFPN-c45c8fe8f58b18b6d9ea","properties":{"airport":"LFPN","name":"S2","layer":"Labels","category":"Taxiways","object_type":"Label","style_id":"label.taxiways","source_group":"LFPN Taxiways","vsmr_group_ids":[],"geometry_role":"text_label","text-field":"S2"},"geometry":{"type":"Point","coordinates":[2.1056175,48.747923056]}},{"type":"Feature","id":"LFPN-5bc69ac10a33a0e7b8c5","properties":{"airport":"LFPN","name":"S2","layer":"Labels","category":"Taxiways","object_type":"Label","style_id":"label.taxiways","source_group":"LFPN Taxiways","vsmr_group_ids":[],"geometry_role":"text_label","text-field":"S2"},"geometry":{"type":"Point","coordinates":[2.107396944,48.747973333]}},{"type":"Feature","id":"LFPN-7b074af62980b080112b","properties":{"airport":"LFPN","name":"S2","layer":"Labels","category":"Taxiways","object_type":"Label","style_id":"label.taxiways","source_group":"LFPN Taxiways","vsmr_group_ids":[],"geometry_role":"text_label","text-field":"S2"},"geometry":{"type":"Point","coordinates":[2.109621667,48.7490725]}},{"type":"Feature","id":"LFPN-69459d3ea90ab03c0e6a","properties":{"airport":"LFPN","name":"W","layer":"Labels","category":"Taxiways","object_type":"Label","style_id":"label.taxiways","source_group":"LFPN Taxiways","vsmr_group_ids":[],"geometry_role":"text_label","text-field":"W"},"geometry":{"type":"Point","coordinates":[2.100547778,48.748349722]}},{"type":"Feature","id":"LFPN-394bb87d3adf50e02e32","properties":{"airport":"LFPN","name":"W","layer":"Labels","category":"Taxiways","object_type":"Label","style_id":"label.taxiways","source_group":"LFPN Taxiways","vsmr_group_ids":[],"geometry_role":"text_label","text-field":"W"},"geometry":{"type":"Point","coordinates":[2.099455833,48.748500833]}},{"type":"Feature","id":"LFPN-1a32033c693dd69fd51a","properties":{"airport":"LFPN","name":"W","layer":"Labels","category":"Taxiways","object_type":"Label","style_id":"label.taxiways","source_group":"LFPN Taxiways","vsmr_group_ids":[],"geometry_role":"text_label","text-field":"W"},"geometry":{"type":"Point","coordinates":[2.098166389,48.750183611]}},{"type":"Feature","id":"LFPN-500b53d530ac8cedc610","properties":{"airport":"LFPN","name":"W1","layer":"Labels","category":"Taxiways","object_type":"Label","style_id":"label.taxiways","source_group":"LFPN Taxiways","vsmr_group_ids":[],"geometry_role":"text_label","text-field":"W1"},"geometry":{"type":"Point","coordinates":[2.101111111,48.748905556]}},{"type":"Feature","id":"LFPN-ebf44c6b1f9af796414e","properties":{"airport":"LFPN","name":"W2","layer":"Labels","category":"Taxiways","object_type":"Label","style_id":"label.taxiways","source_group":"LFPN Taxiways","vsmr_group_ids":[],"geometry_role":"text_label","text-field":"W2"},"geometry":{"type":"Point","coordinates":[2.102271667,48.747435556]}},{"type":"Feature","id":"LFPN-198b6452cf3efc242735","properties":{"airport":"LFPN","name":"W3","layer":"Labels","category":"Taxiways","object_type":"Label","style_id":"label.taxiways","source_group":"LFPN Taxiways","vsmr_group_ids":[],"geometry_role":"text_label","text-field":"W3"},"geometry":{"type":"Point","coordinates":[2.099910833,48.747253889]}}]}
