{"type":"FeatureCollection","name":"LFPO AVISO","bbox":[2.316780840988153,48.212471944,2.40213762029287,48.74527515566178],"metadata":{"schema":"vSMR AVISO","schema_version":2,"geometry_mode":"shared","airport":"LFPO","coordinate_reference_system":"WGS84","coordinate_order":"longitude, latitude","default_color_palette":"dark","color_palettes":["dark","light","real"],"background_colors":{"dark":"#434A4F","light":"#434A4F","real":"#6C6A68"},"runways":[{"ends":["07","25"],"headings":[73,253],"thresholds":[[2.358591944,48.719407778],[2.396391944,48.726382778]]},{"ends":["06","24"],"headings":[61,241],"thresholds":[[2.320513889,48.721246944],[2.360677778,48.735455833]]},{"ends":["02","20"],"headings":[17,197],"thresholds":[[2.376702778,48.717546944],[2.386975,48.738025]]}],"saved_active_runways":[{"runway":"06","mode":"arrival"},{"runway":"07","mode":"departure"}],"saved_active_airport_modes":[],"airport_reference":[2.379443889,48.723332778],"feature_count":1267,"style_count":17,"layer_counts":{"Airfield surfaces":34,"Buildings and structures":46,"Guidance lines":697,"Labels":277,"Operational restrictions":8,"Surface markings":158,"Terrain":47},"category_counts":{"Active Configuration":2,"Building 2":46,"Closure areas":8,"Gates":177,"Gras Surface 3":29,"Hard Surface 3":5,"Hard Surface 5":3,"Stand areas":20,"Surface markings":320,"Taxiway Blue":3,"Taxiway Orange":42,"Taxiways":594,"Terrain 3":2,"Terrain 4":16},"geometry_source":"local GNG/KMZ","geometry_source_url":"","geometry_license":"GPL-3.0"},"styles":{"polygon.grassurface3.727e67":{"name":"Gras Surface 3","layer":"Terrain","object_type":"Area","paint":{"fill":"#010D19","fill-opacity":1,"palette-overrides":{"light":{"fill":"#00512F"},"real":{"fill":"#727E67"}}},"feature_count":29},"polygon.hardsurface3.8a807f":{"name":"Hard Surface 3","layer":"Airfield surfaces","object_type":"Area","paint":{"fill":"#222D3C","fill-opacity":1,"palette-overrides":{"light":{"fill":"#8A807F"},"real":{"fill":"#8A807F"}}},"feature_count":5},"polygon.parkpos.726f6b":{"name":"Stand areas","layer":"Airfield surfaces","object_type":"Area","paint":{"fill":"#222D3C","fill-opacity":1,"palette-overrides":{"light":{"fill":"#726F6B"},"real":{"fill":"#726F6B"}}},"feature_count":20},"polygon.hardsurface5.413e3f":{"name":"Hard Surface 5","layer":"Airfield surfaces","object_type":"Area","paint":{"fill":"#111318","fill-opacity":1,"palette-overrides":{"light":{"fill":"#555555"},"real":{"fill":"#413E3F"}}},"feature_count":3},"polygon.terrain3.282525":{"name":"Terrain 3","layer":"Terrain","object_type":"Area","paint":{"fill":"#222D3C","fill-opacity":1,"palette-overrides":{"light":{"fill":"#282525"},"real":{"fill":"#282525"}}},"feature_count":2},"polygon.building2.545253":{"name":"Building 2","layer":"Buildings and structures","object_type":"Area","paint":{"fill":"#475570","fill-opacity":1,"palette-overrides":{"light":{"fill":"#394446"},"real":{"fill":"#545253"}}},"feature_count":46},"polygon.closurearea.ff0000":{"name":"Closure areas","layer":"Operational restrictions","object_type":"Area","paint":{"fill":"#FF0000","fill-opacity":1,"palette-overrides":{"light":{"fill":"#FF0000"},"real":{"fill":"#FF0000"}}},"feature_count":8},"polygon.terrain4.932a30":{"name":"Terrain 4","layer":"Terrain","object_type":"Area","paint":{"fill":"#152841","fill-opacity":1,"palette-overrides":{"light":{"fill":"#969393"},"real":{"fill":"#932A30"}}},"feature_count":16},"polygon.runwaymarking.b3b3b3":{"name":"Surface markings","layer":"Surface markings","object_type":"Area","paint":{"fill":"#666666","fill-opacity":1,"palette-overrides":{"light":{"fill":"#B3B3B3"},"real":{"fill":"#B3B3B3"}}},"feature_count":158},"polygon.taxiwayorange.cc6d00":{"name":"Taxiway Orange","layer":"Airfield surfaces","object_type":"Area","paint":{"fill":"#CC8B00","fill-opacity":1,"palette-overrides":{"light":{"fill":"#CC6D00"},"real":{"fill":"#CC6D00"}}},"feature_count":6},"line.runwaymarking.b3b3b3":{"name":"Surface markings","layer":"Guidance lines","object_type":"Line","paint":{"stroke":"#666666","stroke-opacity":1,"stroke-width":1,"palette-overrides":{"light":{"stroke":"#B3B3B3"},"real":{"stroke":"#B3B3B3"}}},"feature_count":162},"line.taxiway.c0b631":{"name":"Taxiways","layer":"Guidance lines","object_type":"Line","paint":{"stroke":"#4E5A69","stroke-opacity":1,"stroke-width":1,"palette-overrides":{"light":{"stroke":"#C0B631"},"real":{"stroke":"#C0B631"}}},"feature_count":496},"line.taxiwayblue.004080":{"name":"Taxiway Blue","layer":"Guidance lines","object_type":"Line","paint":{"stroke":"#3B5296","stroke-opacity":1,"stroke-width":1,"palette-overrides":{"light":{"stroke":"#004080"},"real":{"stroke":"#004080"}}},"feature_count":3},"line.taxiwayorange.cc6d00":{"name":"Taxiway Orange","layer":"Guidance lines","object_type":"Line","paint":{"stroke":"#CC8B00","stroke-opacity":1,"stroke-width":1,"palette-overrides":{"light":{"stroke":"#CC6D00"},"real":{"stroke":"#CC6D00"}}},"feature_count":36},"label.gates":{"name":"Gates","layer":"Labels","object_type":"Label","paint":{"text-color":"#CCCCCC","text-font":"Arial","text-size":12,"text-halo-color":"#000000","text-halo-width":1,"text-anchor":"center","zoomLevel":9},"feature_count":177},"label.taxiways":{"name":"Taxiways","layer":"Labels","object_type":"Label","paint":{"text-color":"#CCCCCC","text-font":"Arial","text-size":12,"text-halo-color":"#000000","text-halo-width":1,"text-anchor":"center","zoomLevel":7},"feature_count":98},"label.active-configuration":{"name":"Active Configuration","layer":"Labels","object_type":"Label","paint":{"text-color":"#CCCCCC","text-font":"Arial","text-size":12,"text-halo-color":"#000000","text-halo-width":1,"text-anchor":"center","zoomLevel":7},"feature_count":2}},"vsmr_groups":[],"features":[{"type":"Feature","id":"LFPO-79e3454a60fb30cea1c8","properties":{"airport":"LFPO","name":"COLOR_GrasSurface3","layer":"Terrain","category":"Gras Surface 3","object_type":"Area","style_id":"polygon.grassurface3.727e67","source_group":"COLOR_GrasSurface3","vsmr_group_ids":[],"geometry_role":"filled_region"},"geometry":{"type":"Polygon","coordinates":[[[2.359900072054615,48.73520377503441],[2.31741432324992,48.72004017033052],[2.317217538839473,48.71930612935085],[2.317792436645574,48.71844214389139],[2.319407616975038,48.71808756533452],[2.341120800117478,48.72574226946376],[2.35250955620683,48.72252396514384],[2.355663827152648,48.72295249986108],[2.356761707041248,48.72062687762806],[2.359544695332545,48.71954566325429],[2.374805097644097,48.72239082283849],[2.373755645650071,48.72019996489133],[2.375475911514409,48.71796436938236],[2.376795922666093,48.71771674235595],[2.379514607027768,48.72322704213089],[2.401820027773487,48.72735829131643],[2.401506998720628,48.72830276669396],[2.399408475824834,48.72921484524001],[2.384626621785211,48.72830774816515],[2.381832009306981,48.72783876494203],[2.386846930098336,48.73786209824867],[2.38359686179791,48.73867778106827],[2.382559888954996,48.74248245955074],[2.371611786840113,48.742390580895],[2.371694090547702,48.74000240449162],[2.37312605739584,48.73996243003737],[2.373175420172207,48.74227428633802],[2.382509890553457,48.74238319105271],[2.382785740994406,48.74130702356031],[2.381614448107705,48.74114237593972],[2.381903233863074,48.73957154782729],[2.38332419573636,48.73908527185014],[2.38347151261094,48.73838770182265],[2.382661311877596,48.73808651226736],[2.377717344788914,48.72825426018297],[2.359593102347781,48.72544379588063],[2.358468184992875,48.73035281101695],[2.361151197773761,48.73235060656418],[2.36072024354236,48.73348413710386],[2.360990906209239,48.73456884808967],[2.359900072054615,48.73520377503441]]]}},{"type":"Feature","id":"LFPO-10c35344cde2906b26c7","properties":{"airport":"LFPO","name":"COLOR_HardSurface3","layer":"Airfield surfaces","category":"Hard Surface 3","object_type":"Area","style_id":"polygon.hardsurface3.8a807f","source_group":"COLOR_HardSurface3","vsmr_group_ids":[],"geometry_role":"filled_region"},"geometry":{"type":"Polygon","coordinates":[[[2.370726462556629,48.72544778527242],[2.370946502078572,48.72493147391312],[2.372052892230287,48.72513960896434],[2.372167970054977,48.72514406760985],[2.372265845753303,48.72513401368959],[2.372327235817175,48.7251204711863],[2.372590632577878,48.72502324940663],[2.372635278580473,48.72501735408818],[2.372697786127451,48.725021765282],[2.372950764328379,48.72506459483004],[2.373034773050238,48.72509783315606],[2.373087047142672,48.72512614935552],[2.373139318072857,48.72514215160851],[2.373577886457265,48.72522874418923],[2.373664864944618,48.72526350439096],[2.373743942345226,48.72531738904194],[2.37384937271552,48.72536605494057],[2.373949524695429,48.72538690519401],[2.374398099821533,48.72546114660361],[2.375290399409211,48.72564275377259],[2.375229700004069,48.72577168341002],[2.374354038559454,48.72561802118789],[2.373823174823544,48.72581629928557],[2.373500544091054,48.72536274143177],[2.372350439743736,48.72525850007948],[2.371802808263093,48.72537897982268],[2.371102940169973,48.72505390013622],[2.370932806703518,48.72549218945268],[2.370726462556629,48.72544778527242]]]}},{"type":"Feature","id":"LFPO-552f75f7e83ba67abed6","properties":{"airport":"LFPO","name":"COLOR_HardSurface3","layer":"Airfield surfaces","category":"Hard Surface 3","object_type":"Area","style_id":"polygon.hardsurface3.8a807f","source_group":"COLOR_HardSurface3","vsmr_group_ids":[],"geometry_role":"filled_region"},"geometry":{"type":"Polygon","coordinates":[[[2.36351147439547,48.72351535102677],[2.363549860324925,48.7234407454065],[2.363598344632314,48.7233621436294],[2.363642786425539,48.7233008614187],[2.363700648480547,48.72323892565553],[2.364098873493292,48.7232962756929],[2.364371868755468,48.72345128858462],[2.364635279566352,48.72354374448172],[2.368217169604885,48.72418954655402],[2.368164289389538,48.72433062344594],[2.368156210566468,48.72437323726949],[2.368180428327584,48.72444115459812],[2.368245022302493,48.72448510311861],[2.368408527162105,48.7245863183314],[2.368491286044832,48.72467154993453],[2.368608985244858,48.72480374857528],[2.368638923019437,48.72485073287892],[2.368681523734852,48.72487883869715],[2.369163258984843,48.72496965386251],[2.369112453703621,48.72508963529477],[2.368423061698939,48.72499603739767],[2.367978565509323,48.72447374025476],[2.363600539595825,48.72363609171095],[2.36351147439547,48.72351535102677]]]}},{"type":"Feature","id":"LFPO-4e0040907cf361dee8d4","properties":{"airport":"LFPO","name":"COLOR_HardSurface3","layer":"Airfield surfaces","category":"Hard Surface 3","object_type":"Area","style_id":"polygon.hardsurface3.8a807f","source_group":"COLOR_HardSurface3","vsmr_group_ids":[],"geometry_role":"filled_region"},"geometry":{"type":"Polygon","coordinates":[[[2.358078862069215,48.72275327864364],[2.358284795113532,48.7222472983863],[2.362333906660068,48.72301406958606],[2.362107720077404,48.72350580619251],[2.361924369522506,48.72347819579931],[2.361484420210385,48.7230751599206],[2.360938073688041,48.7232465120303],[2.360482259903405,48.72292689989601],[2.359974914264784,48.72312459781096],[2.359652186582726,48.72275186996736],[2.359087202641135,48.72289631578112],[2.358533881750648,48.72254637242272],[2.358078862069215,48.72275327864364]]]}},{"type":"Feature","id":"LFPO-b5e8f504a31f5334f642","properties":{"airport":"LFPO","name":"COLOR_HardSurface3","layer":"Airfield surfaces","category":"Hard Surface 3","object_type":"Area","style_id":"polygon.hardsurface3.8a807f","source_group":"COLOR_HardSurface3","vsmr_group_ids":[],"geometry_role":"filled_region"},"geometry":{"type":"Polygon","coordinates":[[[2.349568885401228,48.72459203617213],[2.34962794568663,48.72445574610178],[2.351797981811383,48.72417300513998],[2.351913306476281,48.72419036505625],[2.351921716636949,48.72417273173522],[2.352089331031153,48.72421016961025],[2.350981433131272,48.72676796309961],[2.350790454208735,48.72673358863793],[2.350786156801525,48.72650452730245],[2.350790511038556,48.72643151451116],[2.350825251939772,48.72634275625452],[2.351356037035248,48.72508736347628],[2.351381135597257,48.72503534858991],[2.35142654453083,48.7249833352591],[2.351488680511511,48.72492580626255],[2.351477930273251,48.72491240719238],[2.351438508058359,48.72489033648264],[2.35137294769636,48.72486779076606],[2.350993476572696,48.72480296829967],[2.35089748046879,48.72485302769788],[2.350275239770403,48.72635167895129],[2.348353902763389,48.72600057746411],[2.348370538622639,48.72596279996782],[2.348108214465303,48.72591158808616],[2.348124851968978,48.7258677171925],[2.347792327728235,48.72580674764491],[2.347868112014102,48.72564588922803],[2.349568885401228,48.72459203617213]]]}},{"type":"Feature","id":"LFPO-19dafa68421c3c29ea65","properties":{"airport":"LFPO","name":"COLOR_ParkPos","layer":"Airfield surfaces","category":"Stand areas","object_type":"Area","style_id":"polygon.parkpos.726f6b","source_group":"COLOR_ParkPos","vsmr_group_ids":[],"geometry_role":"filled_region"},"geometry":{"type":"Polygon","coordinates":[[[2.3555319444444,48.7297325],[2.3574888888889,48.725258611111],[2.3582130555556,48.725305],[2.3583327777778,48.72528],[2.3584877777778,48.725240277778],[2.3586755555556,48.725196388889],[2.3589616666667,48.725136388889],[2.3590977777778,48.725109722222],[2.3592108333333,48.725090833333],[2.3593238888889,48.725079444444],[2.359475,48.725068055556],[2.3596141666667,48.725064444444],[2.3597530555556,48.725064444444],[2.3599502777778,48.72507166666701],[2.3601322222222,48.725086111111],[2.3602905555556,48.725106111111],[2.3604111111111,48.72512527777799],[2.3646630555556,48.72591388888901],[2.3655588888889,48.726078333333],[2.3657866666667,48.726121944444],[2.3660180555556,48.726179166667],[2.3663744444444,48.726264166667],[2.3666138888889,48.726322777778],[2.3673522222222,48.726505833333],[2.3685408333333,48.726796944444],[2.3686963888889,48.7268375],[2.3687911111111,48.72685750000001],[2.3691427777778,48.726916388889],[2.3699077777778,48.72706055555601],[2.3700327777778,48.727075555556],[2.3701755555556,48.72708194444401],[2.3703205555556,48.727083611111],[2.3704755555556,48.72709333333299],[2.3706566666667,48.727118611111],[2.3736430555556,48.727678611111],[2.3738263888889,48.727716666667],[2.3739188888889,48.727734166667],[2.37399,48.727753055556],[2.3740472222222,48.727775],[2.3741172222222,48.72780138888899],[2.3741752777778,48.727814444444],[2.3742716666667,48.72783],[2.3743705555556,48.72786083333299],[2.3744458333333,48.72788611111099],[2.3746925,48.727943888889],[2.3769747222222,48.727979444444],[2.3782555555556,48.730120833333],[2.3758222222222,48.731784166667],[2.3749688888889,48.731550555556],[2.3748883333333,48.73127583333299],[2.3748858333333,48.730930833333],[2.3751983333333,48.73017388888901],[2.3737222222222,48.72875],[2.3686116666667,48.727806111111],[2.3633008333333,48.726893055556],[2.3594733333333,48.727315833333],[2.3587944444444,48.728971111111],[2.3603641666667,48.730896666667],[2.3605872222222,48.731019722222],[2.3622666666667,48.73125722222199],[2.3620658333333,48.731767777778],[2.3621119444444,48.732172222222],[2.3621530555556,48.73223055555601],[2.3621119444444,48.7322925],[2.3618969444444,48.732755833333],[2.3616397222222,48.73264361111101],[2.3555319444444,48.7297325]]]}},{"type":"Feature","id":"LFPO-75d6a7ca24923558a45b","properties":{"airport":"LFPO","name":"COLOR_ParkPos","layer":"Airfield surfaces","category":"Stand areas","object_type":"Area","style_id":"polygon.parkpos.726f6b","source_group":"COLOR_ParkPos","vsmr_group_ids":[],"geometry_role":"filled_region"},"geometry":{"type":"Polygon","coordinates":[[[2.353069210508651,48.72771933805475],[2.354430499511433,48.72461516966618],[2.355043494470086,48.72473334999493],[2.355107348332863,48.72482021818895],[2.355119594180959,48.72486388317938],[2.355123282979306,48.72493020491771],[2.355118416293032,48.72502075388885],[2.355099109128445,48.72512626057068],[2.355069984738924,48.72524979626593],[2.355043236751939,48.7253288409506],[2.355067626480196,48.72545035656877],[2.354036358255081,48.72787725716341],[2.353069210508651,48.72771933805475]]]}},{"type":"Feature","id":"LFPO-e0c68f4c0bfeb49da393","properties":{"airport":"LFPO","name":"COLOR_ParkPos","layer":"Airfield surfaces","category":"Stand areas","object_type":"Area","style_id":"polygon.parkpos.726f6b","source_group":"COLOR_ParkPos","vsmr_group_ids":[],"geometry_role":"filled_region"},"geometry":{"type":"Polygon","coordinates":[[[2.35191768334329,48.72694674505077],[2.350938466593104,48.72676074676377],[2.350919704673706,48.72652275373895],[2.350921450395433,48.72646986382396],[2.350952127823391,48.7263815332394],[2.351472805201724,48.72514829861548],[2.351506411896132,48.72507733554541],[2.351549966736766,48.72503065843692],[2.351703021546132,48.72489411794134],[2.35174845541392,48.72483751696534],[2.351792211875234,48.72476515823988],[2.352032085557731,48.72419607534027],[2.35283210881805,48.72433809203722],[2.35297365459437,48.7245843280223],[2.352005853350345,48.72689005121242],[2.35191768334329,48.72694674505077]]]}},{"type":"Feature","id":"LFPO-b253b4d870083693ca1f","properties":{"airport":"LFPO","name":"COLOR_ParkPos","layer":"Airfield surfaces","category":"Stand areas","object_type":"Area","style_id":"polygon.parkpos.726f6b","source_group":"COLOR_ParkPos","vsmr_group_ids":[],"geometry_role":"filled_region"},"geometry":{"type":"Polygon","coordinates":[[[2.351678330722786,48.72405874849431],[2.351649471209467,48.72414402037656],[2.351846017744375,48.72418031314938],[2.3515739448506,48.72482858012109],[2.349620022474364,48.72447285001203],[2.349899234017629,48.72381226129133],[2.350138039240206,48.72385512944657],[2.350163968662136,48.72379325984481],[2.351678330722786,48.72405874849431]]]}},{"type":"Feature","id":"LFPO-4911422ba4c5541ea33d","properties":{"airport":"LFPO","name":"COLOR_ParkPos","layer":"Airfield surfaces","category":"Stand areas","object_type":"Area","style_id":"polygon.parkpos.726f6b","source_group":"COLOR_ParkPos","vsmr_group_ids":[],"geometry_role":"filled_region"},"geometry":{"type":"Polygon","coordinates":[[[2.34887572823778,48.72602393142218],[2.349530871390408,48.72453284426673],[2.350614301048097,48.72472994913016],[2.350661673634531,48.72474597542643],[2.350710120166657,48.72477875065601],[2.350740899237569,48.72481515490151],[2.350750755075435,48.72484786662806],[2.350741952620909,48.72488848174011],[2.350140492140409,48.72633078106705],[2.34927960795505,48.72617311518471],[2.349296029491901,48.72613215745537],[2.348949745345923,48.72606845259185],[2.34887572823778,48.72602393142218]]]}},{"type":"Feature","id":"LFPO-4f07659f3813936f4aaf","properties":{"airport":"LFPO","name":"COLOR_ParkPos","layer":"Airfield surfaces","category":"Stand areas","object_type":"Area","style_id":"polygon.parkpos.726f6b","source_group":"COLOR_ParkPos","vsmr_group_ids":[],"geometry_role":"filled_region"},"geometry":{"type":"Polygon","coordinates":[[[2.357948135761996,48.72306173462199],[2.358075379760514,48.72275440189462],[2.358260952483222,48.72260393288979],[2.358295006654185,48.72252190875779],[2.358453409630921,48.72241140622928],[2.35864985615357,48.72244447141644],[2.359022034255027,48.72272185227857],[2.359036451719569,48.72280653642562],[2.359272341351517,48.72280618351863],[2.359349759313698,48.72267437904521],[2.359406351879512,48.72267514764741],[2.359408680108162,48.72260733627212],[2.35944312493813,48.7226014439982],[2.359486689774788,48.72260067236255],[2.359527898294684,48.72260533770166],[2.359690374415022,48.72263564983844],[2.35971155199685,48.72269623881764],[2.359791604279333,48.72274362976371],[2.359795119012518,48.72281043070169],[2.359838757686212,48.72284917812829],[2.35997136470212,48.72290463268536],[2.360067189662407,48.72302158604367],[2.360252352969874,48.72294884234859],[2.360340612695002,48.72278937484504],[2.360636734991606,48.72283930900706],[2.36075259500353,48.72291576671112],[2.360747750706007,48.7229815940877],[2.360805679829165,48.7230240698116],[2.360918103862748,48.72307874091953],[2.360974908665709,48.72317335482406],[2.360997763351373,48.72318257190292],[2.361176815908914,48.72315159548358],[2.361278445429233,48.72296396098653],[2.361330506249528,48.72297150557944],[2.361344481049965,48.72294218743608],[2.361586556532085,48.72298723522778],[2.361646700341997,48.72312176943817],[2.361732488192501,48.72319382023455],[2.361980861171264,48.72331524889556],[2.36198485780281,48.72347930010185],[2.362116585116427,48.72349970805541],[2.361978232199065,48.72366727885363],[2.361850541281265,48.72366929252741],[2.361801908625583,48.72377720463746],[2.357948135761996,48.72306173462199]]]}},{"type":"Feature","id":"LFPO-4580de16b23f6480f6c8","properties":{"airport":"LFPO","name":"COLOR_ParkPos","layer":"Airfield surfaces","category":"Stand areas","object_type":"Area","style_id":"polygon.parkpos.726f6b","source_group":"COLOR_ParkPos","vsmr_group_ids":[],"geometry_role":"filled_region"},"geometry":{"type":"Polygon","coordinates":[[[2.363790419516272,48.72409729072842],[2.363800209626195,48.7240664773107],[2.363534650920849,48.72399874842776],[2.36351980085663,48.72399196694823],[2.363374721821145,48.72384276896403],[2.363528047206893,48.72348556903663],[2.363679763329558,48.72351662918481],[2.363715376434443,48.72343595344031],[2.364065581903148,48.72337047666522],[2.364229325525109,48.72347292652626],[2.364234449331588,48.72351896083696],[2.364373562038022,48.72364292877987],[2.364531347989987,48.72367695172471],[2.364560178590753,48.72373299794329],[2.364628454143205,48.72377903418163],[2.364689140920149,48.72379004110929],[2.364884851207825,48.72377602147759],[2.364884840079327,48.72365692103408],[2.365251091034031,48.72372426802637],[2.36527466924993,48.72378854028517],[2.365445969424635,48.72390878578752],[2.365711499706098,48.72395967745916],[2.365819342833106,48.72391251255561],[2.366780570831484,48.72409074507411],[2.366818824968702,48.72413987767604],[2.367932902065557,48.72434482513317],[2.368089935019877,48.72450102259411],[2.368139357741812,48.7245309175177],[2.368220214619106,48.72457176448703],[2.368292469537214,48.72460693801938],[2.368333760884795,48.72464438328038],[2.368459359043988,48.72477827995071],[2.3684972128231,48.72483161256733],[2.36851442355432,48.72488267710157],[2.368516550485531,48.72494249208573],[2.368503602038177,48.72497978223002],[2.363790419516272,48.72409729072842]]]}},{"type":"Feature","id":"LFPO-d56c952f88c839f1394a","properties":{"airport":"LFPO","name":"COLOR_ParkPos","layer":"Airfield surfaces","category":"Stand areas","object_type":"Area","style_id":"polygon.parkpos.726f6b","source_group":"COLOR_ParkPos","vsmr_group_ids":[],"geometry_role":"filled_region"},"geometry":{"type":"Polygon","coordinates":[[[2.370886194530137,48.72546244392701],[2.371055769026402,48.72503054251862],[2.371261841008341,48.72506751693643],[2.371313197605616,48.72509317470706],[2.371679372238091,48.72516150359309],[2.37184865772516,48.72534543441761],[2.37215575169933,48.72528856997044],[2.372190445934514,48.72521090904786],[2.372462098592463,48.72516209585285],[2.372587149778669,48.72518560124413],[2.372615160333704,48.72528333704835],[2.372685952713443,48.72529636124737],[2.372705696731543,48.72525183366614],[2.372735330463471,48.72525617439874],[2.37279950120741,48.7251236770781],[2.372939439203381,48.72514972542541],[2.372982245898709,48.72516601049525],[2.373029993038411,48.72518881091022],[2.373146122986429,48.72521751477476],[2.373180773845991,48.72526429936396],[2.373393908307371,48.72530448617805],[2.373577891584204,48.72535114195987],[2.373853959429628,48.72576303267758],[2.374404482895243,48.72555939040755],[2.374424056218585,48.72554060203162],[2.374807598553057,48.72562121516128],[2.375084370613687,48.72538995010264],[2.375179784706354,48.7253152783185],[2.375274064529502,48.72526284614306],[2.375407811304997,48.72520919178882],[2.37554394862957,48.72517432303256],[2.375637292870527,48.72536858405153],[2.375562051783946,48.72538419267412],[2.375471017074655,48.72541538984483],[2.375399277169779,48.72545249541222],[2.375324860964521,48.725507900894],[2.375123704535687,48.72568419053537],[2.37525887008448,48.72571333690115],[2.375029752728293,48.7262456701324],[2.370886194530137,48.72546244392701]]]}},{"type":"Feature","id":"LFPO-9e16b4aa7ff2a65d3d47","properties":{"airport":"LFPO","name":"COLOR_ParkPos","layer":"Airfield surfaces","category":"Stand areas","object_type":"Area","style_id":"polygon.parkpos.726f6b","source_group":"COLOR_ParkPos","vsmr_group_ids":[],"geometry_role":"filled_region"},"geometry":{"type":"Polygon","coordinates":[[[2.376961609161796,48.73238881909344],[2.37740921731324,48.73183407248488],[2.379160379483491,48.7321587749245],[2.380772285633068,48.735631979255],[2.380344069046638,48.7357223053769],[2.380299193723341,48.73569538172087],[2.380214469184636,48.7356702148889],[2.380131376496806,48.73565490398688],[2.380023358007832,48.73565716256853],[2.379867076245241,48.73565723811598],[2.37977558253937,48.73564846795368],[2.37971403010508,48.73563092068412],[2.379667444239635,48.73560130293698],[2.379622525207481,48.73557607442292],[2.379564301410197,48.73554974917721],[2.379489455441555,48.73553768587636],[2.379407965375639,48.73553330331291],[2.379358072344773,48.7355157550513],[2.379318177292311,48.73549160606655],[2.379284931892018,48.73544992279854],[2.379222723304297,48.73534142784622],[2.378024176486744,48.73294415394843],[2.377997661761708,48.73288934063304],[2.37798946271023,48.73283992337164],[2.377983812639639,48.73278662580383],[2.377951242635286,48.73273215273232],[2.37789906339174,48.73269775157869],[2.377820540139179,48.73267255314524],[2.37772921468604,48.73266517209585],[2.377644086478576,48.73267346584732],[2.377553938277452,48.73266112905278],[2.37749005530546,48.73263473373775],[2.377416103499141,48.73260828903241],[2.377332104578322,48.73258269530757],[2.377233132056464,48.73254962162458],[2.377199109678929,48.73251739667461],[2.37714691496264,48.73247670810512],[2.377060761104892,48.73243092462423],[2.376961609161796,48.73238881909344]]]}},{"type":"Feature","id":"LFPO-29c92d389533d10ecf77","properties":{"airport":"LFPO","name":"COLOR_ParkPos","layer":"Airfield surfaces","category":"Stand areas","object_type":"Area","style_id":"polygon.parkpos.726f6b","source_group":"COLOR_ParkPos","vsmr_group_ids":[],"geometry_role":"filled_region"},"geometry":{"type":"Polygon","coordinates":[[[2.382297468451309,48.7407511265322],[2.380508730342257,48.74056110477616],[2.380509801778596,48.74029932479004],[2.3806751872678,48.74011989278209],[2.38067569240757,48.73994020462366],[2.380521622351077,48.73975509471439],[2.380526290561236,48.73959415311727],[2.38079809445167,48.73955200149754],[2.381077996858063,48.73955566204514],[2.381153158813283,48.73953299880084],[2.38131549633231,48.7394505200873],[2.381375328410122,48.73923450515339],[2.381445811240195,48.73921326442067],[2.381505992382664,48.73921501321558],[2.382468082574718,48.73932049843641],[2.382574289132466,48.73929490996933],[2.382675161316212,48.73926454804968],[2.382297468451309,48.7407511265322]]]}},{"type":"Feature","id":"LFPO-9d05091197eb27816f57","properties":{"airport":"LFPO","name":"COLOR_ParkPos","layer":"Airfield surfaces","category":"Stand areas","object_type":"Area","style_id":"polygon.parkpos.726f6b","source_group":"COLOR_ParkPos","vsmr_group_ids":[],"geometry_role":"filled_region"},"geometry":{"type":"Polygon","coordinates":[[[2.382871457007274,48.74278814436216],[2.382911770657392,48.74279395548106],[2.383402690762679,48.74279668878355],[2.383531936620535,48.7429177396256],[2.383525246365445,48.74303344813313],[2.383532635389098,48.74305523820389],[2.383552248327112,48.7430681529621],[2.38358776839368,48.7430762217928],[2.384070714443012,48.74312099184582],[2.384156544540341,48.74312787766372],[2.385561993121037,48.74314003020736],[2.385547175648868,48.74402405843688],[2.383758519123635,48.74401628541774],[2.383760818738674,48.74343569780166],[2.383760839869171,48.74341968122175],[2.383749365767782,48.74340283914912],[2.383726418262726,48.74338012590386],[2.383698337335522,48.74336751713051],[2.383651061463625,48.74335742312065],[2.383610104225924,48.74335908909827],[2.38357420183926,48.74337422567597],[2.383535687535194,48.74339526921207],[2.383518931571138,48.74341717609564],[2.383505478783814,48.74438228337683],[2.381434841363388,48.74436597402284],[2.381469221791572,48.74277807730582],[2.382871457007274,48.74278814436216]]]}},{"type":"Feature","id":"LFPO-9df796da3fe42a39b0ba","properties":{"airport":"LFPO","name":"COLOR_ParkPos","layer":"Airfield surfaces","category":"Stand areas","object_type":"Area","style_id":"polygon.parkpos.726f6b","source_group":"COLOR_ParkPos","vsmr_group_ids":[],"geometry_role":"filled_region"},"geometry":{"type":"Polygon","coordinates":[[[2.3794743596973,48.74274674424646],[2.379554571819025,48.74276120366655],[2.379838440508959,48.74276444693171],[2.379845926860398,48.74345651964927],[2.379385169099013,48.74345077642977],[2.379374687006359,48.74391289778787],[2.379861208968517,48.74392106878315],[2.379836690791768,48.74405416440023],[2.379389442614714,48.74404960915237],[2.379206524166926,48.7442072166216],[2.377536609018884,48.74417931154358],[2.377551953433004,48.74280244730878],[2.377705274454782,48.7428005156502],[2.377705268225145,48.74274021658424],[2.37787059090665,48.74272784377036],[2.3794743596973,48.74274674424646]]]}},{"type":"Feature","id":"LFPO-0d73e302424512d2ba81","properties":{"airport":"LFPO","name":"COLOR_ParkPos","layer":"Airfield surfaces","category":"Stand areas","object_type":"Area","style_id":"polygon.parkpos.726f6b","source_group":"COLOR_ParkPos","vsmr_group_ids":[],"geometry_role":"filled_region"},"geometry":{"type":"Polygon","coordinates":[[[2.379659678526842,48.74198482090252],[2.379650648308629,48.74192758693165],[2.379647136114653,48.74188005782527],[2.379652121540865,48.741849412739],[2.379659104002294,48.74182866975798],[2.379672027031881,48.74181731999131],[2.379608376211186,48.74163812807883],[2.380115416854458,48.74156239759976],[2.380226475748219,48.74159078296805],[2.38028622706991,48.74160761300491],[2.380322688516392,48.74162937443125],[2.380328289974889,48.74164968835012],[2.380345051548038,48.74169257430457],[2.380261141286439,48.74173884498538],[2.380299085074831,48.74177357835857],[2.38032538851112,48.74181181554809],[2.380343956397568,48.74185822533487],[2.380345500788423,48.7418960057435],[2.380335413829195,48.74189649761441],[2.380324530145461,48.74193430458401],[2.380297968040226,48.74198552682072],[2.379659678526842,48.74198482090252]]]}},{"type":"Feature","id":"LFPO-1326465bd2f2489acf5f","properties":{"airport":"LFPO","name":"COLOR_ParkPos","layer":"Airfield surfaces","category":"Stand areas","object_type":"Area","style_id":"polygon.parkpos.726f6b","source_group":"COLOR_ParkPos","vsmr_group_ids":[],"geometry_role":"filled_region"},"geometry":{"type":"Polygon","coordinates":[[[2.378230590890273,48.74199461213026],[2.378081309384557,48.741538809928],[2.378259927739104,48.74134296874114],[2.37823851281421,48.74128556620158],[2.37856550123609,48.74123743683043],[2.378612843372001,48.74137344396617],[2.378805317532231,48.74145933824628],[2.378879559102862,48.74144868935052],[2.379055029041381,48.74198569938004],[2.378230590890273,48.74199461213026]]]}},{"type":"Feature","id":"LFPO-a1f18b2f9b1c47efbf62","properties":{"airport":"LFPO","name":"COLOR_ParkPos","layer":"Airfield surfaces","category":"Stand areas","object_type":"Area","style_id":"polygon.parkpos.726f6b","source_group":"COLOR_ParkPos","vsmr_group_ids":[],"geometry_role":"filled_region"},"geometry":{"type":"Polygon","coordinates":[[[2.37391906872956,48.74193109631225],[2.373940320761634,48.74155473507775],[2.374221528906724,48.74137878950863],[2.376435496903897,48.74139849483772],[2.376424057694317,48.7419216011137],[2.376452886258793,48.74192271663051],[2.376457145119857,48.74144557936976],[2.376479491036114,48.7414186718079],[2.376659484627546,48.74129301920058],[2.376693586120955,48.74128026827206],[2.376743499439093,48.74127794375786],[2.377571589042202,48.74129087691345],[2.377605343549651,48.74130857389788],[2.377758998444979,48.74174878443562],[2.377787974895058,48.74196373520473],[2.37391906872956,48.74193109631225]]]}},{"type":"Feature","id":"LFPO-1e290df250803d5549c0","properties":{"airport":"LFPO","name":"COLOR_ParkPos","layer":"Airfield surfaces","category":"Stand areas","object_type":"Area","style_id":"polygon.parkpos.726f6b","source_group":"COLOR_ParkPos","vsmr_group_ids":[],"geometry_role":"filled_region"},"geometry":{"type":"Polygon","coordinates":[[[2.369994804393574,48.74347822011148],[2.370005337155496,48.74264350580586],[2.374378675848583,48.7426550317272],[2.374334037464254,48.74351897186187],[2.369994804393574,48.74347822011148]]]}},{"type":"Feature","id":"LFPO-c15981adc95cb3bf7726","properties":{"airport":"LFPO","name":"COLOR_ParkPos","layer":"Airfield surfaces","category":"Stand areas","object_type":"Area","style_id":"polygon.parkpos.726f6b","source_group":"COLOR_ParkPos","vsmr_group_ids":[],"geometry_role":"filled_region"},"geometry":{"type":"Polygon","coordinates":[[[2.373288411374941,48.74034881749912],[2.373253747324331,48.74192486695168],[2.372942127249467,48.74192246590225],[2.372974693502141,48.74034607163426],[2.373288411374941,48.74034881749912]]]}},{"type":"Feature","id":"LFPO-0311d45f69650f838a4c","properties":{"airport":"LFPO","name":"COLOR_ParkPos","layer":"Airfield surfaces","category":"Stand areas","object_type":"Area","style_id":"polygon.parkpos.726f6b","source_group":"COLOR_ParkPos","vsmr_group_ids":[],"geometry_role":"filled_region"},"geometry":{"type":"Polygon","coordinates":[[[2.374116830777757,48.74035444450584],[2.374114474283837,48.7405777758901],[2.374256721374624,48.74067639647221],[2.374108265685062,48.74076668042942],[2.373964714224444,48.74067346223887],[2.373641213547497,48.74067213208355],[2.373642291844289,48.74045018394153],[2.373501662884872,48.74035398996314],[2.374116830777757,48.74035444450584]]]}},{"type":"Feature","id":"LFPO-586e9ec49aefb975bce4","properties":{"airport":"LFPO","name":"COLOR_ParkPos","layer":"Airfield surfaces","category":"Stand areas","object_type":"Area","style_id":"polygon.parkpos.726f6b","source_group":"COLOR_ParkPos","vsmr_group_ids":[],"geometry_role":"filled_region"},"geometry":{"type":"Polygon","coordinates":[[[2.377524335461734,48.74039189950642],[2.377284098722492,48.74105199450918],[2.376211940078066,48.74103669980651],[2.376104286622915,48.74093536903267],[2.376122009136072,48.74036279436517],[2.375947653424484,48.74036436279754],[2.375932761530006,48.74093692566775],[2.37584029215385,48.7410453618112],[2.374786085471121,48.74103476525241],[2.374544937421692,48.74035188825274],[2.377524335461734,48.74039189950642]]]}},{"type":"Feature","id":"LFPO-474cf720a9b14015e987","properties":{"airport":"LFPO","name":"COLOR_HardSurface5","layer":"Airfield surfaces","category":"Hard Surface 5","object_type":"Area","style_id":"polygon.hardsurface5.413e3f","source_group":"COLOR_HardSurface5","vsmr_group_ids":[],"geometry_role":"filled_region"},"geometry":{"type":"Polygon","coordinates":[[[2.3751747222222,48.7234675],[2.3755566666667,48.72338722222199],[2.3756683333333,48.723739166667],[2.3759055555556,48.724196944444],[2.3759255555556,48.724212777778],[2.3759544444444,48.724216666667],[2.3759777777778,48.724213611111],[2.3759997222222,48.72419888888899],[2.3760655555556,48.72407916666701],[2.3764008333333,48.724166388889],[2.3763397222222,48.724284722222],[2.3762930555556,48.724415277778],[2.3762666666667,48.72456555555599],[2.3762616666667,48.724739166667],[2.3762819444444,48.724932777778],[2.3763463888889,48.725080555556],[2.3771686111111,48.726736944444],[2.3772147222222,48.726795833333],[2.3773186111111,48.726862777778],[2.3773875,48.72689],[2.3774711111111,48.726908055556],[2.3791708333333,48.727221944444],[2.379385,48.727703888889],[2.3793255555556,48.727757222222],[2.3792861111111,48.72782944444399],[2.3792708333333,48.727910555556],[2.3792733333333,48.728079444444],[2.3793016666667,48.728223055556],[2.3793530555556,48.728388611111],[2.3794311111111,48.7285725],[2.3795491666667,48.72883888888899],[2.3814325,48.732538888889],[2.3816019444444,48.73278361111101],[2.3816919444444,48.732890277778],[2.3817888888889,48.732994444444],[2.3819091666667,48.73308111111101],[2.3819875,48.733130555556],[2.3820680555556,48.73316083333301],[2.3822341666667,48.733208055556],[2.3824258333333,48.733248611111],[2.3823180555556,48.733461666667],[2.3818405555556,48.73336388888901],[2.3833294444444,48.73636083333299],[2.3836322222222,48.73691611111099],[2.3837919444444,48.737158055556],[2.3838875,48.737288611111],[2.3839902777778,48.737393333333],[2.3841247222222,48.737495555556],[2.3842669444444,48.73758305555599],[2.3844777777778,48.7376725],[2.3846813888889,48.737743333333],[2.384500027700036,48.73796600456178],[2.3843169444444,48.737908611111],[2.3842269444444,48.737893888889],[2.3841230555556,48.737893888889],[2.3840227777778,48.737911944444],[2.3839386111111,48.73794888888901],[2.3838844444444,48.737989722222],[2.3838377777778,48.738040833333],[2.3838144444444,48.73808083333301],[2.3838055555556,48.738134166667],[2.3838119444444,48.738186944444],[2.3838347222222,48.738238055556],[2.3838755555556,48.738285277778],[2.3839394444444,48.738334722222],[2.3840330555556,48.738373055556],[2.3841277777778,48.738390555556],[2.384261515168531,48.73838241408238],[2.3843280555556,48.73836916666701],[2.3846133333333,48.73831194444401],[2.3847194444444,48.73852611111101],[2.3843127777778,48.738645277778],[2.3839777777778,48.738762222222],[2.3838194444444,48.73884249999999],[2.3837325,48.738951111111],[2.3836536111111,48.739076111111],[2.3836038888889,48.739181388889],[2.3835372222222,48.739355],[2.3834791666667,48.73951999999999],[2.3834261111111,48.739723611111],[2.3833605555556,48.739954166667],[2.3828261111111,48.742123333333],[2.3827844444444,48.74242694444401],[2.3827722222222,48.742523611111],[2.3827691666667,48.742613611111],[2.3827872222222,48.742692777778],[2.3828083333333,48.742742777778],[2.3828352777778,48.74277750000001],[2.3829011111111,48.742793055556],[2.3815972222222,48.742779166667],[2.3816847222222,48.742764444444],[2.3817058333333,48.742745555556],[2.3817072222222,48.74270916666699],[2.3816458333333,48.742643888889],[2.381565,48.74258166666699],[2.3814555555556,48.74254527777801],[2.3813138888889,48.742534444444],[2.3798438888889,48.742518055556],[2.3797308333333,48.74253],[2.3796341666667,48.74256],[2.3795669444444,48.74259527777801],[2.3795044444444,48.742645277778],[2.3794825,48.74267722222199],[2.3794719444444,48.74270861111101],[2.3794794444444,48.742729166667],[2.3795077777778,48.742748333333],[2.3795486111111,48.742759722222],[2.3779422222222,48.742746944444],[2.3778247222222,48.742731111111],[2.3778963888889,48.742719166667],[2.3779258333333,48.742688333333],[2.3779027777778,48.74263472222199],[2.37781,48.742561388889],[2.3776875,48.74251222222199],[2.3775597222222,48.742501944444],[2.3758691666667,48.742484444444],[2.3757436111111,48.74250305555599],[2.3756013888889,48.74256277777799],[2.3755230555556,48.74262833333299],[2.3754994444444,48.742678611111],[2.3754805555556,48.744324166667],[2.3728863888889,48.744296111111],[2.3728991666667,48.74342],[2.3739336111111,48.743430555556],[2.3740288888889,48.743398055556],[2.3741061111111,48.7433525],[2.3741608333333,48.743296388889],[2.3741952777778,48.743236111111],[2.3742033333333,48.743165277778],[2.3742030555556,48.742933888889],[2.3741747222222,48.74286305555599],[2.3741086111111,48.742796666667],[2.3740344444444,48.74275111111101],[2.3739458333333,48.742718888889],[2.3738894444444,48.742711111111],[2.3700041666667,48.742678611111],[2.3700077777778,48.742453888889],[2.3700022222222,48.742406944444],[2.36997,48.742356944444],[2.3698961111111,48.742300555556],[2.3699125,48.741941666667],[2.3699616666667,48.741894444444],[2.3700177777778,48.741824166667],[2.3700430555556,48.741748611111],[2.3703886111111,48.741753611111],[2.3704747222222,48.741890555556],[2.3706036111111,48.7419975],[2.3707166666667,48.742055833333],[2.3708738888889,48.742120277778],[2.3709897222222,48.742142222222],[2.3710988888889,48.742126388889],[2.3712322222222,48.742085],[2.3713605555556,48.74200749999999],[2.3714747222222,48.74185333333299],[2.3715525,48.741298055556],[2.3715736111111,48.740052777778],[2.37112,48.74005111111101],[2.3711230555556,48.73984722222199],[2.3763394444444,48.739891944444],[2.3764008333333,48.739878333333],[2.3764580555556,48.739850555556],[2.3765155555556,48.73977666666699],[2.3765188888889,48.739703611111],[2.3770430555556,48.739707777778],[2.3771472222222,48.73984833333299],[2.3771452777778,48.73989722222201],[2.3775261111111,48.740393611111],[2.37455,48.7403675],[2.3744444444444,48.74007666666699],[2.3736797222222,48.740074166667],[2.3735586111111,48.74008638888899],[2.373485,48.740108888889],[2.3734444444444,48.74012555555601],[2.373795,48.74036083333301],[2.3735069444444,48.740357777778],[2.3733219444444,48.740230833333],[2.3732933333333,48.740296944444],[2.3732883333333,48.74035499999999],[2.3729730555556,48.74035138888901],[2.372975,48.740311111111],[2.3729552777778,48.740258055556],[2.3728891666667,48.740171111111],[2.3727691666667,48.740103611111],[2.3725183333333,48.740095],[2.372345,48.74011583333299],[2.3721941666667,48.740170555556],[2.3720675,48.740244444444],[2.3719772222222,48.74033611111099],[2.3719286111111,48.740435833333],[2.3718677777778,48.7409375],[2.3718561111111,48.741094444444],[2.371865,48.741346944444],[2.3719033333333,48.741803611111],[2.3719363888889,48.74190055555601],[2.3720063888889,48.74198888888899],[2.3721011111111,48.742062777778],[2.3722377777778,48.742131388889],[2.3723472222222,48.742155277778],[2.3726433333333,48.742155833333],[2.3727341666667,48.742126666667],[2.3728127777778,48.74209333333301],[2.3728838888889,48.742034722222],[2.3729208333333,48.741981111111],[2.3729386111111,48.7419175],[2.3732552777778,48.74192249999999],[2.3732677777778,48.741966111111],[2.3732827777778,48.742008055556],[2.3733336111111,48.742062222222],[2.3733969444444,48.742104722222],[2.3735313888889,48.74216166666699],[2.3739102777778,48.742163055556],[2.3739183333333,48.741928333333],[2.3777883333333,48.741959444444],[2.3779475,48.742200277778],[2.3781730555556,48.742201666667],[2.3782216666667,48.742179722222],[2.3782505555556,48.742158888889],[2.3782619444444,48.742123888889],[2.3782580555556,48.742079166667],[2.3782216666667,48.74196499999999],[2.3790502777778,48.741971944444],[2.3791197222222,48.742173611111],[2.3791488888889,48.742211388889],[2.3791502777778,48.74225722222199],[2.3794925,48.742259722222],[2.3795580555556,48.742247777778],[2.3796069444444,48.74222583333299],[2.3796380555556,48.74220277777799],[2.3796630555556,48.742165833333],[2.3796761111111,48.742166666667],[2.3796583333333,48.741975555556],[2.3803005555556,48.741983055556],[2.3802666666667,48.74202805555601],[2.3802188888889,48.7420625],[2.3802286111111,48.742099166667],[2.3802563888889,48.742145555556],[2.380305,48.742193888889],[2.3803591666667,48.74222777777799],[2.3804077777778,48.742241388889],[2.3804991666667,48.742240555556],[2.3805616666667,48.742272777778],[2.3819747222222,48.742266388889],[2.3821711111111,48.742213055556],[2.3823322222222,48.742133333333],[2.3824641666667,48.74202638888899],[2.3825433333333,48.74191138888901],[2.3826002777778,48.741745277778],[2.3826797222222,48.741418055556],[2.3825633333333,48.74144805555599],[2.3824236111111,48.741468055556],[2.3822280555556,48.741471388889],[2.3820552777778,48.741461111111],[2.381875,48.741420833333],[2.3817241666667,48.7413575],[2.3815947222222,48.741271944444],[2.3815016666667,48.741170277778],[2.3814491666667,48.741068055556],[2.3814277777778,48.7409725],[2.3814338888889,48.74088499999999],[2.3814913888889,48.740665277778],[2.3818341666667,48.74070249999999],[2.3818127777778,48.7407975],[2.3818280555556,48.740876111111],[2.3818713888889,48.740954166667],[2.3819338888889,48.741017777778],[2.3820047222222,48.741068611111],[2.3820947222222,48.741106944444],[2.3822241666667,48.741131944444],[2.3823336111111,48.741129166667],[2.3824444444444,48.741094166667],[2.3825686111111,48.741003611111],[2.3826683333333,48.740896944444],[2.3827277777778,48.74079972222199],[2.3822963888889,48.740751111111],[2.3826725,48.739263055556],[2.3828822222222,48.73919305555599],[2.3830241666667,48.73913],[2.3831055555556,48.739074166667],[2.3831763888889,48.73897805555599],[2.3832852777778,48.738773888889],[2.3833097222222,48.738665555556],[2.3832275,48.73850749999999],[2.3830697222222,48.738351944444],[2.3827488888889,48.73824444444401],[2.3825847222222,48.738166666667],[2.3824869444444,48.738082222222],[2.3824163888889,48.73797],[2.381991274452133,48.73706364833636],[2.382194795798829,48.7375012369702],[2.381219156581913,48.73553236547075],[2.380729989805628,48.73564054574251],[2.3790194444444,48.73223388888899],[2.377435,48.731944166667],[2.3773588888889,48.7321275],[2.3769852777778,48.732400555556],[2.3751055555556,48.732050555556],[2.3749547222222,48.731522777778],[2.3754580555556,48.73161388888901],[2.3755305555556,48.73161416666701],[2.3759805555556,48.731551111111],[2.3760313888889,48.731531666667],[2.3779691666667,48.730140833333],[2.3772025,48.728627777778],[2.3767122222222,48.72831833333299],[2.3746925,48.727943888889],[2.3744458333333,48.72788611111099],[2.3743705555556,48.72786083333299],[2.3742716666667,48.72783],[2.3741752777778,48.727814444444],[2.3741172222222,48.72780138888899],[2.3740472222222,48.727775],[2.37399,48.727753055556],[2.3739188888889,48.727734166667],[2.3738263888889,48.727716666667],[2.3736430555556,48.727678611111],[2.3706566666667,48.727118611111],[2.3704755555556,48.72709333333299],[2.3703205555556,48.727083611111],[2.3701755555556,48.72708194444401],[2.3700327777778,48.727075555556],[2.3699077777778,48.72706055555601],[2.3691427777778,48.726916388889],[2.3687911111111,48.72685750000001],[2.3686963888889,48.7268375],[2.3685408333333,48.726796944444],[2.3673522222222,48.726505833333],[2.3666138888889,48.726322777778],[2.3663744444444,48.726264166667],[2.3660180555556,48.726179166667],[2.3657866666667,48.726121944444],[2.3655588888889,48.726078333333],[2.3646630555556,48.72591388888901],[2.3604111111111,48.72512527777799],[2.3602905555556,48.725106111111],[2.3601322222222,48.725086111111],[2.3599502777778,48.72507166666701],[2.3597530555556,48.725064444444],[2.3596141666667,48.725064444444],[2.359475,48.725068055556],[2.3593238888889,48.725079444444],[2.3592108333333,48.725090833333],[2.3590977777778,48.725109722222],[2.3589616666667,48.725136388889],[2.3586755555556,48.725196388889],[2.3584877777778,48.725240277778],[2.358255,48.72530305555599],[2.3581486111111,48.72531055555601],[2.35758689800293,48.72522371650248],[2.357438838224992,48.72555688445207],[2.3573505555556,48.72572861111099],[2.357248777055949,48.72596384764806],[2.356700347043585,48.72727433969338],[2.356692809687406,48.72733539514785],[2.356715654115336,48.72738757143056],[2.356770134932653,48.7274594597853],[2.356843950387202,48.72753250840447],[2.35690722343902,48.72757077305997],[2.356984558633208,48.72760440051655],[2.357074199207352,48.72762411510291],[2.357969633189134,48.72779019575963],[2.358060484720732,48.72783443417182],[2.357928497019124,48.72820400660287],[2.356894743497779,48.72801163255738],[2.356817056865173,48.72799712549589],[2.356754456291348,48.7279926885421],[2.35665067079555,48.72799599620816],[2.356573667730326,48.72800593026123],[2.356463182600481,48.72804015494723],[2.356401593647324,48.72807805874775],[2.356356442730139,48.72811825943828],[2.356312418462008,48.72817483916025],[2.356162544275826,48.72851684771916],[2.3559225,48.72918333333299],[2.35588,48.729306944444],[2.3558575,48.729408611111],[2.3558530555556,48.729516944444],[2.3558644444444,48.729610277778],[2.3558958333333,48.729684166667],[2.3559527777778,48.729772777778],[2.3560336111111,48.729850277778],[2.3561580555556,48.7299325],[2.3565022222222,48.730125833333],[2.3595113888889,48.731415555556],[2.3597636111111,48.731515833333],[2.3602577777778,48.731719722222],[2.3604413888889,48.73176999999999],[2.3604975,48.731793055556],[2.361025,48.732018055556],[2.3612105555556,48.7321025],[2.3613172222222,48.732168055556],[2.3614447222222,48.732268611111],[2.3615488888889,48.732384444444],[2.3616163888889,48.732486388889],[2.3616488888889,48.732572777778],[2.3616694444444,48.73265472222201],[2.3615441666667,48.732682777778],[2.3610455555556,48.733194444444],[2.3609855555556,48.7332975],[2.3609605555556,48.733403055556],[2.3609583333333,48.733475],[2.3609619444444,48.73351972222199],[2.3609755555556,48.733558611111],[2.3610286111111,48.733633888889],[2.3611091666667,48.7337425],[2.3611694444444,48.73387944444401],[2.3612022222222,48.733989166667],[2.3612238888889,48.734080277778],[2.3612366666667,48.734200833333],[2.3612347222222,48.734320277778],[2.3612255555556,48.734418611111],[2.3612036111111,48.734525833333],[2.3611816666667,48.734587777778],[2.3606797222222,48.734511388889],[2.3607161111111,48.73444749999999],[2.3607436111111,48.734359444444],[2.3607583333333,48.734269166667],[2.3607541666667,48.734163333333],[2.3607236111111,48.73404027777801],[2.3606672222222,48.733913611111],[2.3605802777778,48.7337925],[2.3604755555556,48.733681111111],[2.3603477777778,48.73358],[2.36022,48.733493888889],[2.3600455555556,48.733405833333],[2.3594133333333,48.733122777778],[2.355805394169876,48.73183929187549],[2.355728105516179,48.73181467738461],[2.35564148783769,48.73179797310214],[2.355556202025157,48.73178830053533],[2.355476245575396,48.73178829678027],[2.355400285051725,48.73180499352993],[2.355320324564254,48.73184014835059],[2.355252355972599,48.73188760927847],[2.355133250106349,48.73200412037924],[2.3548077777778,48.732370555556],[2.3547591666667,48.732424722222],[2.3543883333333,48.732306111111],[2.3544283333333,48.732255277778],[2.3544725,48.732183888889],[2.3545052777778,48.732093333333],[2.3545108333333,48.731968888889],[2.3544913888889,48.731825],[2.354425,48.73160305555601],[2.3544041666667,48.731572777778],[2.3543744444444,48.73156],[2.3543372222222,48.73155694444401],[2.3542747222222,48.731565833333],[2.3535663888889,48.731719166667],[2.3529652777778,48.730526944444],[2.3534497222222,48.730419722222],[2.3533605555556,48.730293055556],[2.3532625,48.730278055556],[2.3531466666667,48.73026666666701],[2.3530377777778,48.73025916666699],[2.3528497222222,48.730259722222],[2.3526494444444,48.730270555556],[2.3524408333333,48.730293611111],[2.3522494444444,48.730330277778],[2.3520236111111,48.730384722222],[2.3517047222222,48.730451388889],[2.3515011111111,48.7304875],[2.3513355555556,48.730507222222],[2.3511811111111,48.73051638888901],[2.3511602777778,48.73031361111099],[2.3512577777778,48.730306666667],[2.3514411111111,48.730284444444],[2.3516897222222,48.73023833333299],[2.3519283333333,48.730170277778],[2.3521625,48.730079722222],[2.3523677777778,48.7299725],[2.3525536111111,48.729842777778],[2.3527333333333,48.72967833333301],[2.35283,48.729561666667],[2.3529005555556,48.729451111111],[2.3529658333333,48.729328888889],[2.3530047222222,48.729218333333],[2.3530244444444,48.729090833333],[2.3528927777778,48.729004444444],[2.34498,48.728254444444],[2.345025,48.728053888889],[2.3499377777778,48.728522777778],[2.3501491666667,48.7285375],[2.3504036111111,48.7285325],[2.3506802777778,48.728509444444],[2.3509580555556,48.728456666667],[2.3512466666667,48.72836833333301],[2.3514630555556,48.728273611111],[2.3517433333333,48.728108611111],[2.3519222222222,48.727963333333],[2.3520747222222,48.727796944444],[2.3521641666667,48.727664166667],[2.3522091666667,48.72756999999999],[2.3523177777778,48.72730583333299],[2.3524094444444,48.72709527777801],[2.3524377777778,48.727025833333],[2.3524413888889,48.727007222222],[2.3524294444444,48.726991111111],[2.3524002777778,48.726978055556],[2.3520083333333,48.72690666666699],[2.3519797222222,48.726913611111],[2.351955,48.726927777778],[2.3519452777778,48.726951666667],[2.3519144444444,48.72694694444399],[2.3529241666667,48.724561666667],[2.3528177777778,48.724334722222],[2.3533297222222,48.724430833333],[2.3533827777778,48.72429611111099],[2.3533611111111,48.724269166667],[2.3533025,48.7242075],[2.3531930555556,48.724129444444],[2.3530577777778,48.72406027777801],[2.3528813888889,48.724010833333],[2.3520569444444,48.723858888889],[2.3519022222222,48.72385611111099],[2.3518097222222,48.72388888888901],[2.3517369444444,48.72394249999999],[2.3517041666667,48.723999722222],[2.3516716666667,48.724079444444],[2.3501580555556,48.723801388889],[2.3501927777778,48.723724444444],[2.3501997222222,48.723664444444],[2.3501563888889,48.72357916666701],[2.3499238888889,48.723591388889],[2.3497402777778,48.723622222222],[2.3496105555556,48.723688055556],[2.3494622222222,48.72381333333301],[2.3493788888889,48.723933888889],[2.3492816666667,48.72408833333301],[2.3491219444444,48.724396666667],[2.3491425,48.724461666667],[2.3495883333333,48.72454138888901],[2.3489575,48.726070555556],[2.3486994444444,48.72602305555599],[2.3487352777778,48.725935833333],[2.3484683333333,48.725885277778],[2.3484825,48.725842777778],[2.3481533333333,48.725783888889],[2.3481733333333,48.725740277778],[2.3478505555556,48.725680833333],[2.3479030555556,48.725548055556],[2.3475122222222,48.725476944444],[2.3476388888889,48.725174166667],[2.3482269444444,48.72528194444399],[2.3483986111111,48.72521750000001],[2.3486552777778,48.724595833333],[2.348655,48.7243775],[2.3486466666667,48.72425555555601],[2.3486066666667,48.72414861111099],[2.3485583333333,48.724069722222],[2.3484825,48.724025277778],[2.3483783333333,48.72399694444401],[2.3482108333333,48.723983055556],[2.3479902777778,48.72399583333299],[2.3477705555556,48.724023611111],[2.3475902777778,48.724058611111],[2.3474166666667,48.724101666667],[2.3472536111111,48.724146388889],[2.3469444444444,48.724235833333],[2.3469319444444,48.724213611111],[2.3406788888889,48.726023888889],[2.3404858333333,48.72609388888899],[2.3403569444444,48.726167777778],[2.3402577777778,48.726248333333],[2.3401952777778,48.726303888889],[2.3401402777778,48.726381666667],[2.3400983333333,48.726455833333],[2.3400736111111,48.726532777778],[2.3397675,48.7265125],[2.3398058333333,48.726395277778],[2.3398533333333,48.726304444444],[2.3399255555556,48.726204444444],[2.3400297222222,48.726106388889],[2.3401008333333,48.726046666667],[2.3401577777778,48.725989166667],[2.3402133333333,48.725918333333],[2.3402325,48.725858888889],[2.3402438888889,48.725768333333],[2.3402175,48.72568583333301],[2.3401566666667,48.725611944444],[2.3400730555556,48.725548055556],[2.3399466666667,48.7254925],[2.3361497222222,48.724146944444],[2.3359188888889,48.724067777778],[2.3355616666667,48.723943611111],[2.3351952777778,48.72384000000001],[2.3347788888889,48.723746388889],[2.3345977777778,48.723713888889],[2.3344455555556,48.723701111111],[2.3342883333333,48.723708333333],[2.3341408333333,48.723732777778],[2.3339988888889,48.723774444444],[2.3338708333333,48.72383222222201],[2.3337458333333,48.723916388889],[2.3336683333333,48.723990555556],[2.3335955555556,48.724096944444],[2.3335686111111,48.724164444444],[2.3335527777778,48.724236944444],[2.3331705555556,48.72421305555601],[2.3331802777778,48.724165277778],[2.333205,48.72409500000001],[2.3332475,48.72400361111101],[2.3333083333333,48.723913333333],[2.3333822222222,48.723831388889],[2.3334886111111,48.72373638888901],[2.3336061111111,48.723656944444],[2.3337569444444,48.723581388889],[2.3338922222222,48.723528611111],[2.3339727777778,48.72350694444399],[2.334015,48.723487222222],[2.3340352777778,48.72345499999999],[2.3340372222222,48.723428055556],[2.3340186111111,48.72339694444399],[2.3339586111111,48.7233725],[2.3202155555556,48.718517777778],[2.3201825,48.718557222222],[2.3197947222222,48.718418888889],[2.3195408333333,48.718343333333],[2.3193183333333,48.718300833333],[2.3190966666667,48.71828472222201],[2.3188725,48.718286944444],[2.3186216666667,48.718317777778],[2.3183538888889,48.718381666667],[2.3181058333333,48.718475],[2.317905,48.718587777778],[2.3177908333333,48.718668055556],[2.3176711111111,48.7187775],[2.3176008333333,48.718861666667],[2.3172538888889,48.7187425],[2.3173147222222,48.718671666667],[2.3174280555556,48.718554722222],[2.3176041666667,48.718418055556],[2.3178719444444,48.718270277778],[2.3181808333333,48.71814666666701],[2.3185377777778,48.71806361111099],[2.3188883333333,48.71802722222199],[2.3204127777778,48.717510833333],[2.3220494444444,48.718088888889],[2.3221736111111,48.718752777778],[2.3222172222222,48.71885888888901],[2.3223144444444,48.718944444444],[2.3224611111111,48.71902277777799],[2.3226708333333,48.71912138888901],[2.3231833333333,48.71932888888901],[2.3395672222222,48.72512472222201],[2.3400619444444,48.725280277778],[2.3404641666667,48.725395],[2.3408147222222,48.725469166667],[2.3411661111111,48.725495277778],[2.3415261111111,48.725480277778],[2.3419658333333,48.725403055556],[2.3426366666667,48.725235],[2.3518094444444,48.72257750000001],[2.3520747222222,48.722506111111],[2.3523275,48.722458611111],[2.3526061111111,48.722430277778],[2.3529505555556,48.722430555556],[2.3533988888889,48.722477777778],[2.3537755555556,48.722546666667],[2.3541230555556,48.722593333333],[2.3544797222222,48.722645833333],[2.3547411111111,48.722676111111],[2.3547838888889,48.72258861111099],[2.3546247222222,48.72230694444401],[2.355295,48.72072861111099],[2.3565580555556,48.720512777778],[2.3576847222222,48.72009805555601],[2.3578583333333,48.72030194444401],[2.3575316666667,48.720439444444],[2.3573105555556,48.720559166667],[2.3570786111111,48.720716111111],[2.3568630555556,48.72092388888899],[2.3566905555556,48.721160555556],[2.3562977777778,48.722016111111],[2.3562569444444,48.7222825],[2.356275,48.72254583333301],[2.3563930555556,48.72274916666701],[2.3565836111111,48.72291388888901],[2.3568647222222,48.7230425],[2.3571016666667,48.723114444444],[2.3576819444444,48.723232222222],[2.3577719444444,48.72321138888901],[2.3578633333333,48.72316],[2.3579202777778,48.7231075],[2.3579516666667,48.72304027777799],[2.3618125,48.7237525],[2.3617902777778,48.723810277778],[2.3617919444444,48.723866111111],[2.3618333333333,48.72391749999999],[2.3618844444444,48.72395027777801],[2.3619322222222,48.723966944444],[2.3620422222222,48.723948055556],[2.3620805555556,48.723963888889],[2.3621808333333,48.7239375],[2.3622891666667,48.723891111111],[2.3624005555556,48.723822777778],[2.3624941666667,48.723744166667],[2.3625563888889,48.72366222222201],[2.3626975,48.72334027777801],[2.3627827777778,48.72319749999999],[2.3628702777778,48.723074722222],[2.3629827777778,48.72295],[2.3631241666667,48.722817777778],[2.3633155555556,48.72267],[2.3635511111111,48.722533888889],[2.3638161111111,48.722422222222],[2.3644491666667,48.722176944444],[2.3646191666667,48.722094444444],[2.3648086111111,48.72197972222201],[2.3649819444444,48.721866666667],[2.3651055555556,48.721735833333],[2.3651872222222,48.721598333333],[2.3652544444444,48.721474722222],[2.3656658333333,48.721545],[2.3654916666667,48.721836111111],[2.3655875,48.721821944444],[2.3657375,48.72180888888899],[2.3660319444444,48.721790833333],[2.3660558333333,48.722007222222],[2.3658611111111,48.7220175],[2.3656936111111,48.722036388889],[2.3655277777778,48.722069444444],[2.3652213888889,48.72215111111101],[2.3646983333333,48.722329722222],[2.3643347222222,48.722461944444],[2.3639155555556,48.722645833333],[2.3636863888889,48.72276611111101],[2.3635083333333,48.722875277778],[2.3633716666667,48.72298444444401],[2.3632475,48.72310805555599],[2.3631363888889,48.72323805555601],[2.3630325,48.723399722222],[2.3629491666667,48.723553611111],[2.3628930555556,48.723661944444],[2.3628730555556,48.723740277778],[2.3628641666667,48.723831666667],[2.3629055555556,48.723974722222],[2.3630052777778,48.724108333333],[2.3631605555556,48.72421777777799],[2.3632972222222,48.724280833333],[2.3633244444444,48.72426027777799],[2.3635166666667,48.724291944444],[2.3636244444444,48.72425333333301],[2.3637036111111,48.724208055556],[2.3637588888889,48.72414888888899],[2.3637877777778,48.7240925],[2.3691169444444,48.725078611111],[2.3690947222222,48.725148611111],[2.3691080555556,48.725225833333],[2.3691541666667,48.725302777778],[2.3692072222222,48.725353888889],[2.3692711111111,48.725391388889],[2.37037,48.725591388889],[2.3704997222222,48.72557138888901],[2.3706016666667,48.725533055556],[2.3706758333333,48.72548527777799],[2.370733359612656,48.72543117011499],[2.3750533333333,48.726224166667],[2.375045,48.726288611111],[2.3751052777778,48.726389722222],[2.3751697222222,48.72640055555599],[2.3751591666667,48.72642527777801],[2.3753583333333,48.726460833333],[2.3753377777778,48.7265075],[2.3760866666667,48.726656388889],[2.3762130555556,48.72667],[2.3763563888889,48.726652222222],[2.3764702777778,48.726607222222],[2.3765622222222,48.726541388889],[2.3766038888889,48.72646611111099],[2.3766166666667,48.72637972222199],[2.3765897222222,48.726289166667],[2.3762122222222,48.725533055556],[2.3761472222222,48.72546444444399],[2.3760405555556,48.725409166667],[2.3759275,48.725375833333],[2.3758463888889,48.725360555556],[2.3757569444444,48.725356944444],[2.37568,48.725361388889],[2.3756269444444,48.725370277778],[2.3755341666667,48.725176666667],[2.3756130555556,48.72515333333299],[2.375705,48.725116944444],[2.3757794444444,48.725067777778],[2.3758294444444,48.72501055555599],[2.3758663888889,48.724930555556],[2.3758058333333,48.724814166667],[2.3758416666667,48.724800555556],[2.3751747222222,48.7234675]]]}},{"type":"Feature","id":"LFPO-3e5f8007ccf088f9cf86","properties":{"airport":"LFPO","name":"COLOR_ParkPos","layer":"Airfield surfaces","category":"Stand areas","object_type":"Area","style_id":"polygon.parkpos.726f6b","source_group":"COLOR_ParkPos","vsmr_group_ids":[],"geometry_role":"filled_region"},"geometry":{"type":"Polygon","coordinates":[[[2.3530691666667,48.727719444444],[2.3544305555556,48.724615277778],[2.3550436111111,48.72473333333299],[2.3551072222222,48.724820277778],[2.3551197222222,48.724863888889],[2.3551233333333,48.724930277778],[2.3551183333333,48.72502083333301],[2.3550991666667,48.725126388889],[2.35507,48.725249722222],[2.3550433333333,48.725328888889],[2.3550675,48.72545027777801],[2.35398295225238,48.72801715313479],[2.3530691666667,48.727719444444]]]}},{"type":"Feature","id":"LFPO-c47ed01407feffb125c3","properties":{"airport":"LFPO","name":"COLOR_HardSurface3","layer":"Airfield surfaces","category":"Hard Surface 3","object_type":"Area","style_id":"polygon.hardsurface3.8a807f","source_group":"COLOR_HardSurface3","vsmr_group_ids":[],"geometry_role":"filled_region"},"geometry":{"type":"Polygon","coordinates":[[[2.382828827597772,48.7379770385796],[2.382799848873811,48.73794202102105],[2.382762067479278,48.73787877282615],[2.382731257642297,48.73782093777836],[2.382702576158349,48.73776242186739],[2.382953589954417,48.73750264650943],[2.383043711282997,48.73754093682344],[2.383130135403917,48.73757828079204],[2.383204612352585,48.73761807817747],[2.383269363416756,48.73766126961113],[2.383323548767502,48.73770607158596],[2.383347001464027,48.73772914719311],[2.382828827597772,48.7379770385796]]]}},{"type":"Feature","id":"LFPO-639c6091b4182d9b9105","properties":{"airport":"LFPO","name":"COLOR_GrasSurface3","layer":"Terrain","category":"Gras Surface 3","object_type":"Area","style_id":"polygon.grassurface3.727e67","source_group":"COLOR_GrasSurface3","vsmr_group_ids":[],"geometry_role":"filled_region"},"geometry":{"type":"Polygon","coordinates":[[[2.382957247638893,48.73750317538136],[2.382913736147083,48.73755731390985],[2.38284482370527,48.73763491159778],[2.382782631341231,48.73769527387459],[2.382703062154152,48.73776267305722],[2.382471681010268,48.73730993837976],[2.382957247638893,48.73750317538136]]]}},{"type":"Feature","id":"LFPO-dae5b7d4d97b3aa64d8b","properties":{"airport":"LFPO","name":"COLOR_GrasSurface3","layer":"Terrain","category":"Gras Surface 3","object_type":"Area","style_id":"polygon.grassurface3.727e67","source_group":"COLOR_GrasSurface3","vsmr_group_ids":[],"geometry_role":"filled_region"},"geometry":{"type":"Polygon","coordinates":[[[2.382922856944261,48.73790237505756],[2.383000909331834,48.73785020709806],[2.383112402417358,48.73779611020282],[2.383247860670332,48.73774822624348],[2.383346726697537,48.73772834088503],[2.383394277592499,48.73786386338698],[2.383420256636695,48.73795590570536],[2.383422557944179,48.73803434580114],[2.383411191235705,48.73820586945882],[2.38294987783005,48.73805082856341],[2.382874267289061,48.73801120303371],[2.382828675954354,48.73797640494978],[2.382922856944261,48.73790237505756]]]}},{"type":"Feature","id":"LFPO-201f9d885eea414b1962","properties":{"airport":"LFPO","name":"COLOR_GrasSurface3","layer":"Terrain","category":"Gras Surface 3","object_type":"Area","style_id":"polygon.grassurface3.727e67","source_group":"COLOR_GrasSurface3","vsmr_group_ids":[],"geometry_role":"filled_region"},"geometry":{"type":"Polygon","coordinates":[[[2.360068877759469,48.7331034490883],[2.359962613150797,48.73307107879728],[2.359943531947439,48.73307626657905],[2.358436963736974,48.73254275081354],[2.357262485901748,48.73211968864977],[2.356592681077463,48.73184184332757],[2.356461171155191,48.73178125426411],[2.356352294876278,48.7316979722828],[2.3562640444143,48.7316039419022],[2.356222268464001,48.7315081850913],[2.356212950499161,48.73138649613744],[2.356233760885436,48.73127391523929],[2.356270640636609,48.7311613352261],[2.35631445442037,48.73105483812928],[2.356381294433734,48.73094680545319],[2.356443589212689,48.73090725393234],[2.356515112531596,48.73088596178857],[2.356611956973422,48.73088594882743],[2.357290104551355,48.73105330688998],[2.357599226713942,48.73118872599537],[2.357769954677948,48.73124807169652],[2.357892188108826,48.73128154829434],[2.359974939887008,48.73217572234461],[2.360251303490191,48.73231938192175],[2.360439927342948,48.73243221508829],[2.360580419525256,48.73253488116762],[2.360666100540518,48.7326187782036],[2.360722686907331,48.73268972231748],[2.360747453602545,48.73276673902985],[2.360738749372648,48.73282965804425],[2.360697916177643,48.73289801032614],[2.360576383620745,48.73299656792982],[2.3604717771748,48.73307209261097],[2.360373982473782,48.73311085271724],[2.360291449901546,48.73312195649144],[2.360225417676998,48.73311993637411],[2.360068877759469,48.7331034490883]]]}},{"type":"Feature","id":"LFPO-6adf1af5c94e0092d6cd","properties":{"airport":"LFPO","name":"COLOR_GrasSurface3","layer":"Terrain","category":"Gras Surface 3","object_type":"Area","style_id":"polygon.grassurface3.727e67","source_group":"COLOR_GrasSurface3","vsmr_group_ids":[],"geometry_role":"filled_region"},"geometry":{"type":"Polygon","coordinates":[[[2.354662925300368,48.73135850782652],[2.355311030689624,48.73121879991224],[2.35544505680557,48.73120684184532],[2.35554469534351,48.73120921983061],[2.355077493749698,48.7316843593659],[2.354805943221534,48.73164863649767],[2.354662925300368,48.73135850782652]]]}},{"type":"Feature","id":"LFPO-a5a6f2cdfa2f45c4ad84","properties":{"airport":"LFPO","name":"COLOR_GrasSurface3","layer":"Terrain","category":"Gras Surface 3","object_type":"Area","style_id":"polygon.grassurface3.727e67","source_group":"COLOR_GrasSurface3","vsmr_group_ids":[],"geometry_role":"filled_region"},"geometry":{"type":"Polygon","coordinates":[[[2.354396623141044,48.73081566867004],[2.354398820167345,48.73077746384317],[2.354426891917649,48.73074606797612],[2.354465361727267,48.73072403009185],[2.354518037635123,48.73071390084897],[2.354565528813852,48.73071644019583],[2.354609218370245,48.7307300335949],[2.355260801735928,48.73100973545384],[2.355255473524895,48.73101501513401],[2.354574006215853,48.73116395213434],[2.354396623141044,48.73081566867004]]]}},{"type":"Feature","id":"LFPO-052595329cbb69ea6537","properties":{"airport":"LFPO","name":"COLOR_GrasSurface3","layer":"Terrain","category":"Gras Surface 3","object_type":"Area","style_id":"polygon.grassurface3.727e67","source_group":"COLOR_GrasSurface3","vsmr_group_ids":[],"geometry_role":"filled_region"},"geometry":{"type":"Polygon","coordinates":[[[2.354695987891413,48.73048068385637],[2.354488187894843,48.73036368963955],[2.354319397710154,48.73023747028037],[2.354189270137457,48.73011361609396],[2.354091657181958,48.72998093014639],[2.354022978747619,48.72985222732157],[2.353978695577108,48.72969431174199],[2.353961052768594,48.72951596749239],[2.353974332796491,48.72942680082317],[2.354025356911484,48.72935375114778],[2.354094063846706,48.72930846858315],[2.354180488663329,48.72927343830688],[2.354273522364951,48.72926465491574],[2.354386506260531,48.7292661041432],[2.35465675218425,48.72929098355752],[2.354729646263043,48.72930572507383],[2.354789028444455,48.72933366431133],[2.354898967485786,48.72943741051814],[2.35498777817303,48.72955620534681],[2.355161243829469,48.72980318080708],[2.355227970990126,48.72991836024628],[2.355315441641108,48.73002986472154],[2.355413422174215,48.73013052380258],[2.355568557042087,48.73029101091853],[2.355835223391509,48.73056749068937],[2.355854475753714,48.73060557768948],[2.355857255831562,48.73065002793346],[2.355831336401339,48.73069462695584],[2.355784795147349,48.73073121305736],[2.355718693706248,48.73075761969719],[2.355645681554783,48.7307658870896],[2.355567091263788,48.73075406163165],[2.354917405562911,48.73058074535237],[2.354695987891413,48.73048068385637]]]}},{"type":"Feature","id":"LFPO-6dec55c2bce7f1cab649","properties":{"airport":"LFPO","name":"COLOR_GrasSurface3","layer":"Terrain","category":"Gras Surface 3","object_type":"Area","style_id":"polygon.grassurface3.727e67","source_group":"COLOR_GrasSurface3","vsmr_group_ids":[],"geometry_role":"filled_region"},"geometry":{"type":"Polygon","coordinates":[[[2.353131596501883,48.72962717684749],[2.353204924254813,48.72950725948657],[2.353259675922312,48.72939962075406],[2.353369175940585,48.72942206089743],[2.353730281077238,48.73013913599179],[2.353722292448399,48.73015257077683],[2.353552084639912,48.73011508956207],[2.353350904985017,48.73008384257333],[2.353172792975076,48.73006502152852],[2.352974741702853,48.73005591409008],[2.352899297720492,48.7300550009247],[2.352856179618383,48.73004788469318],[2.352823810419822,48.73002833986129],[2.352803529737728,48.72999547158436],[2.352816939863018,48.72996793281389],[2.352861330488194,48.72992972273592],[2.352923552098058,48.72987277576297],[2.352997885344676,48.72978658173059],[2.353131596501883,48.72962717684749]]]}},{"type":"Feature","id":"LFPO-9c2a58908e3ceeae71c5","properties":{"airport":"LFPO","name":"COLOR_GrasSurface3","layer":"Terrain","category":"Gras Surface 3","object_type":"Area","style_id":"polygon.grassurface3.727e67","source_group":"COLOR_GrasSurface3","vsmr_group_ids":[],"geometry_role":"filled_region"},"geometry":{"type":"Polygon","coordinates":[[[2.356313778610382,48.72871799818502],[2.356279520085045,48.7287976950787],[2.35626130246761,48.72883619461394],[2.356222619910573,48.72886521821832],[2.356136938243112,48.72889718024975],[2.356054705174158,48.72891947998829],[2.355971270636719,48.72892251063396],[2.355896977175835,48.72891353518515],[2.355809105716287,48.72888462601858],[2.355730947907801,48.72882993869629],[2.355698345756023,48.72877092208037],[2.355693499272509,48.72872261964944],[2.355768597380021,48.72854032934577],[2.355848308761477,48.72849106980089],[2.355945836900801,48.72846217252297],[2.356036832384309,48.72845574449371],[2.356135831870638,48.7284721187398],[2.356223256796397,48.72850876742005],[2.356287850967969,48.72856346581764],[2.356311780097406,48.72860070915346],[2.356323958399573,48.72864596755262],[2.356326251312413,48.72867625984089],[2.356313778610382,48.72871799818502]]]}},{"type":"Feature","id":"LFPO-28f3921b64b17a6e4117","properties":{"airport":"LFPO","name":"COLOR_GrasSurface3","layer":"Terrain","category":"Gras Surface 3","object_type":"Area","style_id":"polygon.grassurface3.727e67","source_group":"COLOR_GrasSurface3","vsmr_group_ids":[],"geometry_role":"filled_region"},"geometry":{"type":"Polygon","coordinates":[[[2.354628220147097,48.7287205623637],[2.354615422383308,48.72860447801499],[2.354614738018523,48.72847597639681],[2.354627104972185,48.72839660089802],[2.35468103932299,48.72820225636843],[2.354732832285769,48.72807902972152],[2.354976110472544,48.7277957147156],[2.355041217674074,48.72775391727426],[2.355147434990517,48.72772116837617],[2.35525019481023,48.72771777616663],[2.355358090985824,48.72773584494301],[2.355438602583253,48.72777540984311],[2.355498582750186,48.7278342557318],[2.355526010142204,48.72790775800904],[2.355509064747117,48.72823770148051],[2.355459801020559,48.72835087426957],[2.355331118426158,48.7285594709443],[2.35523456716715,48.72868212382999],[2.355127176133365,48.72878916374981],[2.355052336692021,48.72883631150304],[2.354969772620881,48.72885911968159],[2.354883756396637,48.72886354842635],[2.354814121988338,48.72885550920794],[2.354752412883971,48.72883561682686],[2.354696205942211,48.728802413832],[2.354657918516541,48.72876917461724],[2.354628220147097,48.7287205623637]]]}},{"type":"Feature","id":"LFPO-9566ac13f0324b8241c7","properties":{"airport":"LFPO","name":"COLOR_GrasSurface3","layer":"Terrain","category":"Gras Surface 3","object_type":"Area","style_id":"polygon.grassurface3.727e67","source_group":"COLOR_GrasSurface3","vsmr_group_ids":[],"geometry_role":"filled_region"},"geometry":{"type":"Polygon","coordinates":[[[2.354254276229106,48.72826281283687],[2.354045491316967,48.72853149917803],[2.353961738042551,48.72863848561619],[2.353893705697074,48.7287063400271],[2.353823940292641,48.72874428598287],[2.353752490689986,48.72876371851444],[2.353667140512161,48.72876015518891],[2.35357146916082,48.7287254950289],[2.353463960646589,48.72865169349672],[2.353309574457396,48.72848289913073],[2.353189483564126,48.72831771370605],[2.352965091634169,48.72795515360473],[2.35284068600695,48.72768340800204],[2.352773414249845,48.72747953679884],[2.352745543712687,48.72732516958829],[2.352754994930075,48.727168056704],[2.352812662841361,48.72695455027822],[2.353629485809405,48.72496542411339],[2.353768395298637,48.72476591548516],[2.353942502757886,48.7245894839487],[2.354030840977186,48.72452783320019],[2.354147687255019,48.72447645289491],[2.354306095266088,48.72443193399427],[2.354477455779966,48.72441652005654],[2.354757882391778,48.72442177860368],[2.354947243043617,48.72445110339577],[2.355157547135438,48.72451770983647],[2.355318560970063,48.72458958642375],[2.355427605647611,48.72466150706143],[2.355489899010799,48.72474713193458],[2.355526162368036,48.72483959676666],[2.355450840750812,48.72485157422604],[2.35460543871056,48.72468813403864],[2.353420758279086,48.72750640064801],[2.353411669078673,48.72759786370375],[2.353420802589461,48.72766322019854],[2.353458350446964,48.72772114179929],[2.353517608979245,48.72778526009532],[2.353579552476537,48.72783464268485],[2.353791241598948,48.72778045021633],[2.354060838358465,48.72783298543723],[2.354072451309166,48.7278146215242],[2.354172873792995,48.72784431897235],[2.354250911110103,48.72789031478293],[2.354312210149088,48.72795469693034],[2.354341452128665,48.72801079536537],[2.354345816510541,48.72804673097937],[2.354254276229106,48.72826281283687]]]}},{"type":"Feature","id":"LFPO-89985f748b42affe35b3","properties":{"airport":"LFPO","name":"COLOR_GrasSurface3","layer":"Terrain","category":"Gras Surface 3","object_type":"Area","style_id":"polygon.grassurface3.727e67","source_group":"COLOR_GrasSurface3","vsmr_group_ids":[],"geometry_role":"filled_region"},"geometry":{"type":"Polygon","coordinates":[[[2.352992240895948,48.72868457584227],[2.352823943547131,48.72878449788876],[2.352742224448983,48.72878645590837],[2.351961992992999,48.72871504608563],[2.35153359904914,48.72867377685019],[2.351441265296477,48.72866201024691],[2.351392185118735,48.72864826563891],[2.35136249801414,48.72862666965176],[2.351356617189992,48.72859232150446],[2.35137153568697,48.72855896423378],[2.351419127773862,48.72853345464197],[2.351611809617182,48.72845074923357],[2.351809428934253,48.72834483699101],[2.351983663640955,48.72823242721443],[2.352142357184281,48.72810582183445],[2.352262050984533,48.72798723663961],[2.35234634677572,48.72788551231962],[2.352391373569194,48.72782493821143],[2.352416813054672,48.72779916183333],[2.352455936791022,48.72778627134959],[2.352508742056723,48.72778748790727],[2.352559601554496,48.7278092734819],[2.352596780966065,48.72784146532506],[2.352992240895948,48.72868457584227]]]}},{"type":"Feature","id":"LFPO-5b46ee160e7430d86e06","properties":{"airport":"LFPO","name":"COLOR_GrasSurface3","layer":"Terrain","category":"Gras Surface 3","object_type":"Area","style_id":"polygon.grassurface3.727e67","source_group":"COLOR_GrasSurface3","vsmr_group_ids":[],"geometry_role":"filled_region"},"geometry":{"type":"Polygon","coordinates":[[[2.355798115919134,48.72725565232319],[2.355714872031911,48.72731244962596],[2.355613797367813,48.72733693763245],[2.355507298655144,48.72734237320623],[2.355414463242247,48.72732166898765],[2.355332553032632,48.72728475127186],[2.35527659365556,48.7272325161055],[2.355243863531089,48.72715416248221],[2.355248446891001,48.72684320438179],[2.35538555715828,48.72651849582756],[2.355610115119566,48.72628236827458],[2.355690574840652,48.72622781040035],[2.355784341072471,48.72619665159033],[2.355900335736505,48.72619011530202],[2.356003290156055,48.72621003681171],[2.356062108871293,48.72623524330553],[2.356111750444325,48.72626965777075],[2.356152219842098,48.72631813425056],[2.356169551253924,48.72637210355289],[2.356149725216732,48.72672210272223],[2.356038048948759,48.72699338542741],[2.355798115919134,48.72725565232319]]]}},{"type":"Feature","id":"LFPO-7af89d8ae1508dc8da28","properties":{"airport":"LFPO","name":"COLOR_GrasSurface3","layer":"Terrain","category":"Gras Surface 3","object_type":"Area","style_id":"polygon.grassurface3.727e67","source_group":"COLOR_GrasSurface3","vsmr_group_ids":[],"geometry_role":"filled_region"},"geometry":{"type":"Polygon","coordinates":[[[2.356451462987861,48.72572250151749],[2.35641267974998,48.72575550619495],[2.356343222343473,48.72578633718081],[2.356231809936933,48.72581502813274],[2.356113916790368,48.72580970472968],[2.35601523563556,48.72577786622201],[2.355926383643316,48.72571604782868],[2.35588601267323,48.72563078178557],[2.355914878130234,48.72527472959058],[2.356082057610553,48.72503896998678],[2.356157877354876,48.72495069061775],[2.356270886740865,48.72485750376933],[2.356704413772779,48.72494219062375],[2.356731616825529,48.72506735205237],[2.356718818696333,48.7252548857227],[2.356694482363964,48.7254231526954],[2.356451462987861,48.72572250151749]]]}},{"type":"Feature","id":"LFPO-897fe13b74791324fbd6","properties":{"airport":"LFPO","name":"COLOR_GrasSurface3","layer":"Terrain","category":"Gras Surface 3","object_type":"Area","style_id":"polygon.grassurface3.727e67","source_group":"COLOR_GrasSurface3","vsmr_group_ids":[],"geometry_role":"filled_region"},"geometry":{"type":"Polygon","coordinates":[[[2.357039783485839,48.72562533285574],[2.357109463682312,48.7254682652797],[2.357151564859716,48.72537346095584],[2.35727499800644,48.72521678227201],[2.357387264544586,48.72510810711105],[2.357484138781238,48.72504963923792],[2.357646322285365,48.72501020607692],[2.357813392142454,48.72499107550589],[2.357941385944011,48.72499272425347],[2.358035481915906,48.7250772661807],[2.358213774525921,48.7253076338561],[2.358132097522161,48.725311002987],[2.358048026902755,48.72530616225309],[2.357959386752035,48.7253019232875],[2.357882626424441,48.72529768682907],[2.357785754608792,48.72530731104354],[2.357722612757245,48.72532215197898],[2.357652675640867,48.72534743216314],[2.357591756851893,48.72538089811246],[2.35754098345111,48.72542403802894],[2.357496970428783,48.72547982713401],[2.357373139893777,48.72568691048184],[2.357039783485839,48.72562533285574]]]}},{"type":"Feature","id":"LFPO-6e16fa6fd6a5ae3ad5e2","properties":{"airport":"LFPO","name":"COLOR_GrasSurface3","layer":"Terrain","category":"Gras Surface 3","object_type":"Area","style_id":"polygon.grassurface3.727e67","source_group":"COLOR_GrasSurface3","vsmr_group_ids":[],"geometry_role":"filled_region"},"geometry":{"type":"Polygon","coordinates":[[[2.350383503094429,48.72334042632268],[2.350339955840106,48.72332174143288],[2.350309314836891,48.72328948765144],[2.350313461893869,48.7232496302066],[2.350358084806234,48.72321594875231],[2.350876940822806,48.72306613235092],[2.350989955923044,48.72311603239265],[2.350978417274447,48.72321596470789],[2.350988674785708,48.72330409647349],[2.35101700909093,48.72337952284859],[2.350920561598318,48.72343711411123],[2.350383503094429,48.72334042632268]]]}},{"type":"Feature","id":"LFPO-5c5058a42f1d0068f04f","properties":{"airport":"LFPO","name":"COLOR_GrasSurface3","layer":"Terrain","category":"Gras Surface 3","object_type":"Area","style_id":"polygon.grassurface3.727e67","source_group":"COLOR_GrasSurface3","vsmr_group_ids":[],"geometry_role":"filled_region"},"geometry":{"type":"Polygon","coordinates":[[[2.354294805190493,48.72342562742258],[2.354104507586818,48.72355439703868],[2.353915663558424,48.72367103095976],[2.353683508779383,48.72378157116886],[2.353574192257888,48.72382158529168],[2.353385498433482,48.72382781765038],[2.353061481915746,48.72381706932029],[2.352645396201543,48.72376028010331],[2.351714858107503,48.72358468071828],[2.351536821592812,48.72352554179829],[2.35142912356098,48.72346652816501],[2.351330451477336,48.72337070789535],[2.351290693189174,48.72326392068092],[2.351290875554217,48.72315850181239],[2.351335083886452,48.7230432547824],[2.351450897153369,48.72292924415556],[2.351642685781627,48.72284367409644],[2.352159177163571,48.72270110159249],[2.352424780340063,48.722653689567],[2.352659918185218,48.72263491681344],[2.352888624698466,48.72263066945746],[2.353140998752961,48.72264954305243],[2.353361057664094,48.72268068390812],[2.354918516973235,48.72296970821052],[2.354294805190493,48.72342562742258]]]}},{"type":"Feature","id":"LFPO-d1eb1b468ad74ceedfc3","properties":{"airport":"LFPO","name":"COLOR_GrasSurface3","layer":"Terrain","category":"Gras Surface 3","object_type":"Area","style_id":"polygon.grassurface3.727e67","source_group":"COLOR_GrasSurface3","vsmr_group_ids":[],"geometry_role":"filled_region"},"geometry":{"type":"Polygon","coordinates":[[[2.3553189261121,48.72415966313202],[2.35517059989713,48.72415281354626],[2.355066773168235,48.72413128416404],[2.354957002425839,48.72409606179787],[2.354838288769854,48.72404029305767],[2.354650609669453,48.7239348394307],[2.354604690927704,48.72388228885988],[2.354586868820814,48.72381909806914],[2.354604808468101,48.72375729595427],[2.354668863502098,48.72366777513112],[2.35475063005087,48.72359151536538],[2.354884239426334,48.72349686379067],[2.355049521236992,48.72341672325622],[2.355246652880301,48.72334837500763],[2.355451974678584,48.72329841062656],[2.355641334397689,48.72327343540105],[2.355792801813599,48.72328001858576],[2.355898422072618,48.72331026552545],[2.355977844195096,48.72336964423111],[2.356056475336694,48.72347773279471],[2.356082678757527,48.72359014295996],[2.356076114088599,48.72370687395906],[2.356054256524021,48.72380198965809],[2.355993094341742,48.72390573045536],[2.355931937340439,48.72397488687115],[2.355862039775563,48.72403972401073],[2.355778997939035,48.72409450467087],[2.355656802146511,48.72413765189461],[2.355562908376871,48.72415349479524],[2.3553189261121,48.72415966313202]]]}},{"type":"Feature","id":"LFPO-ed3db6b2128c20319512","properties":{"airport":"LFPO","name":"COLOR_GrasSurface3","layer":"Terrain","category":"Gras Surface 3","object_type":"Area","style_id":"polygon.grassurface3.727e67","source_group":"COLOR_GrasSurface3","vsmr_group_ids":[],"geometry_role":"filled_region"},"geometry":{"type":"Polygon","coordinates":[[[2.360648915024748,48.72403765606682],[2.361186505050563,48.72416397585632],[2.361403342942145,48.7242277883306],[2.361564491771106,48.72427678943956],[2.361724882187934,48.72434471800938],[2.361851060460685,48.72441926637362],[2.36193469332276,48.72449281421201],[2.361952734201671,48.72454366027163],[2.361944530589202,48.72459560089003],[2.361887098153554,48.72464755959125],[2.361800034474328,48.72467900052027],[2.361691549025504,48.72470177431948],[2.361510628575323,48.72471626429356],[2.361320552921147,48.72471145571448],[2.361117637352839,48.72469699374343],[2.360867172262271,48.72467167510507],[2.360605588831675,48.72464030451767],[2.360316261984174,48.72459561001735],[2.360037888222852,48.72457024477467],[2.359769666135831,48.72455806479894],[2.359417317033836,48.72456811446604],[2.359209399406821,48.72458066312664],[2.358884281461495,48.72461579831646],[2.358486721119308,48.72464844774173],[2.358203530068399,48.72465591016198],[2.357956573071567,48.72465212198158],[2.357777806355297,48.72463712508465],[2.357055568744659,48.72450394216342],[2.356895371541836,48.72445491585083],[2.356746722702738,48.72439706655715],[2.356647072065416,48.72433123781884],[2.356579490451072,48.72425752568452],[2.356535071746577,48.72418694721628],[2.35651530934782,48.72408816258047],[2.35652675505728,48.72393401291912],[2.356544846763673,48.72387103783101],[2.356619102981448,48.72376040734027],[2.356720203708618,48.7236455255994],[2.356821593696623,48.72356844730618],[2.356916387463399,48.72352191174267],[2.357019984132402,48.72349863306908],[2.357121385633039,48.72349135105938],[2.357423433860188,48.72349423715825],[2.357602027616272,48.72351023963811],[2.358172947532655,48.72358230929191],[2.360648915024748,48.72403765606682]]]}},{"type":"Feature","id":"LFPO-334639337e4a80efac92","properties":{"airport":"LFPO","name":"COLOR_GrasSurface3","layer":"Terrain","category":"Gras Surface 3","object_type":"Area","style_id":"polygon.grassurface3.727e67","source_group":"COLOR_GrasSurface3","vsmr_group_ids":[],"geometry_role":"filled_region"},"geometry":{"type":"Polygon","coordinates":[[[2.36489122843599,48.72484198488406],[2.365087187926025,48.72489035855078],[2.365272906158418,48.72494649774444],[2.365450447497608,48.7250140715649],[2.365616274597759,48.72509603995361],[2.365723990525637,48.72518264619001],[2.365749381758413,48.72523622650253],[2.365747736055959,48.7252797824701],[2.365728009932864,48.72531468894402],[2.365672636978002,48.72535569329474],[2.365559112661035,48.72538963844688],[2.365392228927383,48.72541134602806],[2.365228674015409,48.72541659654502],[2.365003217251072,48.72541048637329],[2.364763922803594,48.72538589046249],[2.364344320640819,48.72533156417555],[2.363963636206663,48.72526487348012],[2.36376208482318,48.72522210042679],[2.363563302788148,48.72517244672472],[2.363374383885986,48.72512576145208],[2.363186592474424,48.72506947204662],[2.362947352882647,48.72498089456405],[2.362811352258645,48.72490038824223],[2.36272005261474,48.72482260345408],[2.362683096675171,48.72474675103738],[2.362698644040007,48.72469747065819],[2.362755494965034,48.72465365670268],[2.362908159445731,48.724604588917],[2.363104560274212,48.72458916377974],[2.363320093491326,48.72458853404819],[2.363508744686191,48.7246010634483],[2.363811188527842,48.72463692944331],[2.364176583334594,48.72468823051514],[2.364505739524239,48.72475483240686],[2.36489122843599,48.72484198488406]]]}},{"type":"Feature","id":"LFPO-7a1aedd87c2ef6cf4163","properties":{"airport":"LFPO","name":"COLOR_GrasSurface3","layer":"Terrain","category":"Gras Surface 3","object_type":"Area","style_id":"polygon.grassurface3.727e67","source_group":"COLOR_GrasSurface3","vsmr_group_ids":[],"geometry_role":"filled_region"},"geometry":{"type":"Polygon","coordinates":[[[2.366509975551201,48.72559202947807],[2.366457500428953,48.72551762803345],[2.366453590519337,48.72545733494833],[2.366478858884897,48.72540088922749],[2.366541141234035,48.72535081042312],[2.366619053340322,48.72532475116723],[2.366776937445612,48.72529711390212],[2.36695167840997,48.72528523977964],[2.367151622704011,48.72529152666657],[2.367387886992325,48.72531201079993],[2.367571431318203,48.72533414148469],[2.368024594626181,48.72540381511506],[2.368533897112406,48.72549607988994],[2.370470488533671,48.72584787977136],[2.370833548397304,48.7259412650623],[2.37110575827822,48.72603817405793],[2.371307451246987,48.7261351979879],[2.371429145486033,48.72623580885072],[2.371473054699937,48.72632582285367],[2.371467289552258,48.72638791897209],[2.371413553709942,48.726452068231],[2.371313637919041,48.72651217798903],[2.371171765094313,48.72654819040126],[2.370978951289771,48.72656616232062],[2.37076804095933,48.72656592237072],[2.370364687149618,48.72655613459918],[2.370106737269482,48.72654051535065],[2.369870533808391,48.72652495340128],[2.369696539357224,48.72650441784793],[2.369151013812307,48.72640335765583],[2.368184089698011,48.72617867745006],[2.367687799847296,48.72605412281318],[2.36722840177725,48.72591955940497],[2.366924835704312,48.72581473574386],[2.366718619477157,48.7257229505918],[2.366509975551201,48.72559202947807]]]}},{"type":"Feature","id":"LFPO-aa19e86427442a536995","properties":{"airport":"LFPO","name":"COLOR_GrasSurface3","layer":"Terrain","category":"Gras Surface 3","object_type":"Area","style_id":"polygon.grassurface3.727e67","source_group":"COLOR_GrasSurface3","vsmr_group_ids":[],"geometry_role":"filled_region"},"geometry":{"type":"Polygon","coordinates":[[[2.375686348179902,48.72681320445872],[2.375861529091639,48.72684983800777],[2.37606651834529,48.72689888428157],[2.376254191648008,48.72694779847286],[2.37644563850006,48.72700384496471],[2.37662377985153,48.72707100833535],[2.376764346893177,48.72714051715249],[2.376854147045491,48.72720488535912],[2.376916633341428,48.72728341856514],[2.376949838002669,48.72736066906834],[2.376951813139683,48.7274379214448],[2.376916702192173,48.72751389277866],[2.376860117532276,48.72758342907321],[2.376793800998831,48.72761153836479],[2.376689380195307,48.72763571706934],[2.376533661475129,48.72765506617363],[2.37638709965341,48.72765870408458],[2.37617641393304,48.72764905386339],[2.375962061692822,48.72762852722261],[2.375721996528555,48.72759872716631],[2.374902303848823,48.72745123053988],[2.374745332847765,48.72740800527107],[2.374610785796845,48.72736819159273],[2.374441637275055,48.72731558853772],[2.374226151912302,48.7272654938383],[2.373111096014546,48.7270438994181],[2.37275703098585,48.72695644997836],[2.372570408242831,48.7269025570937],[2.372392250722495,48.72683183527948],[2.372232037859678,48.72675248153409],[2.37212720514437,48.7266618268752],[2.372091919163812,48.72657805739875],[2.372097850278092,48.72650213486219],[2.372143687118276,48.7264408852789],[2.37228824898845,48.72636514329945],[2.372405353740206,48.72633965872707],[2.37260350254471,48.72632550859088],[2.372808413613063,48.72632729117189],[2.373014628317056,48.72634060819433],[2.373395679989831,48.72639187579187],[2.375686348179902,48.72681320445872]]]}},{"type":"Feature","id":"LFPO-011373fdb09d9128e6ad","properties":{"airport":"LFPO","name":"COLOR_GrasSurface3","layer":"Terrain","category":"Gras Surface 3","object_type":"Area","style_id":"polygon.grassurface3.727e67","source_group":"COLOR_GrasSurface3","vsmr_group_ids":[],"geometry_role":"filled_region"},"geometry":{"type":"Polygon","coordinates":[[[2.377832672811246,48.72776275706494],[2.37780473671489,48.72760548362103],[2.377802024026037,48.72755276972257],[2.377827383306592,48.72749920259037],[2.377873981915624,48.7274526493199],[2.377929805606493,48.7274174287442],[2.378020374702596,48.72739369227065],[2.378121625864651,48.72738325030101],[2.378220161116289,48.7274069271658],[2.378320095276036,48.72744636777319],[2.378382762975146,48.72749465651949],[2.378426827120939,48.72756669767323],[2.378453695489209,48.72763966617519],[2.37844991092051,48.72769425286354],[2.378423414144837,48.72779207156135],[2.378402004697762,48.72783430447686],[2.378344628063058,48.72788188432951],[2.378285882212374,48.72790741065504],[2.378167076867392,48.72793615170935],[2.378097734640692,48.7279431989627],[2.378037764880894,48.72793782966491],[2.37797511113742,48.72791232061962],[2.377879217914738,48.72784366534508],[2.377832672811246,48.72776275706494]]]}},{"type":"Feature","id":"LFPO-1777df5d2f648ca1ce63","properties":{"airport":"LFPO","name":"COLOR_GrasSurface3","layer":"Terrain","category":"Gras Surface 3","object_type":"Area","style_id":"polygon.grassurface3.727e67","source_group":"COLOR_GrasSurface3","vsmr_group_ids":[],"geometry_role":"filled_region"},"geometry":{"type":"Polygon","coordinates":[[[2.379157331678283,48.72891845858204],[2.37922179362954,48.72896555283102],[2.379296668601023,48.72903214656665],[2.379355905474689,48.72909876622487],[2.379643442621282,48.72966672235796],[2.379718918213019,48.7299087723109],[2.379790120059577,48.73012461059763],[2.379807053986838,48.73024368599209],[2.37981130053617,48.73036965870082],[2.379794615235669,48.73045684123245],[2.379746067766644,48.73054146016903],[2.379676778557014,48.73060519215139],[2.379588271107285,48.73062893628265],[2.379459787053448,48.7306207976993],[2.37930844564922,48.73055566767615],[2.379176955726789,48.73046539069455],[2.379069376518468,48.73035448331539],[2.378891263689622,48.73011590980879],[2.378748731667497,48.72988178565213],[2.378427523556288,48.72924149188442],[2.378360846433225,48.72903135069434],[2.378283898184692,48.72875345962117],[2.378295093947669,48.72856593734579],[2.378300708935603,48.72852416229216],[2.378342915263076,48.7284860949021],[2.378420311083529,48.72846566020528],[2.378482236803641,48.72847122143597],[2.37877780531035,48.72855008482315],[2.378852408138425,48.7285899913605],[2.378894640705149,48.72863748118102],[2.379055042313265,48.72886658638932],[2.379157331678283,48.72891845858204]]]}},{"type":"Feature","id":"LFPO-07ace011bfc6f2e94498","properties":{"airport":"LFPO","name":"COLOR_GrasSurface3","layer":"Terrain","category":"Gras Surface 3","object_type":"Area","style_id":"polygon.grassurface3.727e67","source_group":"COLOR_GrasSurface3","vsmr_group_ids":[],"geometry_role":"filled_region"},"geometry":{"type":"Polygon","coordinates":[[[2.378945271463215,48.73099830784825],[2.379212782985889,48.73153398142219],[2.37921189560488,48.73157801006473],[2.379186800797308,48.73165132873642],[2.379143705956133,48.73170633729593],[2.379042237508868,48.73176954429069],[2.378965830425868,48.73173821839746],[2.378903378647939,48.73169781133169],[2.378853386697979,48.73165294800072],[2.378819994401831,48.73159162888351],[2.378705566399917,48.73106455936709],[2.37869926488099,48.73101084709256],[2.378705605323681,48.73095971369489],[2.378729575199205,48.73090716483841],[2.378762090031152,48.730861037012],[2.378845838179429,48.73090049799713],[2.378904627165108,48.73094421049131],[2.378945271463215,48.73099830784825]]]}},{"type":"Feature","id":"LFPO-3ed73139c8f12eeedcf3","properties":{"airport":"LFPO","name":"COLOR_GrasSurface3","layer":"Terrain","category":"Gras Surface 3","object_type":"Area","style_id":"polygon.grassurface3.727e67","source_group":"COLOR_GrasSurface3","vsmr_group_ids":[],"geometry_role":"filled_region"},"geometry":{"type":"Polygon","coordinates":[[[2.379696177508599,48.73167619697634],[2.379656687638545,48.73157065846996],[2.379640603259796,48.73147346120778],[2.379633437104507,48.73137035730151],[2.37963509109719,48.7312849598711],[2.379649375029287,48.73123392929887],[2.379696089252277,48.73115922539293],[2.379746457027707,48.7310976335096],[2.379807703519725,48.7310634567432],[2.379872376653933,48.73105396624965],[2.379953223491298,48.73105869365628],[2.380032280088846,48.73107882579825],[2.380136492106002,48.73112966809844],[2.380242565859103,48.73120656436475],[2.38034146755,48.73129903049167],[2.380418795998085,48.73138557161268],[2.380579270070475,48.7316020274303],[2.380641703655118,48.73170024821912],[2.380678600469741,48.73177321326887],[2.3806913826693,48.73183495512738],[2.380680047023398,48.73187424776263],[2.380643187422287,48.73193506013707],[2.380590724746843,48.73199119687666],[2.380512730356816,48.73204172366184],[2.38043508732779,48.7320745045411],[2.380352877370129,48.73209484975314],[2.379856552234938,48.73200631464471],[2.379696177508599,48.73167619697634]]]}},{"type":"Feature","id":"LFPO-93fe733442aaad676c6c","properties":{"airport":"LFPO","name":"COLOR_GrasSurface3","layer":"Terrain","category":"Gras Surface 3","object_type":"Area","style_id":"polygon.grassurface3.727e67","source_group":"COLOR_GrasSurface3","vsmr_group_ids":[],"geometry_role":"filled_region"},"geometry":{"type":"Polygon","coordinates":[[[2.380176176052171,48.73238596632362],[2.380268758204336,48.73239459095194],[2.380887515748038,48.73250945400367],[2.38087487627519,48.73258943639307],[2.380849195484536,48.7326535091019],[2.380813654728497,48.73270695216876],[2.380755430567345,48.73275188383254],[2.380688976780871,48.73277541730754],[2.380601442002865,48.73277543365238],[2.380518764054038,48.73276155838862],[2.380390679911466,48.73271024556724],[2.380296589988693,48.73264289692541],[2.380210687708124,48.73255951837231],[2.380127855200831,48.73247179188308],[2.380066079538405,48.73238615789636],[2.380176176052171,48.73238596632362]]]}},{"type":"Feature","id":"LFPO-742ce5cf055a572e37e8","properties":{"airport":"LFPO","name":"COLOR_GrasSurface3","layer":"Terrain","category":"Gras Surface 3","object_type":"Area","style_id":"polygon.grassurface3.727e67","source_group":"COLOR_GrasSurface3","vsmr_group_ids":[],"geometry_role":"filled_region"},"geometry":{"type":"Polygon","coordinates":[[[2.380887002785486,48.73414222128952],[2.380805132367001,48.73392184246336],[2.38073752735767,48.73370606053803],[2.380718806165993,48.73356893412303],[2.380714204887795,48.73343645177579],[2.380770214389052,48.73331319607012],[2.380835586849237,48.73323923934115],[2.380912931192567,48.73320702619339],[2.381013085467201,48.73320377662868],[2.381123112053243,48.73323781204864],[2.381228175242172,48.73329321466793],[2.381349503024093,48.73338242458849],[2.381449980655008,48.73348562519853],[2.381552800352205,48.73360423047552],[2.381655633291928,48.7337552014562],[2.38176321202475,48.73394870168242],[2.381919899989913,48.73420417626462],[2.382628801157041,48.73561324610737],[2.382767584733931,48.73595097167288],[2.382870992223842,48.73621783450369],[2.382921280125785,48.73639898567544],[2.38295020170036,48.73656861137138],[2.382961200893197,48.73668303055155],[2.382938989935244,48.73679027496932],[2.382887194045027,48.73686962798889],[2.382826057958194,48.736917425125],[2.382739020601752,48.73693959139981],[2.382662709394499,48.7369352023691],[2.382590613208218,48.73691683504968],[2.382463127888637,48.73685571644128],[2.382341440310263,48.73675188524788],[2.382228614704025,48.73663728791815],[2.382134275281751,48.73652024756542],[2.382047938051506,48.73640080770927],[2.381909215957554,48.73617836491661],[2.380887002785486,48.73414222128952]]]}},{"type":"Feature","id":"LFPO-d3670c37946cee63c61f","properties":{"airport":"LFPO","name":"COLOR_HardSurface5","layer":"Airfield surfaces","category":"Hard Surface 5","object_type":"Area","style_id":"polygon.hardsurface5.413e3f","source_group":"COLOR_HardSurface5","vsmr_group_ids":[],"geometry_role":"filled_region"},"geometry":{"type":"Polygon","coordinates":[[[2.386536483305084,48.72541664668929],[2.387372545642785,48.72708112583977],[2.387669781626411,48.72766057457166],[2.387828990851435,48.72792137899584],[2.388002987219928,48.72813805458927],[2.388132674903021,48.72826431556847],[2.388262245704769,48.72835353847638],[2.388419598723144,48.72841563738928],[2.388573961304201,48.72844370747536],[2.39398200083152,48.72877688195748],[2.394395259250086,48.72876888589078],[2.394594477943708,48.72874700379514],[2.394790934454707,48.72870893383666],[2.394868787176936,48.72867205906434],[2.394939852312772,48.72861173470868],[2.395046520727753,48.72849885107594],[2.395148454689344,48.72835959168922],[2.395281166967012,48.72812778148821],[2.395368765865267,48.72795537305494],[2.395529291065199,48.72757790941646],[2.395611303517149,48.72738132517171],[2.39566596254873,48.72722724831267],[2.395688884904064,48.72714145212203],[2.396015722878888,48.72719977266357],[2.39577247232347,48.72777394091365],[2.395693119669982,48.72799271021207],[2.395635675786212,48.72818633827635],[2.395603430323412,48.72834183009782],[2.395598143743598,48.72848163750356],[2.395615984119674,48.72862165215562],[2.395656014462555,48.72870522810272],[2.395719310725106,48.72877417628652],[2.395803138377786,48.72883309447026],[2.395917090232218,48.72888291697809],[2.396069744793969,48.7289141707924],[2.397260740502585,48.72899349272659],[2.398632102814293,48.7290827211655],[2.399021585033909,48.72908782110457],[2.399305613770519,48.72907366163561],[2.399388713372499,48.72906600493525],[2.399674391090361,48.72898777277786],[2.399984843584253,48.72887439944794],[2.400258786917631,48.7287690346726],[2.400512056130393,48.72865767253297],[2.400824483555983,48.72850509460011],[2.401010804818722,48.72869134315246],[2.399716410904149,48.72925002413142],[2.399599139059074,48.72929246863451],[2.399482407038125,48.72931839211181],[2.399379697290798,48.72933041834971],[2.399241549033284,48.72933259356689],[2.384650344881578,48.72840616256416],[2.384324966466627,48.72837849196432],[2.384345995546784,48.72816129324166],[2.385850479326681,48.72826748675389],[2.386264229135935,48.72827954603731],[2.386559787357612,48.72827771660509],[2.386810358804363,48.72825852326311],[2.3869906099157,48.72823429644823],[2.38713856289325,48.72819422471427],[2.387237419019694,48.72815278124279],[2.387271536302573,48.72811774756026],[2.387309417408146,48.72802642123153],[2.387319014431522,48.72791884533291],[2.387302082550384,48.72774268672787],[2.387227397146943,48.72747231136011],[2.387040967673124,48.72706816835969],[2.386389398124009,48.72576470944129],[2.386242151401954,48.72547508640871],[2.386536483305084,48.72541664668929]]]}},{"type":"Feature","id":"LFPO-33c6ba3ae2d0327a0bfe","properties":{"airport":"LFPO","name":"COLOR_Terrain3","layer":"Terrain","category":"Terrain 3","object_type":"Area","style_id":"polygon.terrain3.282525","source_group":"COLOR_Terrain3","vsmr_group_ids":[],"geometry_role":"filled_region"},"geometry":{"type":"Polygon","coordinates":[[[2.316780840988153,48.72015687845951],[2.317070417059734,48.71980011713333],[2.317119944793729,48.71974275034187],[2.317037078535653,48.71948364712979],[2.31702594153681,48.71929364350822],[2.317074926028253,48.71907629697708],[2.317150985739302,48.71888620931604],[2.317257006155249,48.71873360817324],[2.31760558964724,48.71885649129],[2.317491576227015,48.71901919841781],[2.317434676714134,48.71919679833194],[2.317419504060341,48.71940677778839],[2.317461237464773,48.71961404703608],[2.317563325921561,48.71979165314877],[2.31770712556953,48.71995678235864],[2.317888871701415,48.72009192622095],[2.334731255174276,48.72605498881957],[2.334817612418112,48.72606984769622],[2.334881610937616,48.72604861872468],[2.334919303816494,48.72600804836522],[2.334907330112825,48.72597103884574],[2.333781669515351,48.7250888859191],[2.333417620125817,48.72482039539092],[2.3333176019443,48.72471225454338],[2.333235796290589,48.72459811742065],[2.333181319523492,48.72446597719521],[2.333164641244114,48.72435195585286],[2.333169420243291,48.72420949605988],[2.333554570717944,48.72423064209981],[2.333549531789689,48.7243325141422],[2.333578700442602,48.72442347434009],[2.333613751132833,48.72449722789509],[2.33386255773983,48.72477755280301],[2.334089083798181,48.72499044900563],[2.334363381934546,48.72520155015028],[2.336034006484144,48.7263572559148],[2.336181641013866,48.72644957462225],[2.336447537775734,48.72661351916836],[2.336697278254851,48.72675346703555],[2.338139883492538,48.72725944901978],[2.338660443705034,48.72736761545357],[2.340615985084402,48.72761082408989],[2.340095345894861,48.72721444412067],[2.339953537212305,48.72709383519038],[2.339850728303658,48.72696198481179],[2.339781733194433,48.72681615853745],[2.33975160077881,48.72665656724416],[2.339767204459298,48.72651010383029],[2.340075240477151,48.72653027900633],[2.340059899283435,48.72661430463967],[2.340064440776677,48.72669681150263],[2.340106147820296,48.72683058242956],[2.340178656500815,48.72694668638816],[2.340289307529155,48.72705691341298],[2.341153787987353,48.72767160222897],[2.341875357598395,48.72775594305588],[2.345041196149327,48.7280545439824],[2.345000483735207,48.72825644767377],[2.341531010227338,48.72793387300323],[2.342598339969026,48.72867458226117],[2.342945049570935,48.72888062881098],[2.343291065532698,48.72908033332144],[2.344758360714254,48.72959776778129],[2.345293950803193,48.72970682350665],[2.345786844854507,48.72978204029626],[2.34823120663765,48.73004915701358],[2.350512804394636,48.73028994281255],[2.350804290337538,48.73030553328751],[2.351023989961352,48.7303126736178],[2.351177100696322,48.73031242538791],[2.351216089856862,48.73051493525353],[2.351017648435187,48.73052032811856],[2.350813986215339,48.73051184881099],[2.350485424456679,48.73048372129135],[2.348489276209542,48.73029508229393],[2.346833525155798,48.73017296024372],[2.346746088125622,48.73016938890032],[2.346701608225539,48.73019389331121],[2.346682961339623,48.73022021091013],[2.346693573453951,48.73025706890025],[2.346736116549177,48.73029042817792],[2.346802604037073,48.73032555071587],[2.35328734432656,48.73261761212546],[2.353382327761577,48.73262659157223],[2.353583616349255,48.7326251593933],[2.353750488405089,48.73260564669491],[2.353936127819969,48.73256538610723],[2.354103589929288,48.73250260271773],[2.354253094116199,48.73241741287444],[2.354342133235656,48.73235127003126],[2.354391568666665,48.7323004450081],[2.354764338879203,48.73242152162589],[2.354695551586261,48.73249706453832],[2.354609193531634,48.73256685735848],[2.35448407616015,48.73264466388397],[2.354355441490334,48.73271317469859],[2.354230607079846,48.73276189151115],[2.354110870048756,48.73280365771357],[2.354044305664071,48.73284535092587],[2.354035512333248,48.73285927116587],[2.354044301396265,48.73287087877766],[2.354081232360812,48.7328975810487],[2.359398065876768,48.73477547599807],[2.359773755337589,48.73482786235274],[2.360025583659864,48.73483883354902],[2.360256719708045,48.73481648649109],[2.360405871612792,48.73478543418138],[2.360487285200743,48.73474239706947],[2.360557474889924,48.73467239331406],[2.360627743749975,48.73460095236162],[2.360682185635694,48.73450385196909],[2.361187588877751,48.73457732051028],[2.361115604483346,48.73474658624401],[2.360755661633041,48.73525596024329],[2.360823396585108,48.73528329541295],[2.360544496848143,48.73563948423963],[2.316780840988153,48.72015687845951]]]}},{"type":"Feature","id":"LFPO-b266b161b25ee38dc413","properties":{"airport":"LFPO","name":"COLOR_GrasSurface3","layer":"Terrain","category":"Gras Surface 3","object_type":"Area","style_id":"polygon.grassurface3.727e67","source_group":"COLOR_GrasSurface3","vsmr_group_ids":[],"geometry_role":"filled_region"},"geometry":{"type":"Polygon","coordinates":[[[2.340132385411815,48.7279596197479],[2.340115547408683,48.72793623286332],[2.340113004890727,48.7278961420468],[2.340128179676735,48.72786889297276],[2.34017147305128,48.72784665575493],[2.340254232166321,48.7278400526455],[2.340976035177282,48.72789226850032],[2.34148940758153,48.72829697097409],[2.34150716431947,48.72833218193144],[2.34149824323268,48.72835564023685],[2.341469312671673,48.7283849285478],[2.341427074787783,48.7283995687441],[2.341364857287191,48.72839660769146],[2.340132385411815,48.7279596197479]]]}},{"type":"Feature","id":"LFPO-39feebcae89da90c8b6f","properties":{"airport":"LFPO","name":"COLOR_HardSurface5","layer":"Airfield surfaces","category":"Hard Surface 5","object_type":"Area","style_id":"polygon.hardsurface5.413e3f","source_group":"COLOR_HardSurface5","vsmr_group_ids":[],"geometry_role":"filled_region"},"geometry":{"type":"Polygon","coordinates":[[[2.373844831281271,48.7208172331362],[2.373625478222194,48.7203942079021],[2.37360590710185,48.72031804516307],[2.373598054355477,48.72024181099965],[2.373608350338523,48.720163866926],[2.373636818424911,48.72008589647711],[2.373680841718462,48.72001560584154],[2.374803692079432,48.718543076479],[2.375111012301143,48.71864571562762],[2.374396573037654,48.71958555225135],[2.374286962595771,48.71973487163255],[2.374122534682985,48.72001881471807],[2.374044382327238,48.7202135025962],[2.374041295450504,48.72027070507361],[2.374056624840821,48.72037236203641],[2.374131908136579,48.7206417721504],[2.374178880139206,48.72074893988659],[2.373844831281271,48.7208172331362]]]}},{"type":"Feature","id":"LFPO-5d5b7b456dbd750ebff9","properties":{"airport":"LFPO","name":"COLOR_Terrain3","layer":"Terrain","category":"Terrain 3","object_type":"Area","style_id":"polygon.terrain3.282525","source_group":"COLOR_Terrain3","vsmr_group_ids":[],"geometry_role":"filled_region"},"geometry":{"type":"Polygon","coordinates":[[[2.357857077137395,48.72030153989958],[2.357680719511972,48.72009782829431],[2.358042554501123,48.71996794882893],[2.358424452044492,48.71982637801861],[2.358517282764823,48.71960504385878],[2.35868269245239,48.71921744691076],[2.374422871120085,48.72212891378723],[2.374458101757992,48.72212105562642],[2.374474562691848,48.7220975894534],[2.374466841872824,48.72205849682734],[2.373838381578699,48.72081041317826],[2.374174638978424,48.72073902276577],[2.37486453102987,48.72212417358204],[2.374892657676022,48.72217620653583],[2.37492469464454,48.72220540719618],[2.374972281727474,48.7222275723434],[2.379107052641769,48.72298658590562],[2.376767780304412,48.71830740226708],[2.376708759398789,48.71822041110246],[2.376647844419748,48.71816194372392],[2.376557724434953,48.7181055854721],[2.376442750670305,48.71805435531544],[2.376316907585552,48.71801850048492],[2.376203498487799,48.71800211741791],[2.376064883704627,48.71800187450881],[2.375945287063537,48.71801913269767],[2.3758003284306,48.71805917955255],[2.375680417062445,48.71811807753183],[2.375566674352614,48.71820031906228],[2.375453883944461,48.71828537859946],[2.375355927182898,48.71837023115945],[2.375262663350701,48.7184625239089],[2.375189645737326,48.71855005306577],[2.375101340415291,48.71866006593603],[2.374791263860279,48.71855490753572],[2.375131360347051,48.71811076606316],[2.375215925700931,48.71801064030737],[2.375321066988847,48.71792558691399],[2.375455479801587,48.71785553235666],[2.375613438789137,48.7178043630247],[2.375748513155589,48.71776290783373],[2.376316208074383,48.71763307555375],[2.376997255593722,48.71748388156652],[2.379825000993119,48.72312142243283],[2.40213762029287,48.7272340225043],[2.401971139242605,48.72762570940047],[2.401724229586224,48.72821011042684],[2.401639732729532,48.72833910586388],[2.401554127117493,48.72842825839854],[2.401440481430692,48.72850247460658],[2.401285234056336,48.72857433617759],[2.40100183651788,48.72869605150397],[2.400818072449358,48.7285066744998],[2.401013718602956,48.72839799031168],[2.401158652187489,48.72830147845966],[2.401303087730056,48.72817595758191],[2.401394539632447,48.72806136303921],[2.401423530205828,48.72795986472178],[2.401439087316188,48.72782132119641],[2.401426806687255,48.72768567920607],[2.40140084063017,48.7276160205889],[2.401320145126311,48.72755263030189],[2.4012490696839,48.72751222982896],[2.401165173639368,48.72747461977368],[2.396277327160206,48.72657089007345],[2.396013443380478,48.72720072308598],[2.395688457457885,48.72714179880779],[2.395706940106197,48.72706103990004],[2.395727691158653,48.72698828299466],[2.395746019857852,48.72689539790186],[2.395752020867401,48.726795997522],[2.395749342645797,48.72668065973397],[2.395729145118846,48.72659903517614],[2.395703439936783,48.72654295403847],[2.395490861645473,48.72642739119577],[2.386272308995576,48.72472217177705],[2.386231877258158,48.724804358944],[2.386542378697138,48.72542646856288],[2.386247697065422,48.72548980990102],[2.386166874517548,48.72535698375062],[2.386100522035079,48.72525142625704],[2.386032372187274,48.72515234885136],[2.385952230509341,48.72504809591332],[2.385852274441378,48.72494273991977],[2.385732352876759,48.72483495758607],[2.385595254538497,48.72473090116597],[2.385441153091894,48.72463727799351],[2.385276119558495,48.72455655606532],[2.385229622623573,48.72453424574826],[2.380059411774764,48.72358581251205],[2.382152989908839,48.7277696157382],[2.383203075397062,48.72797099575678],[2.383621086084526,48.72804993386398],[2.384034470428502,48.72811872766996],[2.38439392457553,48.72816520962558],[2.38434577499115,48.72838264457236],[2.384010089728343,48.7283403634286],[2.383596343376944,48.7282699355989],[2.38313496632548,48.72818959645622],[2.38228862449708,48.72803943629047],[2.387270020273151,48.73796354748935],[2.386585304545654,48.73811370064364],[2.384713309487867,48.73852802683767],[2.384606847652919,48.73831249905419],[2.385172955778776,48.73818651647615],[2.384499007824132,48.73796466035108],[2.384676841607472,48.73774115996233],[2.384855578049399,48.73780202809622],[2.385171003528674,48.73789341217632],[2.385404825341446,48.73793831705813],[2.385587530996032,48.73795538845521],[2.38569797144236,48.73796642853678],[2.385780450514012,48.73797102088146],[2.385858731784678,48.7379673167192],[2.385937010328625,48.7379580809387],[2.386013886883247,48.7379405480655],[2.386086336795556,48.73791695087594],[2.386155554147127,48.73788805017079],[2.38621629089222,48.73785262862722],[2.386269959884291,48.7378106859458],[2.386326411322495,48.73774975998023],[2.386367461885903,48.73768437119055],[2.386387083399497,48.73763017815196],[2.386393127561248,48.73755768161901],[2.386385735133838,48.7375083769957],[2.386365945452564,48.73744823405867],[2.384668876931813,48.73406990359788],[2.384502564985698,48.73399993189408],[2.384178710720792,48.73388944207416],[2.383744654371109,48.7337585369366],[2.38230047518577,48.73345858717159],[2.382406481553954,48.73324402669591],[2.382825733078491,48.73331026825757],[2.383097994454315,48.73333922139008],[2.383590593896512,48.73338735427896],[2.383665740518917,48.73339058207166],[2.383740994888592,48.73338720244306],[2.38382262196519,48.73337288481174],[2.383910621308323,48.73334678787512],[2.383990961761913,48.73330807307944],[2.384070016745892,48.73324748503287],[2.384110224014027,48.73319441979135],[2.384137705678131,48.73313191669831],[2.384146849601769,48.73307412131934],[2.384136631831699,48.73300960952891],[2.384122351872964,48.73297466732492],[2.381634632620366,48.72803004535596],[2.381381970405996,48.72792170761856],[2.38094478039808,48.72778638291736],[2.380546084868489,48.7277093348178],[2.380281690694135,48.72767227683823],[2.380001637993405,48.72764912405663],[2.379767469638039,48.72764236316007],[2.379563287354658,48.7276612692888],[2.379412630200326,48.72769781111007],[2.37936208750148,48.72772427185312],[2.379040983830927,48.72744210398185],[2.379136347283042,48.72721494816024],[2.380057089357186,48.72737533460027],[2.380321123595419,48.72740632921122],[2.380523667410619,48.72741597190443],[2.380739963787988,48.72741404751761],[2.38089985901083,48.72739561902765],[2.381032017238371,48.72735825389628],[2.381101899518494,48.72730707986762],[2.381140512710658,48.72724299759113],[2.381165113620267,48.72708062221635],[2.379344420720861,48.72345518579257],[2.378507229149653,48.72330062505543],[2.378169559041239,48.72329173494077],[2.377776432259811,48.72334414596054],[2.377454138233164,48.72342448389231],[2.37717229363952,48.72352817357805],[2.376960898488376,48.72363840443348],[2.37675294954677,48.72377792361785],[2.376584473473278,48.72392963923628],[2.376481652584574,48.72404602404264],[2.376393511915331,48.72417832556895],[2.376059275969811,48.72408983098312],[2.376136680030732,48.72395923390559],[2.376238644090947,48.72383034071663],[2.376368703446752,48.72369915318114],[2.376537172765907,48.72356019284424],[2.376728470080676,48.72342826715325],[2.376903878427563,48.72332947073136],[2.377123685215414,48.72323022813438],[2.377278055369354,48.72318291122106],[2.377327634262885,48.7231659366681],[2.377363073662699,48.72314001072484],[2.377383849359023,48.72308885143626],[2.37600416049061,48.72282931659537],[2.375789255076386,48.7228514517954],[2.375669016973692,48.72288047865285],[2.375592774402036,48.72291389313345],[2.375555400300462,48.7229638989303],[2.375522143865296,48.72303445913973],[2.375505170907197,48.7231750159539],[2.3755148436548,48.72327510813423],[2.375564282977216,48.7234037452907],[2.375177045048873,48.72348750153898],[2.375067942175777,48.72327265567329],[2.37499943203106,48.72316511062542],[2.37485835727784,48.72297754345886],[2.374771268546434,48.72288513788842],[2.374683026533098,48.72281503839977],[2.374537625406479,48.72270313649452],[2.374336282470695,48.72257630959654],[2.374160762453594,48.72249299070152],[2.370448856901306,48.72180735848416],[2.369883676802504,48.72180899507971],[2.36605491218677,48.72200765607081],[2.366028910253863,48.72179281473039],[2.36914133419434,48.72163496628587],[2.369174259276801,48.7215698793477],[2.366277691822269,48.72103712823822],[2.366180346613156,48.72104648303093],[2.366083566533246,48.72108101525285],[2.365989843431866,48.72114953013569],[2.365913061505089,48.72121440377743],[2.365830766958392,48.72129893526706],[2.365752655883144,48.72140362095837],[2.365649953489275,48.72157417283257],[2.365241400683049,48.72149786578264],[2.365541492727743,48.7209747946571],[2.359660820773568,48.71981101443136],[2.359461459626477,48.71982047294966],[2.359261573358,48.71984749970245],[2.359066673105203,48.71988436661376],[2.358873588621462,48.71992891783276],[2.358686139331192,48.71998680575607],[2.358439738572016,48.72006954320265],[2.358176359574504,48.72016485752352],[2.357857077137395,48.72030153989958]]]}},{"type":"Feature","id":"LFPO-52c075dfbca032f08d82","properties":{"airport":"LFPO","name":"COLOR_Building2","layer":"Buildings and structures","category":"Building 2","object_type":"Area","style_id":"polygon.building2.545253","source_group":"COLOR_Building2","vsmr_group_ids":[],"geometry_role":"filled_region"},"geometry":{"type":"Polygon","coordinates":[[[2.361815553205029,48.7316054560289],[2.361807419660831,48.73162171326217],[2.361856215889468,48.73162864388798],[2.361834343088038,48.731678769471],[2.361714839627371,48.73165830234259],[2.361749036457779,48.73157622802387],[2.361686085329648,48.73156495844132],[2.36169164149042,48.73154854999651],[2.36175768235152,48.73156036423553],[2.36186588031265,48.73130161209414],[2.36150660795069,48.73123256279418],[2.361451552504168,48.73137165419063],[2.361496563079295,48.73138021294757],[2.361474048546537,48.73143608971312],[2.361379657652656,48.73141743603216],[2.361391827497148,48.73138706550974],[2.361358559409164,48.73138089164302],[2.361366653327139,48.73135747035753],[2.361402441226743,48.73136184574008],[2.361458102118019,48.73122357737028],[2.36098562183656,48.73113549194019],[2.360924592712046,48.73127361536999],[2.360975219554704,48.7312834711406],[2.360951725134615,48.73133749779262],[2.360852931292048,48.73132110332101],[2.360866954051721,48.73128875125682],[2.360832399966468,48.73128327904103],[2.360843269373363,48.73125926384864],[2.360876568202597,48.73126618667236],[2.360935160732225,48.73112851835052],[2.360510375612905,48.73104943955023],[2.360445525421109,48.73096684442983],[2.360410717463592,48.7309794418475],[2.360364884278006,48.73097078252581],[2.360266861715199,48.73120245812713],[2.360180972657593,48.73118700588635],[2.360280298925703,48.73095608301473],[2.360237503925799,48.73094704341322],[2.359957800184931,48.73061751732384],[2.359579107029257,48.73075794326562],[2.359533475604179,48.73070689124508],[2.35991417462083,48.73056487519437],[2.359689015285154,48.73030337651246],[2.35931014704855,48.73044459220561],[2.359264215901125,48.73039076368935],[2.359646498461792,48.73025095662113],[2.359535541127891,48.73012293105692],[2.359450390810773,48.73015552877591],[2.358742888136487,48.7293065199369],[2.358575469906947,48.72931829904005],[2.35861435941624,48.72954426840111],[2.358697281963189,48.72954077842549],[2.358741388395855,48.72974781846426],[2.358859401259197,48.72974177796216],[2.358884413691902,48.72987823260088],[2.358299049022605,48.72992482263426],[2.358283133450945,48.72985427149976],[2.358393360016979,48.72984468589217],[2.35833745014115,48.72956816488681],[2.358510262692819,48.7295569525443],[2.358507806554566,48.72952437322007],[2.358311111865989,48.72942310009952],[2.358240037294221,48.72948165912319],[2.358330684650323,48.72952835725934],[2.358304467131567,48.72954850489387],[2.358013573747726,48.72939941690845],[2.35781766350152,48.72955616208252],[2.357576972267477,48.72942964195485],[2.357214627164195,48.72973147474593],[2.357174149066181,48.72971066143965],[2.357246523419292,48.72964863410216],[2.357238332717595,48.72961032105743],[2.357366390402991,48.72950331610641],[2.357352743617209,48.7294742567988],[2.357479340478423,48.72937057371407],[2.357396801523353,48.72932540419225],[2.357419251129427,48.72930545907401],[2.357377557487927,48.72908089145317],[2.357346640780633,48.72906488848984],[2.357410209817168,48.72901043240121],[2.357222956241423,48.72891531531531],[2.357210893165025,48.72884054153501],[2.356982943779977,48.72872351756742],[2.356698201439151,48.72866316635783],[2.356704388465223,48.72863852937554],[2.357019832197238,48.7285538918821],[2.35704427527528,48.7285698480484],[2.357022234320298,48.72869870348594],[2.357480925583191,48.72893840686891],[2.357621899112641,48.72882114935087],[2.357530183800456,48.72877418385049],[2.357548569895842,48.72875939296111],[2.357566678327196,48.7287577846926],[2.357644080741155,48.7287975004114],[2.357667918116308,48.72877832802303],[2.357709162976276,48.72878593970399],[2.357919335223662,48.72889546450043],[2.357980451632895,48.72884281780568],[2.358104099158933,48.72890829849909],[2.358370851396991,48.72868651407973],[2.358399214603795,48.72870537941401],[2.35822583988919,48.72884796623599],[2.358342196109489,48.72891026575634],[2.358651196739452,48.72888356799724],[2.359226185718182,48.72753214347092],[2.359246307099063,48.72749893727734],[2.359235225574885,48.7274912621117],[2.359149355556009,48.72750861997188],[2.358901709040095,48.7273794262053],[2.358853499552913,48.72738293193691],[2.35888529247259,48.72755665219461],[2.358845363546545,48.72756119489623],[2.358789547460491,48.72728432584776],[2.358639407035099,48.72729641426211],[2.358625724747017,48.72722852561201],[2.358356064344549,48.72724864590671],[2.358319742731192,48.72724404534799],[2.358312534853737,48.72721883591332],[2.358198879457363,48.7272270432405],[2.358194947871246,48.72719942992721],[2.358309898135473,48.72718968832368],[2.358298697590921,48.72711282632264],[2.358175691397071,48.72704868534073],[2.357697042918958,48.72709337169426],[2.357620429551888,48.72720996785575],[2.357636126667995,48.72729321384753],[2.357607118965874,48.7272953245902],[2.357592218279769,48.72721318178878],[2.357382601271039,48.72703127353827],[2.357397558240002,48.72701069603119],[2.357684402687836,48.72705476020498],[2.357729149681127,48.72705272914962],[2.357720586126881,48.72702377497554],[2.358170060601141,48.72698908987189],[2.358136646313644,48.72681282982473],[2.358372698843867,48.72661518538376],[2.358634854772952,48.72658722299315],[2.358597507437488,48.72638025163706],[2.358641423101773,48.72637605093265],[2.358618721378871,48.72626348912826],[2.358489328968885,48.72608978845854],[2.35851231830398,48.72607870281502],[2.358828020176964,48.72616614655131],[2.358832090098744,48.72618813273599],[2.358675505451475,48.72626490808259],[2.358732269951416,48.72658395422297],[2.358848602467576,48.72664393876605],[2.358964222758098,48.72663453691701],[2.358955410800074,48.72655948586605],[2.358977938634712,48.7265567172558],[2.358999961176622,48.72656645186927],[2.359009410420629,48.72663139058055],[2.359050145678616,48.72662951348742],[2.359065494320134,48.72665261533098],[2.359075364410599,48.72670037745088],[2.359131546364728,48.72669648048771],[2.359127996018291,48.72664858977984],[2.359167915547873,48.72664673222229],[2.359221519383004,48.72692081059415],[2.359444178533501,48.72690490938304],[2.359462469602001,48.72699464247872],[2.359379022159664,48.72700161363343],[2.359385202407578,48.72703468954531],[2.359608287588926,48.72715070312939],[2.359630615240413,48.72715660258719],[2.359648458253041,48.72715493275357],[2.359665100107975,48.72714911323412],[2.359829361645227,48.72708463636945],[2.359695712975076,48.72692307329952],[2.359679587920385,48.72692830880895],[2.359627285971233,48.7268669665174],[2.36001273643498,48.72672295976941],[2.3600639389597,48.72678429252301],[2.360047775013119,48.72678954250195],[2.360495372835485,48.72734307701981],[2.360354438893508,48.727400060085],[2.360316760498065,48.72743233024061],[2.360261410020164,48.72747272466613],[2.359853340525688,48.72782018662564],[2.35980409638896,48.72786131366405],[2.359771547422418,48.72789616113715],[2.359747499407079,48.72794974698134],[2.359456812371177,48.7286451265663],[2.359439946669601,48.72869237485891],[2.35942919709571,48.72873747556767],[2.359435279104287,48.72877719659579],[2.359522008102231,48.72925401884605],[2.35952848274771,48.72929690303291],[2.359542154483434,48.72933480182981],[2.359563168698102,48.72937176987005],[2.359624865781325,48.72943860442888],[2.359396178495816,48.72952993039532],[2.35964984333507,48.72982734437308],[2.359787955902792,48.72977623304571],[2.360156018404629,48.72984034052354],[2.360143257306451,48.72986348022047],[2.36017966230057,48.72990843596403],[2.360214833952461,48.72991503223202],[2.360119774137002,48.73015180175263],[2.360435274373078,48.73052194093759],[2.360449475681048,48.73054611882853],[2.360444398574193,48.73056866173431],[2.360419927213555,48.73058662676021],[2.360386147576408,48.73059301921495],[2.360353423042405,48.7305876899832],[2.360329293404178,48.73057538003854],[2.360309125673452,48.73055031865831],[2.360258032122142,48.7305686945747],[2.360604382202658,48.73097703272619],[2.360615912153572,48.7309874013261],[2.360630023348704,48.73099268051477],[2.360897722724311,48.73104241862265],[2.360918992707266,48.73104207375191],[2.360933978976931,48.73104008506025],[2.361270253824599,48.73091605957645],[2.361287001301724,48.73091580515919],[2.361308259309018,48.73091833772955],[2.362280986480889,48.73110032844431],[2.362299227753921,48.73110738563518],[2.362306485435677,48.73111856814804],[2.362305222178218,48.73113056857414],[2.36220405950434,48.73136390962812],[2.361938029967301,48.73131492605981],[2.361827007095885,48.73157452548502],[2.362193034579527,48.73163945837504],[2.362177324929666,48.7316750702217],[2.361815553205029,48.7316054560289]]]}},{"type":"Feature","id":"LFPO-8f6265d9e527d5d6d34c","properties":{"airport":"LFPO","name":"COLOR_Building2","layer":"Buildings and structures","category":"Building 2","object_type":"Area","style_id":"polygon.building2.545253","source_group":"COLOR_Building2","vsmr_group_ids":[],"geometry_role":"filled_region"},"geometry":{"type":"Polygon","coordinates":[[[2.360552578132264,48.73092873137554],[2.360611737746632,48.73090714584364],[2.36038761018796,48.7306411048926],[2.360511451642071,48.73059368942725],[2.360728447456368,48.7308517099307],[2.360807595630963,48.73082200416824],[2.36085735309713,48.73088085718776],[2.360592823861074,48.73097803882401],[2.360552578132264,48.73092873137554]]]}},{"type":"Feature","id":"LFPO-9b20203bb8aeb057dd45","properties":{"airport":"LFPO","name":"COLOR_Building2","layer":"Buildings and structures","category":"Building 2","object_type":"Area","style_id":"polygon.building2.545253","source_group":"COLOR_Building2","vsmr_group_ids":[],"geometry_role":"filled_region"},"geometry":{"type":"Polygon","coordinates":[[[2.360156560088567,48.72692913216655],[2.36063772958955,48.72674972111655],[2.360661711081542,48.72669358709683],[2.360360077545993,48.72663659973561],[2.360402739538112,48.72652659193399],[2.360316170696497,48.72650048809768],[2.360172422374871,48.72594225063243],[2.360268711175064,48.72593099229316],[2.360364305455256,48.72639446723245],[2.360455544291322,48.72640564163427],[2.360563064703036,48.72614973480965],[2.360975811405692,48.72622398362586],[2.361043573896671,48.72606302334457],[2.361157928253614,48.72608437975533],[2.361084904160982,48.72624458239189],[2.362134835091119,48.7264372464512],[2.362202096784614,48.72627660699993],[2.36231377236058,48.72629830906213],[2.362248540013356,48.72646158114699],[2.363291541688204,48.72665237023336],[2.363347765203028,48.72648665892288],[2.363477931108142,48.72651043166905],[2.363397617751057,48.72667707751641],[2.363796384112469,48.72675918257139],[2.363654490308582,48.72711409546275],[2.363792571438352,48.72714269264176],[2.363457503341664,48.72794578640677],[2.360661982088619,48.72744257966763],[2.360729185837345,48.72727418656012],[2.360683921444131,48.72726645803061],[2.360487711365566,48.72734483919785],[2.360156560088567,48.72692913216655]]]}},{"type":"Feature","id":"LFPO-522af2b51e8a7b2975e4","properties":{"airport":"LFPO","name":"COLOR_Building2","layer":"Buildings and structures","category":"Building 2","object_type":"Area","style_id":"polygon.building2.545253","source_group":"COLOR_Building2","vsmr_group_ids":[],"geometry_role":"filled_region"},"geometry":{"type":"Polygon","coordinates":[[[2.363717375140704,48.72727541644418],[2.3639356052339,48.72731346765315],[2.363967847680832,48.7273000768824],[2.363969333106575,48.72727858217803],[2.363798610198005,48.72708137703907],[2.363608831665376,48.72704747277781],[2.363660728760997,48.72690481638735],[2.363836470783671,48.72694434204282],[2.363868104843383,48.72688355337547],[2.364158938576899,48.72677313137672],[2.364427112106902,48.72682513644218],[2.364567462158302,48.72698994180555],[2.364984644688584,48.72706562500043],[2.364969066335756,48.72709596272203],[2.365446097298607,48.72718102024346],[2.365503416510444,48.72704992019775],[2.365523750224496,48.72705495137216],[2.365469649085947,48.72718696193801],[2.366143667314358,48.7273108817172],[2.366162694864113,48.72727086660808],[2.366221350399202,48.72728095141248],[2.366262154879077,48.72719312906959],[2.36628552848263,48.72719920475669],[2.366247379779873,48.72728664278792],[2.366992231055371,48.7274250260467],[2.367043186528452,48.72731959330572],[2.367143881459066,48.72733191257294],[2.367136242191448,48.72735065830754],[2.367056368516574,48.72733966574724],[2.367016973004521,48.72743194451373],[2.367477922694898,48.72751928378109],[2.367489338453796,48.72750247509186],[2.367994441680461,48.7275832834257],[2.368023550258249,48.7275201354622],[2.368048207627795,48.72752483020616],[2.368021549523032,48.72759064947818],[2.369661885143985,48.72788895057518],[2.369817379749057,48.72753548940943],[2.369880630814842,48.72754579288934],[2.36991793896701,48.72744854084773],[2.370016665679915,48.72746658083862],[2.369979003570204,48.72756845073741],[2.37052787495059,48.72766839635296],[2.370570110799908,48.72756555839054],[2.370675489261864,48.72758469044872],[2.370632127705319,48.72768804738495],[2.371173475597872,48.7277852902641],[2.371216988371376,48.72768495082468],[2.37132466818776,48.72770549217259],[2.371279954099748,48.72780636349888],[2.37182615785821,48.72790565181608],[2.371869764352146,48.72780524198521],[2.371969144213926,48.72782534447417],[2.371927617058132,48.72792385672668],[2.372025356194356,48.7279418361919],[2.371857596530735,48.72834206269928],[2.370058223066267,48.72800861318546],[2.369908418286726,48.72835825493744],[2.3701140510288,48.72840041172429],[2.370046808704671,48.72855638070198],[2.369916810051589,48.72853083446541],[2.369841175481662,48.72869606296861],[2.36727658937766,48.72822501268299],[2.367310593546421,48.72813331579931],[2.366814939422677,48.7280340014625],[2.366808754270227,48.72805191865221],[2.36667912434839,48.72802567388454],[2.366609453003337,48.72819156502356],[2.365896379706887,48.72806018259341],[2.365920021246892,48.72799614632383],[2.36642882634037,48.7280834354884],[2.366466389145556,48.72799144998673],[2.365816356134578,48.72787585586989],[2.365862841550175,48.72776065324597],[2.366670410481302,48.72791493509897],[2.366792430441618,48.72763214550482],[2.364892900661069,48.72728341012375],[2.364888675320271,48.72729407395236],[2.364477107382741,48.72721425633091],[2.364194778464936,48.72731740987358],[2.364118943339497,48.72743514070601],[2.363950964456993,48.72740187533414],[2.363949784080437,48.72735612312572],[2.363698576168785,48.72731377189655],[2.363717375140704,48.72727541644418]]]}},{"type":"Feature","id":"LFPO-501b0effbc0c50e279c3","properties":{"airport":"LFPO","name":"COLOR_Building2","layer":"Buildings and structures","category":"Building 2","object_type":"Area","style_id":"polygon.building2.545253","source_group":"COLOR_Building2","vsmr_group_ids":[],"geometry_role":"filled_region"},"geometry":{"type":"Polygon","coordinates":[[[2.36529525256894,48.72788807604172],[2.365367779024841,48.72771291548062],[2.365281683513281,48.72769472610508],[2.365238115099804,48.72778960329283],[2.365021073894995,48.72774798543677],[2.365151104345662,48.72744388917285],[2.365369244422904,48.72748719430643],[2.365350586730333,48.7275253366305],[2.365446800034456,48.72754522605609],[2.365467326710535,48.72750436483696],[2.365590194940246,48.72752878726437],[2.365603000078675,48.7275008290518],[2.365811271509317,48.72754507920478],[2.365611923799538,48.72795125796379],[2.36529525256894,48.72788807604172]]]}},{"type":"Feature","id":"LFPO-c5ae6428b8c08a0597c5","properties":{"airport":"LFPO","name":"COLOR_Building2","layer":"Buildings and structures","category":"Building 2","object_type":"Area","style_id":"polygon.building2.545253","source_group":"COLOR_Building2","vsmr_group_ids":[],"geometry_role":"filled_region"},"geometry":{"type":"Polygon","coordinates":[[[2.369787361498872,48.72836443173319],[2.370036240510012,48.72794422702577],[2.371766225924954,48.7283222236835],[2.372164910438137,48.7283982410916],[2.371906418818708,48.72897242277066],[2.371509816642368,48.72889457359581],[2.371457302318538,48.72902600762955],[2.371230832716686,48.72898151887078],[2.371210685265219,48.72903295148382],[2.371430951335722,48.72907575414178],[2.371413616041702,48.72911500535997],[2.370696443890217,48.72898718784993],[2.370734743565128,48.7288919562673],[2.370187682433014,48.72879418172292],[2.37020623835873,48.72874521844462],[2.370138460952882,48.72873283427412],[2.370028200156489,48.72899291350716],[2.370158962616329,48.72902091804285],[2.370153374520103,48.72904224725824],[2.369783135153738,48.72897537877842],[2.369798092455595,48.72894935092661],[2.36993640980385,48.72897646906141],[2.370063949684287,48.72866978346752],[2.370041286415705,48.72866500456671],[2.370080187680235,48.7285606060183],[2.370040010426411,48.72855397363887],[2.369787361498872,48.72836443173319]]]}},{"type":"Feature","id":"LFPO-64e739471bd40dde2be7","properties":{"airport":"LFPO","name":"COLOR_Building2","layer":"Buildings and structures","category":"Building 2","object_type":"Area","style_id":"polygon.building2.545253","source_group":"COLOR_Building2","vsmr_group_ids":[],"geometry_role":"filled_region"},"geometry":{"type":"Polygon","coordinates":[[[2.371976943337433,48.72945193990694],[2.37215872759448,48.72897336652178],[2.372091698665413,48.72895975595402],[2.372130216010826,48.72885212725754],[2.371929455618635,48.72881544876326],[2.372106026698333,48.72841487159967],[2.372818250365756,48.7285443478962],[2.372880052851625,48.72839117848265],[2.372960265752007,48.72840511436974],[2.372903909300481,48.7285589732187],[2.373024749523589,48.72858358376016],[2.373042725267682,48.72855211379618],[2.373463212147238,48.72863466247502],[2.373814612487064,48.72849619680871],[2.373926439485865,48.72851504619557],[2.373948881830767,48.72853950610759],[2.374234141569478,48.72843930883571],[2.374266242288741,48.72847603694155],[2.373984853385982,48.72858018408455],[2.37422791981089,48.72886672666905],[2.374239560911533,48.72886299571226],[2.374383159764561,48.72903151460713],[2.374470795856525,48.72899961471914],[2.374546672423214,48.7289816779173],[2.374624150097691,48.72896594939563],[2.374727689671605,48.72893789944095],[2.374890010700543,48.72887986272957],[2.374953003729536,48.72885657494763],[2.374982888453931,48.72889572526977],[2.374917714960549,48.72891952096926],[2.374767566441551,48.72898104857325],[2.374690244271505,48.7290177561803],[2.374631310256357,48.72905143047409],[2.374567701475794,48.72908696776207],[2.374464872502398,48.72912911299906],[2.3747685691846,48.72948641631451],[2.374846992977619,48.72945830107067],[2.374928786102233,48.72943846824664],[2.375009536249062,48.72942341514528],[2.375116115531601,48.72939259911042],[2.375338298691752,48.72931239791428],[2.375368477393909,48.72935376101721],[2.37520947540889,48.72940952781904],[2.375110773561335,48.72945749184802],[2.375027602600237,48.72949969123395],[2.374973974150276,48.72953126657526],[2.374913157971903,48.72956050057931],[2.374854673710149,48.72958406290451],[2.375159364596571,48.72994221563711],[2.375249236648971,48.72991181150829],[2.375343903064058,48.72988872673528],[2.375452249957635,48.72986286128044],[2.375596289893374,48.72981476027793],[2.375727097067426,48.72976623597899],[2.37575959513884,48.72980669857174],[2.375643215546237,48.72984827025405],[2.375556039436526,48.72988457839188],[2.375471430433262,48.72992297795902],[2.375384897156139,48.72997310034659],[2.37531844281345,48.73000796038693],[2.375241983863559,48.73003926923802],[2.375370822628056,48.73019334948076],[2.375370536131489,48.73020513639922],[2.375444986571362,48.73021591549094],[2.375525462062733,48.73023590118682],[2.375617417268663,48.73025864037159],[2.37572252871463,48.73027342514633],[2.375935549919506,48.73029742316823],[2.375927451286461,48.73033592614502],[2.375748612674582,48.73031627926412],[2.375643926215181,48.7303094371163],[2.375524965817168,48.73030888990663],[2.37541550007258,48.73031237671389],[2.375322873315115,48.73030336673725],[2.375269705783938,48.73035894095021],[2.375207060369862,48.73040039751626],[2.375243992205711,48.73044971278352],[2.375278069417244,48.73050752571328],[2.375309054364452,48.73057576059625],[2.375357001120777,48.73064037514019],[2.37546572484554,48.73077577990856],[2.375404605993481,48.73079813213717],[2.375316118846231,48.73069625136423],[2.375256178013254,48.73063267355465],[2.375189753906319,48.73057386917978],[2.375108696199653,48.73051209824489],[2.375056702139156,48.73045296567174],[2.374958242528211,48.7304650845981],[2.374886927244013,48.73046529505826],[2.374851232031208,48.73052273879889],[2.374805953568149,48.73057379569024],[2.374756990919833,48.73061885131729],[2.374715967204168,48.73066948796406],[2.374672745246715,48.73073573356062],[2.374615047127813,48.73083312268162],[2.374547627200791,48.73081495541719],[2.374593109793564,48.73074027074417],[2.374634661915587,48.73066418429729],[2.374666639189955,48.73058826537563],[2.374682641645436,48.73052638258267],[2.374703837628704,48.73047580815825],[2.374728785577112,48.73042943312899],[2.374459290188666,48.73010746153914],[2.374742122219082,48.7300003075145],[2.374552278532192,48.72977306991698],[2.374434770956102,48.7298166279758],[2.374043551196494,48.72934726302757],[2.374154668036823,48.72930344140773],[2.373910983703651,48.72901971683432],[2.373749606133944,48.72907673503671],[2.373677792348925,48.72919210495331],[2.373500433443063,48.72916110107662],[2.37352606347454,48.72904685402158],[2.373501817561963,48.72901351679815],[2.373419720178711,48.72919263669493],[2.373537080836183,48.72921594939279],[2.373401647524738,48.72954017310521],[2.373282283014662,48.7295147812699],[2.373211636975303,48.72967644272556],[2.371976943337433,48.72945193990694]]]}},{"type":"Feature","id":"LFPO-1933f3a5fae1bfd31b91","properties":{"airport":"LFPO","name":"COLOR_Building2","layer":"Buildings and structures","category":"Building 2","object_type":"Area","style_id":"polygon.building2.545253","source_group":"COLOR_Building2","vsmr_group_ids":[],"geometry_role":"filled_region"},"geometry":{"type":"Polygon","coordinates":[[[2.373344308915957,48.73189678436012],[2.37671636473525,48.73252503166901],[2.376456742934852,48.7331684877507],[2.37306977817064,48.7325466299845],[2.373344308915957,48.73189678436012]]]}},{"type":"Feature","id":"LFPO-c6d1a59023f876846d1a","properties":{"airport":"LFPO","name":"COLOR_Building2","layer":"Buildings and structures","category":"Building 2","object_type":"Area","style_id":"polygon.building2.545253","source_group":"COLOR_Building2","vsmr_group_ids":[],"geometry_role":"filled_region"},"geometry":{"type":"Polygon","coordinates":[[[2.376862170400531,48.73372752116764],[2.377305817902606,48.73380913326686],[2.37682088141546,48.73496273887657],[2.376379626627652,48.73488126506872],[2.376862170400531,48.73372752116764]]]}},{"type":"Feature","id":"LFPO-5e753751ba0e902ac2ac","properties":{"airport":"LFPO","name":"COLOR_Building2","layer":"Buildings and structures","category":"Building 2","object_type":"Area","style_id":"polygon.building2.545253","source_group":"COLOR_Building2","vsmr_group_ids":[],"geometry_role":"filled_region"},"geometry":{"type":"Polygon","coordinates":[[[2.378689982864874,48.73483495163935],[2.378832904111152,48.73513791252054],[2.378708074042151,48.73516982118987],[2.378560097519615,48.73486566925181],[2.378689982864874,48.73483495163935]]]}},{"type":"Feature","id":"LFPO-e49d50ffb60d3009c88b","properties":{"airport":"LFPO","name":"COLOR_Building2","layer":"Buildings and structures","category":"Building 2","object_type":"Area","style_id":"polygon.building2.545253","source_group":"COLOR_Building2","vsmr_group_ids":[],"geometry_role":"filled_region"},"geometry":{"type":"Polygon","coordinates":[[[2.379762544230817,48.73622866513812],[2.379951052966478,48.73618125405381],[2.379994438707318,48.73625732228042],[2.379806337986439,48.73630346438171],[2.379762544230817,48.73622866513812]]]}},{"type":"Feature","id":"LFPO-46a2df7ef84b81333337","properties":{"airport":"LFPO","name":"COLOR_Building2","layer":"Buildings and structures","category":"Building 2","object_type":"Area","style_id":"polygon.building2.545253","source_group":"COLOR_Building2","vsmr_group_ids":[],"geometry_role":"filled_region"},"geometry":{"type":"Polygon","coordinates":[[[2.379764070642574,48.73634400062012],[2.38010748059243,48.73625495600066],[2.380163420001336,48.73635699435431],[2.379829190847202,48.73644655077369],[2.379764070642574,48.73634400062012]]]}},{"type":"Feature","id":"LFPO-71d9302cef412fc66d97","properties":{"airport":"LFPO","name":"COLOR_Building2","layer":"Buildings and structures","category":"Building 2","object_type":"Area","style_id":"polygon.building2.545253","source_group":"COLOR_Building2","vsmr_group_ids":[],"geometry_role":"filled_region"},"geometry":{"type":"Polygon","coordinates":[[[2.379753722698972,48.73647958953394],[2.380247199701833,48.73635176329196],[2.380308447592732,48.73645636979759],[2.379817388682297,48.73658267174654],[2.379753722698972,48.73647958953394]]]}},{"type":"Feature","id":"LFPO-546387fbdb65bf901a24","properties":{"airport":"LFPO","name":"COLOR_Building2","layer":"Buildings and structures","category":"Building 2","object_type":"Area","style_id":"polygon.building2.545253","source_group":"COLOR_Building2","vsmr_group_ids":[],"geometry_role":"filled_region"},"geometry":{"type":"Polygon","coordinates":[[[2.379572404969521,48.73786533032772],[2.380756610071839,48.73808011514293],[2.380496397556184,48.73871585752661],[2.38068643245682,48.73874869854397],[2.380388180678565,48.73944230573663],[2.379022694436728,48.7391950927967],[2.379572404969521,48.73786533032772]]]}},{"type":"Feature","id":"LFPO-d705897f1555c1ab8945","properties":{"airport":"LFPO","name":"COLOR_Building2","layer":"Buildings and structures","category":"Building 2","object_type":"Area","style_id":"polygon.building2.545253","source_group":"COLOR_Building2","vsmr_group_ids":[],"geometry_role":"filled_region"},"geometry":{"type":"Polygon","coordinates":[[[2.380852726212626,48.7389790766963],[2.38101798173731,48.73899096979086],[2.380947720280617,48.73930746991359],[2.380781285332534,48.73929232846397],[2.380852726212626,48.7389790766963]]]}},{"type":"Feature","id":"LFPO-36f8434b354120f55459","properties":{"airport":"LFPO","name":"COLOR_Building2","layer":"Buildings and structures","category":"Building 2","object_type":"Area","style_id":"polygon.building2.545253","source_group":"COLOR_Building2","vsmr_group_ids":[],"geometry_role":"filled_region"},"geometry":{"type":"Polygon","coordinates":[[[2.380057984540034,48.73991466310211],[2.380342458516349,48.73980862077029],[2.380621605228375,48.73992169721797],[2.380616029270699,48.74013946938893],[2.380332092887154,48.74024693256611],[2.380050586924474,48.74013434289573],[2.380057984540034,48.73991466310211]]]}},{"type":"Feature","id":"LFPO-4c01462bbff78d9965bb","properties":{"airport":"LFPO","name":"COLOR_Building2","layer":"Buildings and structures","category":"Building 2","object_type":"Area","style_id":"polygon.building2.545253","source_group":"COLOR_Building2","vsmr_group_ids":[],"geometry_role":"filled_region"},"geometry":{"type":"Polygon","coordinates":[[[2.380325181309124,48.74043186336135],[2.380502120023364,48.74043264184366],[2.380488333317847,48.7410177461329],[2.380312677906631,48.74101638097041],[2.380314592536885,48.74094147863359],[2.380406995238855,48.7409083828928],[2.380417294545802,48.7406566034842],[2.380322464876785,48.74062090611064],[2.380325181309124,48.74043186336135]]]}},{"type":"Feature","id":"LFPO-f9892fb56a87e9be1420","properties":{"airport":"LFPO","name":"COLOR_Building2","layer":"Buildings and structures","category":"Building 2","object_type":"Area","style_id":"polygon.building2.545253","source_group":"COLOR_Building2","vsmr_group_ids":[],"geometry_role":"filled_region"},"geometry":{"type":"Polygon","coordinates":[[[2.385012029288522,48.74493812366446],[2.385003350403971,48.74518636101012],[2.383611956534051,48.74517310214713],[2.383611317259797,48.74503598011805],[2.38146959334546,48.74501492914676],[2.381477886013692,48.74434712913244],[2.383517102394148,48.74436668785271],[2.383514314392319,48.74454244055223],[2.383627264949846,48.74454338669282],[2.383631054707833,48.74405985109755],[2.384776947237137,48.7440703759074],[2.384774369089981,48.74412021227566],[2.385727950313845,48.74412824228119],[2.385708076853508,48.74494265592459],[2.385012029288522,48.74493812366446]]]}},{"type":"Feature","id":"LFPO-c94de0d53c5b770401fd","properties":{"airport":"LFPO","name":"COLOR_Building2","layer":"Buildings and structures","category":"Building 2","object_type":"Area","style_id":"polygon.building2.545253","source_group":"COLOR_Building2","vsmr_group_ids":[],"geometry_role":"filled_region"},"geometry":{"type":"Polygon","coordinates":[[[2.379817075722139,48.74274794577316],[2.381322453540839,48.742762168414],[2.381305710647028,48.74430106329987],[2.379791502176138,48.74429203030798],[2.379817075722139,48.74274794577316]]]}},{"type":"Feature","id":"LFPO-2415c5c99d138e0cc96b","properties":{"airport":"LFPO","name":"COLOR_Building2","layer":"Buildings and structures","category":"Building 2","object_type":"Area","style_id":"polygon.building2.545253","source_group":"COLOR_Building2","vsmr_group_ids":[],"geometry_role":"filled_region"},"geometry":{"type":"Polygon","coordinates":[[[2.378285345980036,48.74493969147271],[2.378296604035843,48.74443163492909],[2.378228199386938,48.74442996824688],[2.378230851028185,48.74433419259203],[2.381360623733026,48.74436911927377],[2.381351512314767,48.74482160354311],[2.381214421143851,48.74482276060891],[2.381213371672701,48.74496634076911],[2.378285345980036,48.74493969147271]]]}},{"type":"Feature","id":"LFPO-7a2ed4cb24f610246613","properties":{"airport":"LFPO","name":"COLOR_Building2","layer":"Buildings and structures","category":"Building 2","object_type":"Area","style_id":"polygon.building2.545253","source_group":"COLOR_Building2","vsmr_group_ids":[],"geometry_role":"filled_region"},"geometry":{"type":"Polygon","coordinates":[[[2.377801647533879,48.74441438517493],[2.377765348355636,48.74441560347027],[2.377763492501246,48.74430143721504],[2.378059031527477,48.74430396178628],[2.37805402179321,48.74441782478634],[2.377997614646616,48.74441553261191],[2.377985628442307,48.74493410527183],[2.377784668928977,48.74493325442446],[2.377801647533879,48.74441438517493]]]}},{"type":"Feature","id":"LFPO-0feb5e6fcd13c45571b2","properties":{"airport":"LFPO","name":"COLOR_Building2","layer":"Buildings and structures","category":"Building 2","object_type":"Area","style_id":"polygon.building2.545253","source_group":"COLOR_Building2","vsmr_group_ids":[],"geometry_role":"filled_region"},"geometry":{"type":"Polygon","coordinates":[[[2.377572062524576,48.74418485094566],[2.377568976669304,48.74423122694816],[2.375351445045157,48.74420085300272],[2.375371985772736,48.7427378792694],[2.375608170641539,48.74273876920646],[2.375608689083928,48.74277127301648],[2.377683809782063,48.7427947070959],[2.377668013587551,48.74418465034132],[2.377572062524576,48.74418485094566]]]}},{"type":"Feature","id":"LFPO-f62cc74aa34ca3d9a229","properties":{"airport":"LFPO","name":"COLOR_Building2","layer":"Buildings and structures","category":"Building 2","object_type":"Area","style_id":"polygon.building2.545253","source_group":"COLOR_Building2","vsmr_group_ids":[],"geometry_role":"filled_region"},"geometry":{"type":"Polygon","coordinates":[[[2.377566294880493,48.74432332919123],[2.377532307903241,48.7449334442869],[2.376689900836877,48.74492292227632],[2.376701420881815,48.74432075257761],[2.377566294880493,48.74432332919123]]]}},{"type":"Feature","id":"LFPO-dec8a033d11d2453aed2","properties":{"airport":"LFPO","name":"COLOR_Building2","layer":"Buildings and structures","category":"Building 2","object_type":"Area","style_id":"polygon.building2.545253","source_group":"COLOR_Building2","vsmr_group_ids":[],"geometry_role":"filled_region"},"geometry":{"type":"Polygon","coordinates":[[[2.373034498237725,48.74476764380285],[2.373047194061457,48.7442758638058],[2.37539592693323,48.74429227716011],[2.375391118044583,48.74478628409295],[2.373034498237725,48.74476764380285]]]}},{"type":"Feature","id":"LFPO-8cefda32091ef84a704b","properties":{"airport":"LFPO","name":"COLOR_Building2","layer":"Buildings and structures","category":"Building 2","object_type":"Area","style_id":"polygon.building2.545253","source_group":"COLOR_Building2","vsmr_group_ids":[],"geometry_role":"filled_region"},"geometry":{"type":"Polygon","coordinates":[[[2.371196605966093,48.74431359611182],[2.372476559822456,48.74432900910681],[2.372450565088051,48.74527515566178],[2.371181107768088,48.74526326660406],[2.371196605966093,48.74431359611182]]]}},{"type":"Feature","id":"LFPO-8406f94a3ad9b73ec528","properties":{"airport":"LFPO","name":"COLOR_Building2","layer":"Buildings and structures","category":"Building 2","object_type":"Area","style_id":"polygon.building2.545253","source_group":"COLOR_Building2","vsmr_group_ids":[],"geometry_role":"filled_region"},"geometry":{"type":"Polygon","coordinates":[[[2.372710293206604,48.7413501677196],[2.372518020101766,48.74134535677408],[2.372529525760252,48.74092109490029],[2.372722451510667,48.74092482340551],[2.372726901364353,48.74084486128496],[2.373547814582615,48.74085168175738],[2.373522165731312,48.74142455528997],[2.372705869016569,48.74141846867171],[2.372710293206604,48.7413501677196]]]}},{"type":"Feature","id":"LFPO-fe0c37c9f51997938776","properties":{"airport":"LFPO","name":"COLOR_Building2","layer":"Buildings and structures","category":"Building 2","object_type":"Area","style_id":"polygon.building2.545253","source_group":"COLOR_Building2","vsmr_group_ids":[],"geometry_role":"filled_region"},"geometry":{"type":"Polygon","coordinates":[[[2.374281096731896,48.72515696649513],[2.37467237936607,48.72523298769473],[2.374630740921997,48.72533504870754],[2.374235166975098,48.72526141806202],[2.374281096731896,48.72515696649513]]]}},{"type":"Feature","id":"LFPO-e16ad9657edbe9622857","properties":{"airport":"LFPO","name":"COLOR_Building2","layer":"Buildings and structures","category":"Building 2","object_type":"Area","style_id":"polygon.building2.545253","source_group":"COLOR_Building2","vsmr_group_ids":[],"geometry_role":"filled_region"},"geometry":{"type":"Polygon","coordinates":[[[2.371236652958695,48.72484100328963],[2.372294829668771,48.7250387888019],[2.372265848474526,48.72511358113518],[2.371204133178626,48.72491820226195],[2.371236652958695,48.72484100328963]]]}},{"type":"Feature","id":"LFPO-49ab9947c883e72dce20","properties":{"airport":"LFPO","name":"COLOR_Building2","layer":"Buildings and structures","category":"Building 2","object_type":"Area","style_id":"polygon.building2.545253","source_group":"COLOR_Building2","vsmr_group_ids":[],"geometry_role":"filled_region"},"geometry":{"type":"Polygon","coordinates":[[[2.37143951397504,48.72438177125882],[2.37249608678856,48.72457770302693],[2.372353011406159,48.7249246515974],[2.371297004925399,48.72472761851337],[2.37143951397504,48.72438177125882]]]}},{"type":"Feature","id":"LFPO-aa345e4eafeee830ba35","properties":{"airport":"LFPO","name":"COLOR_Building2","layer":"Buildings and structures","category":"Building 2","object_type":"Area","style_id":"polygon.building2.545253","source_group":"COLOR_Building2","vsmr_group_ids":[],"geometry_role":"filled_region"},"geometry":{"type":"Polygon","coordinates":[[[2.370797277774659,48.72464106492988],[2.37093401491377,48.72434618575123],[2.37114270410228,48.72438676058201],[2.371009537557569,48.72468357491458],[2.370797277774659,48.72464106492988]]]}},{"type":"Feature","id":"LFPO-6813e6fb301f751b8520","properties":{"airport":"LFPO","name":"COLOR_Building2","layer":"Buildings and structures","category":"Building 2","object_type":"Area","style_id":"polygon.building2.545253","source_group":"COLOR_Building2","vsmr_group_ids":[],"geometry_role":"filled_region"},"geometry":{"type":"Polygon","coordinates":[[[2.370491804102961,48.72526016617411],[2.370614663663086,48.72496852819359],[2.37078667083793,48.7249982699224],[2.370724872117629,48.72513715658799],[2.370672165512528,48.72512531673736],[2.370629865212945,48.72522122670888],[2.370814422771041,48.72525346601027],[2.370777405582947,48.72535772112585],[2.370667018419896,48.7253386730819],[2.370681016820655,48.72530685510996],[2.370587503511519,48.7252895422768],[2.370593231341169,48.72527782797548],[2.370491804102961,48.72526016617411]]]}},{"type":"Feature","id":"LFPO-70e2335da3979ff607e6","properties":{"airport":"LFPO","name":"COLOR_Building2","layer":"Buildings and structures","category":"Building 2","object_type":"Area","style_id":"polygon.building2.545253","source_group":"COLOR_Building2","vsmr_group_ids":[],"geometry_role":"filled_region"},"geometry":{"type":"Polygon","coordinates":[[[2.36715527083345,48.72406917824472],[2.367199859857763,48.72395943789147],[2.367434018490566,48.72400297770033],[2.367458213913272,48.72394554872473],[2.367230068428847,48.72390413259237],[2.367344615803293,48.72362680582021],[2.368057373434949,48.72375952539333],[2.367941536026323,48.72403586837382],[2.367815723455002,48.7240117905576],[2.367791019918626,48.72406823345658],[2.367907977587456,48.7240913052659],[2.367862432442061,48.72419900137417],[2.36715527083345,48.72406917824472]]]}},{"type":"Feature","id":"LFPO-c2e80f1d1fbc0bcc280e","properties":{"airport":"LFPO","name":"COLOR_Building2","layer":"Buildings and structures","category":"Building 2","object_type":"Area","style_id":"polygon.building2.545253","source_group":"COLOR_Building2","vsmr_group_ids":[],"geometry_role":"filled_region"},"geometry":{"type":"Polygon","coordinates":[[[2.365873705904091,48.72369839843055],[2.36597019361775,48.72371627252178],[2.366103132219557,48.72340100304027],[2.36697031888901,48.72356154000497],[2.366837424257551,48.72387591845623],[2.366926479521834,48.72389397761376],[2.366861944649328,48.72404361894156],[2.365812984188136,48.72384928297186],[2.365873705904091,48.72369839843055]]]}},{"type":"Feature","id":"LFPO-9f40b9c9898da068506b","properties":{"airport":"LFPO","name":"COLOR_Building2","layer":"Buildings and structures","category":"Building 2","object_type":"Area","style_id":"polygon.building2.545253","source_group":"COLOR_Building2","vsmr_group_ids":[],"geometry_role":"filled_region"},"geometry":{"type":"Polygon","coordinates":[[[2.364908304594058,48.72317828786799],[2.365745887426849,48.72333557497543],[2.365611718851999,48.72364580004626],[2.364773179136674,48.72349136075814],[2.364908304594058,48.72317828786799]]]}},{"type":"Feature","id":"LFPO-825d0be9d95f293ca9fd","properties":{"airport":"LFPO","name":"COLOR_Building2","layer":"Buildings and structures","category":"Building 2","object_type":"Area","style_id":"polygon.building2.545253","source_group":"COLOR_Building2","vsmr_group_ids":[],"geometry_role":"filled_region"},"geometry":{"type":"Polygon","coordinates":[[[2.359269251793008,48.72235128434949],[2.362182367453944,48.72289053915139],[2.362140324391293,48.72299586918417],[2.361980577250677,48.7229659442938],[2.361983958762368,48.72295689198333],[2.361657663201617,48.72289686962545],[2.361652382323043,48.72290667990018],[2.361492830943155,48.72287617684822],[2.361497963002792,48.72286717616661],[2.361174877211591,48.72280694152315],[2.361169060184412,48.72281665700434],[2.361009160032352,48.72278774900266],[2.361011228341936,48.72277807841014],[2.360687296539175,48.72271762739828],[2.360682695661636,48.72272679563821],[2.360520241598314,48.72269650818745],[2.36052450666959,48.72268810497216],[2.360201410316858,48.72262697577681],[2.360195870611144,48.72263701933478],[2.360035395051403,48.72260667384401],[2.360039424290745,48.72259779565243],[2.359713258192855,48.72253669715684],[2.35970939007305,48.72254710087827],[2.359548280583301,48.72251735126135],[2.359551911137518,48.72250764294506],[2.359228478393431,48.72244624562858],[2.359269251793008,48.72235128434949]]]}},{"type":"Feature","id":"LFPO-5126f9a822b3981066f5","properties":{"airport":"LFPO","name":"COLOR_Building2","layer":"Buildings and structures","category":"Building 2","object_type":"Area","style_id":"polygon.building2.545253","source_group":"COLOR_Building2","vsmr_group_ids":[],"geometry_role":"filled_region"},"geometry":{"type":"Polygon","coordinates":[[[2.345628740017005,48.72274192638012],[2.345539979019553,48.72276638958061],[2.345479267912751,48.72267237075899],[2.345567230850265,48.72264349229049],[2.345252538698108,48.7221591478593],[2.346344850091404,48.72185295852748],[2.346469966257252,48.72206242282986],[2.346853345945608,48.72195720691909],[2.347486069320681,48.72294445762841],[2.346041053793866,48.72337096074148],[2.345628740017005,48.72274192638012]]]}},{"type":"Feature","id":"LFPO-ed57efc3fc09834c6af8","properties":{"airport":"LFPO","name":"COLOR_Building2","layer":"Buildings and structures","category":"Building 2","object_type":"Area","style_id":"polygon.building2.545253","source_group":"COLOR_Building2","vsmr_group_ids":[],"geometry_role":"filled_region"},"geometry":{"type":"Polygon","coordinates":[[[2.349870635073616,48.72087938712708],[2.350315616096605,48.72154627138394],[2.34974685094411,48.721712498359],[2.349788593080637,48.72178702069326],[2.349551520389479,48.72184981722415],[2.349054252412963,48.72111368259758],[2.349870635073616,48.72087938712708]]]}},{"type":"Feature","id":"LFPO-238866e7270a35103ec5","properties":{"airport":"LFPO","name":"COLOR_Building2","layer":"Buildings and structures","category":"Building 2","object_type":"Area","style_id":"polygon.building2.545253","source_group":"COLOR_Building2","vsmr_group_ids":[],"geometry_role":"filled_region"},"geometry":{"type":"Polygon","coordinates":[[[2.3485446078644,48.7226011078462],[2.348829009920685,48.72251432646312],[2.34872886817495,48.72235989820343],[2.349497455085985,48.72213664923792],[2.349632264442842,48.7223353696365],[2.349107109742976,48.72248892664268],[2.349157149335086,48.72257154961183],[2.348975783756571,48.72273627224817],[2.348919650458001,48.72264778607275],[2.348634635091233,48.72273321513016],[2.3485446078644,48.7226011078462]]]}},{"type":"Feature","id":"LFPO-e81bf0c1fbd2f249c0f2","properties":{"airport":"LFPO","name":"COLOR_Building2","layer":"Buildings and structures","category":"Building 2","object_type":"Area","style_id":"polygon.building2.545253","source_group":"COLOR_Building2","vsmr_group_ids":[],"geometry_role":"filled_region"},"geometry":{"type":"Polygon","coordinates":[[[2.348178096174103,48.7227054859101],[2.348372225404094,48.72300419654875],[2.34818469896068,48.7230569387518],[2.347993364591092,48.72276198989633],[2.348178096174103,48.7227054859101]]]}},{"type":"Feature","id":"LFPO-0d55998d2513ad94105e","properties":{"airport":"LFPO","name":"COLOR_Building2","layer":"Buildings and structures","category":"Building 2","object_type":"Area","style_id":"polygon.building2.545253","source_group":"COLOR_Building2","vsmr_group_ids":[],"geometry_role":"filled_region"},"geometry":{"type":"Polygon","coordinates":[[[2.347684346381991,48.72231751009132],[2.347868463512872,48.72226252424364],[2.348070698824869,48.7225648706974],[2.347885275551194,48.7226180602205],[2.347684346381991,48.72231751009132]]]}},{"type":"Feature","id":"LFPO-62038433765e088545bc","properties":{"airport":"LFPO","name":"COLOR_Building2","layer":"Buildings and structures","category":"Building 2","object_type":"Area","style_id":"polygon.building2.545253","source_group":"COLOR_Building2","vsmr_group_ids":[],"geometry_role":"filled_region"},"geometry":{"type":"Polygon","coordinates":[[[2.348783231169156,48.72194818459616],[2.349047215182984,48.72187350247262],[2.349223000898188,48.72212720830933],[2.348960299483307,48.72220449564407],[2.348783231169156,48.72194818459616]]]}},{"type":"Feature","id":"LFPO-bac4fda1299eb4ec8a3d","properties":{"airport":"LFPO","name":"COLOR_Building2","layer":"Buildings and structures","category":"Building 2","object_type":"Area","style_id":"polygon.building2.545253","source_group":"COLOR_Building2","vsmr_group_ids":[],"geometry_role":"filled_region"},"geometry":{"type":"Polygon","coordinates":[[[2.341706530449135,48.72299678299635],[2.341843554256655,48.72282190201112],[2.340995013788405,48.72252155564822],[2.340892693935055,48.72264735496138],[2.340515804051493,48.7225147412966],[2.340613543136358,48.72238983940269],[2.339693005543027,48.72206918852277],[2.340496508747218,48.72108353212009],[2.342818366229678,48.72189885898439],[2.342946262270176,48.72173680290486],[2.343170561812276,48.72181865908333],[2.342993286957959,48.72203186066506],[2.343026100764272,48.7220449954167],[2.342978669603373,48.72210250615645],[2.342714430135886,48.72200578374694],[2.342663862646051,48.72206872013656],[2.34279872108055,48.72211478122372],[2.342001558371287,48.72309946458854],[2.341706530449135,48.72299678299635]]]}},{"type":"Feature","id":"LFPO-70b8d1fdf715dce1d4a3","properties":{"airport":"LFPO","name":"COLOR_Building2","layer":"Buildings and structures","category":"Building 2","object_type":"Area","style_id":"polygon.building2.545253","source_group":"COLOR_Building2","vsmr_group_ids":[],"geometry_role":"filled_region"},"geometry":{"type":"Polygon","coordinates":[[[2.336466173392744,48.72076230507583],[2.336795809084007,48.72035548197076],[2.338395468891064,48.72092607422191],[2.33806605609862,48.72133335913879],[2.336466173392744,48.72076230507583]]]}},{"type":"Feature","id":"LFPO-b93905c63ea8759277b5","properties":{"airport":"LFPO","name":"COLOR_Building2","layer":"Buildings and structures","category":"Building 2","object_type":"Area","style_id":"polygon.building2.545253","source_group":"COLOR_Building2","vsmr_group_ids":[],"geometry_role":"filled_region"},"geometry":{"type":"Polygon","coordinates":[[[2.336081348828849,48.72033632328124],[2.336161216482979,48.72036664112228],[2.336265829798569,48.72023755978641],[2.336447487980267,48.72030219122075],[2.336180115528987,48.72063087372059],[2.336143066426621,48.72061778809951],[2.33610473691146,48.72066824334418],[2.335883083406529,48.72058852233437],[2.336081348828849,48.72033632328124]]]}},{"type":"Feature","id":"LFPO-1ad58a1a834b9640a8a8","properties":{"airport":"LFPO","name":"COLOR_Building2","layer":"Buildings and structures","category":"Building 2","object_type":"Area","style_id":"polygon.building2.545253","source_group":"COLOR_Building2","vsmr_group_ids":[],"geometry_role":"filled_region"},"geometry":{"type":"Polygon","coordinates":[[[2.331200446983634,48.71949193004378],[2.333601818404767,48.7203443617993],[2.332949307682473,48.72113085720133],[2.332039798544689,48.72081516326227],[2.331960714166743,48.72091270332357],[2.331364857525136,48.72070537834988],[2.331454714388905,48.72060235135466],[2.33055502655789,48.72028361553646],[2.331200446983634,48.71949193004378]]]}},{"type":"Feature","id":"LFPO-97c34d2853e539be8085","properties":{"airport":"LFPO","name":"COLOR_Building2","layer":"Buildings and structures","category":"Building 2","object_type":"Area","style_id":"polygon.building2.545253","source_group":"COLOR_Building2","vsmr_group_ids":[],"geometry_role":"filled_region"},"geometry":{"type":"Polygon","coordinates":[[[2.329168337303227,48.72044944851904],[2.329486883031662,48.72056411250691],[2.329371093146382,48.72070983469276],[2.329049364490825,48.72059676165904],[2.329168337303227,48.72044944851904]]]}},{"type":"Feature","id":"LFPO-7ca4c32e67a74098dde4","properties":{"airport":"LFPO","name":"COLOR_ClosureArea","layer":"Operational restrictions","category":"Closure areas","object_type":"Area","style_id":"polygon.closurearea.ff0000","source_group":"COLOR_ClosureArea","vsmr_group_ids":[],"geometry_role":"filled_region"},"geometry":{"type":"Polygon","coordinates":[[[2.376068709468613,48.72407339840772],[2.376404216653847,48.72416088585248],[2.376389519370377,48.7241868522241],[2.376054310102713,48.72409865030868],[2.376068709468613,48.72407339840772]]]}},{"type":"Feature","id":"LFPO-2f1f0307306d84419296","properties":{"airport":"LFPO","name":"COLOR_ClosureArea","layer":"Operational restrictions","category":"Closure areas","object_type":"Area","style_id":"polygon.closurearea.ff0000","source_group":"COLOR_ClosureArea","vsmr_group_ids":[],"geometry_role":"filled_region"},"geometry":{"type":"Polygon","coordinates":[[[2.366018582314739,48.72179196711844],[2.366058640379425,48.72178993142653],[2.366082841507267,48.72200604487013],[2.366042639789911,48.72200805380761],[2.366018582314739,48.72179196711844]]]}},{"type":"Feature","id":"LFPO-5b441cb83d15680b09f2","properties":{"airport":"LFPO","name":"COLOR_ClosureArea","layer":"Operational restrictions","category":"Closure areas","object_type":"Area","style_id":"polygon.closurearea.ff0000","source_group":"COLOR_ClosureArea","vsmr_group_ids":[],"geometry_role":"filled_region"},"geometry":{"type":"Polygon","coordinates":[[[2.3531169045095,48.73026455622303],[2.353152640774627,48.73006379816177],[2.35318764910794,48.7300663173746],[2.353150236291415,48.73026692717423],[2.3531169045095,48.73026455622303]]]}},{"type":"Feature","id":"LFPO-a57bd218453a9f19702e","properties":{"airport":"LFPO","name":"COLOR_ClosureArea","layer":"Operational restrictions","category":"Closure areas","object_type":"Area","style_id":"polygon.closurearea.ff0000","source_group":"COLOR_ClosureArea","vsmr_group_ids":[],"geometry_role":"filled_region"},"geometry":{"type":"Polygon","coordinates":[[[2.352716953205245,48.72969390350475],[2.352735481089392,48.72967627740523],[2.352998912887347,48.72978489290919],[2.352982745365866,48.72980414916155],[2.352716953205245,48.72969390350475]]]}},{"type":"Feature","id":"LFPO-629cb8b06e45c0bea986","properties":{"airport":"LFPO","name":"COLOR_ClosureArea","layer":"Operational restrictions","category":"Closure areas","object_type":"Area","style_id":"polygon.closurearea.ff0000","source_group":"COLOR_ClosureArea","vsmr_group_ids":[],"geometry_role":"filled_region"},"geometry":{"type":"Polygon","coordinates":[[[2.352440970598697,48.72896176836171],[2.352484157373274,48.72876295688689],[2.352525355321446,48.72876685129256],[2.352483443585844,48.72896563780932],[2.352440970598697,48.72896176836171]]]}},{"type":"Feature","id":"LFPO-5cef98b3727c96c16dfb","properties":{"airport":"LFPO","name":"COLOR_ClosureArea","layer":"Operational restrictions","category":"Closure areas","object_type":"Area","style_id":"polygon.closurearea.ff0000","source_group":"COLOR_ClosureArea","vsmr_group_ids":[],"geometry_role":"filled_region"},"geometry":{"type":"Polygon","coordinates":[[[2.352076174240256,48.72779495277431],[2.352346235575411,48.7278863206837],[2.352326801585094,48.72790917662393],[2.352055385286078,48.72781777750086],[2.352076174240256,48.72779495277431]]]}},{"type":"Feature","id":"LFPO-c155f4717d963e5c7c9d","properties":{"airport":"LFPO","name":"COLOR_ClosureArea","layer":"Operational restrictions","category":"Closure areas","object_type":"Area","style_id":"polygon.closurearea.ff0000","source_group":"COLOR_ClosureArea","vsmr_group_ids":[],"geometry_role":"filled_region"},"geometry":{"type":"Polygon","coordinates":[[[2.340067175699665,48.72607543173006],[2.340301178403799,48.72621176710772],[2.340277559723867,48.72623161944863],[2.340042665329152,48.72609529231223],[2.340067175699665,48.72607543173006]]]}},{"type":"Feature","id":"LFPO-05e80f3fca64382c8eec","properties":{"airport":"LFPO","name":"COLOR_ClosureArea","layer":"Operational restrictions","category":"Closure areas","object_type":"Area","style_id":"polygon.closurearea.ff0000","source_group":"COLOR_ClosureArea","vsmr_group_ids":[],"geometry_role":"filled_region"},"geometry":{"type":"Polygon","coordinates":[[[2.334062077399204,48.72375602797834],[2.333916515767895,48.72352151607771],[2.333946868927261,48.72351410515901],[2.334091722786729,48.72374667350968],[2.334062077399204,48.72375602797834]]]}},{"type":"Feature","id":"LFPO-2999d81f5d14725ae69e","properties":{"airport":"LFPO","name":"COLOR_Terrain4","layer":"Terrain","category":"Terrain 4","object_type":"Area","style_id":"polygon.terrain4.932a30","source_group":"COLOR_Terrain4","vsmr_group_ids":[],"geometry_role":"filled_region"},"geometry":{"type":"Polygon","coordinates":[[[2.3606683333333,48.734528333333],[2.3606819444444,48.73450388888901],[2.3611877777778,48.7345775],[2.3611763888889,48.734603333333],[2.3606683333333,48.734528333333]]]}},{"type":"Feature","id":"LFPO-28a0e23b061e43508942","properties":{"airport":"LFPO","name":"COLOR_Terrain4","layer":"Terrain","category":"Terrain 4","object_type":"Area","style_id":"polygon.terrain4.932a30","source_group":"COLOR_Terrain4","vsmr_group_ids":[],"geometry_role":"filled_region"},"geometry":{"type":"Polygon","coordinates":[[[2.3543730555556,48.73231972222201],[2.3543952777778,48.7322975],[2.35477,48.732415277778],[2.3547483333333,48.732439166667],[2.3543730555556,48.73231972222201]]]}},{"type":"Feature","id":"LFPO-dc606c47cbcff5644b2b","properties":{"airport":"LFPO","name":"COLOR_Terrain4","layer":"Terrain","category":"Terrain 4","object_type":"Area","style_id":"polygon.terrain4.932a30","source_group":"COLOR_Terrain4","vsmr_group_ids":[],"geometry_role":"filled_region"},"geometry":{"type":"Polygon","coordinates":[[[2.386240200247016,48.72547653123419],[2.386534376286984,48.72541265585868],[2.386544232630805,48.72543137400669],[2.386252146360395,48.72549572847974],[2.386240200247016,48.72547653123419]]]}},{"type":"Feature","id":"LFPO-cc5a02bdccdd03f17009","properties":{"airport":"LFPO","name":"COLOR_Terrain4","layer":"Terrain","category":"Terrain 4","object_type":"Area","style_id":"polygon.terrain4.932a30","source_group":"COLOR_Terrain4","vsmr_group_ids":[],"geometry_role":"filled_region"},"geometry":{"type":"Polygon","coordinates":[[[2.39569218525052,48.72712449458165],[2.396020396231173,48.72718550792783],[2.396012154984328,48.7272057309825],[2.395686967529445,48.727145838675],[2.39569218525052,48.72712449458165]]]}},{"type":"Feature","id":"LFPO-1647990994429db603ec","properties":{"airport":"LFPO","name":"COLOR_Terrain4","layer":"Terrain","category":"Terrain 4","object_type":"Area","style_id":"polygon.terrain4.932a30","source_group":"COLOR_Terrain4","vsmr_group_ids":[],"geometry_role":"filled_region"},"geometry":{"type":"Polygon","coordinates":[[[2.400816041164797,48.72850781364649],[2.400840557389368,48.7284954403783],[2.401025355974922,48.72868584817468],[2.400999771123185,48.72869711289938],[2.400816041164797,48.72850781364649]]]}},{"type":"Feature","id":"LFPO-21265ace840265432e4b","properties":{"airport":"LFPO","name":"COLOR_Terrain4","layer":"Terrain","category":"Terrain 4","object_type":"Area","style_id":"polygon.terrain4.932a30","source_group":"COLOR_Terrain4","vsmr_group_ids":[],"geometry_role":"filled_region"},"geometry":{"type":"Polygon","coordinates":[[[2.373837758754926,48.72080744786976],[2.374172688594629,48.72073375613063],[2.374182714785846,48.72075745583685],[2.373848424896297,48.72083142791799],[2.373837758754926,48.72080744786976]]]}},{"type":"Feature","id":"LFPO-c733a6328ae7480f9d19","properties":{"airport":"LFPO","name":"COLOR_Terrain4","layer":"Terrain","category":"Terrain 4","object_type":"Area","style_id":"polygon.terrain4.932a30","source_group":"COLOR_Terrain4","vsmr_group_ids":[],"geometry_role":"filled_region"},"geometry":{"type":"Polygon","coordinates":[[[2.374807398061074,48.71853489332484],[2.375117925398038,48.71863804415791],[2.37509958837238,48.71866001065868],[2.37479065319514,48.71855528125128],[2.374807398061074,48.71853489332484]]]}},{"type":"Feature","id":"LFPO-a4437a297da1e1132feb","properties":{"airport":"LFPO","name":"COLOR_Terrain4","layer":"Terrain","category":"Terrain 4","object_type":"Area","style_id":"polygon.terrain4.932a30","source_group":"COLOR_Terrain4","vsmr_group_ids":[],"geometry_role":"filled_region"},"geometry":{"type":"Polygon","coordinates":[[[2.379161553009828,48.72721919414084],[2.379068416494108,48.7274384943546],[2.379379879283527,48.72771417434873],[2.379357884290541,48.72772867723434],[2.379034557425299,48.72744314251018],[2.379130656166024,48.7272143032008],[2.379161553009828,48.72721919414084]]]}},{"type":"Feature","id":"LFPO-7c9a2a34dc88ce296f21","properties":{"airport":"LFPO","name":"COLOR_Terrain4","layer":"Terrain","category":"Terrain 4","object_type":"Area","style_id":"polygon.terrain4.932a30","source_group":"COLOR_Terrain4","vsmr_group_ids":[],"geometry_role":"filled_region"},"geometry":{"type":"Polygon","coordinates":[[[2.384367112860941,48.72816181757655],[2.384397148007591,48.72816504909906],[2.384345783831958,48.72838267020878],[2.384316185586144,48.72837887044812],[2.384367112860941,48.72816181757655]]]}},{"type":"Feature","id":"LFPO-1949b60a7d960b262f81","properties":{"airport":"LFPO","name":"COLOR_Terrain4","layer":"Terrain","category":"Terrain 4","object_type":"Area","style_id":"polygon.terrain4.932a30","source_group":"COLOR_Terrain4","vsmr_group_ids":[],"geometry_role":"filled_region"},"geometry":{"type":"Polygon","coordinates":[[[2.382396737423211,48.73324253143736],[2.382431239735638,48.73324792656746],[2.382325303244679,48.73346459208438],[2.382291325811252,48.73345684390309],[2.382396737423211,48.73324253143736]]]}},{"type":"Feature","id":"LFPO-9299e7e99ddf9aee7e4e","properties":{"airport":"LFPO","name":"COLOR_Terrain4","layer":"Terrain","category":"Terrain 4","object_type":"Area","style_id":"polygon.terrain4.932a30","source_group":"COLOR_Terrain4","vsmr_group_ids":[],"geometry_role":"filled_region"},"geometry":{"type":"Polygon","coordinates":[[[2.384692822211112,48.73774740722614],[2.384520416925524,48.73797473918541],[2.384488814623849,48.73796331796385],[2.384662004116256,48.73773580259239],[2.384692822211112,48.73774740722614]]]}},{"type":"Feature","id":"LFPO-476e2ea4d0eea85e44e0","properties":{"airport":"LFPO","name":"COLOR_Terrain4","layer":"Terrain","category":"Terrain 4","object_type":"Area","style_id":"polygon.terrain4.932a30","source_group":"COLOR_Terrain4","vsmr_group_ids":[],"geometry_role":"filled_region"},"geometry":{"type":"Polygon","coordinates":[[[2.384598803849316,48.73831527595127],[2.384629055631455,48.73830737232876],[2.38473663408604,48.73852291900867],[2.384704872938688,48.7385305968828],[2.384598803849316,48.73831527595127]]]}},{"type":"Feature","id":"LFPO-c554475ff03f4b2e991c","properties":{"airport":"LFPO","name":"COLOR_Terrain4","layer":"Terrain","category":"Terrain 4","object_type":"Area","style_id":"polygon.terrain4.932a30","source_group":"COLOR_Terrain4","vsmr_group_ids":[],"geometry_role":"filled_region"},"geometry":{"type":"Polygon","coordinates":[[[2.375166955797599,48.72346799099162],[2.375559583027247,48.72338220557225],[2.375568574492999,48.72340929136823],[2.375179857965293,48.72349423154462],[2.375166955797599,48.72346799099162]]]}},{"type":"Feature","id":"LFPO-0b6cdc292fd06de26de5","properties":{"airport":"LFPO","name":"COLOR_Terrain4","layer":"Terrain","category":"Terrain 4","object_type":"Area","style_id":"polygon.terrain4.932a30","source_group":"COLOR_Terrain4","vsmr_group_ids":[],"geometry_role":"filled_region"},"geometry":{"type":"Polygon","coordinates":[[[2.317258528604895,48.7187319226477],[2.317608357820531,48.71885305096539],[2.317593511943723,48.71887525789592],[2.317241082740382,48.71875661939465],[2.317258528604895,48.7187319226477]]]}},{"type":"Feature","id":"LFPO-60b513330069b3a6b154","properties":{"airport":"LFPO","name":"COLOR_Terrain4","layer":"Terrain","category":"Terrain 4","object_type":"Area","style_id":"polygon.terrain4.932a30","source_group":"COLOR_Terrain4","vsmr_group_ids":[],"geometry_role":"filled_region"},"geometry":{"type":"Polygon","coordinates":[[[2.357708553717832,48.72008963292308],[2.357881615188586,48.72028830560408],[2.357849288569485,48.72030252792696],[2.357678753601837,48.72010134462973],[2.357708553717832,48.72008963292308]]]}},{"type":"Feature","id":"LFPO-eb57099aae078856a848","properties":{"airport":"LFPO","name":"COLOR_Terrain4","layer":"Terrain","category":"Terrain 4","object_type":"Area","style_id":"polygon.terrain4.932a30","source_group":"COLOR_Terrain4","vsmr_group_ids":[],"geometry_role":"filled_region"},"geometry":{"type":"Polygon","coordinates":[[[2.365254436820918,48.72148431843503],[2.365656056048493,48.72155924217707],[2.365643436194531,48.72158029874816],[2.365241842334285,48.72150685623897],[2.365254436820918,48.72148431843503]]]}},{"type":"Feature","id":"LFPO-ea3f6d244e0aa9a11e73","properties":{"airport":"LFPO","name":"COLOR_RunwayMarking","layer":"Surface markings","category":"Surface markings","object_type":"Area","style_id":"polygon.runwaymarking.b3b3b3","source_group":"COLOR_RunwayMarking","vsmr_group_ids":[],"geometry_role":"filled_region"},"geometry":{"type":"Polygon","coordinates":[[[2.386597263511332,48.73751612950568],[2.386621478561957,48.73751115497],[2.386672599227118,48.73761137409939],[2.386705480823783,48.7376041341151],[2.386653272445662,48.7375046722328],[2.386597263511332,48.73751612950568],[2.386583752276781,48.73748945835614],[2.386664112919041,48.7374716609165],[2.386743341604594,48.73762711614087],[2.386662788529983,48.73764449181541],[2.386597263511332,48.73751612950568]]]}},{"type":"Feature","id":"LFPO-639f2afaea37abba7fe6","properties":{"airport":"LFPO","name":"COLOR_RunwayMarking","layer":"Surface markings","category":"Surface markings","object_type":"Area","style_id":"polygon.runwaymarking.b3b3b3","source_group":"COLOR_RunwayMarking","vsmr_group_ids":[],"geometry_role":"filled_region"},"geometry":{"type":"Polygon","coordinates":[[[2.395501251422252,48.72630076370849],[2.395524358162313,48.7262475143844],[2.395635728453003,48.72626826904447],[2.395619790143191,48.72630720401022],[2.395703785591947,48.7263228346444],[2.39572091787404,48.72628363979089],[2.395761874674671,48.72629146074408],[2.395738653350648,48.72634445912706],[2.395572225466853,48.726313452099],[2.395589416326249,48.72627461341286],[2.395560206177649,48.72626896659027],[2.395543179682535,48.72630830763127],[2.395501251422252,48.72630076370849]]]}},{"type":"Feature","id":"LFPO-ebc0a6a981a2153ca22a","properties":{"airport":"LFPO","name":"COLOR_RunwayMarking","layer":"Surface markings","category":"Surface markings","object_type":"Area","style_id":"polygon.runwaymarking.b3b3b3","source_group":"COLOR_RunwayMarking","vsmr_group_ids":[],"geometry_role":"filled_region"},"geometry":{"type":"Polygon","coordinates":[[[2.3600870318497,48.73522814057964],[2.360116516146185,48.73519341467957],[2.360097501094212,48.73518638043549],[2.359983656934472,48.73519153730124],[2.359907581815268,48.73516492207073],[2.359947213145486,48.73511636191684],[2.360005375694783,48.73513687565278],[2.359993736349495,48.73515077845683],[2.359972956683867,48.73514283249024],[2.359954983924246,48.73516417081883],[2.359987098240013,48.73517550611949],[2.360100613809837,48.73517091262409],[2.36016364297972,48.73519328784192],[2.360124845448213,48.73524098283166],[2.3600870318497,48.73522814057964]]]}},{"type":"Feature","id":"LFPO-1ade9790536c43481f69","properties":{"airport":"LFPO","name":"COLOR_RunwayMarking","layer":"Surface markings","category":"Surface markings","object_type":"Area","style_id":"polygon.runwaymarking.b3b3b3","source_group":"COLOR_RunwayMarking","vsmr_group_ids":[],"geometry_role":"filled_region"},"geometry":{"type":"Polygon","coordinates":[[[2.359972814034894,48.73529643106569],[2.359982825702369,48.73528523950876],[2.35991328482889,48.73526072996207],[2.35992358997047,48.73524662086608],[2.359993364444428,48.73527195329358],[2.360008654545873,48.73525296477194],[2.359857853650622,48.73522546108582],[2.359870036365799,48.73521071140869],[2.360063248171553,48.73524649782219],[2.360031054851324,48.73528461478065],[2.360077824300137,48.73530119204585],[2.360066014533513,48.73531471780847],[2.360019710823007,48.7352981706176],[2.360011019160977,48.73530898512249],[2.359972814034894,48.73529643106569]]]}},{"type":"Feature","id":"LFPO-5940c454b876eaa3eaf2","properties":{"airport":"LFPO","name":"COLOR_RunwayMarking","layer":"Surface markings","category":"Surface markings","object_type":"Area","style_id":"polygon.runwaymarking.b3b3b3","source_group":"COLOR_RunwayMarking","vsmr_group_ids":[],"geometry_role":"filled_region"},"geometry":{"type":"Polygon","coordinates":[[[2.321085177434024,48.72147557019838],[2.321266532542774,48.72154034877729],[2.321254824413648,48.72155365752659],[2.321111148241288,48.72150268820313],[2.321094425826076,48.72152399042877],[2.321236647427152,48.72157421268465],[2.321266542818854,48.72154038233607],[2.321302824895597,48.72155315174857],[2.32126363436008,48.72160130896589],[2.321045373658688,48.72152400705466],[2.321085177434024,48.72147557019838]]]}},{"type":"Feature","id":"LFPO-8d95ea4a6ec288e29908","properties":{"airport":"LFPO","name":"COLOR_RunwayMarking","layer":"Surface markings","category":"Surface markings","object_type":"Area","style_id":"polygon.runwaymarking.b3b3b3","source_group":"COLOR_RunwayMarking","vsmr_group_ids":[],"geometry_role":"filled_region"},"geometry":{"type":"Polygon","coordinates":[[[2.321153012988817,48.72139127916298],[2.321249244211787,48.72142618142917],[2.321238439728439,48.72143943089386],[2.321179401938542,48.72141787706996],[2.3211617491891,48.72143994553253],[2.321221164786302,48.72146107023461],[2.321249225657729,48.72142612402717],[2.321286795326745,48.72143925620847],[2.321257850363099,48.72147408998211],[2.3212974956155,48.72148780594804],[2.321345207158536,48.72147635717432],[2.321373591898215,48.72148657731692],[2.321294964268148,48.72150456787782],[2.321113635802825,48.72144040524511],[2.321153012988817,48.72139127916298]]]}},{"type":"Feature","id":"LFPO-ab17671096a1fe7f46aa","properties":{"airport":"LFPO","name":"COLOR_RunwayMarking","layer":"Surface markings","category":"Surface markings","object_type":"Area","style_id":"polygon.runwaymarking.b3b3b3","source_group":"COLOR_RunwayMarking","vsmr_group_ids":[],"geometry_role":"filled_region"},"geometry":{"type":"Polygon","coordinates":[[[2.359215556284349,48.71954583805186],[2.359412755501324,48.71958219381872],[2.359406072138102,48.71959676459555],[2.359251233417017,48.71956785489503],[2.359241046269611,48.71959222645634],[2.35939549568225,48.71962101175714],[2.359412785686599,48.71958205707279],[2.359454134450152,48.71958982309557],[2.359431208485865,48.7196431616842],[2.359193304937224,48.71959917303533],[2.359215556284349,48.71954583805186]]]}},{"type":"Feature","id":"LFPO-9928eb888df6fc1c3797","properties":{"airport":"LFPO","name":"COLOR_RunwayMarking","layer":"Surface markings","category":"Surface markings","object_type":"Area","style_id":"polygon.runwaymarking.b3b3b3","source_group":"COLOR_RunwayMarking","vsmr_group_ids":[],"geometry_role":"filled_region"},"geometry":{"type":"Polygon","coordinates":[[[2.359427958676243,48.71954408095212],[2.359447720291088,48.71949829585528],[2.359237215432823,48.71949483627878],[2.359243710282122,48.71948010921497],[2.359498080981306,48.71948500297377],[2.3594698314402,48.71955167461713],[2.359427958676243,48.71954408095212]]]}},{"type":"Feature","id":"LFPO-d49ce3604d342b93bcbf","properties":{"airport":"LFPO","name":"COLOR_RunwayMarking","layer":"Surface markings","category":"Surface markings","object_type":"Area","style_id":"polygon.runwaymarking.b3b3b3","source_group":"COLOR_RunwayMarking","vsmr_group_ids":[],"geometry_role":"filled_region"},"geometry":{"type":"Polygon","coordinates":[[[2.395597799073426,48.72617848182458],[2.395588444402468,48.72620168109501],[2.395623346461631,48.72620787096165],[2.395731060382813,48.72618668383364],[2.395801012945815,48.72619970611188],[2.395778329011264,48.72625278276642],[2.395736279261003,48.72624534530616],[2.395752633737296,48.72620741841637],[2.395731704058506,48.72620352797341],[2.395623908701985,48.72622463730718],[2.395540168233905,48.72620921733667],[2.39556239690303,48.72615529745905],[2.395628151126656,48.72616752027553],[2.395621744331962,48.72618308495674],[2.395597799073426,48.72617848182458]]]}},{"type":"Feature","id":"LFPO-70a2685d0a4ad6821515","properties":{"airport":"LFPO","name":"COLOR_RunwayMarking","layer":"Surface markings","category":"Surface markings","object_type":"Area","style_id":"polygon.runwaymarking.b3b3b3","source_group":"COLOR_RunwayMarking","vsmr_group_ids":[],"geometry_role":"filled_region"},"geometry":{"type":"Polygon","coordinates":[[[2.37680578371485,48.71798485865641],[2.376885005820406,48.71796678119029],[2.376948653798314,48.71809480306166],[2.376925624391193,48.7180997176431],[2.376876400198451,48.7179978526806],[2.376842674912307,48.71800530712697],[2.376892328303486,48.71810681752931],[2.376948704112027,48.71809476525427],[2.376961061959892,48.71812102696503],[2.376882626137955,48.7181380295413],[2.37680578371485,48.71798485865641]]]}},{"type":"Feature","id":"LFPO-0c688ee6fb5e10d5d7d7","properties":{"airport":"LFPO","name":"COLOR_RunwayMarking","layer":"Surface markings","category":"Surface markings","object_type":"Area","style_id":"polygon.runwaymarking.b3b3b3","source_group":"COLOR_RunwayMarking","vsmr_group_ids":[],"geometry_role":"filled_region"},"geometry":{"type":"Polygon","coordinates":[[[2.37702879176074,48.7180756967189],[2.377063604805947,48.71806878514668],[2.377051054386943,48.71804508207443],[2.376964219231137,48.71799917845163],[2.376942153759327,48.71795343502053],[2.377021885674497,48.71793591984673],[2.377033609302865,48.71796310745898],[2.3769778353114,48.71797534248856],[2.376984002173321,48.71798956129132],[2.377071196427198,48.71803552923624],[2.377097504430254,48.7180903598069],[2.37701989461528,48.71810748135801],[2.376999037532019,48.71806656982248],[2.377021251903881,48.7180614687752],[2.37702879176074,48.7180756967189]]]}},{"type":"Feature","id":"LFPO-6c3ad2b8be9b91f73412","properties":{"airport":"LFPO","name":"COLOR_RunwayMarking","layer":"Surface markings","category":"Surface markings","object_type":"Area","style_id":"polygon.runwaymarking.b3b3b3","source_group":"COLOR_RunwayMarking","vsmr_group_ids":[],"geometry_role":"filled_region"},"geometry":{"type":"Polygon","coordinates":[[[2.38679151738364,48.7374744006204],[2.386761011164529,48.73748076558132],[2.386771692154341,48.73750590791789],[2.386857113887189,48.73755114399034],[2.386880485756349,48.73759875288823],[2.386799921723624,48.73761554369277],[2.386784791384162,48.73758726047243],[2.386839819521749,48.73757596620991],[2.386832191944459,48.73756121838318],[2.38674881501316,48.73751596721668],[2.386720838764682,48.7374586380266],[2.386802696346915,48.73744223298412],[2.386823541394623,48.73748613916597],[2.386799147029175,48.73749082547604],[2.38679151738364,48.7374744006204]]]}},{"type":"Feature","id":"LFPO-0e302b45028c86130784","properties":{"airport":"LFPO","name":"COLOR_RunwayMarking","layer":"Surface markings","category":"Surface markings","object_type":"Area","style_id":"polygon.runwaymarking.b3b3b3","source_group":"COLOR_RunwayMarking","vsmr_group_ids":[],"geometry_role":"filled_region"},"geometry":{"type":"Polygon","coordinates":[[[2.320665987193404,48.72107816631523],[2.320690581140823,48.72108764189316],[2.32040740108276,48.72143852149092],[2.320381781415493,48.72142972178369],[2.320665987193404,48.72107816631523]]]}},{"type":"Feature","id":"LFPO-f230d0732a3523b67ec2","properties":{"airport":"LFPO","name":"COLOR_RunwayMarking","layer":"Surface markings","category":"Surface markings","object_type":"Area","style_id":"polygon.runwaymarking.b3b3b3","source_group":"COLOR_RunwayMarking","vsmr_group_ids":[],"geometry_role":"filled_region"},"geometry":{"type":"Polygon","coordinates":[[[2.320474556677186,48.72142633339579],[2.320837988258815,48.72155405052472],[2.320825315145896,48.72156970808829],[2.320462590050536,48.72144153701258],[2.320474556677186,48.72142633339579]]]}},{"type":"Feature","id":"LFPO-069ab703ea65e0cd881c","properties":{"airport":"LFPO","name":"COLOR_RunwayMarking","layer":"Surface markings","category":"Surface markings","object_type":"Area","style_id":"polygon.runwaymarking.b3b3b3","source_group":"COLOR_RunwayMarking","vsmr_group_ids":[],"geometry_role":"filled_region"},"geometry":{"type":"Polygon","coordinates":[[[2.320498588145541,48.72139892546488],[2.320859573393195,48.72152759414135],[2.320846632686389,48.7215434301932],[2.320483799875472,48.72141537010202],[2.320498588145541,48.72139892546488]]]}},{"type":"Feature","id":"LFPO-64cf8c072b95d401bb14","properties":{"airport":"LFPO","name":"COLOR_RunwayMarking","layer":"Surface markings","category":"Surface markings","object_type":"Area","style_id":"polygon.runwaymarking.b3b3b3","source_group":"COLOR_RunwayMarking","vsmr_group_ids":[],"geometry_role":"filled_region"},"geometry":{"type":"Polygon","coordinates":[[[2.32051914798755,48.72137223879133],[2.320880358670434,48.72149995687297],[2.320867967579701,48.72151574199593],[2.320505984792376,48.72138735232033],[2.32051914798755,48.72137223879133]]]}},{"type":"Feature","id":"LFPO-c41d5b2c9653c898490e","properties":{"airport":"LFPO","name":"COLOR_RunwayMarking","layer":"Surface markings","category":"Surface markings","object_type":"Area","style_id":"polygon.runwaymarking.b3b3b3","source_group":"COLOR_RunwayMarking","vsmr_group_ids":[],"geometry_role":"filled_region"},"geometry":{"type":"Polygon","coordinates":[[[2.320540134562787,48.7213461472288],[2.320902942853078,48.72147344806573],[2.320889135175856,48.72148861301757],[2.320527880479299,48.72136039882017],[2.320540134562787,48.7213461472288]]]}},{"type":"Feature","id":"LFPO-ffba6920d6cbf51a7c2f","properties":{"airport":"LFPO","name":"COLOR_RunwayMarking","layer":"Surface markings","category":"Surface markings","object_type":"Area","style_id":"polygon.runwaymarking.b3b3b3","source_group":"COLOR_RunwayMarking","vsmr_group_ids":[],"geometry_role":"filled_region"},"geometry":{"type":"Polygon","coordinates":[[[2.320562952424428,48.72131934197431],[2.320924994609899,48.72144739006147],[2.320912553541323,48.7214616003376],[2.320549647909098,48.72133413261425],[2.320562952424428,48.72131934197431]]]}},{"type":"Feature","id":"LFPO-10ecea9a2af89dc5e9af","properties":{"airport":"LFPO","name":"COLOR_RunwayMarking","layer":"Surface markings","category":"Surface markings","object_type":"Area","style_id":"polygon.runwaymarking.b3b3b3","source_group":"COLOR_RunwayMarking","vsmr_group_ids":[],"geometry_role":"filled_region"},"geometry":{"type":"Polygon","coordinates":[[[2.320583690774485,48.72129201358989],[2.320947031020935,48.72141944712621],[2.320934056897859,48.72143483590346],[2.320572906596874,48.72130677109116],[2.320583690774485,48.72129201358989]]]}},{"type":"Feature","id":"LFPO-62f67dc1f54877cd1c72","properties":{"airport":"LFPO","name":"COLOR_RunwayMarking","layer":"Surface markings","category":"Surface markings","object_type":"Area","style_id":"polygon.runwaymarking.b3b3b3","source_group":"COLOR_RunwayMarking","vsmr_group_ids":[],"geometry_role":"filled_region"},"geometry":{"type":"Polygon","coordinates":[[[2.322264700407057,48.72195959239835],[2.322536137122941,48.72205717154923],[2.322479380914089,48.72212517283381],[2.322207083766279,48.7220287269351],[2.322264700407057,48.72195959239835]]]}},{"type":"Feature","id":"LFPO-c1378d7353b022480f2c","properties":{"airport":"LFPO","name":"COLOR_RunwayMarking","layer":"Surface markings","category":"Surface markings","object_type":"Area","style_id":"polygon.runwaymarking.b3b3b3","source_group":"COLOR_RunwayMarking","vsmr_group_ids":[],"geometry_role":"filled_region"},"geometry":{"type":"Polygon","coordinates":[[[2.322377356578129,48.72181962209108],[2.322431535380134,48.72175105326489],[2.322705581256725,48.72184837108247],[2.32264859468984,48.72191551168824],[2.322377356578129,48.72181962209108]]]}},{"type":"Feature","id":"LFPO-ed01ebfcb2aea34bb7e4","properties":{"airport":"LFPO","name":"COLOR_RunwayMarking","layer":"Surface markings","category":"Surface markings","object_type":"Area","style_id":"polygon.runwaymarking.b3b3b3","source_group":"COLOR_RunwayMarking","vsmr_group_ids":[],"geometry_role":"filled_region"},"geometry":{"type":"Polygon","coordinates":[[[2.324005631344608,48.72266529343723],[2.324059923087309,48.7225975249487],[2.324334347126202,48.72269238979606],[2.324277120832459,48.72276112659134],[2.324005631344608,48.72266529343723]]]}},{"type":"Feature","id":"LFPO-7bb893e318f6d35df108","properties":{"airport":"LFPO","name":"COLOR_RunwayMarking","layer":"Surface markings","category":"Surface markings","object_type":"Area","style_id":"polygon.runwaymarking.b3b3b3","source_group":"COLOR_RunwayMarking","vsmr_group_ids":[],"geometry_role":"filled_region"},"geometry":{"type":"Polygon","coordinates":[[[2.324177744553433,48.72245475030862],[2.324229385353329,48.72238660647416],[2.324501147989484,48.72248475467844],[2.324449507388109,48.72255127615491],[2.324177744553433,48.72245475030862]]]}},{"type":"Feature","id":"LFPO-cab78c4d39f57cb6399c","properties":{"airport":"LFPO","name":"COLOR_RunwayMarking","layer":"Surface markings","category":"Surface markings","object_type":"Area","style_id":"polygon.runwaymarking.b3b3b3","source_group":"COLOR_RunwayMarking","vsmr_group_ids":[],"geometry_role":"filled_region"},"geometry":{"type":"Polygon","coordinates":[[[2.320616180972617,48.72125058543522],[2.320979898585145,48.7213806902577],[2.320966060741654,48.72139550864771],[2.320604070958066,48.72126597447191],[2.320616180972617,48.72125058543522]]]}},{"type":"Feature","id":"LFPO-3c2d049fc08221501bb2","properties":{"airport":"LFPO","name":"COLOR_RunwayMarking","layer":"Surface markings","category":"Surface markings","object_type":"Area","style_id":"polygon.runwaymarking.b3b3b3","source_group":"COLOR_RunwayMarking","vsmr_group_ids":[],"geometry_role":"filled_region"},"geometry":{"type":"Polygon","coordinates":[[[2.320638999594309,48.72122469917159],[2.32100127920382,48.72135317472225],[2.320988550123071,48.72136758051902],[2.320626367581713,48.72124012752248],[2.320638999594309,48.72122469917159]]]}},{"type":"Feature","id":"LFPO-485f89c32aad4b93343f","properties":{"airport":"LFPO","name":"COLOR_RunwayMarking","layer":"Surface markings","category":"Surface markings","object_type":"Area","style_id":"polygon.runwaymarking.b3b3b3","source_group":"COLOR_RunwayMarking","vsmr_group_ids":[],"geometry_role":"filled_region"},"geometry":{"type":"Polygon","coordinates":[[[2.320659922544002,48.72119760983926],[2.321022422439882,48.72132528008316],[2.321009068524169,48.72134034906077],[2.32064852185379,48.72121224995275],[2.320659922544002,48.72119760983926]]]}},{"type":"Feature","id":"LFPO-b4f0adb369dff9ed1749","properties":{"airport":"LFPO","name":"COLOR_RunwayMarking","layer":"Surface markings","category":"Surface markings","object_type":"Area","style_id":"polygon.runwaymarking.b3b3b3","source_group":"COLOR_RunwayMarking","vsmr_group_ids":[],"geometry_role":"filled_region"},"geometry":{"type":"Polygon","coordinates":[[[2.32068142538401,48.72117056056262],[2.321045226703859,48.72129866062239],[2.321031544546193,48.72131411696084],[2.320669696696949,48.72118515856436],[2.32068142538401,48.72117056056262]]]}},{"type":"Feature","id":"LFPO-d23b7c34e73af6340225","properties":{"airport":"LFPO","name":"COLOR_RunwayMarking","layer":"Surface markings","category":"Surface markings","object_type":"Area","style_id":"polygon.runwaymarking.b3b3b3","source_group":"COLOR_RunwayMarking","vsmr_group_ids":[],"geometry_role":"filled_region"},"geometry":{"type":"Polygon","coordinates":[[[2.320691199141653,48.72115853873573],[2.320704231053903,48.72114222329536],[2.321066077677687,48.72127246998391],[2.321053698775044,48.72128620888207],[2.320691199141653,48.72115853873573]]]}},{"type":"Feature","id":"LFPO-08b2c75b65f2023d2e7b","properties":{"airport":"LFPO","name":"COLOR_RunwayMarking","layer":"Surface markings","category":"Surface markings","object_type":"Area","style_id":"polygon.runwaymarking.b3b3b3","source_group":"COLOR_RunwayMarking","vsmr_group_ids":[],"geometry_role":"filled_region"},"geometry":{"type":"Polygon","coordinates":[[[2.320714654780764,48.72113149008061],[2.320727034402492,48.72111689228843],[2.321088882514006,48.7212449915712],[2.321076502987023,48.72125958941008],[2.320714654780764,48.72113149008061]]]}},{"type":"Feature","id":"LFPO-d610ccd909d2611e068a","properties":{"airport":"LFPO","name":"COLOR_RunwayMarking","layer":"Surface markings","category":"Surface markings","object_type":"Area","style_id":"polygon.runwaymarking.b3b3b3","source_group":"COLOR_RunwayMarking","vsmr_group_ids":[],"geometry_role":"filled_region"},"geometry":{"type":"Polygon","coordinates":[[[2.326456400017389,48.72353815843126],[2.326515520204695,48.72346583093535],[2.327057261374219,48.72365726169302],[2.326997651619587,48.72373016926539],[2.326456400017389,48.72353815843126]]]}},{"type":"Feature","id":"LFPO-08e6a57201c19badd81a","properties":{"airport":"LFPO","name":"COLOR_RunwayMarking","layer":"Surface markings","category":"Surface markings","object_type":"Area","style_id":"polygon.runwaymarking.b3b3b3","source_group":"COLOR_RunwayMarking","vsmr_group_ids":[],"geometry_role":"filled_region"},"geometry":{"type":"Polygon","coordinates":[[[2.326688163451933,48.72324820642814],[2.327230209422901,48.7234418612138],[2.327172346345452,48.72351356446189],[2.326629711728971,48.72332154006049],[2.326688163451933,48.72324820642814]]]}},{"type":"Feature","id":"LFPO-e4336631d3ac76c623ac","properties":{"airport":"LFPO","name":"COLOR_RunwayMarking","layer":"Surface markings","category":"Surface markings","object_type":"Area","style_id":"polygon.runwaymarking.b3b3b3","source_group":"COLOR_RunwayMarking","vsmr_group_ids":[],"geometry_role":"filled_region"},"geometry":{"type":"Polygon","coordinates":[[[2.327655021025177,48.72387046810948],[2.327928903715264,48.72396629378866],[2.32789384080327,48.72400705651281],[2.327621627783465,48.723911230645],[2.327655021025177,48.72387046810948]]]}},{"type":"Feature","id":"LFPO-bd91fc079ae3c936f084","properties":{"airport":"LFPO","name":"COLOR_RunwayMarking","layer":"Surface markings","category":"Surface markings","object_type":"Area","style_id":"polygon.runwaymarking.b3b3b3","source_group":"COLOR_RunwayMarking","vsmr_group_ids":[],"geometry_role":"filled_region"},"geometry":{"type":"Polygon","coordinates":[[[2.327771830762639,48.72372756462449],[2.327805158347012,48.72368553775316],[2.328078136764142,48.72378242823913],[2.328043293150008,48.72382381227843],[2.327771830762639,48.72372756462449]]]}},{"type":"Feature","id":"LFPO-08138c229f395090163a","properties":{"airport":"LFPO","name":"COLOR_RunwayMarking","layer":"Surface markings","category":"Surface markings","object_type":"Area","style_id":"polygon.runwaymarking.b3b3b3","source_group":"COLOR_RunwayMarking","vsmr_group_ids":[],"geometry_role":"filled_region"},"geometry":{"type":"Polygon","coordinates":[[[2.32945484590565,48.72450649089248],[2.32972694188234,48.72460227249563],[2.32971469670193,48.72461785575789],[2.329442600660092,48.72452207412456],[2.32945484590565,48.72450649089248]]]}},{"type":"Feature","id":"LFPO-951466f6620946452924","properties":{"airport":"LFPO","name":"COLOR_RunwayMarking","layer":"Surface markings","category":"Surface markings","object_type":"Area","style_id":"polygon.runwaymarking.b3b3b3","source_group":"COLOR_RunwayMarking","vsmr_group_ids":[],"geometry_role":"filled_region"},"geometry":{"type":"Polygon","coordinates":[[[2.32956942657798,48.72436335588067],[2.329581671943002,48.72434892689003],[2.32985342633619,48.72444434256454],[2.329840349500336,48.72446027300332],[2.32956942657798,48.72436335588067]]]}},{"type":"Feature","id":"LFPO-6c9bf25ccc0e3ba7a445","properties":{"airport":"LFPO","name":"COLOR_RunwayMarking","layer":"Surface markings","category":"Surface markings","object_type":"Area","style_id":"polygon.runwaymarking.b3b3b3","source_group":"COLOR_RunwayMarking","vsmr_group_ids":[],"geometry_role":"filled_region"},"geometry":{"type":"Polygon","coordinates":[[[2.331251126993803,48.72514256025293],[2.331524818898263,48.72523811163909],[2.331511742384271,48.7252540422763],[2.331239056149919,48.72515649959239],[2.331251126993803,48.72514256025293]]]}},{"type":"Feature","id":"LFPO-a1d964376a0491737f4b","properties":{"airport":"LFPO","name":"COLOR_RunwayMarking","layer":"Surface markings","category":"Surface markings","object_type":"Area","style_id":"polygon.runwaymarking.b3b3b3","source_group":"COLOR_RunwayMarking","vsmr_group_ids":[],"geometry_role":"filled_region"},"geometry":{"type":"Polygon","coordinates":[[[2.331378874049097,48.7249839181979],[2.331651559397918,48.72508079681685],[2.331638482824814,48.72509606373176],[2.331366803838286,48.72500051244368],[2.331378874049097,48.7249839181979]]]}},{"type":"Feature","id":"LFPO-cf554b819bfe9b12a601","properties":{"airport":"LFPO","name":"COLOR_RunwayMarking","layer":"Surface markings","category":"Surface markings","object_type":"Area","style_id":"polygon.runwaymarking.b3b3b3","source_group":"COLOR_RunwayMarking","vsmr_group_ids":[],"geometry_role":"filled_region"},"geometry":{"type":"Polygon","coordinates":[[[2.349553703042357,48.73163556593483],[2.349568963232049,48.73161989562079],[2.34984047090917,48.73171718387886],[2.349826907689183,48.73173341332037],[2.349553703042357,48.73163556593483]]]}},{"type":"Feature","id":"LFPO-aa93f18f2eab0e7e8153","properties":{"airport":"LFPO","name":"COLOR_RunwayMarking","layer":"Surface markings","category":"Surface markings","object_type":"Area","style_id":"polygon.runwaymarking.b3b3b3","source_group":"COLOR_RunwayMarking","vsmr_group_ids":[],"geometry_role":"filled_region"},"geometry":{"type":"Polygon","coordinates":[[[2.349693570836184,48.7314631993269],[2.349967622768012,48.73155992720695],[2.349954907583547,48.73157559692496],[2.349680855565028,48.73147886902178],[2.349693570836184,48.7314631993269]]]}},{"type":"Feature","id":"LFPO-6d240f160041441962f4","properties":{"airport":"LFPO","name":"COLOR_RunwayMarking","layer":"Surface markings","category":"Surface markings","object_type":"Area","style_id":"polygon.runwaymarking.b3b3b3","source_group":"COLOR_RunwayMarking","vsmr_group_ids":[],"geometry_role":"filled_region"},"geometry":{"type":"Polygon","coordinates":[[[2.351354131186489,48.73227145000982],[2.351366650470599,48.73225546990084],[2.351638119902313,48.73235165472929],[2.351626171310137,48.73236864723209],[2.351354131186489,48.73227145000982]]]}},{"type":"Feature","id":"LFPO-708598c1b2da002deede","properties":{"airport":"LFPO","name":"COLOR_RunwayMarking","layer":"Surface markings","category":"Surface markings","object_type":"Area","style_id":"polygon.runwaymarking.b3b3b3","source_group":"COLOR_RunwayMarking","vsmr_group_ids":[],"geometry_role":"filled_region"},"geometry":{"type":"Polygon","coordinates":[[[2.351481588251472,48.73211505942355],[2.351495377422537,48.73209927994955],[2.351767423172144,48.73219487187974],[2.35175244780168,48.73221217372411],[2.351481588251472,48.73211505942355]]]}},{"type":"Feature","id":"LFPO-341f0208a0bf587f7c6b","properties":{"airport":"LFPO","name":"COLOR_RunwayMarking","layer":"Surface markings","category":"Surface markings","object_type":"Area","style_id":"polygon.runwaymarking.b3b3b3","source_group":"COLOR_RunwayMarking","vsmr_group_ids":[],"geometry_role":"filled_region"},"geometry":{"type":"Polygon","coordinates":[[[2.353130201965656,48.73293423564617],[2.353165101396681,48.73289254116735],[2.353437088765069,48.73298790064174],[2.353401357981497,48.73302959542452],[2.353130201965656,48.73293423564617]]]}},{"type":"Feature","id":"LFPO-7dc7778b0c533fc9372a","properties":{"airport":"LFPO","name":"COLOR_RunwayMarking","layer":"Surface markings","category":"Surface markings","object_type":"Area","style_id":"polygon.runwaymarking.b3b3b3","source_group":"COLOR_RunwayMarking","vsmr_group_ids":[],"geometry_role":"filled_region"},"geometry":{"type":"Polygon","coordinates":[[[2.353278935964054,48.73275100065365],[2.353314282843717,48.732709487102],[2.353584548490819,48.73280499385115],[2.353548359291282,48.73284663619824],[2.353278935964054,48.73275100065365]]]}},{"type":"Feature","id":"LFPO-416ac84772e213abc4a2","properties":{"airport":"LFPO","name":"COLOR_RunwayMarking","layer":"Surface markings","category":"Surface markings","object_type":"Area","style_id":"polygon.runwaymarking.b3b3b3","source_group":"COLOR_RunwayMarking","vsmr_group_ids":[],"geometry_role":"filled_region"},"geometry":{"type":"Polygon","coordinates":[[[2.354836490704817,48.73357484885222],[2.354894389260087,48.73350316991935],[2.355436739158439,48.73369410677973],[2.355375737940042,48.733767151908],[2.354836490704817,48.73357484885222]]]}},{"type":"Feature","id":"LFPO-4cddd1438aa19f18c260","properties":{"airport":"LFPO","name":"COLOR_RunwayMarking","layer":"Surface markings","category":"Surface markings","object_type":"Area","style_id":"polygon.runwaymarking.b3b3b3","source_group":"COLOR_RunwayMarking","vsmr_group_ids":[],"geometry_role":"filled_region"},"geometry":{"type":"Polygon","coordinates":[[[2.355009152519842,48.73336254234469],[2.355067050138342,48.73329018081942],[2.355607725323805,48.73348070344397],[2.355550041466534,48.73355287054568],[2.355009152519842,48.73336254234469]]]}},{"type":"Feature","id":"LFPO-28426abe70c1152e117e","properties":{"airport":"LFPO","name":"COLOR_RunwayMarking","layer":"Surface markings","category":"Surface markings","object_type":"Area","style_id":"polygon.runwaymarking.b3b3b3","source_group":"COLOR_RunwayMarking","vsmr_group_ids":[],"geometry_role":"filled_region"},"geometry":{"type":"Polygon","coordinates":[[[2.356761624966621,48.73416475709912],[2.357034026285683,48.73425884084751],[2.356978550854214,48.73432686908672],[2.356707470560921,48.73423191289044],[2.356761624966621,48.73416475709912]]]}},{"type":"Feature","id":"LFPO-6c2f0f629ab12113515c","properties":{"airport":"LFPO","name":"COLOR_RunwayMarking","layer":"Surface markings","category":"Surface markings","object_type":"Area","style_id":"polygon.runwaymarking.b3b3b3","source_group":"COLOR_RunwayMarking","vsmr_group_ids":[],"geometry_role":"filled_region"},"geometry":{"type":"Polygon","coordinates":[[[2.356933333582907,48.73395282364301],[2.357201770981856,48.73405126788928],[2.357147617442283,48.73411842382909],[2.356875214983774,48.73402172457516],[2.356933333582907,48.73395282364301]]]}},{"type":"Feature","id":"LFPO-4e1e4e02cecc6d9a75c2","properties":{"airport":"LFPO","name":"COLOR_RunwayMarking","layer":"Surface markings","category":"Surface markings","object_type":"Area","style_id":"polygon.runwaymarking.b3b3b3","source_group":"COLOR_RunwayMarking","vsmr_group_ids":[],"geometry_role":"filled_region"},"geometry":{"type":"Polygon","coordinates":[[[2.358561540617585,48.73479857633154],[2.358829984075788,48.73489440098059],[2.358775833013913,48.73496330164112],[2.358506067778203,48.73486834924395],[2.358561540617585,48.73479857633154]]]}},{"type":"Feature","id":"LFPO-28477ecdaa8e0ffe849f","properties":{"airport":"LFPO","name":"COLOR_RunwayMarking","layer":"Surface markings","category":"Surface markings","object_type":"Area","style_id":"polygon.runwaymarking.b3b3b3","source_group":"COLOR_RunwayMarking","vsmr_group_ids":[],"geometry_role":"filled_region"},"geometry":{"type":"Polygon","coordinates":[[[2.358729278885321,48.73458838519219],[2.359001689250166,48.73468595200033],[2.358944893177282,48.73475310983178],[2.358675128363454,48.73465815782841],[2.358729278885321,48.73458838519219]]]}},{"type":"Feature","id":"LFPO-1f1b2730f56ecfdae557","properties":{"airport":"LFPO","name":"COLOR_RunwayMarking","layer":"Surface markings","category":"Surface markings","object_type":"Area","style_id":"polygon.runwaymarking.b3b3b3","source_group":"COLOR_RunwayMarking","vsmr_group_ids":[],"geometry_role":"filled_region"},"geometry":{"type":"Polygon","coordinates":[[[2.360136871547909,48.73545562791448],[2.36049524424083,48.73558193574965],[2.360484323924199,48.735597035931],[2.360124525525564,48.73547053991048],[2.360136871547909,48.73545562791448]]]}},{"type":"Feature","id":"LFPO-c56f3456a2d9b742b8b3","properties":{"airport":"LFPO","name":"COLOR_RunwayMarking","layer":"Surface markings","category":"Surface markings","object_type":"Area","style_id":"polygon.runwaymarking.b3b3b3","source_group":"COLOR_RunwayMarking","vsmr_group_ids":[],"geometry_role":"filled_region"},"geometry":{"type":"Polygon","coordinates":[[[2.36014591409448,48.73544229050001],[2.360156608709534,48.73542863647423],[2.360518548260824,48.73555560235753],[2.360505713034682,48.73556972785215],[2.36014591409448,48.73544229050001]]]}},{"type":"Feature","id":"LFPO-3d6e752608b45e98f697","properties":{"airport":"LFPO","name":"COLOR_RunwayMarking","layer":"Surface markings","category":"Surface markings","object_type":"Area","style_id":"polygon.runwaymarking.b3b3b3","source_group":"COLOR_RunwayMarking","vsmr_group_ids":[],"geometry_role":"filled_region"},"geometry":{"type":"Polygon","coordinates":[[[2.360179426066258,48.73540226933973],[2.360539936943549,48.73552782353525],[2.360527102464649,48.73554289043887],[2.36016944476841,48.73541545242031],[2.360179426066258,48.73540226933973]]]}},{"type":"Feature","id":"LFPO-e63cd1e62be497589fe4","properties":{"airport":"LFPO","name":"COLOR_RunwayMarking","layer":"Surface markings","category":"Surface markings","object_type":"Area","style_id":"polygon.runwaymarking.b3b3b3","source_group":"COLOR_RunwayMarking","vsmr_group_ids":[],"geometry_role":"filled_region"},"geometry":{"type":"Polygon","coordinates":[[[2.360200596945008,48.73537549361476],[2.360561916457378,48.73550154773388],[2.360549886948189,48.7355156696875],[2.360189904486849,48.73538873271026],[2.360200596945008,48.73537549361476]]]}},{"type":"Feature","id":"LFPO-433cc014f81b7271d86d","properties":{"airport":"LFPO","name":"COLOR_RunwayMarking","layer":"Surface markings","category":"Surface markings","object_type":"Area","style_id":"polygon.runwaymarking.b3b3b3","source_group":"COLOR_RunwayMarking","vsmr_group_ids":[],"geometry_role":"filled_region"},"geometry":{"type":"Polygon","coordinates":[[[2.360223318973507,48.73534813260284],[2.360583301145198,48.73547506947129],[2.36057127199776,48.73548963261076],[2.360213295807789,48.73536181265381],[2.360223318973507,48.73534813260284]]]}},{"type":"Feature","id":"LFPO-34c9ebe32c790da816cb","properties":{"airport":"LFPO","name":"COLOR_RunwayMarking","layer":"Surface markings","category":"Surface markings","object_type":"Area","style_id":"polygon.runwaymarking.b3b3b3","source_group":"COLOR_RunwayMarking","vsmr_group_ids":[],"geometry_role":"filled_region"},"geometry":{"type":"Polygon","coordinates":[[[2.3602440341015,48.73532077231544],[2.360604684769949,48.73544726770827],[2.360592655982583,48.73546227203662],[2.360232673429596,48.73533489400737],[2.3602440341015,48.73532077231544]]]}},{"type":"Feature","id":"LFPO-dec4ae8ef60bdfb58a43","properties":{"airport":"LFPO","name":"COLOR_RunwayMarking","layer":"Surface markings","category":"Surface markings","object_type":"Area","style_id":"polygon.runwaymarking.b3b3b3","source_group":"COLOR_RunwayMarking","vsmr_group_ids":[],"geometry_role":"filled_region"},"geometry":{"type":"Polygon","coordinates":[[[2.360276779503849,48.73528017244914],[2.360638768865355,48.73540799082479],[2.360626740097913,48.73542299514699],[2.360264749946059,48.73529429437198],[2.360276779503849,48.73528017244914]]]}},{"type":"Feature","id":"LFPO-4b5efe0683bae51b1b0c","properties":{"airport":"LFPO","name":"COLOR_RunwayMarking","layer":"Surface markings","category":"Surface markings","object_type":"Area","style_id":"polygon.runwaymarking.b3b3b3","source_group":"COLOR_RunwayMarking","vsmr_group_ids":[],"geometry_role":"filled_region"},"geometry":{"type":"Polygon","coordinates":[[[2.360300170316016,48.73525281120199],[2.360659483168148,48.73537974806367],[2.360646785137142,48.73539431143822],[2.360286804283076,48.73526869831229],[2.360300170316016,48.73525281120199]]]}},{"type":"Feature","id":"LFPO-07ac146b97b381d896a8","properties":{"airport":"LFPO","name":"COLOR_RunwayMarking","layer":"Surface markings","category":"Surface markings","object_type":"Area","style_id":"polygon.runwaymarking.b3b3b3","source_group":"COLOR_RunwayMarking","vsmr_group_ids":[],"geometry_role":"filled_region"},"geometry":{"type":"Polygon","coordinates":[[[2.360319553235446,48.7352275467652],[2.36068090634624,48.73535254303326],[2.360667801366219,48.7353691858997],[2.360309259540969,48.73524113612358],[2.360319553235446,48.7352275467652]]]}},{"type":"Feature","id":"LFPO-cc25622a057412038352","properties":{"airport":"LFPO","name":"COLOR_RunwayMarking","layer":"Surface markings","category":"Surface markings","object_type":"Area","style_id":"polygon.runwaymarking.b3b3b3","source_group":"COLOR_RunwayMarking","vsmr_group_ids":[],"geometry_role":"filled_region"},"geometry":{"type":"Polygon","coordinates":[[[2.360343748868923,48.7351989205175],[2.360702077172332,48.73532724543739],[2.360690987744456,48.73534055994236],[2.36033064275263,48.73521423228845],[2.360343748868923,48.7351989205175]]]}},{"type":"Feature","id":"LFPO-cab226e109c4e0045218","properties":{"airport":"LFPO","name":"COLOR_RunwayMarking","layer":"Surface markings","category":"Surface markings","object_type":"Area","style_id":"polygon.runwaymarking.b3b3b3","source_group":"COLOR_RunwayMarking","vsmr_group_ids":[],"geometry_role":"filled_region"},"geometry":{"type":"Polygon","coordinates":[[[2.360363428887877,48.73517088146153],[2.360725491382802,48.73529993121114],[2.360713107159655,48.73531465154297],[2.360351811741992,48.73518627267192],[2.360363428887877,48.73517088146153]]]}},{"type":"Feature","id":"LFPO-841e8172c9d8afd4ca49","properties":{"airport":"LFPO","name":"COLOR_RunwayMarking","layer":"Surface markings","category":"Surface markings","object_type":"Area","style_id":"polygon.runwaymarking.b3b3b3","source_group":"COLOR_RunwayMarking","vsmr_group_ids":[],"geometry_role":"filled_region"},"geometry":{"type":"Polygon","coordinates":[[[2.36038813405417,48.73514399360531],[2.360747909100165,48.7352702393795],[2.360735597281201,48.73528724070809],[2.36037582096738,48.73515951689983],[2.36038813405417,48.73514399360531]]]}},{"type":"Feature","id":"LFPO-f2467041fd4cdc57389c","properties":{"airport":"LFPO","name":"COLOR_RunwayMarking","layer":"Surface markings","category":"Surface markings","object_type":"Area","style_id":"polygon.runwaymarking.b3b3b3","source_group":"COLOR_RunwayMarking","vsmr_group_ids":[],"geometry_role":"filled_region"},"geometry":{"type":"Polygon","coordinates":[[[2.358609443381861,48.71958912065733],[2.359004526960173,48.71966056883355],[2.35899758545846,48.71967800688718],[2.358602500331846,48.71960472334032],[2.358609443381861,48.71958912065733]]]}},{"type":"Feature","id":"LFPO-0be7a5dc35c2a1656ba4","properties":{"airport":"LFPO","name":"COLOR_RunwayMarking","layer":"Surface markings","category":"Surface markings","object_type":"Area","style_id":"polygon.runwaymarking.b3b3b3","source_group":"COLOR_RunwayMarking","vsmr_group_ids":[],"geometry_role":"filled_region"},"geometry":{"type":"Polygon","coordinates":[[[2.358622077632526,48.71955740942013],[2.359017034051076,48.71963171742717],[2.359009994890722,48.71964833539529],[2.358615039314758,48.71957535662685],[2.358622077632526,48.71955740942013]]]}},{"type":"Feature","id":"LFPO-b413df54df2dd9d4dd52","properties":{"airport":"LFPO","name":"COLOR_RunwayMarking","layer":"Surface markings","category":"Surface markings","object_type":"Area","style_id":"polygon.runwaymarking.b3b3b3","source_group":"COLOR_RunwayMarking","vsmr_group_ids":[],"geometry_role":"filled_region"},"geometry":{"type":"Polygon","coordinates":[[[2.3586274387454,48.71954584669615],[2.358635978549843,48.71952838175638],[2.359028357701334,48.71960297408179],[2.359023294305391,48.71961767199981],[2.3586274387454,48.71954584669615]]]}},{"type":"Feature","id":"LFPO-0303cb97e30fd1b68ffb","properties":{"airport":"LFPO","name":"COLOR_RunwayMarking","layer":"Surface markings","category":"Surface markings","object_type":"Area","style_id":"polygon.runwaymarking.b3b3b3","source_group":"COLOR_RunwayMarking","vsmr_group_ids":[],"geometry_role":"filled_region"},"geometry":{"type":"Polygon","coordinates":[[[2.358648616714298,48.71950075410921],[2.359039497127955,48.71957357824284],[2.359034433746041,48.71958760807472],[2.358639502617881,48.71951678816871],[2.358648616714298,48.71950075410921]]]}},{"type":"Feature","id":"LFPO-e0a7f52c4ca0266209e0","properties":{"airport":"LFPO","name":"COLOR_RunwayMarking","layer":"Surface markings","category":"Surface markings","object_type":"Area","style_id":"polygon.runwaymarking.b3b3b3","source_group":"COLOR_RunwayMarking","vsmr_group_ids":[],"geometry_role":"filled_region"},"geometry":{"type":"Polygon","coordinates":[[[2.358651387941526,48.71948780791837],[2.358659525324294,48.71946975068231],[2.359054541093308,48.71954393449096],[2.359047143616197,48.71955906352866],[2.358651387941526,48.71948780791837]]]}},{"type":"Feature","id":"LFPO-97e7ed6bb9882040f67f","properties":{"airport":"LFPO","name":"COLOR_RunwayMarking","layer":"Surface markings","category":"Surface markings","object_type":"Area","style_id":"polygon.runwaymarking.b3b3b3","source_group":"COLOR_RunwayMarking","vsmr_group_ids":[],"geometry_role":"filled_region"},"geometry":{"type":"Polygon","coordinates":[[[2.358664703872684,48.71945852600049],[2.358672841237126,48.71944095681033],[2.359067792673162,48.71951573856793],[2.359061492364127,48.71953117695973],[2.358664703872684,48.71945852600049]]]}},{"type":"Feature","id":"LFPO-a602100e435f94ccd12e","properties":{"airport":"LFPO","name":"COLOR_RunwayMarking","layer":"Surface markings","category":"Surface markings","object_type":"Area","style_id":"polygon.runwaymarking.b3b3b3","source_group":"COLOR_RunwayMarking","vsmr_group_ids":[],"geometry_role":"filled_region"},"geometry":{"type":"Polygon","coordinates":[[[2.358690989290466,48.71939691949648],[2.359085096751352,48.71946955324168],[2.359077930973741,48.71948631430264],[2.358683171981266,48.71941325075586],[2.358690989290466,48.71939691949648]]]}},{"type":"Feature","id":"LFPO-ef770419e2a64612f101","properties":{"airport":"LFPO","name":"COLOR_RunwayMarking","layer":"Surface markings","category":"Surface markings","object_type":"Area","style_id":"polygon.runwaymarking.b3b3b3","source_group":"COLOR_RunwayMarking","vsmr_group_ids":[],"geometry_role":"filled_region"},"geometry":{"type":"Polygon","coordinates":[[[2.358696200872872,48.71938402638937],[2.358704018200897,48.71936683558788],[2.359097753792647,48.71944152441657],[2.359092080772713,48.7194574739222],[2.358696200872872,48.71938402638937]]]}},{"type":"Feature","id":"LFPO-18d0cfd775812b5c1dbb","properties":{"airport":"LFPO","name":"COLOR_RunwayMarking","layer":"Surface markings","category":"Surface markings","object_type":"Area","style_id":"polygon.runwaymarking.b3b3b3","source_group":"COLOR_RunwayMarking","vsmr_group_ids":[],"geometry_role":"filled_region"},"geometry":{"type":"Polygon","coordinates":[[[2.358707848462884,48.71935440150238],[2.358716293464842,48.71933768746734],[2.359110177001289,48.71941091334564],[2.359102938548712,48.71942722945878],[2.358707848462884,48.71935440150238]]]}},{"type":"Feature","id":"LFPO-ab1acc22f2bd7a7d22ca","properties":{"airport":"LFPO","name":"COLOR_RunwayMarking","layer":"Surface markings","category":"Surface markings","object_type":"Area","style_id":"polygon.runwaymarking.b3b3b3","source_group":"COLOR_RunwayMarking","vsmr_group_ids":[],"geometry_role":"filled_region"},"geometry":{"type":"Polygon","coordinates":[[[2.358720515982917,48.71932495299236],[2.358728357787983,48.71930823894811],[2.359123447521951,48.71938106684073],[2.359116812265467,48.71939817886918],[2.358720515982917,48.71932495299236]]]}},{"type":"Feature","id":"LFPO-16c47ba83275964ca487","properties":{"airport":"LFPO","name":"COLOR_RunwayMarking","layer":"Surface markings","category":"Surface markings","object_type":"Area","style_id":"polygon.runwaymarking.b3b3b3","source_group":"COLOR_RunwayMarking","vsmr_group_ids":[],"geometry_role":"filled_region"},"geometry":{"type":"Polygon","coordinates":[[[2.358731977095296,48.71929630035847],[2.358739818905378,48.71927879040329],[2.359136114804614,48.71935201621797],[2.359127669974859,48.71936952619207],[2.358731977095296,48.71929630035847]]]}},{"type":"Feature","id":"LFPO-91b7dbdbf510ef170a23","properties":{"airport":"LFPO","name":"COLOR_RunwayMarking","layer":"Surface markings","category":"Surface markings","object_type":"Area","style_id":"polygon.runwaymarking.b3b3b3","source_group":"COLOR_RunwayMarking","vsmr_group_ids":[],"geometry_role":"filled_region"},"geometry":{"type":"Polygon","coordinates":[[[2.358745851004098,48.71926645387813],[2.358753692790738,48.71924973983676],[2.359149988480522,48.71932216969326],[2.359142146841344,48.71934007762519],[2.358745851004098,48.71926645387813]]]}},{"type":"Feature","id":"LFPO-83c2f8730716ad4fe456","properties":{"airport":"LFPO","name":"COLOR_RunwayMarking","layer":"Surface markings","category":"Surface markings","object_type":"Area","style_id":"polygon.runwaymarking.b3b3b3","source_group":"COLOR_RunwayMarking","vsmr_group_ids":[],"geometry_role":"filled_region"},"geometry":{"type":"Polygon","coordinates":[[[2.360530031638812,48.71985344990848],[2.360826551282771,48.71990764628376],[2.360794462310412,48.71998132371483],[2.360496658556435,48.7199279741527],[2.360530031638812,48.71985344990848]]]}},{"type":"Feature","id":"LFPO-98cdf4be8fd3fd25fac3","properties":{"airport":"LFPO","name":"COLOR_RunwayMarking","layer":"Surface markings","category":"Surface markings","object_type":"Area","style_id":"polygon.runwaymarking.b3b3b3","source_group":"COLOR_RunwayMarking","vsmr_group_ids":[],"geometry_role":"filled_region"},"geometry":{"type":"Polygon","coordinates":[[[2.360628866261978,48.71962394913034],[2.360924101022897,48.71967814538047],[2.360890728749432,48.71975351656628],[2.36059677721262,48.71969762654115],[2.360628866261978,48.71962394913034]]]}},{"type":"Feature","id":"LFPO-4c34ffe038edd707b676","properties":{"airport":"LFPO","name":"COLOR_RunwayMarking","layer":"Surface markings","category":"Surface markings","object_type":"Area","style_id":"polygon.runwaymarking.b3b3b3","source_group":"COLOR_RunwayMarking","vsmr_group_ids":[],"geometry_role":"filled_region"},"geometry":{"type":"Polygon","coordinates":[[[2.362491293545692,48.72021630071065],[2.362789339606264,48.72027109112803],[2.362758807092666,48.72034523098996],[2.362461982022324,48.72029124634999],[2.362491293545692,48.72021630071065]]]}},{"type":"Feature","id":"LFPO-03cdf143c1e0e80b1341","properties":{"airport":"LFPO","name":"COLOR_RunwayMarking","layer":"Surface markings","category":"Surface markings","object_type":"Area","style_id":"polygon.runwaymarking.b3b3b3","source_group":"COLOR_RunwayMarking","vsmr_group_ids":[],"geometry_role":"filled_region"},"geometry":{"type":"Polygon","coordinates":[[[2.36259136204366,48.71998757747351],[2.362886755410787,48.72004083671229],[2.362855252049807,48.72011619132437],[2.362557888905339,48.72006163289081],[2.36259136204366,48.71998757747351]]]}},{"type":"Feature","id":"LFPO-e263efa8c4e6bc4c4eb8","properties":{"airport":"LFPO","name":"COLOR_RunwayMarking","layer":"Surface markings","category":"Surface markings","object_type":"Area","style_id":"polygon.runwaymarking.b3b3b3","source_group":"COLOR_RunwayMarking","vsmr_group_ids":[],"geometry_role":"filled_region"},"geometry":{"type":"Polygon","coordinates":[[[2.363996835904953,48.72049451648118],[2.364593209433594,48.72060107224118],[2.364555407730726,48.72068270969918],[2.363964188664642,48.7205727522013],[2.363996835904953,48.72049451648118]]]}},{"type":"Feature","id":"LFPO-ca8340a0bb94766308db","properties":{"airport":"LFPO","name":"COLOR_RunwayMarking","layer":"Surface markings","category":"Surface markings","object_type":"Area","style_id":"polygon.runwaymarking.b3b3b3","source_group":"COLOR_RunwayMarking","vsmr_group_ids":[],"geometry_role":"filled_region"},"geometry":{"type":"Polygon","coordinates":[[[2.364096495055945,48.72025640811145],[2.364689428296831,48.72036523117593],[2.364655064206997,48.7204468684961],[2.364063848667053,48.72033917913024],[2.364096495055945,48.72025640811145]]]}},{"type":"Feature","id":"LFPO-437786335dbc41e02606","properties":{"airport":"LFPO","name":"COLOR_RunwayMarking","layer":"Surface markings","category":"Surface markings","object_type":"Area","style_id":"polygon.runwaymarking.b3b3b3","source_group":"COLOR_RunwayMarking","vsmr_group_ids":[],"geometry_role":"filled_region"},"geometry":{"type":"Polygon","coordinates":[[[2.366421204126929,48.72094104502965],[2.366717275827086,48.72099402584647],[2.366696521948151,48.72104166650863],[2.366400449749453,48.72098749468343],[2.366421204126929,48.72094104502965]]]}},{"type":"Feature","id":"LFPO-b4af4f665259d12c5083","properties":{"airport":"LFPO","name":"COLOR_RunwayMarking","layer":"Surface markings","category":"Surface markings","object_type":"Area","style_id":"polygon.runwaymarking.b3b3b3","source_group":"COLOR_RunwayMarking","vsmr_group_ids":[],"geometry_role":"filled_region"},"geometry":{"type":"Polygon","coordinates":[[[2.366505532250833,48.72073993896051],[2.366802564706045,48.72079472639903],[2.366783017037681,48.72084070256034],[2.366486200192899,48.7207867031598],[2.366505532250833,48.72073993896051]]]}},{"type":"Feature","id":"LFPO-f1887fdad091cfec5510","properties":{"airport":"LFPO","name":"COLOR_RunwayMarking","layer":"Surface markings","category":"Surface markings","object_type":"Area","style_id":"polygon.runwaymarking.b3b3b3","source_group":"COLOR_RunwayMarking","vsmr_group_ids":[],"geometry_role":"filled_region"},"geometry":{"type":"Polygon","coordinates":[[[2.368377468696266,48.72132005592595],[2.368384764716294,48.72130360329835],[2.368681400374151,48.72135865612458],[2.368674929162704,48.72137479199354],[2.368377468696266,48.72132005592595]]]}},{"type":"Feature","id":"LFPO-e7c8f1f705663f75282e","properties":{"airport":"LFPO","name":"COLOR_RunwayMarking","layer":"Surface markings","category":"Surface markings","object_type":"Area","style_id":"polygon.runwaymarking.b3b3b3","source_group":"COLOR_RunwayMarking","vsmr_group_ids":[],"geometry_role":"filled_region"},"geometry":{"type":"Polygon","coordinates":[[[2.368449013880862,48.72114843993954],[2.368455484973384,48.72113135494287],[2.368753342342074,48.72118745432389],[2.368744928754427,48.72120411293432],[2.368449013880862,48.72114843993954]]]}},{"type":"Feature","id":"LFPO-f463079e01060bab7a02","properties":{"airport":"LFPO","name":"COLOR_RunwayMarking","layer":"Surface markings","category":"Surface markings","object_type":"Area","style_id":"polygon.runwaymarking.b3b3b3","source_group":"COLOR_RunwayMarking","vsmr_group_ids":[],"geometry_role":"filled_region"},"geometry":{"type":"Polygon","coordinates":[[[2.370347969420856,48.7216674074967],[2.370644360402614,48.72172131782516],[2.370638004145893,48.72173660043579],[2.370341724213665,48.72168332298517],[2.370347969420856,48.7216674074967]]]}},{"type":"Feature","id":"LFPO-3cb4a557269a0817aa95","properties":{"airport":"LFPO","name":"COLOR_RunwayMarking","layer":"Surface markings","category":"Surface markings","object_type":"Area","style_id":"polygon.runwaymarking.b3b3b3","source_group":"COLOR_RunwayMarking","vsmr_group_ids":[],"geometry_role":"filled_region"},"geometry":{"type":"Polygon","coordinates":[[[2.370413343671189,48.72151142969557],[2.370420153379926,48.72149479807281],[2.370716117849059,48.72154861409486],[2.370709126935231,48.72156636335319],[2.370413343671189,48.72151142969557]]]}},{"type":"Feature","id":"LFPO-8cbd84c125fe48e350d9","properties":{"airport":"LFPO","name":"COLOR_RunwayMarking","layer":"Surface markings","category":"Surface markings","object_type":"Area","style_id":"polygon.runwaymarking.b3b3b3","source_group":"COLOR_RunwayMarking","vsmr_group_ids":[],"geometry_role":"filled_region"},"geometry":{"type":"Polygon","coordinates":[[[2.38428859122279,48.72423987868582],[2.384584119662729,48.72429381441951],[2.384576761176769,48.72431109580693],[2.384282051183659,48.72425715987683],[2.38428859122279,48.72423987868582]]]}},{"type":"Feature","id":"LFPO-1166abcc68a7e140384f","properties":{"airport":"LFPO","name":"COLOR_RunwayMarking","layer":"Surface markings","category":"Surface markings","object_type":"Area","style_id":"polygon.runwaymarking.b3b3b3","source_group":"COLOR_RunwayMarking","vsmr_group_ids":[],"geometry_role":"filled_region"},"geometry":{"type":"Polygon","coordinates":[[[2.384361358785405,48.72406814518913],[2.384657705127491,48.72412262058106],[2.384650346688952,48.72413990196095],[2.384353999977162,48.72408488656422],[2.384361358785405,48.72406814518913]]]}},{"type":"Feature","id":"LFPO-aa3a68624ce009390da5","properties":{"airport":"LFPO","name":"COLOR_RunwayMarking","layer":"Surface markings","category":"Surface markings","object_type":"Area","style_id":"polygon.runwaymarking.b3b3b3","source_group":"COLOR_RunwayMarking","vsmr_group_ids":[],"geometry_role":"filled_region"},"geometry":{"type":"Polygon","coordinates":[[[2.386251686635856,48.72460099636776],[2.386549675929717,48.72465654648677],[2.386542317484424,48.72467274800692],[2.386245146930139,48.72461773767895],[2.386251686635856,48.72460099636776]]]}},{"type":"Feature","id":"LFPO-00334ff94a7ad528c9fe","properties":{"airport":"LFPO","name":"COLOR_RunwayMarking","layer":"Surface markings","category":"Surface markings","object_type":"Area","style_id":"polygon.runwaymarking.b3b3b3","source_group":"COLOR_RunwayMarking","vsmr_group_ids":[],"geometry_role":"filled_region"},"geometry":{"type":"Polygon","coordinates":[[[2.386318057136352,48.72444636264569],[2.386324041537167,48.7244305478725],[2.386621713912156,48.72448516656744],[2.386612733192008,48.72450098204531],[2.386318057136352,48.72444636264569]]]}},{"type":"Feature","id":"LFPO-9392ee9c56e5054f7682","properties":{"airport":"LFPO","name":"COLOR_RunwayMarking","layer":"Surface markings","category":"Surface markings","object_type":"Area","style_id":"polygon.runwaymarking.b3b3b3","source_group":"COLOR_RunwayMarking","vsmr_group_ids":[],"geometry_role":"filled_region"},"geometry":{"type":"Polygon","coordinates":[[[2.388196786501751,48.7250098002961],[2.388216737361395,48.72496499072465],[2.388513415255407,48.72501762803308],[2.388491468238003,48.72506441479922],[2.388196786501751,48.7250098002961]]]}},{"type":"Feature","id":"LFPO-637a93a5a0702bb181c6","properties":{"airport":"LFPO","name":"COLOR_RunwayMarking","layer":"Surface markings","category":"Surface markings","object_type":"Area","style_id":"polygon.runwaymarking.b3b3b3","source_group":"COLOR_RunwayMarking","vsmr_group_ids":[],"geometry_role":"filled_region"},"geometry":{"type":"Polygon","coordinates":[[[2.388281571486304,48.72480947628843],[2.388299523695063,48.72476334943007],[2.388598199156147,48.72481796286431],[2.388578249195603,48.72486343134165],[2.388281571486304,48.72480947628843]]]}},{"type":"Feature","id":"LFPO-eb6bd345855e0494725c","properties":{"airport":"LFPO","name":"COLOR_RunwayMarking","layer":"Surface markings","category":"Surface markings","object_type":"Area","style_id":"polygon.runwaymarking.b3b3b3","source_group":"COLOR_RunwayMarking","vsmr_group_ids":[],"geometry_role":"filled_region"},"geometry":{"type":"Polygon","coordinates":[[[2.38987737851944,48.72535619399481],[2.389913288565038,48.72527711754373],[2.390500660348369,48.72538436103749],[2.390465751453215,48.72546541404337],[2.38987737851944,48.72535619399481]]]}},{"type":"Feature","id":"LFPO-ecb6c9e3784c53d6efa0","properties":{"airport":"LFPO","name":"COLOR_RunwayMarking","layer":"Surface markings","category":"Surface markings","object_type":"Area","style_id":"polygon.runwaymarking.b3b3b3","source_group":"COLOR_RunwayMarking","vsmr_group_ids":[],"geometry_role":"filled_region"},"geometry":{"type":"Polygon","coordinates":[[[2.389976119901052,48.72512160292576],[2.390009033967564,48.72504384501406],[2.390602396959725,48.72515240419229],[2.390568485169529,48.72523016250534],[2.389976119901052,48.72512160292576]]]}},{"type":"Feature","id":"LFPO-2bf5bca9d150d8d45abb","properties":{"airport":"LFPO","name":"COLOR_RunwayMarking","layer":"Surface markings","category":"Surface markings","object_type":"Area","style_id":"polygon.runwaymarking.b3b3b3","source_group":"COLOR_RunwayMarking","vsmr_group_ids":[],"geometry_role":"filled_region"},"geometry":{"type":"Polygon","coordinates":[[[2.39214405148936,48.72568898283068],[2.392438740671037,48.72574226948941],[2.39240982319888,48.72581673246921],[2.392111137683979,48.72576278802481],[2.39214405148936,48.72568898283068]]]}},{"type":"Feature","id":"LFPO-423fe46834b76c9f95d6","properties":{"airport":"LFPO","name":"COLOR_RunwayMarking","layer":"Surface markings","category":"Surface markings","object_type":"Area","style_id":"polygon.runwaymarking.b3b3b3","source_group":"COLOR_RunwayMarking","vsmr_group_ids":[],"geometry_role":"filled_region"},"geometry":{"type":"Polygon","coordinates":[[[2.3922400163473,48.72545819396628],[2.392537701556223,48.72551279732761],[2.392505788764794,48.72558857894704],[2.392209101831013,48.72553397528157],[2.3922400163473,48.72545819396628]]]}},{"type":"Feature","id":"LFPO-a8c966acafe5768893be","properties":{"airport":"LFPO","name":"COLOR_RunwayMarking","layer":"Surface markings","category":"Surface markings","object_type":"Area","style_id":"polygon.runwaymarking.b3b3b3","source_group":"COLOR_RunwayMarking","vsmr_group_ids":[],"geometry_role":"filled_region"},"geometry":{"type":"Polygon","coordinates":[[[2.394109167985048,48.72604944428303],[2.394404861117867,48.7261040434209],[2.394372950764008,48.72617982557674],[2.394076258219635,48.72612522670336],[2.394109167985048,48.72604944428303]]]}},{"type":"Feature","id":"LFPO-2c70bf7062318e2fe54c","properties":{"airport":"LFPO","name":"COLOR_RunwayMarking","layer":"Surface markings","category":"Surface markings","object_type":"Area","style_id":"polygon.runwaymarking.b3b3b3","source_group":"COLOR_RunwayMarking","vsmr_group_ids":[],"geometry_role":"filled_region"},"geometry":{"type":"Polygon","coordinates":[[[2.394203899876639,48.72582078058884],[2.394502589062204,48.72587669658319],[2.394469678881903,48.72595050230031],[2.394174985552324,48.7258959028884],[2.394203899876639,48.72582078058884]]]}},{"type":"Feature","id":"LFPO-141bce2411bae45ec2e2","properties":{"airport":"LFPO","name":"COLOR_RunwayMarking","layer":"Surface markings","category":"Surface markings","object_type":"Area","style_id":"polygon.runwaymarking.b3b3b3","source_group":"COLOR_RunwayMarking","vsmr_group_ids":[],"geometry_role":"filled_region"},"geometry":{"type":"Polygon","coordinates":[[[2.396456045373794,48.72618535589186],[2.396484503423011,48.72619103463525],[2.396322000526112,48.72657968908885],[2.39629156955349,48.72657434640723],[2.396456045373794,48.72618535589186]]]}},{"type":"Feature","id":"LFPO-1ad21f9897b693ad475f","properties":{"airport":"LFPO","name":"COLOR_RunwayMarking","layer":"Surface markings","category":"Surface markings","object_type":"Area","style_id":"polygon.runwaymarking.b3b3b3","source_group":"COLOR_RunwayMarking","vsmr_group_ids":[],"geometry_role":"filled_region"},"geometry":{"type":"Polygon","coordinates":[[[2.395860781491068,48.72646303192145],[2.396254196108212,48.72653550114977],[2.396246404084086,48.7265530084262],[2.395852988955032,48.72648002432324],[2.395860781491068,48.72646303192145]]]}},{"type":"Feature","id":"LFPO-b91598edd76b1a451ba9","properties":{"airport":"LFPO","name":"COLOR_RunwayMarking","layer":"Surface markings","category":"Surface markings","object_type":"Area","style_id":"polygon.runwaymarking.b3b3b3","source_group":"COLOR_RunwayMarking","vsmr_group_ids":[],"geometry_role":"filled_region"},"geometry":{"type":"Polygon","coordinates":[[[2.395870905543305,48.72643265282004],[2.396268222943245,48.72650563555058],[2.396260430917341,48.7265231428406],[2.395864674305399,48.72645015958956],[2.395870905543305,48.72643265282004]]]}},{"type":"Feature","id":"LFPO-828ecd4990184874f061","properties":{"airport":"LFPO","name":"COLOR_RunwayMarking","layer":"Surface markings","category":"Surface markings","object_type":"Area","style_id":"polygon.runwaymarking.b3b3b3","source_group":"COLOR_RunwayMarking","vsmr_group_ids":[],"geometry_role":"filled_region"},"geometry":{"type":"Polygon","coordinates":[[[2.395884933715369,48.72640433184603],[2.396281470053214,48.72647679993629],[2.396272897555942,48.72649430746554],[2.395877140779412,48.72642080941707],[2.395884933715369,48.72640433184603]]]}},{"type":"Feature","id":"LFPO-bcdefef14a696da0fab8","properties":{"airport":"LFPO","name":"COLOR_RunwayMarking","layer":"Surface markings","category":"Surface markings","object_type":"Area","style_id":"polygon.runwaymarking.b3b3b3","source_group":"COLOR_RunwayMarking","vsmr_group_ids":[],"geometry_role":"filled_region"},"geometry":{"type":"Polygon","coordinates":[[[2.395897400235145,48.72637498162156],[2.396292374951738,48.72644693533371],[2.396284582947317,48.72646444260808],[2.395890387798294,48.72639145894204],[2.395897400235145,48.72637498162156]]]}},{"type":"Feature","id":"LFPO-dfe21c1e9b93be7f55ff","properties":{"airport":"LFPO","name":"COLOR_RunwayMarking","layer":"Surface markings","category":"Surface markings","object_type":"Area","style_id":"polygon.runwaymarking.b3b3b3","source_group":"COLOR_RunwayMarking","vsmr_group_ids":[],"geometry_role":"filled_region"},"geometry":{"type":"Polygon","coordinates":[[[2.39590830536996,48.72634511705174],[2.396303280218728,48.72641758558559],[2.396297049178904,48.72643509235906],[2.395902073429637,48.72636159412365],[2.39590830536996,48.72634511705174]]]}},{"type":"Feature","id":"LFPO-1a790c91d0d324405caa","properties":{"airport":"LFPO","name":"COLOR_RunwayMarking","layer":"Surface markings","category":"Surface markings","object_type":"Area","style_id":"polygon.runwaymarking.b3b3b3","source_group":"COLOR_RunwayMarking","vsmr_group_ids":[],"geometry_role":"filled_region"},"geometry":{"type":"Polygon","coordinates":[[[2.39591531985915,48.72633172889956],[2.395921552527212,48.72631628150957],[2.396317307770588,48.72638874972747],[2.396309515028316,48.72640522731707],[2.39591531985915,48.72633172889956]]]}},{"type":"Feature","id":"LFPO-54372c24034446de29b1","properties":{"airport":"LFPO","name":"COLOR_RunwayMarking","layer":"Surface markings","category":"Surface markings","object_type":"Area","style_id":"polygon.runwaymarking.b3b3b3","source_group":"COLOR_RunwayMarking","vsmr_group_ids":[],"geometry_role":"filled_region"},"geometry":{"type":"Polygon","coordinates":[[[2.39594016641844,48.7262717729548],[2.396335705469033,48.72634442410791],[2.396328238900289,48.72636231222222],[2.395933634183727,48.7262890440024],[2.39594016641844,48.7262717729548]]]}},{"type":"Feature","id":"LFPO-7c7db320f1319c5c60fb","properties":{"airport":"LFPO","name":"COLOR_RunwayMarking","layer":"Surface markings","category":"Surface markings","object_type":"Area","style_id":"polygon.runwaymarking.b3b3b3","source_group":"COLOR_RunwayMarking","vsmr_group_ids":[],"geometry_role":"filled_region"},"geometry":{"type":"Polygon","coordinates":[[[2.395951364957956,48.72624278219246],[2.396348772740557,48.72631419924848],[2.396341306632686,48.72633270409701],[2.395944832739949,48.72626005323886],[2.395951364957956,48.72624278219246]]]}},{"type":"Feature","id":"LFPO-3996f5c9edfc94c3e700","properties":{"airport":"LFPO","name":"COLOR_RunwayMarking","layer":"Surface markings","category":"Surface markings","object_type":"Area","style_id":"polygon.runwaymarking.b3b3b3","source_group":"COLOR_RunwayMarking","vsmr_group_ids":[],"geometry_role":"filled_region"},"geometry":{"type":"Polygon","coordinates":[[[2.395966145461077,48.72621235477668],[2.396360411923015,48.72628471843595],[2.396352739684531,48.7263014489707],[2.395958473818895,48.72623009912917],[2.395966145461077,48.72621235477668]]]}},{"type":"Feature","id":"LFPO-500820f4e6e0933fc6c8","properties":{"airport":"LFPO","name":"COLOR_RunwayMarking","layer":"Surface markings","category":"Surface markings","object_type":"Area","style_id":"polygon.runwaymarking.b3b3b3","source_group":"COLOR_RunwayMarking","vsmr_group_ids":[],"geometry_role":"filled_region"},"geometry":{"type":"Polygon","coordinates":[[[2.395978419000162,48.72618244322707],[2.396371916398887,48.72625430008373],[2.396365781806633,48.7262720439651],[2.395969210463489,48.72620018806766],[2.395978419000162,48.72618244322707]]]}},{"type":"Feature","id":"LFPO-1ae37b73cac5236394b9","properties":{"airport":"LFPO","name":"COLOR_RunwayMarking","layer":"Surface markings","category":"Surface markings","object_type":"Area","style_id":"polygon.runwaymarking.b3b3b3","source_group":"COLOR_RunwayMarking","vsmr_group_ids":[],"geometry_role":"filled_region"},"geometry":{"type":"Polygon","coordinates":[[[2.39598992481928,48.72615354559278],[2.396384959591273,48.72622641574956],[2.396376519663936,48.72624416036942],[2.395982252075579,48.72616976920691],[2.39598992481928,48.72615354559278]]]}},{"type":"Feature","id":"LFPO-c43370ac206163eca047","properties":{"airport":"LFPO","name":"COLOR_RunwayMarking","layer":"Surface markings","category":"Surface markings","object_type":"Area","style_id":"polygon.runwaymarking.b3b3b3","source_group":"COLOR_RunwayMarking","vsmr_group_ids":[],"geometry_role":"filled_region"},"geometry":{"type":"Polygon","coordinates":[[[2.396001539355173,48.72612417096899],[2.396396556235059,48.72619733134156],[2.396388922858848,48.72621358429382],[2.395995294779676,48.72614087109108],[2.396001539355173,48.72612417096899]]]}},{"type":"Feature","id":"LFPO-d31d9c1c9cdf58ff65c5","properties":{"airport":"LFPO","name":"COLOR_RunwayMarking","layer":"Surface markings","category":"Surface markings","object_type":"Area","style_id":"polygon.runwaymarking.b3b3b3","source_group":"COLOR_RunwayMarking","vsmr_group_ids":[],"geometry_role":"filled_region"},"geometry":{"type":"Polygon","coordinates":[[[2.376464250949522,48.71765598206755],[2.376492085678623,48.71764986586202],[2.376619549803218,48.71790849847833],[2.376594808073993,48.71791308501978],[2.376464250949522,48.71765598206755]]]}},{"type":"Feature","id":"LFPO-c5f8b49449cd2660f809","properties":{"airport":"LFPO","name":"COLOR_RunwayMarking","layer":"Surface markings","category":"Surface markings","object_type":"Area","style_id":"polygon.runwaymarking.b3b3b3","source_group":"COLOR_RunwayMarking","vsmr_group_ids":[],"geometry_role":"filled_region"},"geometry":{"type":"Polygon","coordinates":[[[2.376508322585882,48.71764629807403],[2.376534611068493,48.71764018158304],[2.376665167424079,48.71789983480381],[2.376638105750117,48.71790595120606],[2.376508322585882,48.71764629807403]]]}},{"type":"Feature","id":"LFPO-6dc4704c5bf64b57379e","properties":{"airport":"LFPO","name":"COLOR_RunwayMarking","layer":"Surface markings","category":"Surface markings","object_type":"Area","style_id":"polygon.runwaymarking.b3b3b3","source_group":"COLOR_RunwayMarking","vsmr_group_ids":[],"geometry_role":"filled_region"},"geometry":{"type":"Polygon","coordinates":[[[2.376551620683749,48.71763763407899],[2.376578682438046,48.71763100763992],[2.376707692913829,48.71789015043067],[2.376682178101726,48.71789473686222],[2.376551620683749,48.71763763407899]]]}},{"type":"Feature","id":"LFPO-5be197cfa9d4a5e7952a","properties":{"airport":"LFPO","name":"COLOR_RunwayMarking","layer":"Surface markings","category":"Surface markings","object_type":"Area","style_id":"polygon.runwaymarking.b3b3b3","source_group":"COLOR_RunwayMarking","vsmr_group_ids":[],"geometry_role":"filled_region"},"geometry":{"type":"Polygon","coordinates":[[[2.37659569265658,48.71762692988035],[2.376621207753895,48.71762132332504],[2.376751765412919,48.71787842599397],[2.376725476705788,48.71788505261602],[2.37659569265658,48.71762692988035]]]}},{"type":"Feature","id":"LFPO-045d089589811dae2f47","properties":{"airport":"LFPO","name":"COLOR_RunwayMarking","layer":"Surface markings","category":"Surface markings","object_type":"Area","style_id":"polygon.runwaymarking.b3b3b3","source_group":"COLOR_RunwayMarking","vsmr_group_ids":[],"geometry_role":"filled_region"},"geometry":{"type":"Polygon","coordinates":[[[2.37663976370543,48.71761826600557],[2.376666825638925,48.71761112945796],[2.376795836677417,48.71786976207969],[2.376769548543127,48.71787485848401],[2.37663976370543,48.71761826600557]]]}},{"type":"Feature","id":"LFPO-7fac5ae56608ec2e17a0","properties":{"airport":"LFPO","name":"COLOR_RunwayMarking","layer":"Surface markings","category":"Surface markings","object_type":"Area","style_id":"polygon.runwaymarking.b3b3b3","source_group":"COLOR_RunwayMarking","vsmr_group_ids":[],"geometry_role":"filled_region"},"geometry":{"type":"Polygon","coordinates":[[[2.376683062111451,48.71760858180317],[2.376710896965473,48.71760195546454],[2.376837588993581,48.71786007752916],[2.376812846937517,48.7178656842765],[2.376683062111451,48.71760858180317]]]}},{"type":"Feature","id":"LFPO-44eb9b6f17a79a0f2720","properties":{"airport":"LFPO","name":"COLOR_RunwayMarking","layer":"Surface markings","category":"Surface markings","object_type":"Area","style_id":"polygon.runwaymarking.b3b3b3","source_group":"COLOR_RunwayMarking","vsmr_group_ids":[],"geometry_role":"filled_region"},"geometry":{"type":"Polygon","coordinates":[[[2.376749555453663,48.71759482083173],[2.376774298204931,48.71758717378825],[2.376905628895134,48.71784631678903],[2.376879340394438,48.71785243338114],[2.376749555453663,48.71759482083173]]]}},{"type":"Feature","id":"LFPO-876788252c03331bb64d","properties":{"airport":"LFPO","name":"COLOR_RunwayMarking","layer":"Surface markings","category":"Surface markings","object_type":"Area","style_id":"polygon.runwaymarking.b3b3b3","source_group":"COLOR_RunwayMarking","vsmr_group_ids":[],"geometry_role":"filled_region"},"geometry":{"type":"Polygon","coordinates":[[[2.376793627051095,48.71758462663481],[2.376820689366523,48.7175764698931],[2.376948154466698,48.71783612226308],[2.376922639099999,48.71784223899257],[2.376793627051095,48.71758462663481]]]}},{"type":"Feature","id":"LFPO-3031f42c51d31a2244e5","properties":{"airport":"LFPO","name":"COLOR_RunwayMarking","layer":"Surface markings","category":"Surface markings","object_type":"Area","style_id":"polygon.runwaymarking.b3b3b3","source_group":"COLOR_RunwayMarking","vsmr_group_ids":[],"geometry_role":"filled_region"},"geometry":{"type":"Polygon","coordinates":[[[2.376836925584553,48.71757443227127],[2.376864760208739,48.71756831597544],[2.376992999038674,48.71782694828437],[2.376966710553665,48.71783306489854],[2.376836925584553,48.71757443227127]]]}},{"type":"Feature","id":"LFPO-13dba42022d17497f0e6","properties":{"airport":"LFPO","name":"COLOR_RunwayMarking","layer":"Surface markings","category":"Surface markings","object_type":"Area","style_id":"polygon.runwaymarking.b3b3b3","source_group":"COLOR_RunwayMarking","vsmr_group_ids":[],"geometry_role":"filled_region"},"geometry":{"type":"Polygon","coordinates":[[[2.376881770196957,48.71756474826442],[2.376906512318828,48.7175586314399],[2.377037070859567,48.71781675395755],[2.377010009471257,48.71782236036879],[2.376881770196957,48.71756474826442]]]}},{"type":"Feature","id":"LFPO-8ef10cff5b899fa6e9bd","properties":{"airport":"LFPO","name":"COLOR_RunwayMarking","layer":"Surface markings","category":"Surface markings","object_type":"Area","style_id":"polygon.runwaymarking.b3b3b3","source_group":"COLOR_RunwayMarking","vsmr_group_ids":[],"geometry_role":"filled_region"},"geometry":{"type":"Polygon","coordinates":[[[2.376924295087666,48.71755557391069],[2.37695135675787,48.71754894737536],[2.377081142228961,48.71780757982125],[2.377053307917605,48.71781267603814],[2.376924295087666,48.71755557391069]]]}},{"type":"Feature","id":"LFPO-e73b370194e5eafc6e20","properties":{"airport":"LFPO","name":"COLOR_RunwayMarking","layer":"Surface markings","category":"Surface markings","object_type":"Area","style_id":"polygon.runwaymarking.b3b3b3","source_group":"COLOR_RunwayMarking","vsmr_group_ids":[],"geometry_role":"filled_region"},"geometry":{"type":"Polygon","coordinates":[[[2.376969912771336,48.71754588998855],[2.376995428179023,48.7175392631947],[2.377124441076528,48.71779687525978],[2.377098152836363,48.71780248181592],[2.376969912771336,48.71754588998855]]]}},{"type":"Feature","id":"LFPO-9a4563c9c98e8e744f75","properties":{"airport":"LFPO","name":"COLOR_RunwayMarking","layer":"Surface markings","category":"Surface markings","object_type":"Area","style_id":"polygon.runwaymarking.b3b3b3","source_group":"COLOR_RunwayMarking","vsmr_group_ids":[],"geometry_role":"filled_region"},"geometry":{"type":"Polygon","coordinates":[[[2.377120024860016,48.7188765019273],[2.377232912366418,48.71885203665096],[2.377330254945076,48.71904588321321],[2.377216593773641,48.71907085865299],[2.377120024860016,48.7188765019273]]]}},{"type":"Feature","id":"LFPO-4e19b54fe81931a6c3ff","properties":{"airport":"LFPO","name":"COLOR_RunwayMarking","layer":"Surface markings","category":"Surface markings","object_type":"Area","style_id":"polygon.runwaymarking.b3b3b3","source_group":"COLOR_RunwayMarking","vsmr_group_ids":[],"geometry_role":"filled_region"},"geometry":{"type":"Polygon","coordinates":[[[2.377462552340914,48.71880208619468],[2.377573120674044,48.71877608997335],[2.377669690752657,48.71897146638099],[2.377558349710671,48.71899542234833],[2.377462552340914,48.71880208619468]]]}},{"type":"Feature","id":"LFPO-5f860744c8311cc80cc6","properties":{"airport":"LFPO","name":"COLOR_RunwayMarking","layer":"Surface markings","category":"Surface markings","object_type":"Area","style_id":"polygon.runwaymarking.b3b3b3","source_group":"COLOR_RunwayMarking","vsmr_group_ids":[],"geometry_role":"filled_region"},"geometry":{"type":"Polygon","coordinates":[[[2.37776211902845,48.72015769330137],[2.377874708003573,48.72013411034252],[2.377971436236437,48.72032640336792],[2.377859898807424,48.72035068083192],[2.37776211902845,48.72015769330137]]]}},{"type":"Feature","id":"LFPO-ee1c9c5406a4a1dc7bd0","properties":{"airport":"LFPO","name":"COLOR_RunwayMarking","layer":"Surface markings","category":"Surface markings","object_type":"Area","style_id":"polygon.runwaymarking.b3b3b3","source_group":"COLOR_RunwayMarking","vsmr_group_ids":[],"geometry_role":"filled_region"},"geometry":{"type":"Polygon","coordinates":[[[2.378103042181579,48.72008416799697],[2.37821457931205,48.72005919624347],[2.378310256610214,48.7202514888807],[2.378200823458474,48.72027646116712],[2.378103042181579,48.72008416799697]]]}},{"type":"Feature","id":"LFPO-417b117e1346444658f5","properties":{"airport":"LFPO","name":"COLOR_RunwayMarking","layer":"Surface markings","category":"Surface markings","object_type":"Area","style_id":"polygon.runwaymarking.b3b3b3","source_group":"COLOR_RunwayMarking","vsmr_group_ids":[],"geometry_role":"filled_region"},"geometry":{"type":"Polygon","coordinates":[[[2.37837457207331,48.72139839716517],[2.378494530181097,48.72137134407442],[2.378687996897444,48.72175662337851],[2.378566986446924,48.72178228842252],[2.37837457207331,48.72139839716517]]]}},{"type":"Feature","id":"LFPO-8cddd53da92edd3012ea","properties":{"airport":"LFPO","name":"COLOR_RunwayMarking","layer":"Surface markings","category":"Surface markings","object_type":"Area","style_id":"polygon.runwaymarking.b3b3b3","source_group":"COLOR_RunwayMarking","vsmr_group_ids":[],"geometry_role":"filled_region"},"geometry":{"type":"Polygon","coordinates":[[[2.378723922224697,48.72132001233006],[2.378843879407684,48.72129434715896],[2.379036296040531,48.72168031981771],[2.378917390389046,48.72170598551108],[2.378723922224697,48.72132001233006]]]}},{"type":"Feature","id":"LFPO-b52ccaf24ae47e940fd3","properties":{"airport":"LFPO","name":"COLOR_RunwayMarking","layer":"Surface markings","category":"Surface markings","object_type":"Area","style_id":"polygon.runwaymarking.b3b3b3","source_group":"COLOR_RunwayMarking","vsmr_group_ids":[],"geometry_role":"filled_region"},"geometry":{"type":"Polygon","coordinates":[[[2.379087241469986,48.72270800018726],[2.379157744959093,48.72269135116855],[2.379255534586389,48.72288572573475],[2.379186083082361,48.72290237502963],[2.379087241469986,48.72270800018726]]]}},{"type":"Feature","id":"LFPO-5828e1dc20bfde6302c0","properties":{"airport":"LFPO","name":"COLOR_RunwayMarking","layer":"Surface markings","category":"Surface markings","object_type":"Area","style_id":"polygon.runwaymarking.b3b3b3","source_group":"COLOR_RunwayMarking","vsmr_group_ids":[],"geometry_role":"filled_region"},"geometry":{"type":"Polygon","coordinates":[[[2.379385037353019,48.72264279438217],[2.379457644296896,48.72262822792571],[2.379554383156879,48.7228212137378],[2.37948493262883,48.72283578074973],[2.379385037353019,48.72264279438217]]]}},{"type":"Feature","id":"LFPO-c1fe22a9e91e9bcf982d","properties":{"airport":"LFPO","name":"COLOR_RunwayMarking","layer":"Surface markings","category":"Surface markings","object_type":"Area","style_id":"polygon.runwaymarking.b3b3b3","source_group":"COLOR_RunwayMarking","vsmr_group_ids":[],"geometry_role":"filled_region"},"geometry":{"type":"Polygon","coordinates":[[[2.379771624896976,48.72397839335237],[2.379798984981594,48.72397214994749],[2.379896779578854,48.72416652397656],[2.379869419612961,48.72417207327002],[2.379771624896976,48.72397839335237]]]}},{"type":"Feature","id":"LFPO-2c0dcacfe285ede2d956","properties":{"airport":"LFPO","name":"COLOR_RunwayMarking","layer":"Surface markings","category":"Surface markings","object_type":"Area","style_id":"polygon.runwaymarking.b3b3b3","source_group":"COLOR_RunwayMarking","vsmr_group_ids":[],"geometry_role":"filled_region"},"geometry":{"type":"Polygon","coordinates":[[[2.380027335301147,48.72392220384832],[2.380055747505436,48.72391596052753],[2.380153542865666,48.72411033423804],[2.380126182359266,48.72411796601165],[2.380027335301147,48.72392220384832]]]}},{"type":"Feature","id":"LFPO-7731527bfd1fc593aef4","properties":{"airport":"LFPO","name":"COLOR_RunwayMarking","layer":"Surface markings","category":"Surface markings","object_type":"Area","style_id":"polygon.runwaymarking.b3b3b3","source_group":"COLOR_RunwayMarking","vsmr_group_ids":[],"geometry_role":"filled_region"},"geometry":{"type":"Polygon","coordinates":[[[2.380415299434926,48.72525846209156],[2.380441607938262,48.72525221839111],[2.380539407557825,48.72544659193645],[2.380513098983505,48.72545283568878],[2.380415299434926,48.72525846209156]]]}},{"type":"Feature","id":"LFPO-c13a594295cdbf3bb163","properties":{"airport":"LFPO","name":"COLOR_RunwayMarking","layer":"Surface markings","category":"Surface markings","object_type":"Area","style_id":"polygon.runwaymarking.b3b3b3","source_group":"COLOR_RunwayMarking","vsmr_group_ids":[],"geometry_role":"filled_region"},"geometry":{"type":"Polygon","coordinates":[[[2.380671014984841,48.72520365932536],[2.380697323401186,48.7251974155651],[2.380793019854808,48.7253904003406],[2.380768816112218,48.72539595027196],[2.380671014984841,48.72520365932536]]]}},{"type":"Feature","id":"LFPO-82926dbd52df23871d79","properties":{"airport":"LFPO","name":"COLOR_RunwayMarking","layer":"Surface markings","category":"Surface markings","object_type":"Area","style_id":"polygon.runwaymarking.b3b3b3","source_group":"COLOR_RunwayMarking","vsmr_group_ids":[],"geometry_role":"filled_region"},"geometry":{"type":"Polygon","coordinates":[[[2.382883027492484,48.73018383372123],[2.382912495292624,48.73017758982176],[2.38300926141386,48.73037265522626],[2.382984003164748,48.73037820551099],[2.382883027492484,48.73018383372123]]]}},{"type":"Feature","id":"LFPO-965d1d831153873669da","properties":{"airport":"LFPO","name":"COLOR_RunwayMarking","layer":"Surface markings","category":"Surface markings","object_type":"Area","style_id":"polygon.runwaymarking.b3b3b3","source_group":"COLOR_RunwayMarking","vsmr_group_ids":[],"geometry_role":"filled_region"},"geometry":{"type":"Polygon","coordinates":[[[2.383141922775756,48.73012763759817],[2.383167181066934,48.73012139316472],[2.383265000661758,48.73031576434621],[2.383236585383008,48.73032131432004],[2.383141922775756,48.73012763759817]]]}},{"type":"Feature","id":"LFPO-933aa54287d81c231c24","properties":{"airport":"LFPO","name":"COLOR_RunwayMarking","layer":"Surface markings","category":"Surface markings","object_type":"Area","style_id":"polygon.runwaymarking.b3b3b3","source_group":"COLOR_RunwayMarking","vsmr_group_ids":[],"geometry_role":"filled_region"},"geometry":{"type":"Polygon","coordinates":[[[2.383526519220287,48.7314631039406],[2.383553882816376,48.73145755379215],[2.383651706377867,48.73165261886999],[2.383625395136741,48.73165816919104],[2.383526519220287,48.7314631039406]]]}},{"type":"Feature","id":"LFPO-0b14530ab8c0701c8c69","properties":{"airport":"LFPO","name":"COLOR_RunwayMarking","layer":"Surface markings","category":"Surface markings","object_type":"Area","style_id":"polygon.runwaymarking.b3b3b3","source_group":"COLOR_RunwayMarking","vsmr_group_ids":[],"geometry_role":"filled_region"},"geometry":{"type":"Polygon","coordinates":[[[2.383781211440101,48.73140690600959],[2.38380962724559,48.73140135591737],[2.383907451726486,48.73159572647295],[2.383880088042147,48.73160197085184],[2.383781211440101,48.73140690600959]]]}},{"type":"Feature","id":"LFPO-92b0cce4ec6e47c6b9ff","properties":{"airport":"LFPO","name":"COLOR_RunwayMarking","layer":"Surface markings","category":"Surface markings","object_type":"Area","style_id":"polygon.runwaymarking.b3b3b3","source_group":"COLOR_RunwayMarking","vsmr_group_ids":[],"geometry_role":"filled_region"},"geometry":{"type":"Polygon","coordinates":[[[2.384126875893162,48.73275253595694],[2.384196339157763,48.73273727204828],[2.384294167704726,48.73293233655019],[2.384224704293443,48.73294760059179],[2.384126875893162,48.73275253595694]]]}},{"type":"Feature","id":"LFPO-51b38bd4b025b2ec8aa8","properties":{"airport":"LFPO","name":"COLOR_RunwayMarking","layer":"Surface markings","category":"Surface markings","object_type":"Area","style_id":"polygon.runwaymarking.b3b3b3","source_group":"COLOR_RunwayMarking","vsmr_group_ids":[],"geometry_role":"filled_region"},"geometry":{"type":"Polygon","coordinates":[[[2.384424724911811,48.7326880114127],[2.384493135503563,48.73267205307551],[2.384592017481069,48.73286642314856],[2.384523606692834,48.73288238155306],[2.384424724911811,48.7326880114127]]]}},{"type":"Feature","id":"LFPO-8213856c208fc0a8caff","properties":{"airport":"LFPO","name":"COLOR_RunwayMarking","layer":"Surface markings","category":"Surface markings","object_type":"Area","style_id":"polygon.runwaymarking.b3b3b3","source_group":"COLOR_RunwayMarking","vsmr_group_ids":[],"geometry_role":"filled_region"},"geometry":{"type":"Polygon","coordinates":[[[2.384892274722938,48.73439494224625],[2.385012260404729,48.73436718822936],[2.38520687930964,48.73475315080671],[2.385087945734752,48.73477951699638],[2.384892274722938,48.73439494224625]]]}},{"type":"Feature","id":"LFPO-82143de48e8399c20eb7","properties":{"airport":"LFPO","name":"COLOR_RunwayMarking","layer":"Surface markings","category":"Surface markings","object_type":"Area","style_id":"polygon.runwaymarking.b3b3b3","source_group":"COLOR_RunwayMarking","vsmr_group_ids":[],"geometry_role":"filled_region"},"geometry":{"type":"Polygon","coordinates":[[[2.38524275738653,48.7343172319639],[2.385362742427553,48.73429017171416],[2.385556311008257,48.73467682768244],[2.385436325414736,48.73470319410945],[2.38524275738653,48.7343172319639]]]}},{"type":"Feature","id":"LFPO-e9a5fe4645b304629795","properties":{"airport":"LFPO","name":"COLOR_RunwayMarking","layer":"Surface markings","category":"Surface markings","object_type":"Area","style_id":"polygon.runwaymarking.b3b3b3","source_group":"COLOR_RunwayMarking","vsmr_group_ids":[],"geometry_role":"filled_region"},"geometry":{"type":"Polygon","coordinates":[[[2.385368330624658,48.7353242964308],[2.385480950379659,48.7352993177658],[2.385577736769582,48.73549229861424],[2.385467221800306,48.73551658352267],[2.385368330624658,48.7353242964308]]]}},{"type":"Feature","id":"LFPO-8d21f357cf7332abea3a","properties":{"airport":"LFPO","name":"COLOR_RunwayMarking","layer":"Surface markings","category":"Surface markings","object_type":"Area","style_id":"polygon.runwaymarking.b3b3b3","source_group":"COLOR_RunwayMarking","vsmr_group_ids":[],"geometry_role":"filled_region"},"geometry":{"type":"Polygon","coordinates":[[[2.385709346153533,48.73524866625391],[2.385821965561432,48.73522368725415],[2.385919805430978,48.73541736204314],[2.385807185847399,48.73544164710828],[2.385709346153533,48.73524866625391]]]}},{"type":"Feature","id":"LFPO-86cd9583ab05c8867f4c","properties":{"airport":"LFPO","name":"COLOR_RunwayMarking","layer":"Surface markings","category":"Surface markings","object_type":"Area","style_id":"polygon.runwaymarking.b3b3b3","source_group":"COLOR_RunwayMarking","vsmr_group_ids":[],"geometry_role":"filled_region"},"geometry":{"type":"Polygon","coordinates":[[[2.386011876649727,48.73660419283949],[2.386123446520489,48.73657921346766],[2.386220237649281,48.73677358207464],[2.386109720271032,48.73679717344433],[2.386011876649727,48.73660419283949]]]}},{"type":"Feature","id":"LFPO-6bde625cd438ba218378","properties":{"airport":"LFPO","name":"COLOR_RunwayMarking","layer":"Surface markings","category":"Surface markings","object_type":"Area","style_id":"polygon.runwaymarking.b3b3b3","source_group":"COLOR_RunwayMarking","vsmr_group_ids":[],"geometry_role":"filled_region"},"geometry":{"type":"Polygon","coordinates":[[[2.386351848157373,48.7365278665828],[2.386463417053375,48.73650427516588],[2.38656336705467,48.73669656121637],[2.3864496924265,48.73672223498695],[2.386351848157373,48.7365278665828]]]}},{"type":"Feature","id":"LFPO-7e4040304a4343146188","properties":{"airport":"LFPO","name":"COLOR_RunwayMarking","layer":"Surface markings","category":"Surface markings","object_type":"Area","style_id":"polygon.runwaymarking.b3b3b3","source_group":"COLOR_RunwayMarking","vsmr_group_ids":[],"geometry_role":"filled_region"},"geometry":{"type":"Polygon","coordinates":[[[2.386557764077628,48.73777747784028],[2.386581973177833,48.73777192671296],[2.386711384786222,48.73802946480955],[2.386686123072201,48.73803501591988],[2.386557764077628,48.73777747784028]]]}},{"type":"Feature","id":"LFPO-de8443242cf7e6bd3e8c","properties":{"airport":"LFPO","name":"COLOR_RunwayMarking","layer":"Surface markings","category":"Surface markings","object_type":"Area","style_id":"polygon.runwaymarking.b3b3b3","source_group":"COLOR_RunwayMarking","vsmr_group_ids":[],"geometry_role":"filled_region"},"geometry":{"type":"Polygon","coordinates":[[[2.386600919540591,48.73776706929085],[2.386626181136307,48.73776151824355],[2.386755592771215,48.7380197503678],[2.386729278556587,48.73802530139695],[2.386600919540591,48.73776706929085]]]}},{"type":"Feature","id":"LFPO-8fecfaae03c53f5e8e7e","properties":{"airport":"LFPO","name":"COLOR_RunwayMarking","layer":"Surface markings","category":"Surface markings","object_type":"Area","style_id":"polygon.runwaymarking.b3b3b3","source_group":"COLOR_RunwayMarking","vsmr_group_ids":[],"geometry_role":"filled_region"},"geometry":{"type":"Polygon","coordinates":[[[2.386646179738181,48.73775804918547],[2.386670388783689,48.73775249804195],[2.386798748053902,48.73801072998874],[2.386774539180756,48.73801489289573],[2.386646179738181,48.73775804918547]]]}},{"type":"Feature","id":"LFPO-a7d147a86cf9f9263225","properties":{"airport":"LFPO","name":"COLOR_RunwayMarking","layer":"Surface markings","category":"Surface markings","object_type":"Area","style_id":"polygon.runwaymarking.b3b3b3","source_group":"COLOR_RunwayMarking","vsmr_group_ids":[],"geometry_role":"filled_region"},"geometry":{"type":"Polygon","coordinates":[[[2.386688282451457,48.73774833466121],[2.386713543995533,48.73774278359616],[2.386842956083799,48.73800032138912],[2.386819799612698,48.73800517854157],[2.386688282451457,48.73774833466121]]]}},{"type":"Feature","id":"LFPO-47f8c3657012b648a5af","properties":{"airport":"LFPO","name":"COLOR_RunwayMarking","layer":"Surface markings","category":"Surface markings","object_type":"Area","style_id":"polygon.runwaymarking.b3b3b3","source_group":"COLOR_RunwayMarking","vsmr_group_ids":[],"geometry_role":"filled_region"},"geometry":{"type":"Polygon","coordinates":[[[2.386733542689594,48.73773862037513],[2.386756699038133,48.7377337632757],[2.38688611116203,48.73799199513332],[2.386862954838211,48.73799615813562],[2.386733542689594,48.73773862037513]]]}},{"type":"Feature","id":"LFPO-3b0c45507aad307dc193","properties":{"airport":"LFPO","name":"COLOR_RunwayMarking","layer":"Surface markings","category":"Surface markings","object_type":"Area","style_id":"polygon.runwaymarking.b3b3b3","source_group":"COLOR_RunwayMarking","vsmr_group_ids":[],"geometry_role":"filled_region"},"geometry":{"type":"Polygon","coordinates":[[[2.386775645194517,48.73772959996079],[2.386801959215719,48.73772404896924],[2.386932424169859,48.73798158668248],[2.386906110159048,48.73798644357898],[2.386775645194517,48.73772959996079]]]}},{"type":"Feature","id":"LFPO-d4c8710fbdf9824114ea","properties":{"airport":"LFPO","name":"COLOR_RunwayMarking","layer":"Surface markings","category":"Surface markings","object_type":"Area","style_id":"polygon.runwaymarking.b3b3b3","source_group":"COLOR_RunwayMarking","vsmr_group_ids":[],"geometry_role":"filled_region"},"geometry":{"type":"Polygon","coordinates":[[[2.386843008865478,48.73771364011122],[2.386868270450562,48.7377080890098],[2.386996630680946,48.73796632082334],[2.386970316349053,48.73797256605361],[2.386843008865478,48.73771364011122]]]}},{"type":"Feature","id":"LFPO-31b4c543f8a0e5a40042","properties":{"airport":"LFPO","name":"COLOR_RunwayMarking","layer":"Surface markings","category":"Surface markings","object_type":"Area","style_id":"polygon.runwaymarking.b3b3b3","source_group":"COLOR_RunwayMarking","vsmr_group_ids":[],"geometry_role":"filled_region"},"geometry":{"type":"Polygon","coordinates":[[[2.386887216469755,48.73770461982386],[2.386912477899183,48.73769976285537],[2.387040838291239,48.73795799457205],[2.387015576768865,48.73796285159206],[2.386887216469755,48.73770461982386]]]}},{"type":"Feature","id":"LFPO-646ade3dd5b4d595eb47","properties":{"airport":"LFPO","name":"COLOR_RunwayMarking","layer":"Surface markings","category":"Surface markings","object_type":"Area","style_id":"polygon.runwaymarking.b3b3b3","source_group":"COLOR_RunwayMarking","vsmr_group_ids":[],"geometry_role":"filled_region"},"geometry":{"type":"Polygon","coordinates":[[[2.386930371240472,48.73769559942166],[2.386956685294108,48.73769004838621],[2.387086098578897,48.73794758602766],[2.387059784304137,48.73795383127641],[2.386930371240472,48.73769559942166]]]}},{"type":"Feature","id":"LFPO-62f4acf3cfa0a01058f2","properties":{"airport":"LFPO","name":"COLOR_RunwayMarking","layer":"Surface markings","category":"Surface markings","object_type":"Area","style_id":"polygon.runwaymarking.b3b3b3","source_group":"COLOR_RunwayMarking","vsmr_group_ids":[],"geometry_role":"filled_region"},"geometry":{"type":"Polygon","coordinates":[[[2.38697352641039,48.73768588487574],[2.386999840561608,48.73767963968317],[2.387129254002951,48.73793717722419],[2.38710293975593,48.73794342247711],[2.38697352641039,48.73768588487574]]]}},{"type":"Feature","id":"LFPO-067ae11acbd84809cf52","properties":{"airport":"LFPO","name":"COLOR_RunwayMarking","layer":"Surface markings","category":"Surface markings","object_type":"Area","style_id":"polygon.runwaymarking.b3b3b3","source_group":"COLOR_RunwayMarking","vsmr_group_ids":[],"geometry_role":"filled_region"},"geometry":{"type":"Polygon","coordinates":[[[2.387016681659504,48.73767547616712],[2.387044048178455,48.73766992519775],[2.387173461673735,48.73792815679175],[2.387147147562065,48.73793370789414],[2.387016681659504,48.73767547616712]]]}},{"type":"Feature","id":"LFPO-8f5d0f29abc69e9b0862","properties":{"airport":"LFPO","name":"COLOR_RunwayMarking","layer":"Surface markings","category":"Surface markings","object_type":"Area","style_id":"polygon.runwaymarking.b3b3b3","source_group":"COLOR_RunwayMarking","vsmr_group_ids":[],"geometry_role":"filled_region"},"geometry":{"type":"Polygon","coordinates":[[[2.387061941779616,48.73766576175926],[2.387086150462794,48.73766159881868],[2.387217669415942,48.73791844219444],[2.387191355326874,48.7379239933166],[2.387061941779616,48.73766576175926]]]}},{"type":"Feature","id":"LFPO-87a6ca91c05720c1b042","properties":{"airport":"LFPO","name":"COLOR_TaxiwayOrange","layer":"Airfield surfaces","category":"Taxiway Orange","object_type":"Area","style_id":"polygon.taxiwayorange.cc6d00","source_group":"COLOR_TaxiwayOrange","vsmr_group_ids":[],"geometry_role":"filled_region"},"geometry":{"type":"Polygon","coordinates":[[[2.317848594986132,48.71828293398162],[2.317871403316656,48.71827072599981],[2.318094037121068,48.71848229413116],[2.31807053923613,48.7184940185571],[2.317848594986132,48.71828293398162]]]}},{"type":"Feature","id":"LFPO-2532b1313a14e1d4ce0c","properties":{"airport":"LFPO","name":"COLOR_TaxiwayOrange","layer":"Airfield surfaces","category":"Taxiway Orange","object_type":"Area","style_id":"polygon.taxiwayorange.cc6d00","source_group":"COLOR_TaxiwayOrange","vsmr_group_ids":[],"geometry_role":"filled_region"},"geometry":{"type":"Polygon","coordinates":[[[2.360659808929986,48.73390408469255],[2.361126511348317,48.73378222420699],[2.361135089700666,48.73379888281843],[2.360669947179725,48.73392028352319],[2.360659808929986,48.73390408469255]]]}},{"type":"Feature","id":"LFPO-7921670b489433c8eb0c","properties":{"airport":"LFPO","name":"COLOR_TaxiwayOrange","layer":"Airfield surfaces","category":"Taxiway Orange","object_type":"Area","style_id":"polygon.taxiwayorange.cc6d00","source_group":"COLOR_TaxiwayOrange","vsmr_group_ids":[],"geometry_role":"filled_region"},"geometry":{"type":"Polygon","coordinates":[[[2.356651808585353,48.72047754033613],[2.3566754643744,48.72046918438151],[2.357092609626521,48.72070608262221],[2.357076561401732,48.7207188945724],[2.356651808585353,48.72047754033613]]]}},{"type":"Feature","id":"LFPO-5f800054a4479344905d","properties":{"airport":"LFPO","name":"COLOR_TaxiwayOrange","layer":"Airfield surfaces","category":"Taxiway Orange","object_type":"Area","style_id":"polygon.taxiwayorange.cc6d00","source_group":"COLOR_TaxiwayOrange","vsmr_group_ids":[],"geometry_role":"filled_region"},"geometry":{"type":"Polygon","coordinates":[[[2.39999933833891,48.72886851328335],[2.400178120976104,48.72905104789645],[2.400155960422452,48.72906023253261],[2.399977563241904,48.72887671049436],[2.39999933833891,48.72886851328335]]]}},{"type":"Feature","id":"LFPO-8bc4412412ee40966a70","properties":{"airport":"LFPO","name":"COLOR_TaxiwayOrange","layer":"Airfield surfaces","category":"Taxiway Orange","object_type":"Area","style_id":"polygon.taxiwayorange.cc6d00","source_group":"COLOR_TaxiwayOrange","vsmr_group_ids":[],"geometry_role":"filled_region"},"geometry":{"type":"Polygon","coordinates":[[[2.38254506195255,48.74190313348414],[2.382870952641225,48.74193981361815],[2.382868586020406,48.74195107538938],[2.382540883134039,48.74191366308766],[2.38254506195255,48.74190313348414]]]}},{"type":"Feature","id":"LFPO-0cb169cb0d849c050e72","properties":{"airport":"LFPO","name":"COLOR_TaxiwayOrange","layer":"Airfield surfaces","category":"Taxiway Orange","object_type":"Area","style_id":"polygon.taxiwayorange.cc6d00","source_group":"COLOR_TaxiwayOrange","vsmr_group_ids":[],"geometry_role":"filled_region"},"geometry":{"type":"Polygon","coordinates":[[[2.382236811989316,48.74147139391805],[2.382213655523411,48.74147056634931],[2.382227834583956,48.74113173945391],[2.382253154871623,48.74113110691775],[2.382236811989316,48.74147139391805]]]}},{"type":"Feature","id":"LFPO-6e20a652301657281242","properties":{"airport":"LFPO","name":"COLOR_RunwayMarking","layer":"Guidance lines","category":"Surface markings","object_type":"Line","style_id":"line.runwaymarking.b3b3b3","source_group":"COLOR_RunwayMarking","vsmr_group_ids":[],"geometry_role":"linework"},"geometry":{"type":"LineString","coordinates":[[2.317121125592128,48.72004930247626],[2.317362021359441,48.72013437613663]]}},{"type":"Feature","id":"LFPO-aaa6982896be726ca89a","properties":{"airport":"LFPO","name":"COLOR_RunwayMarking","layer":"Guidance lines","category":"Surface markings","object_type":"Line","style_id":"line.runwaymarking.b3b3b3","source_group":"COLOR_RunwayMarking","vsmr_group_ids":[],"geometry_role":"linework"},"geometry":{"type":"LineString","coordinates":[[2.317348657067788,48.72014873049873],[2.317489917393984,48.72017973497019],[2.317371350258415,48.72011962785983]]}},{"type":"Feature","id":"LFPO-39b9a17188feeff90534","properties":{"airport":"LFPO","name":"COLOR_RunwayMarking","layer":"Guidance lines","category":"Surface markings","object_type":"Line","style_id":"line.runwaymarking.b3b3b3","source_group":"COLOR_RunwayMarking","vsmr_group_ids":[],"geometry_role":"linework"},"geometry":{"type":"LineString","coordinates":[[2.317839298926749,48.72030401181301],[2.318081418278197,48.72039014225108]]}},{"type":"Feature","id":"LFPO-146573a1ec507e32120a","properties":{"airport":"LFPO","name":"COLOR_RunwayMarking","layer":"Guidance lines","category":"Surface markings","object_type":"Line","style_id":"line.runwaymarking.b3b3b3","source_group":"COLOR_RunwayMarking","vsmr_group_ids":[],"geometry_role":"linework"},"geometry":{"type":"LineString","coordinates":[[2.318067464298565,48.72040412403661],[2.318210482990755,48.72043614642892],[2.318092140877925,48.72037553352653]]}},{"type":"Feature","id":"LFPO-8f8dbb3be303f8039b24","properties":{"airport":"LFPO","name":"COLOR_RunwayMarking","layer":"Guidance lines","category":"Surface markings","object_type":"Line","style_id":"line.runwaymarking.b3b3b3","source_group":"COLOR_RunwayMarking","vsmr_group_ids":[],"geometry_role":"linework"},"geometry":{"type":"LineString","coordinates":[[2.318558492841731,48.72055813111935],[2.31880026609347,48.72064445140827]]}},{"type":"Feature","id":"LFPO-81c5e6776f0c307b3329","properties":{"airport":"LFPO","name":"COLOR_RunwayMarking","layer":"Guidance lines","category":"Surface markings","object_type":"Line","style_id":"line.runwaymarking.b3b3b3","source_group":"COLOR_RunwayMarking","vsmr_group_ids":[],"geometry_role":"linework"},"geometry":{"type":"LineString","coordinates":[[2.318785022833256,48.72065811848815],[2.31892940081059,48.72069098729013],[2.318809184628081,48.72062942708583]]}},{"type":"Feature","id":"LFPO-89ec735f172331592eef","properties":{"airport":"LFPO","name":"COLOR_RunwayMarking","layer":"Guidance lines","category":"Surface markings","object_type":"Line","style_id":"line.runwaymarking.b3b3b3","source_group":"COLOR_RunwayMarking","vsmr_group_ids":[],"geometry_role":"linework"},"geometry":{"type":"LineString","coordinates":[[2.319277290871449,48.72081284978966],[2.319520494289113,48.72089883948523]]}},{"type":"Feature","id":"LFPO-82b29eb21237956c890b","properties":{"airport":"LFPO","name":"COLOR_RunwayMarking","layer":"Guidance lines","category":"Surface markings","object_type":"Line","style_id":"line.runwaymarking.b3b3b3","source_group":"COLOR_RunwayMarking","vsmr_group_ids":[],"geometry_role":"linework"},"geometry":{"type":"LineString","coordinates":[[2.319505858685165,48.72091227506669],[2.319647057587195,48.72094423532687],[2.319530256800653,48.72088409090697]]}},{"type":"Feature","id":"LFPO-073a2d5cc0724f981a1e","properties":{"airport":"LFPO","name":"COLOR_RunwayMarking","layer":"Guidance lines","category":"Surface markings","object_type":"Line","style_id":"line.runwaymarking.b3b3b3","source_group":"COLOR_RunwayMarking","vsmr_group_ids":[],"geometry_role":"linework"},"geometry":{"type":"LineString","coordinates":[[2.319996212732212,48.72106737492564],[2.320236247611804,48.72115293520079]]}},{"type":"Feature","id":"LFPO-12988e73ce6b00871d71","properties":{"airport":"LFPO","name":"COLOR_RunwayMarking","layer":"Guidance lines","category":"Surface markings","object_type":"Line","style_id":"line.runwaymarking.b3b3b3","source_group":"COLOR_RunwayMarking","vsmr_group_ids":[],"geometry_role":"linework"},"geometry":{"type":"LineString","coordinates":[[2.320222848778841,48.72116658174027],[2.320364927528986,48.72119906505798],[2.320247197399181,48.72113860300973]]}},{"type":"Feature","id":"LFPO-d8f2e11b1794e3e3d3af","properties":{"airport":"LFPO","name":"COLOR_RunwayMarking","layer":"Guidance lines","category":"Surface markings","object_type":"Line","style_id":"line.runwaymarking.b3b3b3","source_group":"COLOR_RunwayMarking","vsmr_group_ids":[],"geometry_role":"linework"},"geometry":{"type":"LineString","coordinates":[[2.396705721640036,48.72646126318252],[2.396579478924614,48.72642150172487],[2.396718932142607,48.7264309326553]]}},{"type":"Feature","id":"LFPO-937ba44d6f09b81b0b89","properties":{"airport":"LFPO","name":"COLOR_RunwayMarking","layer":"Guidance lines","category":"Surface markings","object_type":"Line","style_id":"line.runwaymarking.b3b3b3","source_group":"COLOR_RunwayMarking","vsmr_group_ids":[],"geometry_role":"linework"},"geometry":{"type":"LineString","coordinates":[[2.396711035842534,48.72644522677985],[2.396974989073466,48.7264935313739]]}},{"type":"Feature","id":"LFPO-7017f3d84f27dfc943f6","properties":{"airport":"LFPO","name":"COLOR_RunwayMarking","layer":"Guidance lines","category":"Surface markings","object_type":"Line","style_id":"line.runwaymarking.b3b3b3","source_group":"COLOR_RunwayMarking","vsmr_group_ids":[],"geometry_role":"linework"},"geometry":{"type":"LineString","coordinates":[[2.397491777567204,48.72660606460119],[2.397365758473644,48.72656680817368],[2.397504943566935,48.7265756625237]]}},{"type":"Feature","id":"LFPO-e24c75f0e691dd56a8f9","properties":{"airport":"LFPO","name":"COLOR_RunwayMarking","layer":"Guidance lines","category":"Surface markings","object_type":"Line","style_id":"line.runwaymarking.b3b3b3","source_group":"COLOR_RunwayMarking","vsmr_group_ids":[],"geometry_role":"linework"},"geometry":{"type":"LineString","coordinates":[[2.397495733561057,48.72659056632158],[2.397759867933451,48.72663927338304]]}},{"type":"Feature","id":"LFPO-aabdd4304982b2d58bb9","properties":{"airport":"LFPO","name":"COLOR_RunwayMarking","layer":"Guidance lines","category":"Surface markings","object_type":"Line","style_id":"line.runwaymarking.b3b3b3","source_group":"COLOR_RunwayMarking","vsmr_group_ids":[],"geometry_role":"linework"},"geometry":{"type":"LineString","coordinates":[[2.398277250697203,48.72675100143168],[2.398149899178093,48.72671107102715],[2.398289762802654,48.72672079071516]]}},{"type":"Feature","id":"LFPO-915c0eb148a1ad89a715","properties":{"airport":"LFPO","name":"COLOR_RunwayMarking","layer":"Guidance lines","category":"Surface markings","object_type":"Line","style_id":"line.runwaymarking.b3b3b3","source_group":"COLOR_RunwayMarking","vsmr_group_ids":[],"geometry_role":"linework"},"geometry":{"type":"LineString","coordinates":[[2.399061905446858,48.7268953801545],[2.398936797716043,48.72685647828553],[2.399076750526843,48.72686537256105]]}},{"type":"Feature","id":"LFPO-d7ff0cbcc3963ef5e5d0","properties":{"airport":"LFPO","name":"COLOR_RunwayMarking","layer":"Guidance lines","category":"Surface markings","object_type":"Line","style_id":"line.runwaymarking.b3b3b3","source_group":"COLOR_RunwayMarking","vsmr_group_ids":[],"geometry_role":"linework"},"geometry":{"type":"LineString","coordinates":[[2.399067746625838,48.72687983584387],[2.399331479163027,48.72692935161009]]}},{"type":"Feature","id":"LFPO-0950ad2aecae7ba1a82c","properties":{"airport":"LFPO","name":"COLOR_RunwayMarking","layer":"Guidance lines","category":"Surface markings","object_type":"Line","style_id":"line.runwaymarking.b3b3b3","source_group":"COLOR_RunwayMarking","vsmr_group_ids":[],"geometry_role":"linework"},"geometry":{"type":"LineString","coordinates":[[2.399848181801003,48.72704110253196],[2.399722466461744,48.72700096045407],[2.399860963733975,48.72701043577197]]}},{"type":"Feature","id":"LFPO-311971ad9a8bf4f3e766","properties":{"airport":"LFPO","name":"COLOR_RunwayMarking","layer":"Guidance lines","category":"Surface markings","object_type":"Line","style_id":"line.runwaymarking.b3b3b3","source_group":"COLOR_RunwayMarking","vsmr_group_ids":[],"geometry_role":"linework"},"geometry":{"type":"LineString","coordinates":[[2.399852557638635,48.72702459648226],[2.400116846554248,48.72707372602036]]}},{"type":"Feature","id":"LFPO-0ac1d0482fdd84a671ba","properties":{"airport":"LFPO","name":"COLOR_RunwayMarking","layer":"Guidance lines","category":"Surface markings","object_type":"Line","style_id":"line.runwaymarking.b3b3b3","source_group":"COLOR_RunwayMarking","vsmr_group_ids":[],"geometry_role":"linework"},"geometry":{"type":"LineString","coordinates":[[2.400633902305063,48.72718607768343],[2.400508788550566,48.72714580560776],[2.400647230868256,48.72715532113325]]}},{"type":"Feature","id":"LFPO-a8072906742947bbb50a","properties":{"airport":"LFPO","name":"COLOR_RunwayMarking","layer":"Guidance lines","category":"Surface markings","object_type":"Line","style_id":"line.runwaymarking.b3b3b3","source_group":"COLOR_RunwayMarking","vsmr_group_ids":[],"geometry_role":"linework"},"geometry":{"type":"LineString","coordinates":[[2.400638850231911,48.72717011507934],[2.40090292995544,48.72721850130471]]}},{"type":"Feature","id":"LFPO-753b760e16c4f65d1ad5","properties":{"airport":"LFPO","name":"COLOR_RunwayMarking","layer":"Guidance lines","category":"Surface markings","object_type":"Line","style_id":"line.runwaymarking.b3b3b3","source_group":"COLOR_RunwayMarking","vsmr_group_ids":[],"geometry_role":"linework"},"geometry":{"type":"LineString","coordinates":[[2.401418753991924,48.72733024484732],[2.401293444748402,48.72729071829614],[2.401432844115612,48.72730026907523]]}},{"type":"Feature","id":"LFPO-3f8e744deab2d192aa05","properties":{"airport":"LFPO","name":"COLOR_RunwayMarking","layer":"Guidance lines","category":"Surface markings","object_type":"Line","style_id":"line.runwaymarking.b3b3b3","source_group":"COLOR_RunwayMarking","vsmr_group_ids":[],"geometry_role":"linework"},"geometry":{"type":"LineString","coordinates":[[2.401424475323473,48.72731482096852],[2.401687963643675,48.72736332907924]]}},{"type":"Feature","id":"LFPO-3c589046d0dece8f5cf8","properties":{"airport":"LFPO","name":"COLOR_RunwayMarking","layer":"Guidance lines","category":"Surface markings","object_type":"Line","style_id":"line.runwaymarking.b3b3b3","source_group":"COLOR_RunwayMarking","vsmr_group_ids":[],"geometry_role":"linework"},"geometry":{"type":"LineString","coordinates":[[2.398281738267878,48.72673483745383],[2.398545598444066,48.72678392101451]]}},{"type":"Feature","id":"LFPO-1f1b4e164e0f80cda738","properties":{"airport":"LFPO","name":"COLOR_RunwayMarking","layer":"Guidance lines","category":"Surface markings","object_type":"Line","style_id":"line.runwaymarking.b3b3b3","source_group":"COLOR_RunwayMarking","vsmr_group_ids":[],"geometry_role":"linework"},"geometry":{"type":"LineString","coordinates":[[2.325036569282986,48.72284954788686],[2.325397435982408,48.72297779636446]]}},{"type":"Feature","id":"LFPO-1f5b50852afa3abdeb2e","properties":{"airport":"LFPO","name":"COLOR_RunwayMarking","layer":"Guidance lines","category":"Surface markings","object_type":"Line","style_id":"line.runwaymarking.b3b3b3","source_group":"COLOR_RunwayMarking","vsmr_group_ids":[],"geometry_role":"linework"},"geometry":{"type":"LineString","coordinates":[[2.325751591685532,48.72310443621458],[2.326110821048728,48.72323103358436]]}},{"type":"Feature","id":"LFPO-a75a7b4ec9f28149e6b2","properties":{"airport":"LFPO","name":"COLOR_RunwayMarking","layer":"Guidance lines","category":"Surface markings","object_type":"Line","style_id":"line.runwaymarking.b3b3b3","source_group":"COLOR_RunwayMarking","vsmr_group_ids":[],"geometry_role":"linework"},"geometry":{"type":"LineString","coordinates":[[2.32646875545826,48.7233567746218],[2.326830582234181,48.72348593609297]]}},{"type":"Feature","id":"LFPO-d553ede0fa6f5737160e","properties":{"airport":"LFPO","name":"COLOR_RunwayMarking","layer":"Guidance lines","category":"Surface markings","object_type":"Line","style_id":"line.runwaymarking.b3b3b3","source_group":"COLOR_RunwayMarking","vsmr_group_ids":[],"geometry_role":"linework"},"geometry":{"type":"LineString","coordinates":[[2.327183332607852,48.72360996409828],[2.327546622696723,48.72373748110011]]}},{"type":"Feature","id":"LFPO-573627026c8ab42215b6","properties":{"airport":"LFPO","name":"COLOR_RunwayMarking","layer":"Guidance lines","category":"Surface markings","object_type":"Line","style_id":"line.runwaymarking.b3b3b3","source_group":"COLOR_RunwayMarking","vsmr_group_ids":[],"geometry_role":"linework"},"geometry":{"type":"LineString","coordinates":[[2.321457343164397,48.72158418185307],[2.321819059388051,48.72171214964812]]}},{"type":"Feature","id":"LFPO-2d56a3e4e5f3c4616939","properties":{"airport":"LFPO","name":"COLOR_RunwayMarking","layer":"Guidance lines","category":"Surface markings","object_type":"Line","style_id":"line.runwaymarking.b3b3b3","source_group":"COLOR_RunwayMarking","vsmr_group_ids":[],"geometry_role":"linework"},"geometry":{"type":"LineString","coordinates":[[2.322174708756766,48.72183709393162],[2.322535996235939,48.72196462292283]]}},{"type":"Feature","id":"LFPO-8f208af534ad53331d1c","properties":{"airport":"LFPO","name":"COLOR_RunwayMarking","layer":"Guidance lines","category":"Surface markings","object_type":"Line","style_id":"line.runwaymarking.b3b3b3","source_group":"COLOR_RunwayMarking","vsmr_group_ids":[],"geometry_role":"linework"},"geometry":{"type":"LineString","coordinates":[[2.322889891131747,48.72208866670532],[2.323252238701616,48.72221758724326]]}},{"type":"Feature","id":"LFPO-d0bc15021ec2fdcad8e2","properties":{"airport":"LFPO","name":"COLOR_RunwayMarking","layer":"Guidance lines","category":"Surface markings","object_type":"Line","style_id":"line.runwaymarking.b3b3b3","source_group":"COLOR_RunwayMarking","vsmr_group_ids":[],"geometry_role":"linework"},"geometry":{"type":"LineString","coordinates":[[2.32360610245026,48.72234447601497],[2.323965932075436,48.72247013624623]]}},{"type":"Feature","id":"LFPO-800ba5a6b16dcdbe0640","properties":{"airport":"LFPO","name":"COLOR_RunwayMarking","layer":"Guidance lines","category":"Surface markings","object_type":"Line","style_id":"line.runwaymarking.b3b3b3","source_group":"COLOR_RunwayMarking","vsmr_group_ids":[],"geometry_role":"linework"},"geometry":{"type":"LineString","coordinates":[[2.324321863663139,48.72259680656317],[2.324682209558522,48.72272441145213]]}},{"type":"Feature","id":"LFPO-91a4a3be4ba9ea88dc27","properties":{"airport":"LFPO","name":"COLOR_RunwayMarking","layer":"Guidance lines","category":"Surface markings","object_type":"Line","style_id":"line.runwaymarking.b3b3b3","source_group":"COLOR_RunwayMarking","vsmr_group_ids":[],"geometry_role":"linework"},"geometry":{"type":"LineString","coordinates":[[2.32790090804722,48.72386437727343],[2.328262394808485,48.72398982642078]]}},{"type":"Feature","id":"LFPO-9bf76ef8ce114353ec38","properties":{"airport":"LFPO","name":"COLOR_RunwayMarking","layer":"Guidance lines","category":"Surface markings","object_type":"Line","style_id":"line.runwaymarking.b3b3b3","source_group":"COLOR_RunwayMarking","vsmr_group_ids":[],"geometry_role":"linework"},"geometry":{"type":"LineString","coordinates":[[2.328619303939834,48.72411744746148],[2.328974781336393,48.72424412181677]]}},{"type":"Feature","id":"LFPO-26a212006a767d98707c","properties":{"airport":"LFPO","name":"COLOR_RunwayMarking","layer":"Guidance lines","category":"Surface markings","object_type":"Line","style_id":"line.runwaymarking.b3b3b3","source_group":"COLOR_RunwayMarking","vsmr_group_ids":[],"geometry_role":"linework"},"geometry":{"type":"LineString","coordinates":[[2.329692119563711,48.72449836508945],[2.329332430227216,48.72436870098537]]}},{"type":"Feature","id":"LFPO-a595d8d8f1e48e7db447","properties":{"airport":"LFPO","name":"COLOR_RunwayMarking","layer":"Guidance lines","category":"Surface markings","object_type":"Line","style_id":"line.runwaymarking.b3b3b3","source_group":"COLOR_RunwayMarking","vsmr_group_ids":[],"geometry_role":"linework"},"geometry":{"type":"LineString","coordinates":[[2.330051559949526,48.72462374386284],[2.330408929065206,48.72475013486632]]}},{"type":"Feature","id":"LFPO-d815086d6afd9d2dee0e","properties":{"airport":"LFPO","name":"COLOR_RunwayMarking","layer":"Guidance lines","category":"Surface markings","object_type":"Line","style_id":"line.runwaymarking.b3b3b3","source_group":"COLOR_RunwayMarking","vsmr_group_ids":[],"geometry_role":"linework"},"geometry":{"type":"LineString","coordinates":[[2.330763417611723,48.72487747542679],[2.331123672402702,48.72500386400404]]}},{"type":"Feature","id":"LFPO-f33debb1df0003b986a2","properties":{"airport":"LFPO","name":"COLOR_RunwayMarking","layer":"Guidance lines","category":"Surface markings","object_type":"Line","style_id":"line.runwaymarking.b3b3b3","source_group":"COLOR_RunwayMarking","vsmr_group_ids":[],"geometry_role":"linework"},"geometry":{"type":"LineString","coordinates":[[2.33147816414768,48.72513025189726],[2.331839864480165,48.72525853928106]]}},{"type":"Feature","id":"LFPO-ff059d7789ae6e25f1d9","properties":{"airport":"LFPO","name":"COLOR_RunwayMarking","layer":"Guidance lines","category":"Surface markings","object_type":"Line","style_id":"line.runwaymarking.b3b3b3","source_group":"COLOR_RunwayMarking","vsmr_group_ids":[],"geometry_role":"linework"},"geometry":{"type":"LineString","coordinates":[[2.332192918415652,48.72538302396961],[2.332554621685587,48.72550940804245]]}},{"type":"Feature","id":"LFPO-f7fcd021abdd5a0f9582","properties":{"airport":"LFPO","name":"COLOR_RunwayMarking","layer":"Guidance lines","category":"Surface markings","object_type":"Line","style_id":"line.runwaymarking.b3b3b3","source_group":"COLOR_RunwayMarking","vsmr_group_ids":[],"geometry_role":"linework"},"geometry":{"type":"LineString","coordinates":[[2.332910561808264,48.7256367417915],[2.333263622362896,48.72576217395134]]}},{"type":"Feature","id":"LFPO-bb7717ff8703d595286f","properties":{"airport":"LFPO","name":"COLOR_RunwayMarking","layer":"Guidance lines","category":"Surface markings","object_type":"Line","style_id":"line.runwaymarking.b3b3b3","source_group":"COLOR_RunwayMarking","vsmr_group_ids":[],"geometry_role":"linework"},"geometry":{"type":"LineString","coordinates":[[2.333623249998347,48.72588932899644],[2.333984960189925,48.72601760944502]]}},{"type":"Feature","id":"LFPO-7c183113a21bf8a5990e","properties":{"airport":"LFPO","name":"COLOR_RunwayMarking","layer":"Guidance lines","category":"Surface markings","object_type":"Line","style_id":"line.runwaymarking.b3b3b3","source_group":"COLOR_RunwayMarking","vsmr_group_ids":[],"geometry_role":"linework"},"geometry":{"type":"LineString","coordinates":[[2.334338025441161,48.72614208758148],[2.334702621051423,48.72627036539371]]}},{"type":"Feature","id":"LFPO-a3a5ae131cfd756aa9f0","properties":{"airport":"LFPO","name":"COLOR_RunwayMarking","layer":"Guidance lines","category":"Surface markings","object_type":"Line","style_id":"line.runwaymarking.b3b3b3","source_group":"COLOR_RunwayMarking","vsmr_group_ids":[],"geometry_role":"linework"},"geometry":{"type":"LineString","coordinates":[[2.335059038132312,48.72639530237779],[2.335413550465362,48.72652262869117]]}},{"type":"Feature","id":"LFPO-9dde38dc856661b24a6f","properties":{"airport":"LFPO","name":"COLOR_RunwayMarking","layer":"Guidance lines","category":"Surface markings","object_type":"Line","style_id":"line.runwaymarking.b3b3b3","source_group":"COLOR_RunwayMarking","vsmr_group_ids":[],"geometry_role":"linework"},"geometry":{"type":"LineString","coordinates":[[2.335770946546851,48.72664995352458],[2.336129784675143,48.72677537594826]]}},{"type":"Feature","id":"LFPO-82924367125804602c7f","properties":{"airport":"LFPO","name":"COLOR_RunwayMarking","layer":"Guidance lines","category":"Surface markings","object_type":"Line","style_id":"line.runwaymarking.b3b3b3","source_group":"COLOR_RunwayMarking","vsmr_group_ids":[],"geometry_role":"linework"},"geometry":{"type":"LineString","coordinates":[[2.336486801480542,48.72690174819856],[2.336847085314089,48.72702906948471]]}},{"type":"Feature","id":"LFPO-79aed07801d6f22c367b","properties":{"airport":"LFPO","name":"COLOR_RunwayMarking","layer":"Guidance lines","category":"Surface markings","object_type":"Line","style_id":"line.runwaymarking.b3b3b3","source_group":"COLOR_RunwayMarking","vsmr_group_ids":[],"geometry_role":"linework"},"geometry":{"type":"LineString","coordinates":[[2.337203046764964,48.7271554394387],[2.337561893977949,48.72728370932327]]}},{"type":"Feature","id":"LFPO-2ccbdb673a77795d9298","properties":{"airport":"LFPO","name":"COLOR_RunwayMarking","layer":"Guidance lines","category":"Surface markings","object_type":"Line","style_id":"line.runwaymarking.b3b3b3","source_group":"COLOR_RunwayMarking","vsmr_group_ids":[],"geometry_role":"linework"},"geometry":{"type":"LineString","coordinates":[[2.337919299326665,48.72740817568608],[2.338278149361392,48.72753549283682]]}},{"type":"Feature","id":"LFPO-93a91a156269a8e8e5ea","properties":{"airport":"LFPO","name":"COLOR_RunwayMarking","layer":"Guidance lines","category":"Surface markings","object_type":"Line","style_id":"line.runwaymarking.b3b3b3","source_group":"COLOR_RunwayMarking","vsmr_group_ids":[],"geometry_role":"linework"},"geometry":{"type":"LineString","coordinates":[[2.338632677724999,48.72766280922677],[2.338994412965041,48.7277891730195]]}},{"type":"Feature","id":"LFPO-2970c4baed1d618fae3d","properties":{"airport":"LFPO","name":"COLOR_RunwayMarking","layer":"Guidance lines","category":"Surface markings","object_type":"Line","style_id":"line.runwaymarking.b3b3b3","source_group":"COLOR_RunwayMarking","vsmr_group_ids":[],"geometry_role":"linework"},"geometry":{"type":"LineString","coordinates":[[2.339351825509681,48.72791268469678],[2.339712124607998,48.72804284856619]]}},{"type":"Feature","id":"LFPO-ccd8a154d7a46872041b","properties":{"airport":"LFPO","name":"COLOR_RunwayMarking","layer":"Guidance lines","category":"Surface markings","object_type":"Line","style_id":"line.runwaymarking.b3b3b3","source_group":"COLOR_RunwayMarking","vsmr_group_ids":[],"geometry_role":"linework"},"geometry":{"type":"LineString","coordinates":[[2.34006778219338,48.72816767929287],[2.340425201147074,48.72829572775291]]}},{"type":"Feature","id":"LFPO-14c39ee1146d38e011d1","properties":{"airport":"LFPO","name":"COLOR_RunwayMarking","layer":"Guidance lines","category":"Surface markings","object_type":"Line","style_id":"line.runwaymarking.b3b3b3","source_group":"COLOR_RunwayMarking","vsmr_group_ids":[],"geometry_role":"linework"},"geometry":{"type":"LineString","coordinates":[[2.340779142030576,48.72842145014324],[2.341141676393725,48.72854943681567]]}},{"type":"Feature","id":"LFPO-50c83f0735d39b6b37b6","properties":{"airport":"LFPO","name":"COLOR_RunwayMarking","layer":"Guidance lines","category":"Surface markings","object_type":"Line","style_id":"line.runwaymarking.b3b3b3","source_group":"COLOR_RunwayMarking","vsmr_group_ids":[],"geometry_role":"linework"},"geometry":{"type":"LineString","coordinates":[[2.341496074462457,48.728674208894],[2.341858712049496,48.7288020932739]]}},{"type":"Feature","id":"LFPO-68fd8b8c1aedbe1b955f","properties":{"airport":"LFPO","name":"COLOR_RunwayMarking","layer":"Guidance lines","category":"Surface markings","object_type":"Line","style_id":"line.runwaymarking.b3b3b3","source_group":"COLOR_RunwayMarking","vsmr_group_ids":[],"geometry_role":"linework"},"geometry":{"type":"LineString","coordinates":[[2.342212642373844,48.72892679620471],[2.342574188330397,48.72905462201256]]}},{"type":"Feature","id":"LFPO-221411be4e8a8fe725f7","properties":{"airport":"LFPO","name":"COLOR_RunwayMarking","layer":"Guidance lines","category":"Surface markings","object_type":"Line","style_id":"line.runwaymarking.b3b3b3","source_group":"COLOR_RunwayMarking","vsmr_group_ids":[],"geometry_role":"linework"},"geometry":{"type":"LineString","coordinates":[[2.34292751727458,48.7291802798481],[2.343289066712968,48.7293081032769]]}},{"type":"Feature","id":"LFPO-6c4564dd4bbda9e955ee","properties":{"airport":"LFPO","name":"COLOR_RunwayMarking","layer":"Guidance lines","category":"Surface markings","object_type":"Line","style_id":"line.runwaymarking.b3b3b3","source_group":"COLOR_RunwayMarking","vsmr_group_ids":[],"geometry_role":"linework"},"geometry":{"type":"LineString","coordinates":[[2.343644043239081,48.7294337588323],[2.344003952062346,48.72956158001938]]}},{"type":"Feature","id":"LFPO-896f07376ffb647f552c","properties":{"airport":"LFPO","name":"COLOR_RunwayMarking","layer":"Guidance lines","category":"Surface markings","object_type":"Line","style_id":"line.runwaymarking.b3b3b3","source_group":"COLOR_RunwayMarking","vsmr_group_ids":[],"geometry_role":"linework"},"geometry":{"type":"LineString","coordinates":[[2.344360575077524,48.72968614936516],[2.344722131702184,48.72981505206309]]}},{"type":"Feature","id":"LFPO-53fd74b0b7ace11fb6a8","properties":{"airport":"LFPO","name":"COLOR_RunwayMarking","layer":"Guidance lines","category":"Surface markings","object_type":"Line","style_id":"line.runwaymarking.b3b3b3","source_group":"COLOR_RunwayMarking","vsmr_group_ids":[],"geometry_role":"linework"},"geometry":{"type":"LineString","coordinates":[[2.34507409087449,48.72993905198399],[2.345435365690693,48.73006739179201]]}},{"type":"Feature","id":"LFPO-25d8d86ec335a080b3b3","properties":{"airport":"LFPO","name":"COLOR_RunwayMarking","layer":"Guidance lines","category":"Surface markings","object_type":"Line","style_id":"line.runwaymarking.b3b3b3","source_group":"COLOR_RunwayMarking","vsmr_group_ids":[],"geometry_role":"linework"},"geometry":{"type":"LineString","coordinates":[[2.345791420456185,48.73019234145978],[2.346151474044149,48.73031987164138]]}},{"type":"Feature","id":"LFPO-f0d0b4bd73f870b52d4e","properties":{"airport":"LFPO","name":"COLOR_RunwayMarking","layer":"Guidance lines","category":"Surface markings","object_type":"Line","style_id":"line.runwaymarking.b3b3b3","source_group":"COLOR_RunwayMarking","vsmr_group_ids":[],"geometry_role":"linework"},"geometry":{"type":"LineString","coordinates":[[2.34650540599036,48.73044497917823],[2.346867913190358,48.7305741219425]]}},{"type":"Feature","id":"LFPO-c306c9454424287f7a8a","properties":{"airport":"LFPO","name":"COLOR_RunwayMarking","layer":"Guidance lines","category":"Surface markings","object_type":"Line","style_id":"line.runwaymarking.b3b3b3","source_group":"COLOR_RunwayMarking","vsmr_group_ids":[],"geometry_role":"linework"},"geometry":{"type":"LineString","coordinates":[[2.347223072408833,48.73069856066645],[2.347583133912345,48.73082608657015]]}},{"type":"Feature","id":"LFPO-0beed322b931cfc1b840","properties":{"airport":"LFPO","name":"COLOR_RunwayMarking","layer":"Guidance lines","category":"Surface markings","object_type":"Line","style_id":"line.runwaymarking.b3b3b3","source_group":"COLOR_RunwayMarking","vsmr_group_ids":[],"geometry_role":"linework"},"geometry":{"type":"LineString","coordinates":[[2.34793707339217,48.73095280491539],[2.348298362466787,48.73108032817623]]}},{"type":"Feature","id":"LFPO-c3eee9b17b0ce4027374","properties":{"airport":"LFPO","name":"COLOR_RunwayMarking","layer":"Guidance lines","category":"Surface markings","object_type":"Line","style_id":"line.runwaymarking.b3b3b3","source_group":"COLOR_RunwayMarking","vsmr_group_ids":[],"geometry_role":"linework"},"geometry":{"type":"LineString","coordinates":[[2.348652907377238,48.73120481377629],[2.349015424750418,48.73133314206085]]}},{"type":"Feature","id":"LFPO-b23b76c11f97b3b243fb","properties":{"airport":"LFPO","name":"COLOR_RunwayMarking","layer":"Guidance lines","category":"Surface markings","object_type":"Line","style_id":"line.runwaymarking.b3b3b3","source_group":"COLOR_RunwayMarking","vsmr_group_ids":[],"geometry_role":"linework"},"geometry":{"type":"LineString","coordinates":[[2.349370596450249,48.73145985594252],[2.349730667798446,48.73158656733469]]}},{"type":"Feature","id":"LFPO-32f60573b038989bdd6c","properties":{"airport":"LFPO","name":"COLOR_RunwayMarking","layer":"Guidance lines","category":"Surface markings","object_type":"Line","style_id":"line.runwaymarking.b3b3b3","source_group":"COLOR_RunwayMarking","vsmr_group_ids":[],"geometry_role":"linework"},"geometry":{"type":"LineString","coordinates":[[2.350085841921559,48.73171166377001],[2.35044714266692,48.73183998796735]]}},{"type":"Feature","id":"LFPO-efc9b9e0c9e2d9b71c6a","properties":{"airport":"LFPO","name":"COLOR_RunwayMarking","layer":"Guidance lines","category":"Surface markings","object_type":"Line","style_id":"line.runwaymarking.b3b3b3","source_group":"COLOR_RunwayMarking","vsmr_group_ids":[],"geometry_role":"linework"},"geometry":{"type":"LineString","coordinates":[[2.350802319464254,48.73196427440688],[2.351163623482517,48.73209178879565]]}},{"type":"Feature","id":"LFPO-c49fab5a9810d05682c4","properties":{"airport":"LFPO","name":"COLOR_RunwayMarking","layer":"Guidance lines","category":"Surface markings","object_type":"Line","style_id":"line.runwaymarking.b3b3b3","source_group":"COLOR_RunwayMarking","vsmr_group_ids":[],"geometry_role":"linework"},"geometry":{"type":"LineString","coordinates":[[2.351517048784522,48.73221816967426],[2.35187718580101,48.73234501882494]]}},{"type":"Feature","id":"LFPO-8ad115f05dc036350371","properties":{"airport":"LFPO","name":"COLOR_RunwayMarking","layer":"Guidance lines","category":"Surface markings","object_type":"Line","style_id":"line.runwaymarking.b3b3b3","source_group":"COLOR_RunwayMarking","vsmr_group_ids":[],"geometry_role":"linework"},"geometry":{"type":"LineString","coordinates":[[2.352233964108987,48.73247064833205],[2.352594519671394,48.73259814253613]]}},{"type":"Feature","id":"LFPO-c37f70c90b7f5011de15","properties":{"airport":"LFPO","name":"COLOR_RunwayMarking","layer":"Guidance lines","category":"Surface markings","object_type":"Line","style_id":"line.runwaymarking.b3b3b3","source_group":"COLOR_RunwayMarking","vsmr_group_ids":[],"geometry_role":"linework"},"geometry":{"type":"LineString","coordinates":[[2.352949414088028,48.73272439254764],[2.35330902958377,48.73285188476837]]}},{"type":"Feature","id":"LFPO-06aaa5db31c52a9917ba","properties":{"airport":"LFPO","name":"COLOR_RunwayMarking","layer":"Guidance lines","category":"Surface markings","object_type":"Line","style_id":"line.runwaymarking.b3b3b3","source_group":"COLOR_RunwayMarking","vsmr_group_ids":[],"geometry_role":"linework"},"geometry":{"type":"LineString","coordinates":[[2.353664870042109,48.73297626512444],[2.354026378280933,48.73310624428453]]}},{"type":"Feature","id":"LFPO-d42ceff73d69da173749","properties":{"airport":"LFPO","name":"COLOR_RunwayMarking","layer":"Guidance lines","category":"Surface markings","object_type":"Line","style_id":"line.runwaymarking.b3b3b3","source_group":"COLOR_RunwayMarking","vsmr_group_ids":[],"geometry_role":"linework"},"geometry":{"type":"LineString","coordinates":[[2.354380470658093,48.73323062263282],[2.354741036365684,48.73335748770325]]}},{"type":"Feature","id":"LFPO-b2225ebb32a69042f6fd","properties":{"airport":"LFPO","name":"COLOR_RunwayMarking","layer":"Guidance lines","category":"Surface markings","object_type":"Line","style_id":"line.runwaymarking.b3b3b3","source_group":"COLOR_RunwayMarking","vsmr_group_ids":[],"geometry_role":"linework"},"geometry":{"type":"LineString","coordinates":[[2.355095942438514,48.73348435369257],[2.355458399883312,48.73361183842557]]}},{"type":"Feature","id":"LFPO-b61b7fcf7db671677e75","properties":{"airport":"LFPO","name":"COLOR_RunwayMarking","layer":"Guidance lines","category":"Surface markings","object_type":"Line","style_id":"line.runwaymarking.b3b3b3","source_group":"COLOR_RunwayMarking","vsmr_group_ids":[],"geometry_role":"linework"},"geometry":{"type":"LineString","coordinates":[[2.355810890206822,48.73373559061244],[2.356174296239588,48.73386494005852]]}},{"type":"Feature","id":"LFPO-6e0df0c35e3396b4b95c","properties":{"airport":"LFPO","name":"COLOR_RunwayMarking","layer":"Guidance lines","category":"Surface markings","object_type":"Line","style_id":"line.runwaymarking.b3b3b3","source_group":"COLOR_RunwayMarking","vsmr_group_ids":[],"geometry_role":"linework"},"geometry":{"type":"LineString","coordinates":[[2.356528263654827,48.73398931199493],[2.356890728923347,48.73411741469706]]}},{"type":"Feature","id":"LFPO-f232c8aa80a973b60612","properties":{"airport":"LFPO","name":"COLOR_RunwayMarking","layer":"Guidance lines","category":"Surface markings","object_type":"Line","style_id":"line.runwaymarking.b3b3b3","source_group":"COLOR_RunwayMarking","vsmr_group_ids":[],"geometry_role":"linework"},"geometry":{"type":"LineString","coordinates":[[2.357243816075083,48.73424315224178],[2.35760534103739,48.73437125295431]]}},{"type":"Feature","id":"LFPO-847e0985b076f3be0761","properties":{"airport":"LFPO","name":"COLOR_RunwayMarking","layer":"Guidance lines","category":"Surface markings","object_type":"Line","style_id":"line.runwaymarking.b3b3b3","source_group":"COLOR_RunwayMarking","vsmr_group_ids":[],"geometry_role":"linework"},"geometry":{"type":"LineString","coordinates":[[2.357959315797193,48.73449624293138],[2.358320175657787,48.73462316366219]]}},{"type":"Feature","id":"LFPO-a8e7d49fe38236c01978","properties":{"airport":"LFPO","name":"COLOR_RunwayMarking","layer":"Guidance lines","category":"Surface markings","object_type":"Line","style_id":"line.runwaymarking.b3b3b3","source_group":"COLOR_RunwayMarking","vsmr_group_ids":[],"geometry_role":"linework"},"geometry":{"type":"LineString","coordinates":[[2.358674524469799,48.73474930771419],[2.359037898850964,48.73487572505813]]}},{"type":"Feature","id":"LFPO-60c31a71de693d93edf4","properties":{"airport":"LFPO","name":"COLOR_RunwayMarking","layer":"Guidance lines","category":"Surface markings","object_type":"Line","style_id":"line.runwaymarking.b3b3b3","source_group":"COLOR_RunwayMarking","vsmr_group_ids":[],"geometry_role":"linework"},"geometry":{"type":"LineString","coordinates":[[2.359392122903734,48.73500153314425],[2.359753803581102,48.73512982666278]]}},{"type":"Feature","id":"LFPO-b82b66d6ce599bad8465","properties":{"airport":"LFPO","name":"COLOR_RunwayMarking","layer":"Guidance lines","category":"Surface markings","object_type":"Line","style_id":"line.runwaymarking.b3b3b3","source_group":"COLOR_RunwayMarking","vsmr_group_ids":[],"geometry_role":"linework"},"geometry":{"type":"LineString","coordinates":[[2.359619465477341,48.71960214021603],[2.360014406252764,48.71967358358977]]}},{"type":"Feature","id":"LFPO-4365020bdfb34eba709a","properties":{"airport":"LFPO","name":"COLOR_RunwayMarking","layer":"Guidance lines","category":"Surface markings","object_type":"Line","style_id":"line.runwaymarking.b3b3b3","source_group":"COLOR_RunwayMarking","vsmr_group_ids":[],"geometry_role":"linework"},"geometry":{"type":"LineString","coordinates":[[2.360387444004892,48.71974449422641],[2.360782613271861,48.7198174892185]]}},{"type":"Feature","id":"LFPO-d8a91b1092ad11329718","properties":{"airport":"LFPO","name":"COLOR_RunwayMarking","layer":"Guidance lines","category":"Surface markings","object_type":"Line","style_id":"line.runwaymarking.b3b3b3","source_group":"COLOR_RunwayMarking","vsmr_group_ids":[],"geometry_role":"linework"},"geometry":{"type":"LineString","coordinates":[[2.361160568689524,48.71988617863099],[2.361550317146652,48.71995937719816]]}},{"type":"Feature","id":"LFPO-f47c17ae2143c0000f62","properties":{"airport":"LFPO","name":"COLOR_RunwayMarking","layer":"Guidance lines","category":"Surface markings","object_type":"Line","style_id":"line.runwaymarking.b3b3b3","source_group":"COLOR_RunwayMarking","vsmr_group_ids":[],"geometry_role":"linework"},"geometry":{"type":"LineString","coordinates":[[2.361928970572547,48.72002799940717],[2.362321495174868,48.72010028025435]]}},{"type":"Feature","id":"LFPO-f21eb0ccd90c95964476","properties":{"airport":"LFPO","name":"COLOR_RunwayMarking","layer":"Guidance lines","category":"Surface markings","object_type":"Line","style_id":"line.runwaymarking.b3b3b3","source_group":"COLOR_RunwayMarking","vsmr_group_ids":[],"geometry_role":"linework"},"geometry":{"type":"LineString","coordinates":[[2.362695990016466,48.72016981522179],[2.363088516905998,48.72024300852119]]}},{"type":"Feature","id":"LFPO-0d008532555a04d23ebd","properties":{"airport":"LFPO","name":"COLOR_RunwayMarking","layer":"Guidance lines","category":"Surface markings","object_type":"Line","style_id":"line.runwaymarking.b3b3b3","source_group":"COLOR_RunwayMarking","vsmr_group_ids":[],"geometry_role":"linework"},"geometry":{"type":"LineString","coordinates":[[2.363464400692794,48.72031254094792],[2.36385831762145,48.72038573173775]]}},{"type":"Feature","id":"LFPO-13489091c6b9eaa93b5a","properties":{"airport":"LFPO","name":"COLOR_RunwayMarking","layer":"Guidance lines","category":"Surface markings","object_type":"Line","style_id":"line.runwaymarking.b3b3b3","source_group":"COLOR_RunwayMarking","vsmr_group_ids":[],"geometry_role":"linework"},"geometry":{"type":"LineString","coordinates":[[2.364231428939032,48.72045434660725],[2.364625348104898,48.72052753476702]]}},{"type":"Feature","id":"LFPO-717e8ca4d71b5eac596b","properties":{"airport":"LFPO","name":"COLOR_RunwayMarking","layer":"Guidance lines","category":"Surface markings","object_type":"Line","style_id":"line.runwaymarking.b3b3b3","source_group":"COLOR_RunwayMarking","vsmr_group_ids":[],"geometry_role":"linework"},"geometry":{"type":"LineString","coordinates":[[2.365000534732025,48.72059553383171],[2.365394455750029,48.7206678042682]]}},{"type":"Feature","id":"LFPO-4ea8033bf1a2f6e3d928","properties":{"airport":"LFPO","name":"COLOR_RunwayMarking","layer":"Guidance lines","category":"Surface markings","object_type":"Line","style_id":"line.runwaymarking.b3b3b3","source_group":"COLOR_RunwayMarking","vsmr_group_ids":[],"geometry_role":"linework"},"geometry":{"type":"LineString","coordinates":[[2.36576895885108,48.72073915924449],[2.366164268720539,48.72081142694276]]}},{"type":"Feature","id":"LFPO-46f8d5241fb4dadad6df","properties":{"airport":"LFPO","name":"COLOR_RunwayMarking","layer":"Guidance lines","category":"Surface markings","object_type":"Line","style_id":"line.runwaymarking.b3b3b3","source_group":"COLOR_RunwayMarking","vsmr_group_ids":[],"geometry_role":"linework"},"geometry":{"type":"LineString","coordinates":[[2.366538773955442,48.72088003426628],[2.366931781654846,48.72095275537774]]}},{"type":"Feature","id":"LFPO-04747af27e64080f5ede","properties":{"airport":"LFPO","name":"COLOR_RunwayMarking","layer":"Guidance lines","category":"Surface markings","object_type":"Line","style_id":"line.runwaymarking.b3b3b3","source_group":"COLOR_RunwayMarking","vsmr_group_ids":[],"geometry_role":"linework"},"geometry":{"type":"LineString","coordinates":[[2.367308044587837,48.72102204614215],[2.367701347400855,48.72109508128131]]}},{"type":"Feature","id":"LFPO-98f5f2ac8294c2f9a495","properties":{"airport":"LFPO","name":"COLOR_RunwayMarking","layer":"Guidance lines","category":"Surface markings","object_type":"Line","style_id":"line.runwaymarking.b3b3b3","source_group":"COLOR_RunwayMarking","vsmr_group_ids":[],"geometry_role":"linework"},"geometry":{"type":"LineString","coordinates":[[2.368074772912088,48.72116436977192],[2.368470917152339,48.72123552866622]]}},{"type":"Feature","id":"LFPO-1c584fdb39f9fd6a4507","properties":{"airport":"LFPO","name":"COLOR_RunwayMarking","layer":"Guidance lines","category":"Surface markings","object_type":"Line","style_id":"line.runwaymarking.b3b3b3","source_group":"COLOR_RunwayMarking","vsmr_group_ids":[],"geometry_role":"linework"},"geometry":{"type":"LineString","coordinates":[[2.36884576467546,48.72130481455619],[2.369237651908265,48.72137784451159]]}},{"type":"Feature","id":"LFPO-4a7c0d096f5ada847c6b","properties":{"airport":"LFPO","name":"COLOR_RunwayMarking","layer":"Guidance lines","category":"Surface markings","object_type":"Line","style_id":"line.runwaymarking.b3b3b3","source_group":"COLOR_RunwayMarking","vsmr_group_ids":[],"geometry_role":"linework"},"geometry":{"type":"LineString","coordinates":[[2.36961392137339,48.72144619122058],[2.370008650533668,48.72151921836025]]}},{"type":"Feature","id":"LFPO-823f97822507555f8625","properties":{"airport":"LFPO","name":"COLOR_RunwayMarking","layer":"Guidance lines","category":"Surface markings","object_type":"Line","style_id":"line.runwaymarking.b3b3b3","source_group":"COLOR_RunwayMarking","vsmr_group_ids":[],"geometry_role":"linework"},"geometry":{"type":"LineString","coordinates":[[2.370383502738405,48.72159037264885],[2.370776813336495,48.72165965050213]]}},{"type":"Feature","id":"LFPO-dc31e288a158512e9087","properties":{"airport":"LFPO","name":"COLOR_RunwayMarking","layer":"Guidance lines","category":"Surface markings","object_type":"Line","style_id":"line.runwaymarking.b3b3b3","source_group":"COLOR_RunwayMarking","vsmr_group_ids":[],"geometry_role":"linework"},"geometry":{"type":"LineString","coordinates":[[2.371152026795418,48.72173117173681],[2.371549695545567,48.721805655953]]}},{"type":"Feature","id":"LFPO-7c53bd76dbd4b159de52","properties":{"airport":"LFPO","name":"COLOR_RunwayMarking","layer":"Guidance lines","category":"Surface markings","object_type":"Line","style_id":"line.runwaymarking.b3b3b3","source_group":"COLOR_RunwayMarking","vsmr_group_ids":[],"geometry_role":"linework"},"geometry":{"type":"LineString","coordinates":[[2.371922169095191,48.72187437633185],[2.37231695618549,48.72194584640292]]}},{"type":"Feature","id":"LFPO-94742bdaff8ff100974f","properties":{"airport":"LFPO","name":"COLOR_RunwayMarking","layer":"Guidance lines","category":"Surface markings","object_type":"Line","style_id":"line.runwaymarking.b3b3b3","source_group":"COLOR_RunwayMarking","vsmr_group_ids":[],"geometry_role":"linework"},"geometry":{"type":"LineString","coordinates":[[2.372689092669698,48.72201518284597],[2.373083882607459,48.72208665038066]]}},{"type":"Feature","id":"LFPO-2edb795dd90e5465b0a1","properties":{"airport":"LFPO","name":"COLOR_RunwayMarking","layer":"Guidance lines","category":"Surface markings","object_type":"Line","style_id":"line.runwaymarking.b3b3b3","source_group":"COLOR_RunwayMarking","vsmr_group_ids":[],"geometry_role":"linework"},"geometry":{"type":"LineString","coordinates":[[2.373459257191974,48.72215598397707],[2.373849195348399,48.72222958406012]]}},{"type":"Feature","id":"LFPO-1336970fe82c2eed8588","properties":{"airport":"LFPO","name":"COLOR_RunwayMarking","layer":"Guidance lines","category":"Surface markings","object_type":"Line","style_id":"line.runwaymarking.b3b3b3","source_group":"COLOR_RunwayMarking","vsmr_group_ids":[],"geometry_role":"linework"},"geometry":{"type":"LineString","coordinates":[[2.374227807855305,48.7222978474299],[2.374619366162802,48.72237037738301]]}},{"type":"Feature","id":"LFPO-aeb01da7b06e886e6cee","properties":{"airport":"LFPO","name":"COLOR_RunwayMarking","layer":"Guidance lines","category":"Surface markings","object_type":"Line","style_id":"line.runwaymarking.b3b3b3","source_group":"COLOR_RunwayMarking","vsmr_group_ids":[],"geometry_role":"linework"},"geometry":{"type":"LineString","coordinates":[[2.374996363292496,48.72244184049228],[2.375389541868074,48.722513300415]]}},{"type":"Feature","id":"LFPO-e29559d715b92dbd8012","properties":{"airport":"LFPO","name":"COLOR_RunwayMarking","layer":"Guidance lines","category":"Surface markings","object_type":"Line","style_id":"line.runwaymarking.b3b3b3","source_group":"COLOR_RunwayMarking","vsmr_group_ids":[],"geometry_role":"linework"},"geometry":{"type":"LineString","coordinates":[[2.375766539829642,48.72258262611865],[2.376156485661407,48.72265515135557]]}},{"type":"Feature","id":"LFPO-48ee13bad7ad0aef74b7","properties":{"airport":"LFPO","name":"COLOR_RunwayMarking","layer":"Guidance lines","category":"Surface markings","object_type":"Line","style_id":"line.runwaymarking.b3b3b3","source_group":"COLOR_RunwayMarking","vsmr_group_ids":[],"geometry_role":"linework"},"geometry":{"type":"LineString","coordinates":[[2.376533485183947,48.72272340722193],[2.376923433722427,48.72279699724425]]}},{"type":"Feature","id":"LFPO-69b3d6229b11ef8fa1d9","properties":{"airport":"LFPO","name":"COLOR_RunwayMarking","layer":"Guidance lines","category":"Surface markings","object_type":"Line","style_id":"line.runwaymarking.b3b3b3","source_group":"COLOR_RunwayMarking","vsmr_group_ids":[],"geometry_role":"linework"},"geometry":{"type":"LineString","coordinates":[[2.377300435743228,48.72286525065869],[2.377693621378338,48.72293777008506]]}},{"type":"Feature","id":"LFPO-2a376389a71382751bec","properties":{"airport":"LFPO","name":"COLOR_RunwayMarking","layer":"Guidance lines","category":"Surface markings","object_type":"Line","style_id":"line.runwaymarking.b3b3b3","source_group":"COLOR_RunwayMarking","vsmr_group_ids":[],"geometry_role":"linework"},"geometry":{"type":"LineString","coordinates":[[2.378070625867925,48.72300708829733],[2.378463814234131,48.72308067248859]]}},{"type":"Feature","id":"LFPO-09b053aa8c719af4d248","properties":{"airport":"LFPO","name":"COLOR_RunwayMarking","layer":"Guidance lines","category":"Surface markings","object_type":"Line","style_id":"line.runwaymarking.b3b3b3","source_group":"COLOR_RunwayMarking","vsmr_group_ids":[],"geometry_role":"linework"},"geometry":{"type":"LineString","coordinates":[[2.378839203297585,48.72314998850754],[2.37923239353995,48.72322357000282]]}},{"type":"Feature","id":"LFPO-707fb809e3d9459f2f08","properties":{"airport":"LFPO","name":"COLOR_RunwayMarking","layer":"Guidance lines","category":"Surface markings","object_type":"Line","style_id":"line.runwaymarking.b3b3b3","source_group":"COLOR_RunwayMarking","vsmr_group_ids":[],"geometry_role":"linework"},"geometry":{"type":"LineString","coordinates":[[2.379611318914048,48.72329139768092],[2.380005089665953,48.72336425846516]]}},{"type":"Feature","id":"LFPO-3d06251b816c6b037062","properties":{"airport":"LFPO","name":"COLOR_RunwayMarking","layer":"Guidance lines","category":"Surface markings","object_type":"Line","style_id":"line.runwaymarking.b3b3b3","source_group":"COLOR_RunwayMarking","vsmr_group_ids":[],"geometry_role":"linework"},"geometry":{"type":"LineString","coordinates":[[2.38037917209009,48.72343412409133],[2.380769917637509,48.72350798206701]]}},{"type":"Feature","id":"LFPO-e0deb0f54b894a1d6407","properties":{"airport":"LFPO","name":"COLOR_RunwayMarking","layer":"Guidance lines","category":"Surface markings","object_type":"Line","style_id":"line.runwaymarking.b3b3b3","source_group":"COLOR_RunwayMarking","vsmr_group_ids":[],"geometry_role":"linework"},"geometry":{"type":"LineString","coordinates":[[2.381148545190999,48.72357684527157],[2.381543834608597,48.72364870160602]]}},{"type":"Feature","id":"LFPO-56beba7c414e1c085f3f","properties":{"airport":"LFPO","name":"COLOR_RunwayMarking","layer":"Guidance lines","category":"Surface markings","object_type":"Line","style_id":"line.runwaymarking.b3b3b3","source_group":"COLOR_RunwayMarking","vsmr_group_ids":[],"geometry_role":"linework"},"geometry":{"type":"LineString","coordinates":[[2.381916407359728,48.72371856259711],[2.382308669982991,48.72379041684334]]}},{"type":"Feature","id":"LFPO-f48fc297715a0c077f54","properties":{"airport":"LFPO","name":"COLOR_RunwayMarking","layer":"Guidance lines","category":"Surface markings","object_type":"Line","style_id":"line.runwaymarking.b3b3b3","source_group":"COLOR_RunwayMarking","vsmr_group_ids":[],"geometry_role":"linework"},"geometry":{"type":"LineString","coordinates":[[2.382684273562869,48.72386027473114],[2.383081081912009,48.72393312441539]]}},{"type":"Feature","id":"LFPO-4051ffc8b0a99d6e952a","properties":{"airport":"LFPO","name":"COLOR_RunwayMarking","layer":"Guidance lines","category":"Surface markings","object_type":"Line","style_id":"line.runwaymarking.b3b3b3","source_group":"COLOR_RunwayMarking","vsmr_group_ids":[],"geometry_role":"linework"},"geometry":{"type":"LineString","coordinates":[[2.383456940103519,48.72400214747005],[2.383849206474424,48.7240729973652]]}},{"type":"Feature","id":"LFPO-25b71a468a323d6131c8","properties":{"airport":"LFPO","name":"COLOR_RunwayMarking","layer":"Guidance lines","category":"Surface markings","object_type":"Line","style_id":"line.runwaymarking.b3b3b3","source_group":"COLOR_RunwayMarking","vsmr_group_ids":[],"geometry_role":"linework"},"geometry":{"type":"LineString","coordinates":[[2.384223300542547,48.72414384984837],[2.384615570320847,48.72421569635306]]}},{"type":"Feature","id":"LFPO-9f69c70f9667acd47c30","properties":{"airport":"LFPO","name":"COLOR_RunwayMarking","layer":"Guidance lines","category":"Surface markings","object_type":"Line","style_id":"line.runwaymarking.b3b3b3","source_group":"COLOR_RunwayMarking","vsmr_group_ids":[],"geometry_role":"linework"},"geometry":{"type":"LineString","coordinates":[[2.384994209035429,48.72428554612835],[2.38538193719273,48.72435739093275]]}},{"type":"Feature","id":"LFPO-9e291971b713bb0aa581","properties":{"airport":"LFPO","name":"COLOR_RunwayMarking","layer":"Guidance lines","category":"Surface markings","object_type":"Line","style_id":"line.runwaymarking.b3b3b3","source_group":"COLOR_RunwayMarking","vsmr_group_ids":[],"geometry_role":"linework"},"geometry":{"type":"LineString","coordinates":[[2.385762822589632,48.72442739808645],[2.386152068673597,48.72450223696018]]}},{"type":"Feature","id":"LFPO-e540dfe4a8ea65d1e026","properties":{"airport":"LFPO","name":"COLOR_RunwayMarking","layer":"Guidance lines","category":"Surface markings","object_type":"Line","style_id":"line.runwaymarking.b3b3b3","source_group":"COLOR_RunwayMarking","vsmr_group_ids":[],"geometry_role":"linework"},"geometry":{"type":"LineString","coordinates":[[2.386532224413505,48.72456808542867],[2.386922986258606,48.72463992437891]]}},{"type":"Feature","id":"LFPO-354c8c6a4d179722566b","properties":{"airport":"LFPO","name":"COLOR_RunwayMarking","layer":"Guidance lines","category":"Surface markings","object_type":"Line","style_id":"line.runwaymarking.b3b3b3","source_group":"COLOR_RunwayMarking","vsmr_group_ids":[],"geometry_role":"linework"},"geometry":{"type":"LineString","coordinates":[[2.387298602253234,48.72470976729838],[2.387687852217395,48.72478260302493]]}},{"type":"Feature","id":"LFPO-139836477d9cd44fbd61","properties":{"airport":"LFPO","name":"COLOR_RunwayMarking","layer":"Guidance lines","category":"Surface markings","object_type":"Line","style_id":"line.runwaymarking.b3b3b3","source_group":"COLOR_RunwayMarking","vsmr_group_ids":[],"geometry_role":"linework"},"geometry":{"type":"LineString","coordinates":[[2.388064985741565,48.72485344221233],[2.388461809747719,48.72492627345797]]}},{"type":"Feature","id":"LFPO-2d9b6f99f763b7d6703d","properties":{"airport":"LFPO","name":"COLOR_RunwayMarking","layer":"Guidance lines","category":"Surface markings","object_type":"Line","style_id":"line.runwaymarking.b3b3b3","source_group":"COLOR_RunwayMarking","vsmr_group_ids":[],"geometry_role":"linework"},"geometry":{"type":"LineString","coordinates":[[2.388835914422178,48.72499311470474],[2.389223654533936,48.72506694465962]]}},{"type":"Feature","id":"LFPO-508b063ac913ef700809","properties":{"airport":"LFPO","name":"COLOR_RunwayMarking","layer":"Guidance lines","category":"Surface markings","object_type":"Line","style_id":"line.runwaymarking.b3b3b3","source_group":"COLOR_RunwayMarking","vsmr_group_ids":[],"geometry_role":"linework"},"geometry":{"type":"LineString","coordinates":[[2.389603822044148,48.72513877704571],[2.389999135065626,48.72520960534079]]}},{"type":"Feature","id":"LFPO-e14ba0167dc733a8e82a","properties":{"airport":"LFPO","name":"COLOR_RunwayMarking","layer":"Guidance lines","category":"Surface markings","object_type":"Line","style_id":"line.runwaymarking.b3b3b3","source_group":"COLOR_RunwayMarking","vsmr_group_ids":[],"geometry_role":"linework"},"geometry":{"type":"LineString","coordinates":[[2.390373717300276,48.72527843958875],[2.390767519050785,48.72535126370214]]}},{"type":"Feature","id":"LFPO-74702b665497bd36a14e","properties":{"airport":"LFPO","name":"COLOR_RunwayMarking","layer":"Guidance lines","category":"Surface markings","object_type":"Line","style_id":"line.runwaymarking.b3b3b3","source_group":"COLOR_RunwayMarking","vsmr_group_ids":[],"geometry_role":"linework"},"geometry":{"type":"LineString","coordinates":[[2.391143145745533,48.72542009515423],[2.391535434656948,48.72549191802872]]}},{"type":"Feature","id":"LFPO-24ed8b5bb0b044f1dcf9","properties":{"airport":"LFPO","name":"COLOR_RunwayMarking","layer":"Guidance lines","category":"Surface markings","object_type":"Line","style_id":"line.runwaymarking.b3b3b3","source_group":"COLOR_RunwayMarking","vsmr_group_ids":[],"geometry_role":"linework"},"geometry":{"type":"LineString","coordinates":[[2.391911162014915,48.72556277547511],[2.392307197221324,48.72563476074131]]}},{"type":"Feature","id":"LFPO-d7c05087e463d486b2b0","properties":{"airport":"LFPO","name":"COLOR_RunwayMarking","layer":"Guidance lines","category":"Surface markings","object_type":"Line","style_id":"line.runwaymarking.b3b3b3","source_group":"COLOR_RunwayMarking","vsmr_group_ids":[],"geometry_role":"linework"},"geometry":{"type":"LineString","coordinates":[[2.392681056057013,48.72570466116507],[2.393072342114628,48.72577664528062]]}},{"type":"Feature","id":"LFPO-f12aa1479ad10540620c","properties":{"airport":"LFPO","name":"COLOR_RunwayMarking","layer":"Guidance lines","category":"Surface markings","object_type":"Line","style_id":"line.runwaymarking.b3b3b3","source_group":"COLOR_RunwayMarking","vsmr_group_ids":[],"geometry_role":"linework"},"geometry":{"type":"LineString","coordinates":[[2.393450955544276,48.72584758661443],[2.39383907310067,48.72591538954334]]}},{"type":"Feature","id":"LFPO-50440b761c5c2218255e","properties":{"airport":"LFPO","name":"COLOR_RunwayMarking","layer":"Guidance lines","category":"Surface markings","object_type":"Line","style_id":"line.runwaymarking.b3b3b3","source_group":"COLOR_RunwayMarking","vsmr_group_ids":[],"geometry_role":"linework"},"geometry":{"type":"LineString","coordinates":[[2.394216106798153,48.72598946355719],[2.394607396651831,48.726060397622]]}},{"type":"Feature","id":"LFPO-f9adf96308d5832ba9ac","properties":{"airport":"LFPO","name":"COLOR_RunwayMarking","layer":"Guidance lines","category":"Surface markings","object_type":"Line","style_id":"line.runwaymarking.b3b3b3","source_group":"COLOR_RunwayMarking","vsmr_group_ids":[],"geometry_role":"linework"},"geometry":{"type":"LineString","coordinates":[[2.394982843925242,48.72612820021175],[2.395377305431701,48.7262012205423]]}},{"type":"Feature","id":"LFPO-e4668a5adcef79bfa740","properties":{"airport":"LFPO","name":"COLOR_RunwayMarking","layer":"Guidance lines","category":"Surface markings","object_type":"Line","style_id":"line.runwaymarking.b3b3b3","source_group":"COLOR_RunwayMarking","vsmr_group_ids":[],"geometry_role":"linework"},"geometry":{"type":"LineString","coordinates":[[2.377040774791008,48.71821156256726],[2.377166170062914,48.71847116018289]]}},{"type":"Feature","id":"LFPO-4956b393934c02c8d4d9","properties":{"airport":"LFPO","name":"COLOR_RunwayMarking","layer":"Guidance lines","category":"Surface markings","object_type":"Line","style_id":"line.runwaymarking.b3b3b3","source_group":"COLOR_RunwayMarking","vsmr_group_ids":[],"geometry_role":"linework"},"geometry":{"type":"LineString","coordinates":[[2.377295960042098,48.71872205500836],[2.377425755065967,48.71898165193218]]}},{"type":"Feature","id":"LFPO-281a41fee1fb5f74a960","properties":{"airport":"LFPO","name":"COLOR_RunwayMarking","layer":"Guidance lines","category":"Surface markings","object_type":"Line","style_id":"line.runwaymarking.b3b3b3","source_group":"COLOR_RunwayMarking","vsmr_group_ids":[],"geometry_role":"linework"},"geometry":{"type":"LineString","coordinates":[[2.377551063640684,48.71923348679042],[2.377680468661083,48.71949165166647]]}},{"type":"Feature","id":"LFPO-a8153dd3a5064b711c5f","properties":{"airport":"LFPO","name":"COLOR_RunwayMarking","layer":"Guidance lines","category":"Surface markings","object_type":"Line","style_id":"line.runwaymarking.b3b3b3","source_group":"COLOR_RunwayMarking","vsmr_group_ids":[],"geometry_role":"linework"},"geometry":{"type":"LineString","coordinates":[[2.377804768225205,48.71974420453846],[2.37793587737704,48.7200023688788]]}},{"type":"Feature","id":"LFPO-6d092acd9897f8f7eaaf","properties":{"airport":"LFPO","name":"COLOR_RunwayMarking","layer":"Guidance lines","category":"Surface markings","object_type":"Line","style_id":"line.runwaymarking.b3b3b3","source_group":"COLOR_RunwayMarking","vsmr_group_ids":[],"geometry_role":"linework"},"geometry":{"type":"LineString","coordinates":[[2.378061881302773,48.72025604364043],[2.378191291430087,48.72051420787384]]}},{"type":"Feature","id":"LFPO-81b1c5d40d8f1730d545","properties":{"airport":"LFPO","name":"COLOR_RunwayMarking","layer":"Guidance lines","category":"Surface markings","object_type":"Line","style_id":"line.runwaymarking.b3b3b3","source_group":"COLOR_RunwayMarking","vsmr_group_ids":[],"geometry_role":"linework"},"geometry":{"type":"LineString","coordinates":[[2.37831899777025,48.72076451425977],[2.378445007985073,48.72102380137595]]}},{"type":"Feature","id":"LFPO-da301c2f302a0f67ff2f","properties":{"airport":"LFPO","name":"COLOR_RunwayMarking","layer":"Guidance lines","category":"Surface markings","object_type":"Line","style_id":"line.runwaymarking.b3b3b3","source_group":"COLOR_RunwayMarking","vsmr_group_ids":[],"geometry_role":"linework"},"geometry":{"type":"LineString","coordinates":[[2.378574419531811,48.72127747472838],[2.378705536239563,48.7215345156589]]}},{"type":"Feature","id":"LFPO-6f77ba359b3f7e311fdd","properties":{"airport":"LFPO","name":"COLOR_RunwayMarking","layer":"Guidance lines","category":"Surface markings","object_type":"Line","style_id":"line.runwaymarking.b3b3b3","source_group":"COLOR_RunwayMarking","vsmr_group_ids":[],"geometry_role":"linework"},"geometry":{"type":"LineString","coordinates":[[2.378828143916714,48.72178693639503],[2.378960964539494,48.72204397661984]]}},{"type":"Feature","id":"LFPO-fdf6a54e3cb79ec73498","properties":{"airport":"LFPO","name":"COLOR_RunwayMarking","layer":"Guidance lines","category":"Surface markings","object_type":"Line","style_id":"line.runwaymarking.b3b3b3","source_group":"COLOR_RunwayMarking","vsmr_group_ids":[],"geometry_role":"linework"},"geometry":{"type":"LineString","coordinates":[[2.379085276987989,48.72229765044721],[2.379214697393341,48.72255581338159]]}},{"type":"Feature","id":"LFPO-9b09b0c1e06fb541fffd","properties":{"airport":"LFPO","name":"COLOR_RunwayMarking","layer":"Guidance lines","category":"Surface markings","object_type":"Line","style_id":"line.runwaymarking.b3b3b3","source_group":"COLOR_RunwayMarking","vsmr_group_ids":[],"geometry_role":"linework"},"geometry":{"type":"LineString","coordinates":[[2.379342090326424,48.72280824936543],[2.37947151291555,48.72306528946648]]}},{"type":"Feature","id":"LFPO-4da87526cb1513ee7ca3","properties":{"airport":"LFPO","name":"COLOR_RunwayMarking","layer":"Guidance lines","category":"Surface markings","object_type":"Line","style_id":"line.runwaymarking.b3b3b3","source_group":"COLOR_RunwayMarking","vsmr_group_ids":[],"geometry_role":"linework"},"geometry":{"type":"LineString","coordinates":[[2.379852969345393,48.72382928043425],[2.379985800418793,48.72408631935112]]}},{"type":"Feature","id":"LFPO-ff4a8c5d4f519a4fe819","properties":{"airport":"LFPO","name":"COLOR_RunwayMarking","layer":"Guidance lines","category":"Surface markings","object_type":"Line","style_id":"line.runwaymarking.b3b3b3","source_group":"COLOR_RunwayMarking","vsmr_group_ids":[],"geometry_role":"linework"},"geometry":{"type":"LineString","coordinates":[[2.380112152778289,48.7243398778654],[2.38024158389915,48.72459803982025]]}},{"type":"Feature","id":"LFPO-1c487c6ce917edae3623","properties":{"airport":"LFPO","name":"COLOR_RunwayMarking","layer":"Guidance lines","category":"Surface markings","object_type":"Line","style_id":"line.runwaymarking.b3b3b3","source_group":"COLOR_RunwayMarking","vsmr_group_ids":[],"geometry_role":"linework"},"geometry":{"type":"LineString","coordinates":[[2.380367609952723,48.72484946683742],[2.380495341316389,48.72510650606914]]}},{"type":"Feature","id":"LFPO-67233f4bc5102370249e","properties":{"airport":"LFPO","name":"COLOR_RunwayMarking","layer":"Guidance lines","category":"Surface markings","object_type":"Line","style_id":"line.runwaymarking.b3b3b3","source_group":"COLOR_RunwayMarking","vsmr_group_ids":[],"geometry_role":"linework"},"geometry":{"type":"LineString","coordinates":[[2.380623582945045,48.72536124572314],[2.380754720864668,48.72561940665104]]}},{"type":"Feature","id":"LFPO-862ebe080b75c955fc36","properties":{"airport":"LFPO","name":"COLOR_RunwayMarking","layer":"Guidance lines","category":"Surface markings","object_type":"Line","style_id":"line.runwaymarking.b3b3b3","source_group":"COLOR_RunwayMarking","vsmr_group_ids":[],"geometry_role":"linework"},"geometry":{"type":"LineString","coordinates":[[2.380881056929298,48.72587103417623],[2.381010495773461,48.72612919510949]]}},{"type":"Feature","id":"LFPO-b1f235cfaf1ad04de1bc","properties":{"airport":"LFPO","name":"COLOR_RunwayMarking","layer":"Guidance lines","category":"Surface markings","object_type":"Line","style_id":"line.runwaymarking.b3b3b3","source_group":"COLOR_RunwayMarking","vsmr_group_ids":[],"geometry_role":"linework"},"geometry":{"type":"LineString","coordinates":[[2.381134827523477,48.72638094801324],[2.381260865867558,48.72663910947555]]}},{"type":"Feature","id":"LFPO-629d31d5688eff8b951f","properties":{"airport":"LFPO","name":"COLOR_RunwayMarking","layer":"Guidance lines","category":"Surface markings","object_type":"Line","style_id":"line.runwaymarking.b3b3b3","source_group":"COLOR_RunwayMarking","vsmr_group_ids":[],"geometry_role":"linework"},"geometry":{"type":"LineString","coordinates":[[2.381392008525292,48.72689390183236],[2.381519750155225,48.72714981760152]]}},{"type":"Feature","id":"LFPO-3675c86003f138ca0bb5","properties":{"airport":"LFPO","name":"COLOR_RunwayMarking","layer":"Guidance lines","category":"Surface markings","object_type":"Line","style_id":"line.runwaymarking.b3b3b3","source_group":"COLOR_RunwayMarking","vsmr_group_ids":[],"geometry_role":"linework"},"geometry":{"type":"LineString","coordinates":[[2.381647490506722,48.72740151052915],[2.381778639918233,48.72766191535084]]}},{"type":"Feature","id":"LFPO-2bf5256dd57137074e27","properties":{"airport":"LFPO","name":"COLOR_RunwayMarking","layer":"Guidance lines","category":"Surface markings","object_type":"Line","style_id":"line.runwaymarking.b3b3b3","source_group":"COLOR_RunwayMarking","vsmr_group_ids":[],"geometry_role":"linework"},"geometry":{"type":"LineString","coordinates":[[2.38190446674527,48.7279150702059],[2.382032213449645,48.72817098535305]]}},{"type":"Feature","id":"LFPO-085e1e1560854f6a9a66","properties":{"airport":"LFPO","name":"COLOR_RunwayMarking","layer":"Guidance lines","category":"Surface markings","object_type":"Line","style_id":"line.runwaymarking.b3b3b3","source_group":"COLOR_RunwayMarking","vsmr_group_ids":[],"geometry_role":"linework"},"geometry":{"type":"LineString","coordinates":[[2.382160209311235,48.72842626921778],[2.382289660243149,48.72868218359833]]}},{"type":"Feature","id":"LFPO-76cdc9f173dbd05cd3eb","properties":{"airport":"LFPO","name":"COLOR_RunwayMarking","layer":"Guidance lines","category":"Surface markings","object_type":"Line","style_id":"line.runwaymarking.b3b3b3","source_group":"COLOR_RunwayMarking","vsmr_group_ids":[],"geometry_role":"linework"},"geometry":{"type":"LineString","coordinates":[[2.382417409336852,48.7289347307411],[2.382543459190847,48.72919064549732]]}},{"type":"Feature","id":"LFPO-7c33766fe8e29d4d3f49","properties":{"airport":"LFPO","name":"COLOR_RunwayMarking","layer":"Guidance lines","category":"Surface markings","object_type":"Line","style_id":"line.runwaymarking.b3b3b3","source_group":"COLOR_RunwayMarking","vsmr_group_ids":[],"geometry_role":"linework"},"geometry":{"type":"LineString","coordinates":[[2.382671075416214,48.7294474606152],[2.382800531918212,48.72970337475496]]}},{"type":"Feature","id":"LFPO-adeef17841b154d4768b","properties":{"airport":"LFPO","name":"COLOR_RunwayMarking","layer":"Guidance lines","category":"Surface markings","object_type":"Line","style_id":"line.runwaymarking.b3b3b3","source_group":"COLOR_RunwayMarking","vsmr_group_ids":[],"geometry_role":"linework"},"geometry":{"type":"LineString","coordinates":[[2.382926584413654,48.72995704395646],[2.383057745692452,48.73021407985026]]}},{"type":"Feature","id":"LFPO-8f86bddb96aac5ccda10","properties":{"airport":"LFPO","name":"COLOR_RunwayMarking","layer":"Guidance lines","category":"Surface markings","object_type":"Line","style_id":"line.runwaymarking.b3b3b3","source_group":"COLOR_RunwayMarking","vsmr_group_ids":[],"geometry_role":"linework"},"geometry":{"type":"LineString","coordinates":[[2.38318550330588,48.73046887110198],[2.383311561074983,48.730724785073]]}},{"type":"Feature","id":"LFPO-a38bc13ce20aae0799b4","properties":{"airport":"LFPO","name":"COLOR_RunwayMarking","layer":"Guidance lines","category":"Surface markings","object_type":"Line","style_id":"line.runwaymarking.b3b3b3","source_group":"COLOR_RunwayMarking","vsmr_group_ids":[],"geometry_role":"linework"},"geometry":{"type":"LineString","coordinates":[[2.383438682552508,48.73097654888326],[2.383569942594903,48.73123484390785]]}},{"type":"Feature","id":"LFPO-e7f2c7b641060508200b","properties":{"airport":"LFPO","name":"COLOR_RunwayMarking","layer":"Guidance lines","category":"Surface markings","object_type":"Line","style_id":"line.runwaymarking.b3b3b3","source_group":"COLOR_RunwayMarking","vsmr_group_ids":[],"geometry_role":"linework"},"geometry":{"type":"LineString","coordinates":[[2.383694112796084,48.73148846459943],[2.383827146264825,48.73174442106377]]}},{"type":"Feature","id":"LFPO-9ce04d0baad5e9e9c316","properties":{"airport":"LFPO","name":"COLOR_RunwayMarking","layer":"Guidance lines","category":"Surface markings","object_type":"Line","style_id":"line.runwaymarking.b3b3b3","source_group":"COLOR_RunwayMarking","vsmr_group_ids":[],"geometry_role":"linework"},"geometry":{"type":"LineString","coordinates":[[2.383956636044404,48.73199920929068],[2.384084356241183,48.73225633541259]]}},{"type":"Feature","id":"LFPO-de24ddd8d0b3e6f5e7d9","properties":{"airport":"LFPO","name":"COLOR_RunwayMarking","layer":"Guidance lines","category":"Surface markings","object_type":"Line","style_id":"line.runwaymarking.b3b3b3","source_group":"COLOR_RunwayMarking","vsmr_group_ids":[],"geometry_role":"linework"},"geometry":{"type":"LineString","coordinates":[[2.384210304996688,48.73251229303696],[2.384338026050181,48.73276591225349]]}},{"type":"Feature","id":"LFPO-17b22678611e9b7d5139","properties":{"airport":"LFPO","name":"COLOR_RunwayMarking","layer":"Guidance lines","category":"Surface markings","object_type":"Line","style_id":"line.runwaymarking.b3b3b3","source_group":"COLOR_RunwayMarking","vsmr_group_ids":[],"geometry_role":"linework"},"geometry":{"type":"LineString","coordinates":[[2.384467520856199,48.73302069985254],[2.384597019154724,48.73327899404084]]}},{"type":"Feature","id":"LFPO-a8efdaa93d7adfa47a34","properties":{"airport":"LFPO","name":"COLOR_RunwayMarking","layer":"Guidance lines","category":"Surface markings","object_type":"Line","style_id":"line.runwaymarking.b3b3b3","source_group":"COLOR_RunwayMarking","vsmr_group_ids":[],"geometry_role":"linework"},"geometry":{"type":"LineString","coordinates":[[2.384723386068197,48.73353027336658],[2.384851115400128,48.73378973651001]]}},{"type":"Feature","id":"LFPO-3bf46b0acf9767231e0f","properties":{"airport":"LFPO","name":"COLOR_RunwayMarking","layer":"Guidance lines","category":"Surface markings","object_type":"Line","style_id":"line.runwaymarking.b3b3b3","source_group":"COLOR_RunwayMarking","vsmr_group_ids":[],"geometry_role":"linework"},"geometry":{"type":"LineString","coordinates":[[2.384977930093655,48.73404106404098],[2.385103889466087,48.73429935868436]]}},{"type":"Feature","id":"LFPO-353138c11ae6df69c69c","properties":{"airport":"LFPO","name":"COLOR_RunwayMarking","layer":"Guidance lines","category":"Surface markings","object_type":"Line","style_id":"line.runwaymarking.b3b3b3","source_group":"COLOR_RunwayMarking","vsmr_group_ids":[],"geometry_role":"linework"},"geometry":{"type":"LineString","coordinates":[[2.385231618809629,48.73455180798542],[2.385364670119678,48.73481126939901]]}},{"type":"Feature","id":"LFPO-f42c6cef2fe9a3e2efcd","properties":{"airport":"LFPO","name":"COLOR_RunwayMarking","layer":"Guidance lines","category":"Surface markings","object_type":"Line","style_id":"line.runwaymarking.b3b3b3","source_group":"COLOR_RunwayMarking","vsmr_group_ids":[],"geometry_role":"linework"},"geometry":{"type":"LineString","coordinates":[[2.385490597544146,48.73506367635633],[2.385618332950199,48.73531963206746]]}},{"type":"Feature","id":"LFPO-d86eb967097e37347e45","properties":{"airport":"LFPO","name":"COLOR_RunwayMarking","layer":"Guidance lines","category":"Surface markings","object_type":"Line","style_id":"line.runwaymarking.b3b3b3","source_group":"COLOR_RunwayMarking","vsmr_group_ids":[],"geometry_role":"linework"},"geometry":{"type":"LineString","coordinates":[[2.385747840299863,48.73557324961076],[2.385875577592367,48.7358280360441]]}},{"type":"Feature","id":"LFPO-f93c633bf171158f4615","properties":{"airport":"LFPO","name":"COLOR_RunwayMarking","layer":"Guidance lines","category":"Surface markings","object_type":"Line","style_id":"line.runwaymarking.b3b3b3","source_group":"COLOR_RunwayMarking","vsmr_group_ids":[],"geometry_role":"linework"},"geometry":{"type":"LineString","coordinates":[[2.386001543180407,48.73608165393401],[2.386132830623084,48.7363422836111]]}},{"type":"Feature","id":"LFPO-66e57978f953362713df","properties":{"airport":"LFPO","name":"COLOR_RunwayMarking","layer":"Guidance lines","category":"Surface markings","object_type":"Line","style_id":"line.runwaymarking.b3b3b3","source_group":"COLOR_RunwayMarking","vsmr_group_ids":[],"geometry_role":"linework"},"geometry":{"type":"LineString","coordinates":[[2.386258798571776,48.73659567700454],[2.386390087522807,48.73685396868973]]}},{"type":"Feature","id":"LFPO-b602f13637b9b79f90eb","properties":{"airport":"LFPO","name":"COLOR_RunwayMarking","layer":"Guidance lines","category":"Surface markings","object_type":"Line","style_id":"line.runwaymarking.b3b3b3","source_group":"COLOR_RunwayMarking","vsmr_group_ids":[],"geometry_role":"linework"},"geometry":{"type":"LineString","coordinates":[[2.386515491498031,48.73710372282418],[2.386645010117161,48.73736084575241]]}},{"type":"Feature","id":"LFPO-5b2fcf817364ab6dada7","properties":{"airport":"LFPO","name":"COLOR_Taxiway","layer":"Guidance lines","category":"Taxiways","object_type":"Line","style_id":"line.taxiway.c0b631","source_group":"COLOR_Taxiway","vsmr_group_ids":[],"geometry_role":"linework"},"geometry":{"type":"LineString","coordinates":[[2.361616481454705,48.73248489800783],[2.361955469655195,48.73199837316467]]}},{"type":"Feature","id":"LFPO-d9b7258da0faee8d4001","properties":{"airport":"LFPO","name":"COLOR_Taxiway","layer":"Guidance lines","category":"Taxiways","object_type":"Line","style_id":"line.taxiway.c0b631","source_group":"COLOR_Taxiway","vsmr_group_ids":[],"geometry_role":"linework"},"geometry":{"type":"LineString","coordinates":[[2.361251688295605,48.73211845978085],[2.361475500516461,48.73172038583077]]}},{"type":"Feature","id":"LFPO-b9e5e372683ee843e4c1","properties":{"airport":"LFPO","name":"COLOR_Taxiway","layer":"Guidance lines","category":"Taxiways","object_type":"Line","style_id":"line.taxiway.c0b631","source_group":"COLOR_Taxiway","vsmr_group_ids":[],"geometry_role":"linework"},"geometry":{"type":"LineString","coordinates":[[2.360737214184332,48.73188973126686],[2.360957054553381,48.73148213259376]]}},{"type":"Feature","id":"LFPO-0e690ff2fb27326866d6","properties":{"airport":"LFPO","name":"COLOR_Taxiway","layer":"Guidance lines","category":"Taxiways","object_type":"Line","style_id":"line.taxiway.c0b631","source_group":"COLOR_Taxiway","vsmr_group_ids":[],"geometry_role":"linework"},"geometry":{"type":"LineString","coordinates":[[2.36016674657664,48.73167574905136],[2.360410866141622,48.73130995680501]]}},{"type":"Feature","id":"LFPO-668b202866dd17ccb069","properties":{"airport":"LFPO","name":"COLOR_Taxiway","layer":"Guidance lines","category":"Taxiways","object_type":"Line","style_id":"line.taxiway.c0b631","source_group":"COLOR_Taxiway","vsmr_group_ids":[],"geometry_role":"linework"},"geometry":{"type":"LineString","coordinates":[[2.359694400213037,48.73148511867889],[2.359791105498936,48.73108127531645]]}},{"type":"Feature","id":"LFPO-7c728b3d9010ace22418","properties":{"airport":"LFPO","name":"COLOR_Taxiway","layer":"Guidance lines","category":"Taxiways","object_type":"Line","style_id":"line.taxiway.c0b631","source_group":"COLOR_Taxiway","vsmr_group_ids":[],"geometry_role":"linework"},"geometry":{"type":"LineString","coordinates":[[2.359161339088716,48.73126536824263],[2.359323724582028,48.73089514865908]]}},{"type":"Feature","id":"LFPO-3ea49222321478ae15e1","properties":{"airport":"LFPO","name":"COLOR_Taxiway","layer":"Guidance lines","category":"Taxiways","object_type":"Line","style_id":"line.taxiway.c0b631","source_group":"COLOR_Taxiway","vsmr_group_ids":[],"geometry_role":"linework"},"geometry":{"type":"LineString","coordinates":[[2.358551636976638,48.73100141836706],[2.359136299430968,48.7306321818027]]}},{"type":"Feature","id":"LFPO-7f25b551b57e0f34f019","properties":{"airport":"LFPO","name":"COLOR_Taxiway","layer":"Guidance lines","category":"Taxiways","object_type":"Line","style_id":"line.taxiway.c0b631","source_group":"COLOR_Taxiway","vsmr_group_ids":[],"geometry_role":"linework"},"geometry":{"type":"LineString","coordinates":[[2.358037399354593,48.7307828864554],[2.358690042565428,48.73037166029013]]}},{"type":"Feature","id":"LFPO-5576a8c22edc947e9d4d","properties":{"airport":"LFPO","name":"COLOR_Taxiway","layer":"Guidance lines","category":"Taxiways","object_type":"Line","style_id":"line.taxiway.c0b631","source_group":"COLOR_Taxiway","vsmr_group_ids":[],"geometry_role":"linework"},"geometry":{"type":"LineString","coordinates":[[2.357610374850816,48.73059836845827],[2.358421376002091,48.73008956764193]]}},{"type":"Feature","id":"LFPO-38e636be974352fc82ab","properties":{"airport":"LFPO","name":"COLOR_Taxiway","layer":"Guidance lines","category":"Taxiways","object_type":"Line","style_id":"line.taxiway.c0b631","source_group":"COLOR_Taxiway","vsmr_group_ids":[],"geometry_role":"linework"},"geometry":{"type":"LineString","coordinates":[[2.357477709880846,48.73054129942281],[2.357980648077396,48.72969405967359]]}},{"type":"Feature","id":"LFPO-77d68fb3af7acca7e22e","properties":{"airport":"LFPO","name":"COLOR_Taxiway","layer":"Guidance lines","category":"Taxiways","object_type":"Line","style_id":"line.taxiway.c0b631","source_group":"COLOR_Taxiway","vsmr_group_ids":[],"geometry_role":"linework"},"geometry":{"type":"LineString","coordinates":[[2.35719395021764,48.73042409025923],[2.357048492099729,48.72982113953134]]}},{"type":"Feature","id":"LFPO-55a5a1ee168b473441a7","properties":{"airport":"LFPO","name":"COLOR_Taxiway","layer":"Guidance lines","category":"Taxiways","object_type":"Line","style_id":"line.taxiway.c0b631","source_group":"COLOR_Taxiway","vsmr_group_ids":[],"geometry_role":"linework"},"geometry":{"type":"LineString","coordinates":[[2.356689830813778,48.72971672833829],[2.356806054538403,48.72966522954702]]}},{"type":"Feature","id":"LFPO-d77b5fc6e0a790381cad","properties":{"airport":"LFPO","name":"COLOR_Taxiway","layer":"Guidance lines","category":"Taxiways","object_type":"Line","style_id":"line.taxiway.c0b631","source_group":"COLOR_Taxiway","vsmr_group_ids":[],"geometry_role":"linework"},"geometry":{"type":"LineString","coordinates":[[2.356033735605496,48.72984611716884],[2.356915261418902,48.72949428091732]]}},{"type":"Feature","id":"LFPO-8d678ae54e2b5901840d","properties":{"airport":"LFPO","name":"COLOR_Taxiway","layer":"Guidance lines","category":"Taxiways","object_type":"Line","style_id":"line.taxiway.c0b631","source_group":"COLOR_Taxiway","vsmr_group_ids":[],"geometry_role":"linework"},"geometry":{"type":"LineString","coordinates":[[2.355856043687936,48.72949737322475],[2.35693427976426,48.72935152926847]]}},{"type":"Feature","id":"LFPO-9433f2d2c64f67847b5d","properties":{"airport":"LFPO","name":"COLOR_Taxiway","layer":"Guidance lines","category":"Taxiways","object_type":"Line","style_id":"line.taxiway.c0b631","source_group":"COLOR_Taxiway","vsmr_group_ids":[],"geometry_role":"linework"},"geometry":{"type":"LineString","coordinates":[[2.355897694547637,48.72925242567872],[2.356769754464536,48.72892034802927]]}},{"type":"Feature","id":"LFPO-364284916f2a4b8b5ca8","properties":{"airport":"LFPO","name":"COLOR_Taxiway","layer":"Guidance lines","category":"Taxiways","object_type":"Line","style_id":"line.taxiway.c0b631","source_group":"COLOR_Taxiway","vsmr_group_ids":[],"geometry_role":"linework"},"geometry":{"type":"LineString","coordinates":[[2.356633693254058,48.72974028291044],[2.356572953189959,48.72976587863975]]}},{"type":"Feature","id":"LFPO-facf8437316508751a31","properties":{"airport":"LFPO","name":"COLOR_Taxiway","layer":"Guidance lines","category":"Taxiways","object_type":"Line","style_id":"line.taxiway.c0b631","source_group":"COLOR_Taxiway","vsmr_group_ids":[],"geometry_role":"linework"},"geometry":{"type":"LineString","coordinates":[[2.356522169246449,48.7297895066521],[2.356466407707023,48.72981313349685]]}},{"type":"Feature","id":"LFPO-05e6e7e09bf8d93f8580","properties":{"airport":"LFPO","name":"COLOR_Taxiway","layer":"Guidance lines","category":"Taxiways","object_type":"Line","style_id":"line.taxiway.c0b631","source_group":"COLOR_Taxiway","vsmr_group_ids":[],"geometry_role":"linework"},"geometry":{"type":"LineString","coordinates":[[2.35640683679498,48.72983687048651],[2.356346844581403,48.72986294178762]]}},{"type":"Feature","id":"LFPO-eb40cd47375e40d3f0a5","properties":{"airport":"LFPO","name":"COLOR_Taxiway","layer":"Guidance lines","category":"Taxiways","object_type":"Line","style_id":"line.taxiway.c0b631","source_group":"COLOR_Taxiway","vsmr_group_ids":[],"geometry_role":"linework"},"geometry":{"type":"LineString","coordinates":[[2.356290252812572,48.72988506714095],[2.356228943887535,48.72990809481993]]}},{"type":"Feature","id":"LFPO-21b0ac56dcf90ac49b07","properties":{"airport":"LFPO","name":"COLOR_Taxiway","layer":"Guidance lines","category":"Taxiways","object_type":"Line","style_id":"line.taxiway.c0b631","source_group":"COLOR_Taxiway","vsmr_group_ids":[],"geometry_role":"linework"},"geometry":{"type":"LineString","coordinates":[[2.356217189367518,48.72837089205953],[2.356662746309239,48.72850243027565]]}},{"type":"Feature","id":"LFPO-d538ed5c54eef2a686a7","properties":{"airport":"LFPO","name":"COLOR_Taxiway","layer":"Guidance lines","category":"Taxiways","object_type":"Line","style_id":"line.taxiway.c0b631","source_group":"COLOR_Taxiway","vsmr_group_ids":[],"geometry_role":"linework"},"geometry":{"type":"LineString","coordinates":[[2.357038836434542,48.72833106059371],[2.356599464218112,48.72800247789211]]}},{"type":"Feature","id":"LFPO-dc71659e163f70746f56","properties":{"airport":"LFPO","name":"COLOR_Taxiway","layer":"Guidance lines","category":"Taxiways","object_type":"Line","style_id":"line.taxiway.c0b631","source_group":"COLOR_Taxiway","vsmr_group_ids":[],"geometry_role":"linework"},"geometry":{"type":"LineString","coordinates":[[2.357418370363287,48.72810974722821],[2.357576730248352,48.72851970815717]]}},{"type":"Feature","id":"LFPO-bd0853a193108e448cbf","properties":{"airport":"LFPO","name":"COLOR_Taxiway","layer":"Guidance lines","category":"Taxiways","object_type":"Line","style_id":"line.taxiway.c0b631","source_group":"COLOR_Taxiway","vsmr_group_ids":[],"geometry_role":"linework"},"geometry":{"type":"LineString","coordinates":[[2.358468957092719,48.72843765571431],[2.357955280216444,48.72812047365328]]}},{"type":"Feature","id":"LFPO-ff0ce00e1fe1388529ed","properties":{"airport":"LFPO","name":"COLOR_Taxiway","layer":"Guidance lines","category":"Taxiways","object_type":"Line","style_id":"line.taxiway.c0b631","source_group":"COLOR_Taxiway","vsmr_group_ids":[],"geometry_role":"linework"},"geometry":{"type":"LineString","coordinates":[[2.358156946273438,48.72793784272378],[2.358532586884294,48.72765290944686]]}},{"type":"Feature","id":"LFPO-723736938ca2f1769438","properties":{"airport":"LFPO","name":"COLOR_Taxiway","layer":"Guidance lines","category":"Taxiways","object_type":"Line","style_id":"line.taxiway.c0b631","source_group":"COLOR_Taxiway","vsmr_group_ids":[],"geometry_role":"linework"},"geometry":{"type":"LineString","coordinates":[[2.357802828243138,48.72776150633864],[2.357887950576401,48.72736801428514]]}},{"type":"Feature","id":"LFPO-623090d3c57429b65850","properties":{"airport":"LFPO","name":"COLOR_Taxiway","layer":"Guidance lines","category":"Taxiways","object_type":"Line","style_id":"line.taxiway.c0b631","source_group":"COLOR_Taxiway","vsmr_group_ids":[],"geometry_role":"linework"},"geometry":{"type":"LineString","coordinates":[[2.356850064989247,48.72753838953361],[2.357220810137788,48.72715837737597]]}},{"type":"Feature","id":"LFPO-96b1d5df1ea4391066aa","properties":{"airport":"LFPO","name":"COLOR_Taxiway","layer":"Guidance lines","category":"Taxiways","object_type":"Line","style_id":"line.taxiway.c0b631","source_group":"COLOR_Taxiway","vsmr_group_ids":[],"geometry_role":"linework"},"geometry":{"type":"LineString","coordinates":[[2.357423804669072,48.72687106829665],[2.356889837742218,48.72680482231198]]}},{"type":"Feature","id":"LFPO-861acee1be7506c82415","properties":{"airport":"LFPO","name":"COLOR_Taxiway","layer":"Guidance lines","category":"Taxiways","object_type":"Line","style_id":"line.taxiway.c0b631","source_group":"COLOR_Taxiway","vsmr_group_ids":[],"geometry_role":"linework"},"geometry":{"type":"LineString","coordinates":[[2.357913803575082,48.72666228466135],[2.357062917245887,48.72639423370072]]}},{"type":"Feature","id":"LFPO-f6ba640b59a2670bed54","properties":{"airport":"LFPO","name":"COLOR_Taxiway","layer":"Guidance lines","category":"Taxiways","object_type":"Line","style_id":"line.taxiway.c0b631","source_group":"COLOR_Taxiway","vsmr_group_ids":[],"geometry_role":"linework"},"geometry":{"type":"LineString","coordinates":[[2.358245618317685,48.72624856487099],[2.357197759737959,48.72606800917769]]}},{"type":"Feature","id":"LFPO-8fad426bdecec2d1b91d","properties":{"airport":"LFPO","name":"COLOR_Taxiway","layer":"Guidance lines","category":"Taxiways","object_type":"Line","style_id":"line.taxiway.c0b631","source_group":"COLOR_Taxiway","vsmr_group_ids":[],"geometry_role":"linework"},"geometry":{"type":"LineString","coordinates":[[2.358388464069932,48.72526478377912],[2.358879762328467,48.72592415996213]]}},{"type":"Feature","id":"LFPO-a216e4e4466bc9829978","properties":{"airport":"LFPO","name":"COLOR_Taxiway","layer":"Guidance lines","category":"Taxiways","object_type":"Line","style_id":"line.taxiway.c0b631","source_group":"COLOR_Taxiway","vsmr_group_ids":[],"geometry_role":"linework"},"geometry":{"type":"LineString","coordinates":[[2.359247950041665,48.72508430684809],[2.359415721231026,48.72556615480537],[2.359423945247414,48.72560635577059],[2.359423940574112,48.72564939421215],[2.359422832315787,48.7256950866763],[2.359404904359168,48.72618630870183]]}},{"type":"Feature","id":"LFPO-18cc03aeb67635c4c637","properties":{"airport":"LFPO","name":"COLOR_Taxiway","layer":"Guidance lines","category":"Taxiways","object_type":"Line","style_id":"line.taxiway.c0b631","source_group":"COLOR_Taxiway","vsmr_group_ids":[],"geometry_role":"linework"},"geometry":{"type":"LineString","coordinates":[[2.360251803181779,48.72547877242583],[2.360297986957023,48.7256101049934]]}},{"type":"Feature","id":"LFPO-c0164678a09daf7888bf","properties":{"airport":"LFPO","name":"COLOR_Taxiway","layer":"Guidance lines","category":"Taxiways","object_type":"Line","style_id":"line.taxiway.c0b631","source_group":"COLOR_Taxiway","vsmr_group_ids":[],"geometry_role":"linework"},"geometry":{"type":"LineString","coordinates":[[2.360235161402704,48.72543474044888],[2.360221317232654,48.72539118522402]]}},{"type":"Feature","id":"LFPO-679ffe56fa0e289138c2","properties":{"airport":"LFPO","name":"COLOR_Taxiway","layer":"Guidance lines","category":"Taxiways","object_type":"Line","style_id":"line.taxiway.c0b631","source_group":"COLOR_Taxiway","vsmr_group_ids":[],"geometry_role":"linework"},"geometry":{"type":"LineString","coordinates":[[2.360204278286659,48.7253476299981],[2.360188304297008,48.72530126474363]]}},{"type":"Feature","id":"LFPO-5ee230a20d85116cd2cd","properties":{"airport":"LFPO","name":"COLOR_Taxiway","layer":"Guidance lines","category":"Taxiways","object_type":"Line","style_id":"line.taxiway.c0b631","source_group":"COLOR_Taxiway","vsmr_group_ids":[],"geometry_role":"linework"},"geometry":{"type":"LineString","coordinates":[[2.360171265425375,48.72525841198252],[2.360155291499153,48.72521415424616]]}},{"type":"Feature","id":"LFPO-d58bd201d7588398bee2","properties":{"airport":"LFPO","name":"COLOR_Taxiway","layer":"Guidance lines","category":"Taxiways","object_type":"Line","style_id":"line.taxiway.c0b631","source_group":"COLOR_Taxiway","vsmr_group_ids":[],"geometry_role":"linework"},"geometry":{"type":"LineString","coordinates":[[2.360140382524198,48.72517200401534],[2.360125473571386,48.7251298537691]]}},{"type":"Feature","id":"LFPO-7ec53ea3047cf5ed92eb","properties":{"airport":"LFPO","name":"COLOR_Taxiway","layer":"Guidance lines","category":"Taxiways","object_type":"Line","style_id":"line.taxiway.c0b631","source_group":"COLOR_Taxiway","vsmr_group_ids":[],"geometry_role":"linework"},"geometry":{"type":"LineString","coordinates":[[2.360563988697317,48.72515373293351],[2.360651699937149,48.72591084555497]]}},{"type":"Feature","id":"LFPO-55925dc7c736b95b3632","properties":{"airport":"LFPO","name":"COLOR_Taxiway","layer":"Guidance lines","category":"Taxiways","object_type":"Line","style_id":"line.taxiway.c0b631","source_group":"COLOR_Taxiway","vsmr_group_ids":[],"geometry_role":"linework"},"geometry":{"type":"LineString","coordinates":[[2.360787125941819,48.72570883385094],[2.36077847375715,48.72581558899558]]}},{"type":"Feature","id":"LFPO-aae46273998b02039378","properties":{"airport":"LFPO","name":"COLOR_Taxiway","layer":"Guidance lines","category":"Taxiways","object_type":"Line","style_id":"line.taxiway.c0b631","source_group":"COLOR_Taxiway","vsmr_group_ids":[],"geometry_role":"linework"},"geometry":{"type":"LineString","coordinates":[[2.36079275658563,48.72566567759138],[2.360796132671861,48.72561815854133]]}},{"type":"Feature","id":"LFPO-41fb13e68c421e0afe2c","properties":{"airport":"LFPO","name":"COLOR_Taxiway","layer":"Guidance lines","category":"Taxiways","object_type":"Line","style_id":"line.taxiway.c0b631","source_group":"COLOR_Taxiway","vsmr_group_ids":[],"geometry_role":"linework"},"geometry":{"type":"LineString","coordinates":[[2.360799508764926,48.72557583690156],[2.360802884870061,48.7255290603142]]}},{"type":"Feature","id":"LFPO-551f62dd7b45796cbb79","properties":{"airport":"LFPO","name":"COLOR_Taxiway","layer":"Guidance lines","category":"Taxiways","object_type":"Line","style_id":"line.taxiway.c0b631","source_group":"COLOR_Taxiway","vsmr_group_ids":[],"geometry_role":"linework"},"geometry":{"type":"LineString","coordinates":[[2.360806261009469,48.72548673864902],[2.360810762606784,48.72543996206906]]}},{"type":"Feature","id":"LFPO-16ff42f9c455c722b999","properties":{"airport":"LFPO","name":"COLOR_Taxiway","layer":"Guidance lines","category":"Taxiways","object_type":"Line","style_id":"line.taxiway.c0b631","source_group":"COLOR_Taxiway","vsmr_group_ids":[],"geometry_role":"linework"},"geometry":{"type":"LineString","coordinates":[[2.360813013166643,48.7253968979107],[2.360817514752926,48.72534937884573]]}},{"type":"Feature","id":"LFPO-cd319e1d8e053bd74a03","properties":{"airport":"LFPO","name":"COLOR_Taxiway","layer":"Guidance lines","category":"Taxiways","object_type":"Line","style_id":"line.taxiway.c0b631","source_group":"COLOR_Taxiway","vsmr_group_ids":[],"geometry_role":"linework"},"geometry":{"type":"LineString","coordinates":[[2.360824267433161,48.72530408721875],[2.360826517981409,48.72526176555752]]}},{"type":"Feature","id":"LFPO-169cf314ec23b15ad9b2","properties":{"airport":"LFPO","name":"COLOR_Taxiway","layer":"Guidance lines","category":"Taxiways","object_type":"Line","style_id":"line.taxiway.c0b631","source_group":"COLOR_Taxiway","vsmr_group_ids":[],"geometry_role":"linework"},"geometry":{"type":"LineString","coordinates":[[2.361354703265719,48.72564804251461],[2.361310292747656,48.72579095307317]]}},{"type":"Feature","id":"LFPO-fb8a0ac6bea0809d2422","properties":{"airport":"LFPO","name":"COLOR_Taxiway","layer":"Guidance lines","category":"Taxiways","object_type":"Line","style_id":"line.taxiway.c0b631","source_group":"COLOR_Taxiway","vsmr_group_ids":[],"geometry_role":"linework"},"geometry":{"type":"LineString","coordinates":[[2.361367997056167,48.72560149304323],[2.361380268214297,48.72555831670629]]}},{"type":"Feature","id":"LFPO-0fe48d19350f3520bd56","properties":{"airport":"LFPO","name":"COLOR_Taxiway","layer":"Guidance lines","category":"Taxiways","object_type":"Line","style_id":"line.taxiway.c0b631","source_group":"COLOR_Taxiway","vsmr_group_ids":[],"geometry_role":"linework"},"geometry":{"type":"LineString","coordinates":[[2.361396630120747,48.72551379103571],[2.361410946589018,48.72547061468512]]}},{"type":"Feature","id":"LFPO-1e84fbcc5d7ac9d4a636","properties":{"airport":"LFPO","name":"COLOR_Taxiway","layer":"Guidance lines","category":"Taxiways","object_type":"Line","style_id":"line.taxiway.c0b631","source_group":"COLOR_Taxiway","vsmr_group_ids":[],"geometry_role":"linework"},"geometry":{"type":"LineString","coordinates":[[2.361425263073296,48.72542608903458],[2.361437534177149,48.72538426196687]]}},{"type":"Feature","id":"LFPO-afabc47e7c4216170c58","properties":{"airport":"LFPO","name":"COLOR_Taxiway","layer":"Guidance lines","category":"Taxiways","object_type":"Line","style_id":"line.taxiway.c0b631","source_group":"COLOR_Taxiway","vsmr_group_ids":[],"geometry_role":"linework"},"geometry":{"type":"LineString","coordinates":[[2.361483420690198,48.72607501592253],[2.361760149177403,48.72542127852994]]}},{"type":"Feature","id":"LFPO-ebb377cbf740a215ec66","properties":{"airport":"LFPO","name":"COLOR_Taxiway","layer":"Guidance lines","category":"Taxiways","object_type":"Line","style_id":"line.taxiway.c0b631","source_group":"COLOR_Taxiway","vsmr_group_ids":[],"geometry_role":"linework"},"geometry":{"type":"LineString","coordinates":[[2.36166331910824,48.72614181365065],[2.361749913364986,48.72599740584284]]}},{"type":"Feature","id":"LFPO-a8d800a8e88c46bba131","properties":{"airport":"LFPO","name":"COLOR_Taxiway","layer":"Guidance lines","category":"Taxiways","object_type":"Line","style_id":"line.taxiway.c0b631","source_group":"COLOR_Taxiway","vsmr_group_ids":[],"geometry_role":"linework"},"geometry":{"type":"LineString","coordinates":[[2.3617776965972,48.72595635170967],[2.361803140137495,48.72591520109158]]}},{"type":"Feature","id":"LFPO-f080efc2e9d624d3e7bb","properties":{"airport":"LFPO","name":"COLOR_Taxiway","layer":"Guidance lines","category":"Taxiways","object_type":"Line","style_id":"line.taxiway.c0b631","source_group":"COLOR_Taxiway","vsmr_group_ids":[],"geometry_role":"linework"},"geometry":{"type":"LineString","coordinates":[[2.361829404428577,48.72587405046494],[2.361855840588858,48.72582865388383]]}},{"type":"Feature","id":"LFPO-d4b271bc84055d821a3b","properties":{"airport":"LFPO","name":"COLOR_Taxiway","layer":"Guidance lines","category":"Taxiways","object_type":"Line","style_id":"line.taxiway.c0b631","source_group":"COLOR_Taxiway","vsmr_group_ids":[],"geometry_role":"linework"},"geometry":{"type":"LineString","coordinates":[[2.361883045599702,48.72579010056769],[2.361908136875019,48.7257487353334]]}},{"type":"Feature","id":"LFPO-c516b87dc980d5d1215f","properties":{"airport":"LFPO","name":"COLOR_Taxiway","layer":"Guidance lines","category":"Taxiways","object_type":"Line","style_id":"line.taxiway.c0b631","source_group":"COLOR_Taxiway","vsmr_group_ids":[],"geometry_role":"linework"},"geometry":{"type":"LineString","coordinates":[[2.361933741364688,48.7257065067063],[2.361959345877358,48.72566669112325]]}},{"type":"Feature","id":"LFPO-a02174e1f61c65e4ba8f","properties":{"airport":"LFPO","name":"COLOR_Taxiway","layer":"Guidance lines","category":"Taxiways","object_type":"Line","style_id":"line.taxiway.c0b631","source_group":"COLOR_Taxiway","vsmr_group_ids":[],"geometry_role":"linework"},"geometry":{"type":"LineString","coordinates":[[2.361987693768293,48.72562501545116],[2.362012383644496,48.72558399334668]]}},{"type":"Feature","id":"LFPO-b57bd9e6c13628a7ddac","properties":{"airport":"LFPO","name":"COLOR_Taxiway","layer":"Guidance lines","category":"Taxiways","object_type":"Line","style_id":"line.taxiway.c0b631","source_group":"COLOR_Taxiway","vsmr_group_ids":[],"geometry_role":"linework"},"geometry":{"type":"LineString","coordinates":[[2.362037987941339,48.72554236797045],[2.362065421184496,48.72550074256205]]}},{"type":"Feature","id":"LFPO-c54a13c30e8c665daa58","properties":{"airport":"LFPO","name":"COLOR_Taxiway","layer":"Guidance lines","category":"Taxiways","object_type":"Line","style_id":"line.taxiway.c0b631","source_group":"COLOR_Taxiway","vsmr_group_ids":[],"geometry_role":"linework"},"geometry":{"type":"LineString","coordinates":[[2.362440879369418,48.72602937479251],[2.362498127349975,48.7258745214275]]}},{"type":"Feature","id":"LFPO-9c47d83a8faccb7315ce","properties":{"airport":"LFPO","name":"COLOR_Taxiway","layer":"Guidance lines","category":"Taxiways","object_type":"Line","style_id":"line.taxiway.c0b631","source_group":"COLOR_Taxiway","vsmr_group_ids":[],"geometry_role":"linework"},"geometry":{"type":"LineString","coordinates":[[2.362521997166318,48.72581485748976],[2.362539470316185,48.72577286342758]]}},{"type":"Feature","id":"LFPO-8ab947cc9ed5891eb4e4","properties":{"airport":"LFPO","name":"COLOR_Taxiway","layer":"Guidance lines","category":"Taxiways","object_type":"Line","style_id":"line.taxiway.c0b631","source_group":"COLOR_Taxiway","vsmr_group_ids":[],"geometry_role":"linework"},"geometry":{"type":"LineString","coordinates":[[2.362555695000581,48.72572592891427],[2.362570671617747,48.7256831114901]]}},{"type":"Feature","id":"LFPO-f2f93db3e50448014737","properties":{"airport":"LFPO","name":"COLOR_Taxiway","layer":"Guidance lines","category":"Taxiways","object_type":"Line","style_id":"line.taxiway.c0b631","source_group":"COLOR_Taxiway","vsmr_group_ids":[],"geometry_role":"linework"},"geometry":{"type":"LineString","coordinates":[[2.362586896425265,48.72564029403734],[2.36260312116052,48.72559665316315]]}},{"type":"Feature","id":"LFPO-29b6d70cf0b9dbc58015","properties":{"airport":"LFPO","name":"COLOR_Taxiway","layer":"Guidance lines","category":"Taxiways","object_type":"Line","style_id":"line.taxiway.c0b631","source_group":"COLOR_Taxiway","vsmr_group_ids":[],"geometry_role":"linework"},"geometry":{"type":"LineString","coordinates":[[2.36262970082459,48.72628734464426],[2.362924554160537,48.7255895591953]]}},{"type":"Feature","id":"LFPO-042db2cc467dba124d78","properties":{"airport":"LFPO","name":"COLOR_Taxiway","layer":"Guidance lines","category":"Taxiways","object_type":"Line","style_id":"line.taxiway.c0b631","source_group":"COLOR_Taxiway","vsmr_group_ids":[],"geometry_role":"linework"},"geometry":{"type":"LineString","coordinates":[[2.362895443659008,48.72622332266065],[2.362834557880229,48.7263208492381]]}},{"type":"Feature","id":"LFPO-9993ee411dcfd79b47f3","properties":{"airport":"LFPO","name":"COLOR_Taxiway","layer":"Guidance lines","category":"Taxiways","object_type":"Line","style_id":"line.taxiway.c0b631","source_group":"COLOR_Taxiway","vsmr_group_ids":[],"geometry_role":"linework"},"geometry":{"type":"LineString","coordinates":[[2.362932048492432,48.72616343927858],[2.362958504322838,48.72612242345952]]}},{"type":"Feature","id":"LFPO-24a5b8b1837812b7e553","properties":{"airport":"LFPO","name":"COLOR_Taxiway","layer":"Guidance lines","category":"Taxiways","object_type":"Line","style_id":"line.taxiway.c0b631","source_group":"COLOR_Taxiway","vsmr_group_ids":[],"geometry_role":"linework"},"geometry":{"type":"LineString","coordinates":[[2.362984960041434,48.72608053498026],[2.363012738305583,48.72603341050425]]}},{"type":"Feature","id":"LFPO-72371cc05d381f6af0e9","properties":{"airport":"LFPO","name":"COLOR_Taxiway","layer":"Guidance lines","category":"Taxiways","object_type":"Line","style_id":"line.taxiway.c0b631","source_group":"COLOR_Taxiway","vsmr_group_ids":[],"geometry_role":"linework"},"geometry":{"type":"LineString","coordinates":[[2.363036548400419,48.72599675808178],[2.363063004047192,48.72595661493753]]}},{"type":"Feature","id":"LFPO-ce48f5b4f32b97a5eec1","properties":{"airport":"LFPO","name":"COLOR_Taxiway","layer":"Guidance lines","category":"Taxiways","object_type":"Line","style_id":"line.taxiway.c0b631","source_group":"COLOR_Taxiway","vsmr_group_ids":[],"geometry_role":"linework"},"geometry":{"type":"LineString","coordinates":[[2.363089459555057,48.72591472645266],[2.363115915006906,48.72587283795583]]}},{"type":"Feature","id":"LFPO-500a3207de0a4c048c29","properties":{"airport":"LFPO","name":"COLOR_Taxiway","layer":"Guidance lines","category":"Taxiways","object_type":"Line","style_id":"line.taxiway.c0b631","source_group":"COLOR_Taxiway","vsmr_group_ids":[],"geometry_role":"linework"},"geometry":{"type":"LineString","coordinates":[[2.363141047772355,48.72583269475187],[2.363164857409457,48.72579167899192]]}},{"type":"Feature","id":"LFPO-89b128a2ee50eac371eb","properties":{"airport":"LFPO","name":"COLOR_Taxiway","layer":"Guidance lines","category":"Taxiways","object_type":"Line","style_id":"line.taxiway.c0b631","source_group":"COLOR_Taxiway","vsmr_group_ids":[],"geometry_role":"linework"},"geometry":{"type":"LineString","coordinates":[[2.363191312734427,48.72574979048476],[2.363220413690412,48.72570615657533]]}},{"type":"Feature","id":"LFPO-15cab0478f2a7bbcd776","properties":{"airport":"LFPO","name":"COLOR_Taxiway","layer":"Guidance lines","category":"Taxiways","object_type":"Line","style_id":"line.taxiway.c0b631","source_group":"COLOR_Taxiway","vsmr_group_ids":[],"geometry_role":"linework"},"geometry":{"type":"LineString","coordinates":[[2.36363383106047,48.7261026994716],[2.363582631431493,48.72624135591908]]}},{"type":"Feature","id":"LFPO-0d6ac093713ba281d2bf","properties":{"airport":"LFPO","name":"COLOR_Taxiway","layer":"Guidance lines","category":"Taxiways","object_type":"Line","style_id":"line.taxiway.c0b631","source_group":"COLOR_Taxiway","vsmr_group_ids":[],"geometry_role":"linework"},"geometry":{"type":"LineString","coordinates":[[2.363654673881799,48.72605578270387],[2.363673063957861,48.72600563040786]]}},{"type":"Feature","id":"LFPO-8d8928179ab0acd9362a","properties":{"airport":"LFPO","name":"COLOR_Taxiway","layer":"Guidance lines","category":"Taxiways","object_type":"Line","style_id":"line.taxiway.c0b631","source_group":"COLOR_Taxiway","vsmr_group_ids":[],"geometry_role":"linework"},"geometry":{"type":"LineString","coordinates":[[2.363697584050437,48.72593929992719],[2.36371352197116,48.72589480998874]]}},{"type":"Feature","id":"LFPO-22e445c209d45e664b20","properties":{"airport":"LFPO","name":"COLOR_Taxiway","layer":"Guidance lines","category":"Taxiways","object_type":"Line","style_id":"line.taxiway.c0b631","source_group":"COLOR_Taxiway","vsmr_group_ids":[],"geometry_role":"linework"},"geometry":{"type":"LineString","coordinates":[[2.363729459987927,48.72585193783906],[2.363747850418145,48.72580906560713]]}},{"type":"Feature","id":"LFPO-9d5d85654b8291a69d60","properties":{"airport":"LFPO","name":"COLOR_Taxiway","layer":"Guidance lines","category":"Taxiways","object_type":"Line","style_id":"line.taxiway.c0b631","source_group":"COLOR_Taxiway","vsmr_group_ids":[],"geometry_role":"linework"},"geometry":{"type":"LineString","coordinates":[[2.364144980760616,48.72581492342523],[2.363877323882195,48.72644160017059]]}},{"type":"Feature","id":"LFPO-599b5d7517a405486092","properties":{"airport":"LFPO","name":"COLOR_Taxiway","layer":"Guidance lines","category":"Taxiways","object_type":"Line","style_id":"line.taxiway.c0b631","source_group":"COLOR_Taxiway","vsmr_group_ids":[],"geometry_role":"linework"},"geometry":{"type":"LineString","coordinates":[[2.364071537694208,48.72635847685598],[2.36400209484136,48.72647731455113]]}},{"type":"Feature","id":"LFPO-31fb65e38addfd29d356","properties":{"airport":"LFPO","name":"COLOR_Taxiway","layer":"Guidance lines","category":"Taxiways","object_type":"Line","style_id":"line.taxiway.c0b631","source_group":"COLOR_Taxiway","vsmr_group_ids":[],"geometry_role":"linework"},"geometry":{"type":"LineString","coordinates":[[2.364101546943913,48.7263133802256],[2.364126554093264,48.72626938367366]]}},{"type":"Feature","id":"LFPO-583e6a40d826a0f3458e","properties":{"airport":"LFPO","name":"COLOR_Taxiway","layer":"Guidance lines","category":"Taxiways","object_type":"Line","style_id":"line.taxiway.c0b631","source_group":"COLOR_Taxiway","vsmr_group_ids":[],"geometry_role":"linework"},"geometry":{"type":"LineString","coordinates":[[2.364159897789848,48.72622208715745],[2.36418823912131,48.72617259102327]]}},{"type":"Feature","id":"LFPO-b57a54a7dd8cda0965da","properties":{"airport":"LFPO","name":"COLOR_Taxiway","layer":"Guidance lines","category":"Taxiways","object_type":"Line","style_id":"line.taxiway.c0b631","source_group":"COLOR_Taxiway","vsmr_group_ids":[],"geometry_role":"linework"},"geometry":{"type":"LineString","coordinates":[[2.364216581184426,48.72613299390784],[2.364241588216911,48.72609009721014]]}},{"type":"Feature","id":"LFPO-8eb9cf41f8474c401298","properties":{"airport":"LFPO","name":"COLOR_Taxiway","layer":"Guidance lines","category":"Taxiways","object_type":"Line","style_id":"line.taxiway.c0b631","source_group":"COLOR_Taxiway","vsmr_group_ids":[],"geometry_role":"linework"},"geometry":{"type":"LineString","coordinates":[[2.364267554396038,48.72604896066078],[2.364293823426009,48.72600799598157]]}},{"type":"Feature","id":"LFPO-63a905c22cabd7f3882a","properties":{"airport":"LFPO","name":"COLOR_Taxiway","layer":"Guidance lines","category":"Taxiways","object_type":"Line","style_id":"line.taxiway.c0b631","source_group":"COLOR_Taxiway","vsmr_group_ids":[],"geometry_role":"linework"},"geometry":{"type":"LineString","coordinates":[[2.364320092272567,48.72596545576958],[2.36434516700166,48.72592449112483]]}},{"type":"Feature","id":"LFPO-fae76f828b83895f335b","properties":{"airport":"LFPO","name":"COLOR_Taxiway","layer":"Guidance lines","category":"Taxiways","object_type":"Line","style_id":"line.taxiway.c0b631","source_group":"COLOR_Taxiway","vsmr_group_ids":[],"geometry_role":"linework"},"geometry":{"type":"LineString","coordinates":[[2.364878407174358,48.72634068645734],[2.364787324972617,48.72645938741146]]}},{"type":"Feature","id":"LFPO-720e6726114addb82d3a","properties":{"airport":"LFPO","name":"COLOR_Taxiway","layer":"Guidance lines","category":"Taxiways","object_type":"Line","style_id":"line.taxiway.c0b631","source_group":"COLOR_Taxiway","vsmr_group_ids":[],"geometry_role":"linework"},"geometry":{"type":"LineString","coordinates":[[2.364910978100874,48.7262977086164],[2.364941834916736,48.72625925468467]]}},{"type":"Feature","id":"LFPO-14ed53cee15422393d8c","properties":{"airport":"LFPO","name":"COLOR_Taxiway","layer":"Guidance lines","category":"Taxiways","object_type":"Line","style_id":"line.taxiway.c0b631","source_group":"COLOR_Taxiway","vsmr_group_ids":[],"geometry_role":"linework"},"geometry":{"type":"LineString","coordinates":[[2.364974406145071,48.72622080066547],[2.365006977209496,48.72618121567292]]}},{"type":"Feature","id":"LFPO-1f7c56776fb8f271eb12","properties":{"airport":"LFPO","name":"COLOR_Taxiway","layer":"Guidance lines","category":"Taxiways","object_type":"Line","style_id":"line.taxiway.c0b631","source_group":"COLOR_Taxiway","vsmr_group_ids":[],"geometry_role":"linework"},"geometry":{"type":"LineString","coordinates":[[2.365037833877337,48.72614276168852],[2.365072119194662,48.72610204560926]]}},{"type":"Feature","id":"LFPO-cd845dcf1e7509fb05b1","properties":{"airport":"LFPO","name":"COLOR_Taxiway","layer":"Guidance lines","category":"Taxiways","object_type":"Line","style_id":"line.taxiway.c0b631","source_group":"COLOR_Taxiway","vsmr_group_ids":[],"geometry_role":"linework"},"geometry":{"type":"LineString","coordinates":[[2.365103073012251,48.72606409904374],[2.365138005182907,48.72602227321852]]}},{"type":"Feature","id":"LFPO-9f15bef83c07690eb94f","properties":{"airport":"LFPO","name":"COLOR_Taxiway","layer":"Guidance lines","category":"Taxiways","object_type":"Line","style_id":"line.taxiway.c0b631","source_group":"COLOR_Taxiway","vsmr_group_ids":[],"geometry_role":"linework"},"geometry":{"type":"LineString","coordinates":[[2.365208008972772,48.72601613963596],[2.365027596216798,48.72673703920734]]}},{"type":"Feature","id":"LFPO-dcc6def1263ee965aacd","properties":{"airport":"LFPO","name":"COLOR_Taxiway","layer":"Guidance lines","category":"Taxiways","object_type":"Line","style_id":"line.taxiway.c0b631","source_group":"COLOR_Taxiway","vsmr_group_ids":[],"geometry_role":"linework"},"geometry":{"type":"LineString","coordinates":[[2.365159468295615,48.72677427073419],[2.365264878704136,48.72664864149667]]}},{"type":"Feature","id":"LFPO-35e196a250d2eaa1c8f4","properties":{"airport":"LFPO","name":"COLOR_Taxiway","layer":"Guidance lines","category":"Taxiways","object_type":"Line","style_id":"line.taxiway.c0b631","source_group":"COLOR_Taxiway","vsmr_group_ids":[],"geometry_role":"linework"},"geometry":{"type":"LineString","coordinates":[[2.365297062392171,48.7266073361386],[2.365325103416553,48.72657297843988]]}},{"type":"Feature","id":"LFPO-176e6fd2c8b6860f2a90","properties":{"airport":"LFPO","name":"COLOR_Taxiway","layer":"Guidance lines","category":"Taxiways","object_type":"Line","style_id":"line.taxiway.c0b631","source_group":"COLOR_Taxiway","vsmr_group_ids":[],"geometry_role":"linework"},"geometry":{"type":"LineString","coordinates":[[2.365361156738361,48.72653509664753],[2.365393203438175,48.72649545315795]]}},{"type":"Feature","id":"LFPO-ea06c207836a1105037c","properties":{"airport":"LFPO","name":"COLOR_Taxiway","layer":"Guidance lines","category":"Taxiways","object_type":"Line","style_id":"line.taxiway.c0b631","source_group":"COLOR_Taxiway","vsmr_group_ids":[],"geometry_role":"linework"},"geometry":{"type":"LineString","coordinates":[[2.365430591619886,48.7264531666108],[2.365463973574986,48.7264126420964]]}},{"type":"Feature","id":"LFPO-5889bcfd0b43332b64a4","properties":{"airport":"LFPO","name":"COLOR_Taxiway","layer":"Guidance lines","category":"Taxiways","object_type":"Line","style_id":"line.taxiway.c0b631","source_group":"COLOR_Taxiway","vsmr_group_ids":[],"geometry_role":"linework"},"geometry":{"type":"LineString","coordinates":[[2.365496020226818,48.72637299849124],[2.365529402375823,48.72633511677158]]}},{"type":"Feature","id":"LFPO-28d9dbd2130956754e91","properties":{"airport":"LFPO","name":"COLOR_Taxiway","layer":"Guidance lines","category":"Taxiways","object_type":"Line","style_id":"line.taxiway.c0b631","source_group":"COLOR_Taxiway","vsmr_group_ids":[],"geometry_role":"linework"},"geometry":{"type":"LineString","coordinates":[[2.365561448726416,48.7262945923014],[2.365593495217837,48.7262558296881]]}},{"type":"Feature","id":"LFPO-3f2118c498c24278b5f6","properties":{"airport":"LFPO","name":"COLOR_Taxiway","layer":"Guidance lines","category":"Taxiways","object_type":"Line","style_id":"line.taxiway.c0b631","source_group":"COLOR_Taxiway","vsmr_group_ids":[],"geometry_role":"linework"},"geometry":{"type":"LineString","coordinates":[[2.365629852930518,48.72621655681706],[2.365637705635464,48.7262023083718],[2.365653410188062,48.72616603978079]]}},{"type":"Feature","id":"LFPO-8f3970d9d64a0bda7056","properties":{"airport":"LFPO","name":"COLOR_Taxiway","layer":"Guidance lines","category":"Taxiways","object_type":"Line","style_id":"line.taxiway.c0b631","source_group":"COLOR_Taxiway","vsmr_group_ids":[],"geometry_role":"linework"},"geometry":{"type":"LineString","coordinates":[[2.365990738941852,48.72617198782255],[2.365900885203123,48.72640828275027],[2.365887000013744,48.72644197319648],[2.365884843668982,48.7264808109705],[2.365945801986296,48.72702143874481]]}},{"type":"Feature","id":"LFPO-e806b4de8aede2ef6521","properties":{"airport":"LFPO","name":"COLOR_Taxiway","layer":"Guidance lines","category":"Taxiways","object_type":"Line","style_id":"line.taxiway.c0b631","source_group":"COLOR_Taxiway","vsmr_group_ids":[],"geometry_role":"linework"},"geometry":{"type":"LineString","coordinates":[[2.366333854805094,48.72625790145188],[2.366308984011649,48.72631675086321],[2.366290878910791,48.72635355670724],[2.36629088136201,48.72638901036725],[2.366300858492472,48.72643102659228],[2.366316949951317,48.7264782889509],[2.366703301923612,48.72709895038771]]}},{"type":"Feature","id":"LFPO-0095ac4bf401763ba36c","properties":{"airport":"LFPO","name":"COLOR_Taxiway","layer":"Guidance lines","category":"Taxiways","object_type":"Line","style_id":"line.taxiway.c0b631","source_group":"COLOR_Taxiway","vsmr_group_ids":[],"geometry_role":"linework"},"geometry":{"type":"LineString","coordinates":[[2.367075634770845,48.72643700540533],[2.367075534998155,48.72647001608615],[2.367083392392431,48.7265062163683],[2.367096249265797,48.7265423845851],[2.36712722162969,48.72659345690831],[2.36759792281356,48.72735445654912]]}},{"type":"Feature","id":"LFPO-e0bc04af93173185d915","properties":{"airport":"LFPO","name":"COLOR_Taxiway","layer":"Guidance lines","category":"Taxiways","object_type":"Line","style_id":"line.taxiway.c0b631","source_group":"COLOR_Taxiway","vsmr_group_ids":[],"geometry_role":"linework"},"geometry":{"type":"LineString","coordinates":[[2.368635403279038,48.72681970926775],[2.368495189429987,48.72741702640337]]}},{"type":"Feature","id":"LFPO-4d67b4a7d1bd81008768","properties":{"airport":"LFPO","name":"COLOR_Taxiway","layer":"Guidance lines","category":"Taxiways","object_type":"Line","style_id":"line.taxiway.c0b631","source_group":"COLOR_Taxiway","vsmr_group_ids":[],"geometry_role":"linework"},"geometry":{"type":"LineString","coordinates":[[2.370588726787659,48.72711131167679],[2.370422054976746,48.72749615601867]]}},{"type":"Feature","id":"LFPO-5980abc01a2f6cc91d68","properties":{"airport":"LFPO","name":"COLOR_Taxiway","layer":"Guidance lines","category":"Taxiways","object_type":"Line","style_id":"line.taxiway.c0b631","source_group":"COLOR_Taxiway","vsmr_group_ids":[],"geometry_role":"linework"},"geometry":{"type":"LineString","coordinates":[[2.371238574850401,48.72722879807926],[2.37108820189823,48.72760361882619]]}},{"type":"Feature","id":"LFPO-46a51d97ffe46ef5834f","properties":{"airport":"LFPO","name":"COLOR_Taxiway","layer":"Guidance lines","category":"Taxiways","object_type":"Line","style_id":"line.taxiway.c0b631","source_group":"COLOR_Taxiway","vsmr_group_ids":[],"geometry_role":"linework"},"geometry":{"type":"LineString","coordinates":[[2.371890218624941,48.72734812360805],[2.371721106291844,48.72773126145654]]}},{"type":"Feature","id":"LFPO-756cb5e7d1bbd48267e3","properties":{"airport":"LFPO","name":"COLOR_Taxiway","layer":"Guidance lines","category":"Taxiways","object_type":"Line","style_id":"line.taxiway.c0b631","source_group":"COLOR_Taxiway","vsmr_group_ids":[],"geometry_role":"linework"},"geometry":{"type":"LineString","coordinates":[[2.372654368740446,48.72748400461234],[2.37237780450827,48.72812657436301]]}},{"type":"Feature","id":"LFPO-7a5420de2271e6bae833","properties":{"airport":"LFPO","name":"COLOR_Taxiway","layer":"Guidance lines","category":"Taxiways","object_type":"Line","style_id":"line.taxiway.c0b631","source_group":"COLOR_Taxiway","vsmr_group_ids":[],"geometry_role":"linework"},"geometry":{"type":"LineString","coordinates":[[2.373598679719418,48.72766732156557],[2.373321479685711,48.72832100498448]]}},{"type":"Feature","id":"LFPO-bade0c30cec35438654e","properties":{"airport":"LFPO","name":"COLOR_Taxiway","layer":"Guidance lines","category":"Taxiways","object_type":"Line","style_id":"line.taxiway.c0b631","source_group":"COLOR_Taxiway","vsmr_group_ids":[],"geometry_role":"linework"},"geometry":{"type":"LineString","coordinates":[[2.374621870522102,48.72792966665443],[2.374651633961475,48.72856842788084]]}},{"type":"Feature","id":"LFPO-8f4e9e3f7c718079fef8","properties":{"airport":"LFPO","name":"COLOR_Taxiway","layer":"Guidance lines","category":"Taxiways","object_type":"Line","style_id":"line.taxiway.c0b631","source_group":"COLOR_Taxiway","vsmr_group_ids":[],"geometry_role":"linework"},"geometry":{"type":"LineString","coordinates":[[2.374708785357791,48.72845739015875],[2.374808257285925,48.72821550335645]]}},{"type":"Feature","id":"LFPO-8762f05f2e8c2e7d53b1","properties":{"airport":"LFPO","name":"COLOR_Taxiway","layer":"Guidance lines","category":"Taxiways","object_type":"Line","style_id":"line.taxiway.c0b631","source_group":"COLOR_Taxiway","vsmr_group_ids":[],"geometry_role":"linework"},"geometry":{"type":"LineString","coordinates":[[2.374821461898389,48.72818263309246],[2.374837923377968,48.72814186342605]]}},{"type":"Feature","id":"LFPO-123bf61331486012aca2","properties":{"airport":"LFPO","name":"COLOR_Taxiway","layer":"Guidance lines","category":"Taxiways","object_type":"Line","style_id":"line.taxiway.c0b631","source_group":"COLOR_Taxiway","vsmr_group_ids":[],"geometry_role":"linework"},"geometry":{"type":"LineString","coordinates":[[2.374859030933352,48.72809466035174],[2.374874274251719,48.72805442184503]]}},{"type":"Feature","id":"LFPO-5babc3b97c9141c885c2","properties":{"airport":"LFPO","name":"COLOR_Taxiway","layer":"Guidance lines","category":"Taxiways","object_type":"Line","style_id":"line.taxiway.c0b631","source_group":"COLOR_Taxiway","vsmr_group_ids":[],"geometry_role":"linework"},"geometry":{"type":"LineString","coordinates":[[2.374891863027715,48.7280103141759],[2.374903589119253,48.72798245663682]]}},{"type":"Feature","id":"LFPO-5e5721a1624fe32778bb","properties":{"airport":"LFPO","name":"COLOR_Taxiway","layer":"Guidance lines","category":"Taxiways","object_type":"Line","style_id":"line.taxiway.c0b631","source_group":"COLOR_Taxiway","vsmr_group_ids":[],"geometry_role":"linework"},"geometry":{"type":"LineString","coordinates":[[2.375320388620166,48.72841840948793],[2.375243116683656,48.72860450742152]]}},{"type":"Feature","id":"LFPO-00effd9704cf035a73f5","properties":{"airport":"LFPO","name":"COLOR_Taxiway","layer":"Guidance lines","category":"Taxiways","object_type":"Line","style_id":"line.taxiway.c0b631","source_group":"COLOR_Taxiway","vsmr_group_ids":[],"geometry_role":"linework"},"geometry":{"type":"LineString","coordinates":[[2.375335761691801,48.72837385565344],[2.37535510339494,48.72833074063481]]}},{"type":"Feature","id":"LFPO-c8ed937e4bd7ece3c517","properties":{"airport":"LFPO","name":"COLOR_Taxiway","layer":"Guidance lines","category":"Taxiways","object_type":"Line","style_id":"line.taxiway.c0b631","source_group":"COLOR_Taxiway","vsmr_group_ids":[],"geometry_role":"linework"},"geometry":{"type":"LineString","coordinates":[[2.375371070457193,48.72828615792182],[2.375388266829319,48.72824481745941]]}},{"type":"Feature","id":"LFPO-b037141654b0ac504fc0","properties":{"airport":"LFPO","name":"COLOR_Taxiway","layer":"Guidance lines","category":"Taxiways","object_type":"Line","style_id":"line.taxiway.c0b631","source_group":"COLOR_Taxiway","vsmr_group_ids":[],"geometry_role":"linework"},"geometry":{"type":"LineString","coordinates":[[2.375406583893585,48.72820023100162],[2.375424885897857,48.72815764052411]]}},{"type":"Feature","id":"LFPO-5b7531be4e3112b88dab","properties":{"airport":"LFPO","name":"COLOR_Taxiway","layer":"Guidance lines","category":"Taxiways","object_type":"Line","style_id":"line.taxiway.c0b631","source_group":"COLOR_Taxiway","vsmr_group_ids":[],"geometry_role":"linework"},"geometry":{"type":"LineString","coordinates":[[2.375440845213026,48.7281125847475],[2.375452640097515,48.72808478558643]]}},{"type":"Feature","id":"LFPO-89c8c6c762fe0a0d066d","properties":{"airport":"LFPO","name":"COLOR_Taxiway","layer":"Guidance lines","category":"Taxiways","object_type":"Line","style_id":"line.taxiway.c0b631","source_group":"COLOR_Taxiway","vsmr_group_ids":[],"geometry_role":"linework"},"geometry":{"type":"LineString","coordinates":[[2.375451225361387,48.72886138224398],[2.375768954724047,48.72814040861492]]}},{"type":"Feature","id":"LFPO-6d78a30e074ccd5b1ce7","properties":{"airport":"LFPO","name":"COLOR_Taxiway","layer":"Guidance lines","category":"Taxiways","object_type":"Line","style_id":"line.taxiway.c0b631","source_group":"COLOR_Taxiway","vsmr_group_ids":[],"geometry_role":"linework"},"geometry":{"type":"LineString","coordinates":[[2.375347945075843,48.72888871107699],[2.375570910225027,48.72875181207299]]}},{"type":"Feature","id":"LFPO-570b4b1feb99fba74167","properties":{"airport":"LFPO","name":"COLOR_Taxiway","layer":"Guidance lines","category":"Taxiways","object_type":"Line","style_id":"line.taxiway.c0b631","source_group":"COLOR_Taxiway","vsmr_group_ids":[],"geometry_role":"linework"},"geometry":{"type":"LineString","coordinates":[[2.375616641528751,48.72872280111454],[2.375660744500065,48.72869884473467]]}},{"type":"Feature","id":"LFPO-756c6f12c3f0653a749a","properties":{"airport":"LFPO","name":"COLOR_Taxiway","layer":"Guidance lines","category":"Taxiways","object_type":"Line","style_id":"line.taxiway.c0b631","source_group":"COLOR_Taxiway","vsmr_group_ids":[],"geometry_role":"linework"},"geometry":{"type":"LineString","coordinates":[[2.375723007452359,48.72866291008298],[2.375771001736566,48.72863553130217]]}},{"type":"Feature","id":"LFPO-2937777fb231b6093d49","properties":{"airport":"LFPO","name":"COLOR_Taxiway","layer":"Guidance lines","category":"Taxiways","object_type":"Line","style_id":"line.taxiway.c0b631","source_group":"COLOR_Taxiway","vsmr_group_ids":[],"geometry_role":"linework"},"geometry":{"type":"LineString","coordinates":[[2.375817699026641,48.72860216321354],[2.375861801841481,48.72857392873311]]}},{"type":"Feature","id":"LFPO-476802403db3ff022edf","properties":{"airport":"LFPO","name":"COLOR_Taxiway","layer":"Guidance lines","category":"Taxiways","object_type":"Line","style_id":"line.taxiway.c0b631","source_group":"COLOR_Taxiway","vsmr_group_ids":[],"geometry_role":"linework"},"geometry":{"type":"LineString","coordinates":[[2.37590201319261,48.72854826100669],[2.375955195802786,48.72851660417177]]}},{"type":"Feature","id":"LFPO-551323154a0ffcd5c1d7","properties":{"airport":"LFPO","name":"COLOR_Taxiway","layer":"Guidance lines","category":"Taxiways","object_type":"Line","style_id":"line.taxiway.c0b631","source_group":"COLOR_Taxiway","vsmr_group_ids":[],"geometry_role":"linework"},"geometry":{"type":"LineString","coordinates":[[2.376003189824203,48.72848665840655],[2.376056372335658,48.72845585713451]]}},{"type":"Feature","id":"LFPO-f8c1ff15e5ec8bc00fbb","properties":{"airport":"LFPO","name":"COLOR_Taxiway","layer":"Guidance lines","category":"Taxiways","object_type":"Line","style_id":"line.taxiway.c0b631","source_group":"COLOR_Taxiway","vsmr_group_ids":[],"geometry_role":"linework"},"geometry":{"type":"LineString","coordinates":[[2.37569614099626,48.72919200845475],[2.37591420513007,48.72905960136767]]}},{"type":"Feature","id":"LFPO-a7288b95d1fdca26b942","properties":{"airport":"LFPO","name":"COLOR_Taxiway","layer":"Guidance lines","category":"Taxiways","object_type":"Line","style_id":"line.taxiway.c0b631","source_group":"COLOR_Taxiway","vsmr_group_ids":[],"geometry_role":"linework"},"geometry":{"type":"LineString","coordinates":[[2.375964359036118,48.72902661784233],[2.376012181378564,48.72899582557901]]}},{"type":"Feature","id":"LFPO-426fca319f8e87c0ec85","properties":{"airport":"LFPO","name":"COLOR_Taxiway","layer":"Guidance lines","category":"Taxiways","object_type":"Line","style_id":"line.taxiway.c0b631","source_group":"COLOR_Taxiway","vsmr_group_ids":[],"geometry_role":"linework"},"geometry":{"type":"LineString","coordinates":[[2.376063419518095,48.72896428223701],[2.376108964486212,48.72893499199905]]}},{"type":"Feature","id":"LFPO-eeefae14d3755032953c","properties":{"airport":"LFPO","name":"COLOR_Taxiway","layer":"Guidance lines","category":"Taxiways","object_type":"Line","style_id":"line.taxiway.c0b631","source_group":"COLOR_Taxiway","vsmr_group_ids":[],"geometry_role":"linework"},"geometry":{"type":"LineString","coordinates":[[2.376159063901948,48.72890344861573],[2.376209163186469,48.72887265631107]]}},{"type":"Feature","id":"LFPO-0f93e5f13b01a0101e85","properties":{"airport":"LFPO","name":"COLOR_Taxiway","layer":"Guidance lines","category":"Taxiways","object_type":"Line","style_id":"line.taxiway.c0b631","source_group":"COLOR_Taxiway","vsmr_group_ids":[],"geometry_role":"linework"},"geometry":{"type":"LineString","coordinates":[[2.376258123787502,48.72884186397786],[2.376308222943186,48.72880956954075]]}},{"type":"Feature","id":"LFPO-3656f8a85a56da9c4d27","properties":{"airport":"LFPO","name":"COLOR_Taxiway","layer":"Guidance lines","category":"Taxiways","object_type":"Line","style_id":"line.taxiway.c0b631","source_group":"COLOR_Taxiway","vsmr_group_ids":[],"geometry_role":"linework"},"geometry":{"type":"LineString","coordinates":[[2.376359460613293,48.72877802614468],[2.376407282362274,48.72874948686519]]}},{"type":"Feature","id":"LFPO-68860f1b619ebde5ff0f","properties":{"airport":"LFPO","name":"COLOR_Taxiway","layer":"Guidance lines","category":"Taxiways","object_type":"Line","style_id":"line.taxiway.c0b631","source_group":"COLOR_Taxiway","vsmr_group_ids":[],"geometry_role":"linework"},"geometry":{"type":"LineString","coordinates":[[2.375690379745323,48.72947622282309],[2.376584255353795,48.72896065544651]]}},{"type":"Feature","id":"LFPO-a9358ea4e8ce5e104c10","properties":{"airport":"LFPO","name":"COLOR_Taxiway","layer":"Guidance lines","category":"Taxiways","object_type":"Line","style_id":"line.taxiway.c0b631","source_group":"COLOR_Taxiway","vsmr_group_ids":[],"geometry_role":"linework"},"geometry":{"type":"LineString","coordinates":[[2.375766566465316,48.72950213623241],[2.375990030414681,48.72944013444331]]}},{"type":"Feature","id":"LFPO-08037db7d3aad3354a4b","properties":{"airport":"LFPO","name":"COLOR_Taxiway","layer":"Guidance lines","category":"Taxiways","object_type":"Line","style_id":"line.taxiway.c0b631","source_group":"COLOR_Taxiway","vsmr_group_ids":[],"geometry_role":"linework"},"geometry":{"type":"LineString","coordinates":[[2.376076097922162,48.72941632841606],[2.37614273077158,48.72939710039766]]}},{"type":"Feature","id":"LFPO-3bb8047b36de098f5710","properties":{"airport":"LFPO","name":"COLOR_Taxiway","layer":"Guidance lines","category":"Taxiways","object_type":"Line","style_id":"line.taxiway.c0b631","source_group":"COLOR_Taxiway","vsmr_group_ids":[],"geometry_role":"linework"},"geometry":{"type":"LineString","coordinates":[[2.376212139946108,48.7293751253995],[2.376274608052276,48.72935864423994]]}},{"type":"Feature","id":"LFPO-36dd395a00c9dda5e153","properties":{"airport":"LFPO","name":"COLOR_Taxiway","layer":"Guidance lines","category":"Taxiways","object_type":"Line","style_id":"line.taxiway.c0b631","source_group":"COLOR_Taxiway","vsmr_group_ids":[],"geometry_role":"linework"},"geometry":{"type":"LineString","coordinates":[[2.376337076043415,48.72933941603974],[2.376399544189152,48.72932201915364]]}},{"type":"Feature","id":"LFPO-90399421291dd50e4a2d","properties":{"airport":"LFPO","name":"COLOR_Taxiway","layer":"Guidance lines","category":"Taxiways","object_type":"Line","style_id":"line.taxiway.c0b631","source_group":"COLOR_Taxiway","vsmr_group_ids":[],"geometry_role":"linework"},"geometry":{"type":"LineString","coordinates":[[2.37646201225665,48.72930370657573],[2.376524480213358,48.72928630962664]]}},{"type":"Feature","id":"LFPO-0c9575ad005e008f39db","properties":{"airport":"LFPO","name":"COLOR_Taxiway","layer":"Guidance lines","category":"Taxiways","object_type":"Line","style_id":"line.taxiway.c0b631","source_group":"COLOR_Taxiway","vsmr_group_ids":[],"geometry_role":"linework"},"geometry":{"type":"LineString","coordinates":[[2.376585559971029,48.72926891263041],[2.376646639662074,48.72925151558913]]}},{"type":"Feature","id":"LFPO-20c96795c9ae94963591","properties":{"airport":"LFPO","name":"COLOR_Taxiway","layer":"Guidance lines","category":"Taxiways","object_type":"Line","style_id":"line.taxiway.c0b631","source_group":"COLOR_Taxiway","vsmr_group_ids":[],"geometry_role":"linework"},"geometry":{"type":"LineString","coordinates":[[2.376711883825307,48.72923320289333],[2.376774351620363,48.72921489012337]]}},{"type":"Feature","id":"LFPO-c72b97d121b3516c03b0","properties":{"airport":"LFPO","name":"COLOR_Taxiway","layer":"Guidance lines","category":"Taxiways","object_type":"Line","style_id":"line.taxiway.c0b631","source_group":"COLOR_Taxiway","vsmr_group_ids":[],"geometry_role":"linework"},"geometry":{"type":"LineString","coordinates":[[2.376169263856909,48.72977816272957],[2.376444639031712,48.72971725928438]]}},{"type":"Feature","id":"LFPO-e6bcabe59ac1d4d6a854","properties":{"airport":"LFPO","name":"COLOR_Taxiway","layer":"Guidance lines","category":"Taxiways","object_type":"Line","style_id":"line.taxiway.c0b631","source_group":"COLOR_Taxiway","vsmr_group_ids":[],"geometry_role":"linework"},"geometry":{"type":"LineString","coordinates":[[2.376511227946314,48.72970249565364],[2.376575210081204,48.72968812918296]]}},{"type":"Feature","id":"LFPO-ebb43df32c37bf98f5b9","properties":{"airport":"LFPO","name":"COLOR_Taxiway","layer":"Guidance lines","category":"Taxiways","object_type":"Line","style_id":"line.taxiway.c0b631","source_group":"COLOR_Taxiway","vsmr_group_ids":[],"geometry_role":"linework"},"geometry":{"type":"LineString","coordinates":[[2.376639678455184,48.72967324252248],[2.37670432062516,48.72965926315622]]}},{"type":"Feature","id":"LFPO-f07fd18984147f308d47","properties":{"airport":"LFPO","name":"COLOR_Taxiway","layer":"Guidance lines","category":"Taxiways","object_type":"Line","style_id":"line.taxiway.c0b631","source_group":"COLOR_Taxiway","vsmr_group_ids":[],"geometry_role":"linework"},"geometry":{"type":"LineString","coordinates":[[2.376768962767459,48.72964458475734],[2.376831485449831,48.72963060530275]]}},{"type":"Feature","id":"LFPO-91cc99774ee35d33c5b3","properties":{"airport":"LFPO","name":"COLOR_Taxiway","layer":"Guidance lines","category":"Taxiways","object_type":"Line","style_id":"line.taxiway.c0b631","source_group":"COLOR_Taxiway","vsmr_group_ids":[],"geometry_role":"linework"},"geometry":{"type":"LineString","coordinates":[[2.37689550165239,48.72961635666139],[2.376960963556367,48.72960120636258]]}},{"type":"Feature","id":"LFPO-c6038c3a246fc6d9cc75","properties":{"airport":"LFPO","name":"COLOR_Taxiway","layer":"Guidance lines","category":"Taxiways","object_type":"Line","style_id":"line.taxiway.c0b631","source_group":"COLOR_Taxiway","vsmr_group_ids":[],"geometry_role":"linework"},"geometry":{"type":"LineString","coordinates":[[2.375980674708211,48.73007312210063],[2.37702747002462,48.72979896279028]]}},{"type":"Feature","id":"LFPO-744220d80e188829bead","properties":{"airport":"LFPO","name":"COLOR_Taxiway","layer":"Guidance lines","category":"Taxiways","object_type":"Line","style_id":"line.taxiway.c0b631","source_group":"COLOR_Taxiway","vsmr_group_ids":[],"geometry_role":"linework"},"geometry":{"type":"LineString","coordinates":[[2.375999068993186,48.73008234949334],[2.376284867166714,48.7300863363383]]}},{"type":"Feature","id":"LFPO-ede256a7088746ba33eb","properties":{"airport":"LFPO","name":"COLOR_Taxiway","layer":"Guidance lines","category":"Taxiways","object_type":"Line","style_id":"line.taxiway.c0b631","source_group":"COLOR_Taxiway","vsmr_group_ids":[],"geometry_role":"linework"},"geometry":{"type":"LineString","coordinates":[[2.376364187234608,48.73008592352806],[2.376434701429071,48.73008683624326]]}},{"type":"Feature","id":"LFPO-5ba545d9ade13df3c6a4","properties":{"airport":"LFPO","name":"COLOR_Taxiway","layer":"Guidance lines","category":"Taxiways","object_type":"Line","style_id":"line.taxiway.c0b631","source_group":"COLOR_Taxiway","vsmr_group_ids":[],"geometry_role":"linework"},"geometry":{"type":"LineString","coordinates":[[2.376520424609065,48.73008501307321],[2.376588173509435,48.73008592566413]]}},{"type":"Feature","id":"LFPO-b750a0608faa322d9aef","properties":{"airport":"LFPO","name":"COLOR_Taxiway","layer":"Guidance lines","category":"Taxiways","object_type":"Line","style_id":"line.taxiway.c0b631","source_group":"COLOR_Taxiway","vsmr_group_ids":[],"geometry_role":"linework"},"geometry":{"type":"LineString","coordinates":[[2.376651774515537,48.73008683817908],[2.37672367134053,48.73008683873392]]}},{"type":"Feature","id":"LFPO-a24762d0135dddad84dd","properties":{"airport":"LFPO","name":"COLOR_Taxiway","layer":"Guidance lines","category":"Taxiways","object_type":"Line","style_id":"line.taxiway.c0b631","source_group":"COLOR_Taxiway","vsmr_group_ids":[],"geometry_role":"linework"},"geometry":{"type":"LineString","coordinates":[[2.376787787861723,48.73008719929234],[2.376858327222195,48.73008798836839]]}},{"type":"Feature","id":"LFPO-5824f02d11c66b2f3d93","properties":{"airport":"LFPO","name":"COLOR_Taxiway","layer":"Guidance lines","category":"Taxiways","object_type":"Line","style_id":"line.taxiway.c0b631","source_group":"COLOR_Taxiway","vsmr_group_ids":[],"geometry_role":"linework"},"geometry":{"type":"LineString","coordinates":[[2.376926475403494,48.73008798877405],[2.376992232406936,48.73008877774063]]}},{"type":"Feature","id":"LFPO-5902c06e77ba4d4a592a","properties":{"airport":"LFPO","name":"COLOR_Taxiway","layer":"Guidance lines","category":"Taxiways","object_type":"Line","style_id":"line.taxiway.c0b631","source_group":"COLOR_Taxiway","vsmr_group_ids":[],"geometry_role":"linework"},"geometry":{"type":"LineString","coordinates":[[2.376253629845464,48.73052621563593],[2.376558698617968,48.73058256606899]]}},{"type":"Feature","id":"LFPO-32782023057936544f55","properties":{"airport":"LFPO","name":"COLOR_Taxiway","layer":"Guidance lines","category":"Taxiways","object_type":"Line","style_id":"line.taxiway.c0b631","source_group":"COLOR_Taxiway","vsmr_group_ids":[],"geometry_role":"linework"},"geometry":{"type":"LineString","coordinates":[[2.377595012901754,48.73078599625001],[2.375969447420412,48.73063943797662]]}},{"type":"Feature","id":"LFPO-458260627360ae2c1a22","properties":{"airport":"LFPO","name":"COLOR_Taxiway","layer":"Guidance lines","category":"Taxiways","object_type":"Line","style_id":"line.taxiway.c0b631","source_group":"COLOR_Taxiway","vsmr_group_ids":[],"geometry_role":"linework"},"geometry":{"type":"LineString","coordinates":[[2.376080223530697,48.73083692127648],[2.37580035204497,48.73067649363329]]}},{"type":"Feature","id":"LFPO-46c682f6d064332f8399","properties":{"airport":"LFPO","name":"COLOR_Taxiway","layer":"Guidance lines","category":"Taxiways","object_type":"Line","style_id":"line.taxiway.c0b631","source_group":"COLOR_Taxiway","vsmr_group_ids":[],"geometry_role":"linework"},"geometry":{"type":"LineString","coordinates":[[2.376129555465494,48.73086615939248],[2.376180743778902,48.73089616698291]]}},{"type":"Feature","id":"LFPO-87008bc7409c98283d30","properties":{"airport":"LFPO","name":"COLOR_Taxiway","layer":"Guidance lines","category":"Taxiways","object_type":"Line","style_id":"line.taxiway.c0b631","source_group":"COLOR_Taxiway","vsmr_group_ids":[],"geometry_role":"linework"},"geometry":{"type":"LineString","coordinates":[[2.376233353818087,48.73092523665025],[2.376285964003295,48.7309552440918]]}},{"type":"Feature","id":"LFPO-e246ca37099a55299f15","properties":{"airport":"LFPO","name":"COLOR_Taxiway","layer":"Guidance lines","category":"Taxiways","object_type":"Line","style_id":"line.taxiway.c0b631","source_group":"COLOR_Taxiway","vsmr_group_ids":[],"geometry_role":"linework"},"geometry":{"type":"LineString","coordinates":[[2.376330042981623,48.73098150067503],[2.376384075175961,48.73101244579939]]}},{"type":"Feature","id":"LFPO-678a134c7097492b564c","properties":{"airport":"LFPO","name":"COLOR_Taxiway","layer":"Guidance lines","category":"Taxiways","object_type":"Line","style_id":"line.taxiway.c0b631","source_group":"COLOR_Taxiway","vsmr_group_ids":[],"geometry_role":"linework"},"geometry":{"type":"LineString","coordinates":[[2.37643656888618,48.73104260677853],[2.376489179415513,48.73107261415744]]}},{"type":"Feature","id":"LFPO-c7ce911fd0f5e369c9a1","properties":{"airport":"LFPO","name":"COLOR_Taxiway","layer":"Guidance lines","category":"Taxiways","object_type":"Line","style_id":"line.taxiway.c0b631","source_group":"COLOR_Taxiway","vsmr_group_ids":[],"geometry_role":"linework"},"geometry":{"type":"LineString","coordinates":[[2.376147740056787,48.73138046627498],[2.375615034990808,48.73107305724394]]}},{"type":"Feature","id":"LFPO-fbc33e8daec25bdbf7ca","properties":{"airport":"LFPO","name":"COLOR_Taxiway","layer":"Guidance lines","category":"Taxiways","object_type":"Line","style_id":"line.taxiway.c0b631","source_group":"COLOR_Taxiway","vsmr_group_ids":[],"geometry_role":"linework"},"geometry":{"type":"LineString","coordinates":[[2.375318502838055,48.73153638212739],[2.375190078050391,48.73107900594168]]}},{"type":"Feature","id":"LFPO-c99071ad5e5616eb45ca","properties":{"airport":"LFPO","name":"COLOR_Taxiway","layer":"Guidance lines","category":"Taxiways","object_type":"Line","style_id":"line.taxiway.c0b631","source_group":"COLOR_Taxiway","vsmr_group_ids":[],"geometry_role":"linework"},"geometry":{"type":"LineString","coordinates":[[2.376629097786003,48.73059592136886],[2.37669560116091,48.73060757010118]]}},{"type":"Feature","id":"LFPO-4041a815262973ee926b","properties":{"airport":"LFPO","name":"COLOR_Taxiway","layer":"Guidance lines","category":"Taxiways","object_type":"Line","style_id":"line.taxiway.c0b631","source_group":"COLOR_Taxiway","vsmr_group_ids":[],"geometry_role":"linework"},"geometry":{"type":"LineString","coordinates":[[2.37675698511401,48.73061908321753],[2.376822253041253,48.73063111154034]]}},{"type":"Feature","id":"LFPO-17923a074f201f2a19a1","properties":{"airport":"LFPO","name":"COLOR_Taxiway","layer":"Guidance lines","category":"Taxiways","object_type":"Line","style_id":"line.taxiway.c0b631","source_group":"COLOR_Taxiway","vsmr_group_ids":[],"geometry_role":"linework"},"geometry":{"type":"LineString","coordinates":[[2.376887520885782,48.73064187362024],[2.376953748683608,48.73065453495453]]}},{"type":"Feature","id":"LFPO-b482506cb19633204a34","properties":{"airport":"LFPO","name":"COLOR_Taxiway","layer":"Guidance lines","category":"Taxiways","object_type":"Line","style_id":"line.taxiway.c0b631","source_group":"COLOR_Taxiway","vsmr_group_ids":[],"geometry_role":"linework"},"geometry":{"type":"LineString","coordinates":[[2.377019498692925,48.73066782296434],[2.377084925552375,48.73068048120174]]}},{"type":"Feature","id":"LFPO-2ead9e165dbb13ffd9b1","properties":{"airport":"LFPO","name":"COLOR_Taxiway","layer":"Guidance lines","category":"Taxiways","object_type":"Line","style_id":"line.taxiway.c0b631","source_group":"COLOR_Taxiway","vsmr_group_ids":[],"geometry_role":"linework"},"geometry":{"type":"LineString","coordinates":[[2.377152096963049,48.7306908377292],[2.377217523922599,48.73070407129504]]}},{"type":"Feature","id":"LFPO-e68254fdb57ff91d8e8f","properties":{"airport":"LFPO","name":"COLOR_Taxiway","layer":"Guidance lines","category":"Taxiways","object_type":"Line","style_id":"line.taxiway.c0b631","source_group":"COLOR_Taxiway","vsmr_group_ids":[],"geometry_role":"linework"},"geometry":{"type":"LineString","coordinates":[[2.377282078435194,48.73071615400493],[2.377348377772315,48.73072881207898]]}},{"type":"Feature","id":"LFPO-3b60f905221d340678e6","properties":{"airport":"LFPO","name":"COLOR_Taxiway","layer":"Guidance lines","category":"Taxiways","object_type":"Line","style_id":"line.taxiway.c0b631","source_group":"COLOR_Taxiway","vsmr_group_ids":[],"geometry_role":"linework"},"geometry":{"type":"LineString","coordinates":[[2.377412059885717,48.73073859310447],[2.377476614572533,48.73075125112802]]}},{"type":"Feature","id":"LFPO-8e00a3af84188ed565c7","properties":{"airport":"LFPO","name":"COLOR_Taxiway","layer":"Guidance lines","category":"Taxiways","object_type":"Line","style_id":"line.taxiway.c0b631","source_group":"COLOR_Taxiway","vsmr_group_ids":[],"geometry_role":"linework"},"geometry":{"type":"LineString","coordinates":[[2.377546740303056,48.73076418585651],[2.377599587807828,48.73077483609914]]}},{"type":"Feature","id":"LFPO-cc004f2da86913d51c43","properties":{"airport":"LFPO","name":"COLOR_Taxiway","layer":"Guidance lines","category":"Taxiways","object_type":"Line","style_id":"line.taxiway.c0b631","source_group":"COLOR_Taxiway","vsmr_group_ids":[],"geometry_role":"linework"},"geometry":{"type":"LineString","coordinates":[[2.35511978111153,48.72498272632665],[2.354837667400917,48.72501579707274],[2.354848840470887,48.72503547399884],[2.354870579721606,48.72504900529915],[2.354896670856459,48.72505802897714],[2.354928358143094,48.72505967617831],[2.354957563723288,48.72505476470324],[2.354982424717351,48.72504124470887],[2.354997966556946,48.72502608294066],[2.355002945449305,48.72501132849688],[2.355000468756154,48.72499575248864],[2.354991158052107,48.72497894518992],[2.354973768628246,48.72496459520142],[2.354952648219963,48.72495557273864],[2.354925933287157,48.72495105758454],[2.354895486679183,48.72495309958662],[2.354868763737223,48.72496293019951],[2.354848251174435,48.72497809074364],[2.354837677703456,48.72499735250428],[2.354837667400917,48.72501579707274],[2.354683469462759,48.72503375126585]]}},{"type":"Feature","id":"LFPO-a127c70be4133b8d5102","properties":{"airport":"LFPO","name":"COLOR_Taxiway","layer":"Guidance lines","category":"Taxiways","object_type":"Line","style_id":"line.taxiway.c0b631","source_group":"COLOR_Taxiway","vsmr_group_ids":[],"geometry_role":"linework"},"geometry":{"type":"LineString","coordinates":[[2.355051460730677,48.7253682202538],[2.354445622771097,48.72554439987289],[2.354535071614989,48.72551871732033],[2.354531366110386,48.7255493718739],[2.354543149892736,48.7255819766126],[2.354565264199862,48.72560825815779],[2.354607297501221,48.72562967863264],[2.354655433152746,48.72564299890697],[2.35465062671252,48.72565393683585],[2.354684232273514,48.72564761189031],[2.354660240237876,48.72563090949377],[2.354651063102484,48.72565393694266]]}},{"type":"Feature","id":"LFPO-a8d34049c2d271ebc0ac","properties":{"airport":"LFPO","name":"COLOR_Taxiway","layer":"Guidance lines","category":"Taxiways","object_type":"Line","style_id":"line.taxiway.c0b631","source_group":"COLOR_Taxiway","vsmr_group_ids":[],"geometry_role":"linework"},"geometry":{"type":"LineString","coordinates":[[2.354864193737085,48.72593298159288],[2.354208171935024,48.72612094243642],[2.354288603178809,48.72609799945804],[2.354285029438805,48.72613176325149],[2.354298541187105,48.72617115099624],[2.354329531229558,48.72619594914697],[2.354368039572852,48.72621703057256],[2.354409601246834,48.72622535155411],[2.354404377837609,48.72623796703628],[2.354439156290606,48.72623185839161],[2.354414245067402,48.72621273592815],[2.354404377837609,48.72623796703628]]}},{"type":"Feature","id":"LFPO-972e463dc8ac5930a16b","properties":{"airport":"LFPO","name":"COLOR_Taxiway","layer":"Guidance lines","category":"Taxiways","object_type":"Line","style_id":"line.taxiway.c0b631","source_group":"COLOR_Taxiway","vsmr_group_ids":[],"geometry_role":"linework"},"geometry":{"type":"LineString","coordinates":[[2.354619573850079,48.7265159760892],[2.353951851164495,48.72670476197751],[2.354041219619472,48.72667953117805],[2.35403815280351,48.72671518618175],[2.354050522537168,48.72674670848382],[2.354077051151973,48.72677589956299],[2.354115383314077,48.72679536542867],[2.354163748220237,48.72680705125642],[2.354157842339852,48.72681911269814],[2.354193829208318,48.72681367388214],[2.354169653655258,48.7267957680696],[2.354157842562754,48.72681872357353]]}},{"type":"Feature","id":"LFPO-eceb535a0e8097f55140","properties":{"airport":"LFPO","name":"COLOR_Taxiway","layer":"Guidance lines","category":"Taxiways","object_type":"Line","style_id":"line.taxiway.c0b631","source_group":"COLOR_Taxiway","vsmr_group_ids":[],"geometry_role":"linework"},"geometry":{"type":"LineString","coordinates":[[2.354393159327568,48.72703802332911],[2.353795314251743,48.72720892069977],[2.353900067318084,48.72717897709266],[2.353894585670528,48.72720511911244],[2.353900035321399,48.7272344191189],[2.35392120107333,48.72726417381321],[2.353952621076889,48.72728626835631],[2.353992245356766,48.72730070222418],[2.354031873544078,48.72730837485645],[2.354026400240148,48.72732009294079],[2.354063986246955,48.72731424260921],[2.354036663264978,48.72729710735307],[2.354026400499341,48.7273196421898]]}},{"type":"Feature","id":"LFPO-e27f279fdb23979ae833","properties":{"airport":"LFPO","name":"COLOR_Taxiway","layer":"Guidance lines","category":"Taxiways","object_type":"Line","style_id":"line.taxiway.c0b631","source_group":"COLOR_Taxiway","vsmr_group_ids":[],"geometry_role":"linework"},"geometry":{"type":"LineString","coordinates":[[2.354200515395561,48.72750491400926],[2.353628783149335,48.72766677330711]]}},{"type":"Feature","id":"LFPO-665e4c789f989e604287","properties":{"airport":"LFPO","name":"COLOR_Taxiway","layer":"Guidance lines","category":"Taxiways","object_type":"Line","style_id":"line.taxiway.c0b631","source_group":"COLOR_Taxiway","vsmr_group_ids":[],"geometry_role":"linework"},"geometry":{"type":"LineString","coordinates":[[2.367937941872209,48.72486090335832],[2.367763425581331,48.72443563185014]]}},{"type":"Feature","id":"LFPO-42eef5938590918dfb52","properties":{"airport":"LFPO","name":"COLOR_Taxiway","layer":"Guidance lines","category":"Taxiways","object_type":"Line","style_id":"line.taxiway.c0b631","source_group":"COLOR_Taxiway","vsmr_group_ids":[],"geometry_role":"linework"},"geometry":{"type":"LineString","coordinates":[[2.367137435233833,48.72471366396405],[2.366839388130475,48.72423993139477]]}},{"type":"Feature","id":"LFPO-9361f67ee621a772eb54","properties":{"airport":"LFPO","name":"COLOR_Taxiway","layer":"Guidance lines","category":"Taxiways","object_type":"Line","style_id":"line.taxiway.c0b631","source_group":"COLOR_Taxiway","vsmr_group_ids":[],"geometry_role":"linework"},"geometry":{"type":"LineString","coordinates":[[2.366071629033397,48.72451500012774],[2.366467939110153,48.72416145597666]]}},{"type":"Feature","id":"LFPO-83a127f5f7450bf0e08e","properties":{"airport":"LFPO","name":"COLOR_Taxiway","layer":"Guidance lines","category":"Taxiways","object_type":"Line","style_id":"line.taxiway.c0b631","source_group":"COLOR_Taxiway","vsmr_group_ids":[],"geometry_role":"linework"},"geometry":{"type":"LineString","coordinates":[[2.365354759810874,48.72438246158279],[2.3650754283394,48.72381692314865]]}},{"type":"Feature","id":"LFPO-bf545c519c5971d8c6c4","properties":{"airport":"LFPO","name":"COLOR_Taxiway","layer":"Guidance lines","category":"Taxiways","object_type":"Line","style_id":"line.taxiway.c0b631","source_group":"COLOR_Taxiway","vsmr_group_ids":[],"geometry_role":"linework"},"geometry":{"type":"LineString","coordinates":[[2.365669913363309,48.72417563709288],[2.365752267087968,48.72404087917521]]}},{"type":"Feature","id":"LFPO-ba7e7ec58c6c6b49f3b1","properties":{"airport":"LFPO","name":"COLOR_Taxiway","layer":"Guidance lines","category":"Taxiways","object_type":"Line","style_id":"line.taxiway.c0b631","source_group":"COLOR_Taxiway","vsmr_group_ids":[],"geometry_role":"linework"},"geometry":{"type":"LineString","coordinates":[[2.365061326478761,48.72414996139795],[2.365149889645062,48.7239306343428]]}},{"type":"Feature","id":"LFPO-4096e43c51332f7f4480","properties":{"airport":"LFPO","name":"COLOR_Taxiway","layer":"Guidance lines","category":"Taxiways","object_type":"Line","style_id":"line.taxiway.c0b631","source_group":"COLOR_Taxiway","vsmr_group_ids":[],"geometry_role":"linework"},"geometry":{"type":"LineString","coordinates":[[2.364186432050657,48.72416436689764],[2.363992771322583,48.72350134989622]]}},{"type":"Feature","id":"LFPO-77757b391792fb5f0728","properties":{"airport":"LFPO","name":"COLOR_Taxiway","layer":"Guidance lines","category":"Taxiways","object_type":"Line","style_id":"line.taxiway.c0b631","source_group":"COLOR_Taxiway","vsmr_group_ids":[],"geometry_role":"linework"},"geometry":{"type":"LineString","coordinates":[[2.361435828127707,48.72368743438025],[2.361435888037025,48.7230867365055]]}},{"type":"Feature","id":"LFPO-301581a1c49b5de6ee68","properties":{"airport":"LFPO","name":"COLOR_Taxiway","layer":"Guidance lines","category":"Taxiways","object_type":"Line","style_id":"line.taxiway.c0b631","source_group":"COLOR_Taxiway","vsmr_group_ids":[],"geometry_role":"linework"},"geometry":{"type":"LineString","coordinates":[[2.360555381057057,48.72351952907695],[2.360501793195728,48.72292575310696]]}},{"type":"Feature","id":"LFPO-3f49326787e15eaae1a1","properties":{"airport":"LFPO","name":"COLOR_Taxiway","layer":"Guidance lines","category":"Taxiways","object_type":"Line","style_id":"line.taxiway.c0b631","source_group":"COLOR_Taxiway","vsmr_group_ids":[],"geometry_role":"linework"},"geometry":{"type":"LineString","coordinates":[[2.360360069589378,48.72322998448928],[2.360358589913736,48.72300816401427]]}},{"type":"Feature","id":"LFPO-9a38566cc7970b3587cd","properties":{"airport":"LFPO","name":"COLOR_Taxiway","layer":"Guidance lines","category":"Taxiways","object_type":"Line","style_id":"line.taxiway.c0b631","source_group":"COLOR_Taxiway","vsmr_group_ids":[],"geometry_role":"linework"},"geometry":{"type":"LineString","coordinates":[[2.359551439603407,48.72333357578346],[2.359552607835897,48.72274493016292]]}},{"type":"Feature","id":"LFPO-a42e7038cce73c4a5f35","properties":{"airport":"LFPO","name":"COLOR_Taxiway","layer":"Guidance lines","category":"Taxiways","object_type":"Line","style_id":"line.taxiway.c0b631","source_group":"COLOR_Taxiway","vsmr_group_ids":[],"geometry_role":"linework"},"geometry":{"type":"LineString","coordinates":[[2.359409633941973,48.723054147341],[2.35941159594879,48.72283368025844]]}},{"type":"Feature","id":"LFPO-4392c9449e03437eff01","properties":{"airport":"LFPO","name":"COLOR_Taxiway","layer":"Guidance lines","category":"Taxiways","object_type":"Line","style_id":"line.taxiway.c0b631","source_group":"COLOR_Taxiway","vsmr_group_ids":[],"geometry_role":"linework"},"geometry":{"type":"LineString","coordinates":[[2.358534750633634,48.72314586068436],[2.358532633872168,48.72255775104281]]}},{"type":"Feature","id":"LFPO-15f4ac14e090863c4905","properties":{"airport":"LFPO","name":"COLOR_Taxiway","layer":"Guidance lines","category":"Taxiways","object_type":"Line","style_id":"line.taxiway.c0b631","source_group":"COLOR_Taxiway","vsmr_group_ids":[],"geometry_role":"linework"},"geometry":{"type":"LineString","coordinates":[[2.358401357914663,48.72286864300892],[2.358402252269354,48.72264976882065]]}},{"type":"Feature","id":"LFPO-cbfb7499b31da7c23ec6","properties":{"airport":"LFPO","name":"COLOR_Taxiway","layer":"Guidance lines","category":"Taxiways","object_type":"Line","style_id":"line.taxiway.c0b631","source_group":"COLOR_Taxiway","vsmr_group_ids":[],"geometry_role":"linework"},"geometry":{"type":"LineString","coordinates":[[2.36564340806775,48.72421611142299],[2.365615311470501,48.72426025090391]]}},{"type":"Feature","id":"LFPO-e2f58ea4d02ad4277efa","properties":{"airport":"LFPO","name":"COLOR_Taxiway","layer":"Guidance lines","category":"Taxiways","object_type":"Line","style_id":"line.taxiway.c0b631","source_group":"COLOR_Taxiway","vsmr_group_ids":[],"geometry_role":"linework"},"geometry":{"type":"LineString","coordinates":[[2.365589890657427,48.72429997643647],[2.365563131923738,48.7243423503183]]}},{"type":"Feature","id":"LFPO-7ced130572c33064f8bd","properties":{"airport":"LFPO","name":"COLOR_Taxiway","layer":"Guidance lines","category":"Taxiways","object_type":"Line","style_id":"line.taxiway.c0b631","source_group":"COLOR_Taxiway","vsmr_group_ids":[],"geometry_role":"linework"},"geometry":{"type":"LineString","coordinates":[[2.365537085019025,48.72438297132036],[2.365518496172203,48.72441255196394]]}},{"type":"Feature","id":"LFPO-cbd58ddb1aa906a774cb","properties":{"airport":"LFPO","name":"COLOR_Taxiway","layer":"Guidance lines","category":"Taxiways","object_type":"Line","style_id":"line.taxiway.c0b631","source_group":"COLOR_Taxiway","vsmr_group_ids":[],"geometry_role":"linework"},"geometry":{"type":"LineString","coordinates":[[2.365042987725985,48.72419606384695],[2.36502653151675,48.72423758247992]]}},{"type":"Feature","id":"LFPO-7a3b566142b549ad60a7","properties":{"airport":"LFPO","name":"COLOR_Taxiway","layer":"Guidance lines","category":"Taxiways","object_type":"Line","style_id":"line.taxiway.c0b631","source_group":"COLOR_Taxiway","vsmr_group_ids":[],"geometry_role":"linework"},"geometry":{"type":"LineString","coordinates":[[2.365008138966547,48.72428101740494],[2.364994586715246,48.72431487106856]]}},{"type":"Feature","id":"LFPO-1d064d7951933132baee","properties":{"airport":"LFPO","name":"COLOR_Taxiway","layer":"Guidance lines","category":"Taxiways","object_type":"Line","style_id":"line.taxiway.c0b631","source_group":"COLOR_Taxiway","vsmr_group_ids":[],"geometry_role":"linework"},"geometry":{"type":"LineString","coordinates":[[2.36035816095129,48.72327504279101],[2.360358149614419,48.72332015460877]]}},{"type":"Feature","id":"LFPO-ec2922884e030c3ee669","properties":{"airport":"LFPO","name":"COLOR_Taxiway","layer":"Guidance lines","category":"Taxiways","object_type":"Line","style_id":"line.taxiway.c0b631","source_group":"COLOR_Taxiway","vsmr_group_ids":[],"geometry_role":"linework"},"geometry":{"type":"LineString","coordinates":[[2.360359259117548,48.72336600607667],[2.360359247958914,48.72341037834533]]}},{"type":"Feature","id":"LFPO-8c7a837f055fe19b3038","properties":{"airport":"LFPO","name":"COLOR_Taxiway","layer":"Guidance lines","category":"Taxiways","object_type":"Line","style_id":"line.taxiway.c0b631","source_group":"COLOR_Taxiway","vsmr_group_ids":[],"geometry_role":"linework"},"geometry":{"type":"LineString","coordinates":[[2.360359776365433,48.72345465489452],[2.360359968658614,48.72348415737078]]}},{"type":"Feature","id":"LFPO-cee03c057cb701586714","properties":{"airport":"LFPO","name":"COLOR_Taxiway","layer":"Guidance lines","category":"Taxiways","object_type":"Line","style_id":"line.taxiway.c0b631","source_group":"COLOR_Taxiway","vsmr_group_ids":[],"geometry_role":"linework"},"geometry":{"type":"LineString","coordinates":[[2.359408684277566,48.7230984746101],[2.359409452644396,48.72314588439955]]}},{"type":"Feature","id":"LFPO-0735268e80d350018b68","properties":{"airport":"LFPO","name":"COLOR_Taxiway","layer":"Guidance lines","category":"Taxiways","object_type":"Line","style_id":"line.taxiway.c0b631","source_group":"COLOR_Taxiway","vsmr_group_ids":[],"geometry_role":"linework"},"geometry":{"type":"LineString","coordinates":[[2.35940865967069,48.72318968673252],[2.359408647695469,48.72323400447189]]}},{"type":"Feature","id":"LFPO-6105e4f2edb63f325f7a","properties":{"airport":"LFPO","name":"COLOR_Taxiway","layer":"Guidance lines","category":"Taxiways","object_type":"Line","style_id":"line.taxiway.c0b631","source_group":"COLOR_Taxiway","vsmr_group_ids":[],"geometry_role":"linework"},"geometry":{"type":"LineString","coordinates":[[2.359408775108369,48.72327858202826],[2.359409476570118,48.72330854012824]]}},{"type":"Feature","id":"LFPO-084e2ebf041465f6b4e5","properties":{"airport":"LFPO","name":"COLOR_Taxiway","layer":"Guidance lines","category":"Taxiways","object_type":"Line","style_id":"line.taxiway.c0b631","source_group":"COLOR_Taxiway","vsmr_group_ids":[],"geometry_role":"linework"},"geometry":{"type":"LineString","coordinates":[[2.358400552441116,48.72291463618126],[2.358401354329072,48.72296034511851]]}},{"type":"Feature","id":"LFPO-0daa9b2de6466dd3eb3f","properties":{"airport":"LFPO","name":"COLOR_Taxiway","layer":"Guidance lines","category":"Taxiways","object_type":"Line","style_id":"line.taxiway.c0b631","source_group":"COLOR_Taxiway","vsmr_group_ids":[],"geometry_role":"linework"},"geometry":{"type":"LineString","coordinates":[[2.358399711088168,48.72300497822106],[2.358400513430821,48.72304907387908]]}},{"type":"Feature","id":"LFPO-0978385f6ae37de19b04","properties":{"airport":"LFPO","name":"COLOR_Taxiway","layer":"Guidance lines","category":"Taxiways","object_type":"Line","style_id":"line.taxiway.c0b631","source_group":"COLOR_Taxiway","vsmr_group_ids":[],"geometry_role":"linework"},"geometry":{"type":"LineString","coordinates":[[2.358400836368337,48.72309482901723],[2.358401491125866,48.72312370222149]]}},{"type":"Feature","id":"LFPO-9b54023e70839130a402","properties":{"airport":"LFPO","name":"COLOR_Taxiway","layer":"Guidance lines","category":"Taxiways","object_type":"Line","style_id":"line.taxiway.c0b631","source_group":"COLOR_Taxiway","vsmr_group_ids":[],"geometry_role":"linework"},"geometry":{"type":"LineString","coordinates":[[2.374862578758425,48.72573998825027],[2.374818330106683,48.72577537713048],[2.374783466511032,48.72579749568784],[2.374739334852445,48.72582582979052],[2.374669421903495,48.72585940348683],[2.374319837908143,48.72599371198029],[2.374307171119165,48.72597909563755],[2.374332504897021,48.72600902441115]]}},{"type":"Feature","id":"LFPO-f37861e8d449a37d7266","properties":{"airport":"LFPO","name":"COLOR_Taxiway","layer":"Guidance lines","category":"Taxiways","object_type":"Line","style_id":"line.taxiway.c0b631","source_group":"COLOR_Taxiway","vsmr_group_ids":[],"geometry_role":"linework"},"geometry":{"type":"LineString","coordinates":[[2.374828452205802,48.72593049598219],[2.374811336974629,48.72597395427211]]}},{"type":"Feature","id":"LFPO-262142fbccb8481b28d4","properties":{"airport":"LFPO","name":"COLOR_Taxiway","layer":"Guidance lines","category":"Taxiways","object_type":"Line","style_id":"line.taxiway.c0b631","source_group":"COLOR_Taxiway","vsmr_group_ids":[],"geometry_role":"linework"},"geometry":{"type":"LineString","coordinates":[[2.374792904175003,48.72601741272497],[2.374774470844121,48.72605913293828]]}},{"type":"Feature","id":"LFPO-e2169378d7df0fb622b1","properties":{"airport":"LFPO","name":"COLOR_Taxiway","layer":"Guidance lines","category":"Taxiways","object_type":"Line","style_id":"line.taxiway.c0b631","source_group":"COLOR_Taxiway","vsmr_group_ids":[],"geometry_role":"linework"},"geometry":{"type":"LineString","coordinates":[[2.374756038470294,48.72610432964415],[2.374737605048625,48.72614604988635]]}},{"type":"Feature","id":"LFPO-52cb598b232df1a82435","properties":{"airport":"LFPO","name":"COLOR_Taxiway","layer":"Guidance lines","category":"Taxiways","object_type":"Line","style_id":"line.taxiway.c0b631","source_group":"COLOR_Taxiway","vsmr_group_ids":[],"geometry_role":"linework"},"geometry":{"type":"LineString","coordinates":[[2.373348717058288,48.72591459064811],[2.37292689921921,48.72526280206591]]}},{"type":"Feature","id":"LFPO-525cad6145f49f538654","properties":{"airport":"LFPO","name":"COLOR_Taxiway","layer":"Guidance lines","category":"Taxiways","object_type":"Line","style_id":"line.taxiway.c0b631","source_group":"COLOR_Taxiway","vsmr_group_ids":[],"geometry_role":"linework"},"geometry":{"type":"LineString","coordinates":[[2.372219767127468,48.7257036062961],[2.372406428060219,48.72526014281031]]}},{"type":"Feature","id":"LFPO-e6c314ab6e47a1980527","properties":{"airport":"LFPO","name":"COLOR_Taxiway","layer":"Guidance lines","category":"Taxiways","object_type":"Line","style_id":"line.taxiway.c0b631","source_group":"COLOR_Taxiway","vsmr_group_ids":[],"geometry_role":"linework"},"geometry":{"type":"LineString","coordinates":[[2.371591559209523,48.7255874593899],[2.371329824627835,48.7252976682053],[2.371309302517823,48.72530894921011],[2.371295620867431,48.72532345354449],[2.371289756987809,48.72533924728495],[2.371291222280016,48.7253550411333],[2.371298550973668,48.72537019042115],[2.371311743138129,48.72538211656399],[2.371331287334031,48.72539243118047],[2.371354740615468,48.72539758868097],[2.371380637085077,48.72539887833388],[2.371402624813774,48.7253950107644],[2.371425101309799,48.72538598602847],[2.371439855740176,48.72537475241005],[2.371449101361225,48.72536191298029],[2.371453967672179,48.72534875250556],[2.371452021805571,48.72533270304028],[2.371443263615258,48.72531857941509],[2.371430706262441,48.72530695921463],[2.371417252176775,48.72529925143481],[2.371400965529804,48.72529387924613],[2.371382908498194,48.72529084266518],[2.371364143243824,48.72529084239742],[2.371349272610859,48.72529247712898],[2.371329799058428,48.72529784880693],[2.371168896117497,48.72511920289508]]}},{"type":"Feature","id":"LFPO-848ae5ef4721b4409722","properties":{"airport":"LFPO","name":"COLOR_Taxiway","layer":"Guidance lines","category":"Taxiways","object_type":"Line","style_id":"line.taxiway.c0b631","source_group":"COLOR_Taxiway","vsmr_group_ids":[],"geometry_role":"linework"},"geometry":{"type":"LineString","coordinates":[[2.374893379822425,48.72577561411686],[2.374847316793494,48.7258875199488]]}},{"type":"Feature","id":"LFPO-f538047d7471d6e6d017","properties":{"airport":"LFPO","name":"COLOR_Taxiway","layer":"Guidance lines","category":"Taxiways","object_type":"Line","style_id":"line.taxiway.c0b631","source_group":"COLOR_Taxiway","vsmr_group_ids":[],"geometry_role":"linework"},"geometry":{"type":"LineString","coordinates":[[2.374345261680171,48.72567453582233],[2.374297147721893,48.72578570050532]]}},{"type":"Feature","id":"LFPO-a3efa31d4fe42250937f","properties":{"airport":"LFPO","name":"COLOR_Taxiway","layer":"Guidance lines","category":"Taxiways","object_type":"Line","style_id":"line.taxiway.c0b631","source_group":"COLOR_Taxiway","vsmr_group_ids":[],"geometry_role":"linework"},"geometry":{"type":"LineString","coordinates":[[2.374279293415,48.72582865055545],[2.37425933056145,48.72587276693078]]}},{"type":"Feature","id":"LFPO-fc87530f99af76e3e8ff","properties":{"airport":"LFPO","name":"COLOR_Taxiway","layer":"Guidance lines","category":"Taxiways","object_type":"Line","style_id":"line.taxiway.c0b631","source_group":"COLOR_Taxiway","vsmr_group_ids":[],"geometry_role":"linework"},"geometry":{"type":"LineString","coordinates":[[2.374241972805118,48.72591573715751],[2.37422461519295,48.72595928030066]]}},{"type":"Feature","id":"LFPO-023e3b38f58abebcebbf","properties":{"airport":"LFPO","name":"COLOR_Taxiway","layer":"Guidance lines","category":"Taxiways","object_type":"Line","style_id":"line.taxiway.c0b631","source_group":"COLOR_Taxiway","vsmr_group_ids":[],"geometry_role":"linework"},"geometry":{"type":"LineString","coordinates":[[2.374205520249684,48.7260016778276],[2.374187294236985,48.72604579396997]]}},{"type":"Feature","id":"LFPO-f8aa30f2eaba79872b9d","properties":{"airport":"LFPO","name":"COLOR_TaxiwayBlue","layer":"Guidance lines","category":"Taxiway Blue","object_type":"Line","style_id":"line.taxiwayblue.004080","source_group":"COLOR_TaxiwayBlue","vsmr_group_ids":[],"geometry_role":"linework"},"geometry":{"type":"LineString","coordinates":[[2.381433843475915,48.73973164819971],[2.381423246192704,48.74003823057406]]}},{"type":"Feature","id":"LFPO-abeec7e4d92f2b39f9bf","properties":{"airport":"LFPO","name":"COLOR_TaxiwayBlue","layer":"Guidance lines","category":"Taxiway Blue","object_type":"Line","style_id":"line.taxiwayblue.004080","source_group":"COLOR_TaxiwayBlue","vsmr_group_ids":[],"geometry_role":"linework"},"geometry":{"type":"LineString","coordinates":[[2.381781993417111,48.7396688074681],[2.381772354021889,48.74019288646154]]}},{"type":"Feature","id":"LFPO-fb90d38f267c66f81f28","properties":{"airport":"LFPO","name":"COLOR_TaxiwayBlue","layer":"Guidance lines","category":"Taxiway Blue","object_type":"Line","style_id":"line.taxiwayblue.004080","source_group":"COLOR_TaxiwayBlue","vsmr_group_ids":[],"geometry_role":"linework"},"geometry":{"type":"LineString","coordinates":[[2.382015438717802,48.73965565302185],[2.382010035039857,48.74003187059274]]}},{"type":"Feature","id":"LFPO-841c6e3f460dda7cfe0a","properties":{"airport":"LFPO","name":"COLOR_Taxiway","layer":"Guidance lines","category":"Taxiways","object_type":"Line","style_id":"line.taxiway.c0b631","source_group":"COLOR_Taxiway","vsmr_group_ids":[],"geometry_role":"linework"},"geometry":{"type":"LineString","coordinates":[[2.381364128180259,48.74042771655697],[2.381485215166756,48.74043999435882]]}},{"type":"Feature","id":"LFPO-9b53cb3af9a91c92a1de","properties":{"airport":"LFPO","name":"COLOR_Taxiway","layer":"Guidance lines","category":"Taxiways","object_type":"Line","style_id":"line.taxiway.c0b631","source_group":"COLOR_Taxiway","vsmr_group_ids":[],"geometry_role":"linework"},"geometry":{"type":"LineString","coordinates":[[2.381555072928692,48.74044843606466],[2.381622602281821,48.74045534226644]]}},{"type":"Feature","id":"LFPO-23b753436a578caa3f48","properties":{"airport":"LFPO","name":"COLOR_Taxiway","layer":"Guidance lines","category":"Taxiways","object_type":"Line","style_id":"line.taxiway.c0b631","source_group":"COLOR_Taxiway","vsmr_group_ids":[],"geometry_role":"linework"},"geometry":{"type":"LineString","coordinates":[[2.381822861748331,48.74047759637752],[2.381891555441724,48.74048527015209]]}},{"type":"Feature","id":"LFPO-d1ca24818c81398a69c5","properties":{"airport":"LFPO","name":"COLOR_Taxiway","layer":"Guidance lines","category":"Taxiways","object_type":"Line","style_id":"line.taxiway.c0b631","source_group":"COLOR_Taxiway","vsmr_group_ids":[],"geometry_role":"linework"},"geometry":{"type":"LineString","coordinates":[[2.381957920418318,48.7404921762235],[2.38202195690681,48.74049908240848]]}},{"type":"Feature","id":"LFPO-956b930bc4769fb040bd","properties":{"airport":"LFPO","name":"COLOR_Taxiway","layer":"Guidance lines","category":"Taxiways","object_type":"Line","style_id":"line.taxiway.c0b631","source_group":"COLOR_Taxiway","vsmr_group_ids":[],"geometry_role":"linework"},"geometry":{"type":"LineString","coordinates":[[2.382089486235059,48.74050598833031],[2.382159344248453,48.74051366186896]]}},{"type":"Feature","id":"LFPO-2bdccca34eefa22ca49a","properties":{"airport":"LFPO","name":"COLOR_Taxiway","layer":"Guidance lines","category":"Taxiways","object_type":"Line","style_id":"line.taxiway.c0b631","source_group":"COLOR_Taxiway","vsmr_group_ids":[],"geometry_role":"linework"},"geometry":{"type":"LineString","coordinates":[[2.382225104156153,48.74052019869711],[2.382291775804235,48.74052700611016]]}},{"type":"Feature","id":"LFPO-102b0856c19cc6f906e0","properties":{"airport":"LFPO","name":"COLOR_Taxiway","layer":"Guidance lines","category":"Taxiways","object_type":"Line","style_id":"line.taxiway.c0b631","source_group":"COLOR_Taxiway","vsmr_group_ids":[],"geometry_role":"linework"},"geometry":{"type":"LineString","coordinates":[[2.381404676142487,48.74027284251611],[2.382322519811835,48.74037249865303]]}},{"type":"Feature","id":"LFPO-7214c9b3bca409f5de61","properties":{"airport":"LFPO","name":"COLOR_Taxiway","layer":"Guidance lines","category":"Taxiways","object_type":"Line","style_id":"line.taxiway.c0b631","source_group":"COLOR_Taxiway","vsmr_group_ids":[],"geometry_role":"linework"},"geometry":{"type":"LineString","coordinates":[[2.381455581790664,48.74005369965859],[2.381581645065782,48.74006754784786]]}},{"type":"Feature","id":"LFPO-fd0b45e603a096ef010b","properties":{"airport":"LFPO","name":"COLOR_Taxiway","layer":"Guidance lines","category":"Taxiways","object_type":"Line","style_id":"line.taxiway.c0b631","source_group":"COLOR_Taxiway","vsmr_group_ids":[],"geometry_role":"linework"},"geometry":{"type":"LineString","coordinates":[[2.381647404460172,48.74007410486627],[2.381715684321997,48.74008186416268]]}},{"type":"Feature","id":"LFPO-6e9eaeaebf79f90b23b9","properties":{"airport":"LFPO","name":"COLOR_Taxiway","layer":"Guidance lines","category":"Taxiways","object_type":"Line","style_id":"line.taxiway.c0b631","source_group":"COLOR_Taxiway","vsmr_group_ids":[],"geometry_role":"linework"},"geometry":{"type":"LineString","coordinates":[[2.381781609590201,48.74008884721411],[2.381848712234962,48.740097382839]]}},{"type":"Feature","id":"LFPO-b462f5dbcd17bf7efbe1","properties":{"airport":"LFPO","name":"COLOR_Taxiway","layer":"Guidance lines","category":"Taxiways","object_type":"Line","style_id":"line.taxiway.c0b631","source_group":"COLOR_Taxiway","vsmr_group_ids":[],"geometry_role":"linework"},"geometry":{"type":"LineString","coordinates":[[2.381923026418489,48.74010436522295],[2.381980711177818,48.7401113486886]]}},{"type":"Feature","id":"LFPO-fcc28c92f2629c2f9032","properties":{"airport":"LFPO","name":"COLOR_Taxiway","layer":"Guidance lines","category":"Taxiways","object_type":"Line","style_id":"line.taxiway.c0b631","source_group":"COLOR_Taxiway","vsmr_group_ids":[],"geometry_role":"linework"},"geometry":{"type":"LineString","coordinates":[[2.382048990871717,48.74011833143131],[2.382116093445075,48.74012609055558]]}},{"type":"Feature","id":"LFPO-e8f971cd594376b69c94","properties":{"airport":"LFPO","name":"COLOR_Taxiway","layer":"Guidance lines","category":"Taxiways","object_type":"Line","style_id":"line.taxiway.c0b631","source_group":"COLOR_Taxiway","vsmr_group_ids":[],"geometry_role":"linework"},"geometry":{"type":"LineString","coordinates":[[2.382183195905143,48.74013307328963],[2.382251475703578,48.74014083224652]]}},{"type":"Feature","id":"LFPO-97f9507bc082a23feac7","properties":{"airport":"LFPO","name":"COLOR_Taxiway","layer":"Guidance lines","category":"Taxiways","object_type":"Line","style_id":"line.taxiway.c0b631","source_group":"COLOR_Taxiway","vsmr_group_ids":[],"geometry_role":"linework"},"geometry":{"type":"LineString","coordinates":[[2.38231722247001,48.74014867021868],[2.38238411703152,48.74015559803054]]}},{"type":"Feature","id":"LFPO-79846bfb54f3cc637c32","properties":{"airport":"LFPO","name":"COLOR_Taxiway","layer":"Guidance lines","category":"Taxiways","object_type":"Line","style_id":"line.taxiway.c0b631","source_group":"COLOR_Taxiway","vsmr_group_ids":[],"geometry_role":"linework"},"geometry":{"type":"LineString","coordinates":[[2.381569160456576,48.73959639412261],[2.382494852788983,48.73969872398094]]}},{"type":"Feature","id":"LFPO-06050faf1ed894b7e349","properties":{"airport":"LFPO","name":"COLOR_Taxiway","layer":"Guidance lines","category":"Taxiways","object_type":"Line","style_id":"line.taxiway.c0b631","source_group":"COLOR_Taxiway","vsmr_group_ids":[],"geometry_role":"linework"},"geometry":{"type":"LineString","coordinates":[[2.370444812803829,48.74322988323123],[2.370447823276001,48.74311412166766]]}},{"type":"Feature","id":"LFPO-393f58eb286022c24602","properties":{"airport":"LFPO","name":"COLOR_Taxiway","layer":"Guidance lines","category":"Taxiways","object_type":"Line","style_id":"line.taxiway.c0b631","source_group":"COLOR_Taxiway","vsmr_group_ids":[],"geometry_role":"linework"},"geometry":{"type":"LineString","coordinates":[[2.370449411685724,48.74306926968811],[2.370449415385105,48.74302444915521]]}},{"type":"Feature","id":"LFPO-b9140671bf3db405235a","properties":{"airport":"LFPO","name":"COLOR_Taxiway","layer":"Guidance lines","category":"Taxiways","object_type":"Line","style_id":"line.taxiway.c0b631","source_group":"COLOR_Taxiway","vsmr_group_ids":[],"geometry_role":"linework"},"geometry":{"type":"LineString","coordinates":[[2.370452292275271,48.74297887580469],[2.370452295974732,48.74293388688507]]}},{"type":"Feature","id":"LFPO-2b97676d0abee78f219c","properties":{"airport":"LFPO","name":"COLOR_Taxiway","layer":"Guidance lines","category":"Taxiways","object_type":"Line","style_id":"line.taxiway.c0b631","source_group":"COLOR_Taxiway","vsmr_group_ids":[],"geometry_role":"linework"},"geometry":{"type":"LineString","coordinates":[[2.3704522999148,48.74288639849332],[2.370453566668602,48.7428455752653]]}},{"type":"Feature","id":"LFPO-e940aa5be2b3484760c7","properties":{"airport":"LFPO","name":"COLOR_Taxiway","layer":"Guidance lines","category":"Taxiways","object_type":"Line","style_id":"line.taxiway.c0b631","source_group":"COLOR_Taxiway","vsmr_group_ids":[],"geometry_role":"linework"},"geometry":{"type":"LineString","coordinates":[[2.370456101040674,48.74275309813174],[2.37045483457788,48.74279058885888]]}},{"type":"Feature","id":"LFPO-63441b4b495030bf47cd","properties":{"airport":"LFPO","name":"COLOR_Taxiway","layer":"Guidance lines","category":"Taxiways","object_type":"Line","style_id":"line.taxiway.c0b631","source_group":"COLOR_Taxiway","vsmr_group_ids":[],"geometry_role":"linework"},"geometry":{"type":"LineString","coordinates":[[2.370842408611886,48.74336247854392],[2.370853186244533,48.74275194218414]]}},{"type":"Feature","id":"LFPO-1cd3aa1b9f501295b578","properties":{"airport":"LFPO","name":"COLOR_Taxiway","layer":"Guidance lines","category":"Taxiways","object_type":"Line","style_id":"line.taxiway.c0b631","source_group":"COLOR_Taxiway","vsmr_group_ids":[],"geometry_role":"linework"},"geometry":{"type":"LineString","coordinates":[[2.37108583241592,48.74323698783947],[2.371089307686991,48.74312152539401]]}},{"type":"Feature","id":"LFPO-1efc5ec07f1659d6ff7a","properties":{"airport":"LFPO","name":"COLOR_Taxiway","layer":"Guidance lines","category":"Taxiways","object_type":"Line","style_id":"line.taxiway.c0b631","source_group":"COLOR_Taxiway","vsmr_group_ids":[],"geometry_role":"linework"},"geometry":{"type":"LineString","coordinates":[[2.371089480667461,48.74307428203983],[2.371090689885127,48.74302974220002]]}},{"type":"Feature","id":"LFPO-d999ada9d3c014ba600b","properties":{"airport":"LFPO","name":"COLOR_Taxiway","layer":"Guidance lines","category":"Taxiways","object_type":"Line","style_id":"line.taxiway.c0b631","source_group":"COLOR_Taxiway","vsmr_group_ids":[],"geometry_role":"linework"},"geometry":{"type":"LineString","coordinates":[[2.371089670641677,48.74298473426369],[2.371090752272882,48.74294276507682]]}},{"type":"Feature","id":"LFPO-0918988e6f42b3dac183","properties":{"airport":"LFPO","name":"COLOR_Taxiway","layer":"Guidance lines","category":"Taxiways","object_type":"Line","style_id":"line.taxiway.c0b631","source_group":"COLOR_Taxiway","vsmr_group_ids":[],"geometry_role":"linework"},"geometry":{"type":"LineString","coordinates":[[2.371093991765176,48.74289439386672],[2.371093994681004,48.74285242463452]]}},{"type":"Feature","id":"LFPO-b4dfa23d4cac463b076f","properties":{"airport":"LFPO","name":"COLOR_Taxiway","layer":"Guidance lines","category":"Taxiways","object_type":"Line","style_id":"line.taxiway.c0b631","source_group":"COLOR_Taxiway","vsmr_group_ids":[],"geometry_role":"linework"},"geometry":{"type":"LineString","coordinates":[[2.371096156070491,48.74279551724438],[2.371096158494252,48.74276066144475]]}},{"type":"Feature","id":"LFPO-bce6346ddfae72a15c7d","properties":{"airport":"LFPO","name":"COLOR_Taxiway","layer":"Guidance lines","category":"Taxiways","object_type":"Line","style_id":"line.taxiway.c0b631","source_group":"COLOR_Taxiway","vsmr_group_ids":[],"geometry_role":"linework"},"geometry":{"type":"LineString","coordinates":[[2.371917306098446,48.74309408293554],[2.371918695979056,48.74302370114158]]}},{"type":"Feature","id":"LFPO-ebe9b0f531d3031d47b8","properties":{"airport":"LFPO","name":"COLOR_Taxiway","layer":"Guidance lines","category":"Taxiways","object_type":"Line","style_id":"line.taxiway.c0b631","source_group":"COLOR_Taxiway","vsmr_group_ids":[],"geometry_role":"linework"},"geometry":{"type":"LineString","coordinates":[[2.371919823293998,48.74297745933662],[2.371919548042356,48.74293446080836]]}},{"type":"Feature","id":"LFPO-72618abf79a4ad122dc1","properties":{"airport":"LFPO","name":"COLOR_Taxiway","layer":"Guidance lines","category":"Taxiways","object_type":"Line","style_id":"line.taxiway.c0b631","source_group":"COLOR_Taxiway","vsmr_group_ids":[],"geometry_role":"linework"},"geometry":{"type":"LineString","coordinates":[[2.371919181525879,48.74288855911788],[2.37191918391255,48.74284366871262]]}},{"type":"Feature","id":"LFPO-ea192d164582986378d9","properties":{"airport":"LFPO","name":"COLOR_Taxiway","layer":"Guidance lines","category":"Taxiways","object_type":"Line","style_id":"line.taxiway.c0b631","source_group":"COLOR_Taxiway","vsmr_group_ids":[],"geometry_role":"linework"},"geometry":{"type":"LineString","coordinates":[[2.371918018030799,48.74288856693391],[2.371918020519128,48.74284174869219]]}},{"type":"Feature","id":"LFPO-c3863daab81030244150","properties":{"airport":"LFPO","name":"COLOR_Taxiway","layer":"Guidance lines","category":"Taxiways","object_type":"Line","style_id":"line.taxiway.c0b631","source_group":"COLOR_Taxiway","vsmr_group_ids":[],"geometry_role":"linework"},"geometry":{"type":"LineString","coordinates":[[2.371919149744921,48.74279864620176],[2.371918025214852,48.74275331420579]]}},{"type":"Feature","id":"LFPO-0d10e9b3dcc58ec449f6","properties":{"airport":"LFPO","name":"COLOR_Taxiway","layer":"Guidance lines","category":"Taxiways","object_type":"Line","style_id":"line.taxiway.c0b631","source_group":"COLOR_Taxiway","vsmr_group_ids":[],"geometry_role":"linework"},"geometry":{"type":"LineString","coordinates":[[2.372197051874689,48.74332197718767],[2.37219477348863,48.74271024950453]]}},{"type":"Feature","id":"LFPO-4fd1f5fb81a6a0e9abe9","properties":{"airport":"LFPO","name":"COLOR_Taxiway","layer":"Guidance lines","category":"Taxiways","object_type":"Line","style_id":"line.taxiway.c0b631","source_group":"COLOR_Taxiway","vsmr_group_ids":[],"geometry_role":"linework"},"geometry":{"type":"LineString","coordinates":[[2.372427812681153,48.74330676463342],[2.372425815760963,48.74321030411262]]}},{"type":"Feature","id":"LFPO-6aaa37d49c5540283106","properties":{"airport":"LFPO","name":"COLOR_Taxiway","layer":"Guidance lines","category":"Taxiways","object_type":"Line","style_id":"line.taxiway.c0b631","source_group":"COLOR_Taxiway","vsmr_group_ids":[],"geometry_role":"linework"},"geometry":{"type":"LineString","coordinates":[[2.372426856188707,48.74311717954797],[2.372427856194486,48.74316409431385]]}},{"type":"Feature","id":"LFPO-6b72e0906820f5d81d56","properties":{"airport":"LFPO","name":"COLOR_Taxiway","layer":"Guidance lines","category":"Taxiways","object_type":"Line","style_id":"line.taxiway.c0b631","source_group":"COLOR_Taxiway","vsmr_group_ids":[],"geometry_role":"linework"},"geometry":{"type":"LineString","coordinates":[[2.372427425201284,48.74307236847776],[2.372427427124246,48.74302765684413]]}},{"type":"Feature","id":"LFPO-7739e9ab2a386a608d28","properties":{"airport":"LFPO","name":"COLOR_Taxiway","layer":"Guidance lines","category":"Taxiways","object_type":"Line","style_id":"line.taxiway.c0b631","source_group":"COLOR_Taxiway","vsmr_group_ids":[],"geometry_role":"linework"},"geometry":{"type":"LineString","coordinates":[[2.372426525012201,48.74298294520332],[2.372426526963081,48.74293763742111]]}},{"type":"Feature","id":"LFPO-9f7e84d3034b57ac810c","properties":{"airport":"LFPO","name":"COLOR_Taxiway","layer":"Guidance lines","category":"Taxiways","object_type":"Line","style_id":"line.taxiway.c0b631","source_group":"COLOR_Taxiway","vsmr_group_ids":[],"geometry_role":"linework"},"geometry":{"type":"LineString","coordinates":[[2.372427432871869,48.74289411811192],[2.372428338933275,48.74284702184471]]}},{"type":"Feature","id":"LFPO-72d5999e1fdde7558a0b","properties":{"airport":"LFPO","name":"COLOR_Taxiway","layer":"Guidance lines","category":"Taxiways","object_type":"Line","style_id":"line.taxiway.c0b631","source_group":"COLOR_Taxiway","vsmr_group_ids":[],"geometry_role":"linework"},"geometry":{"type":"LineString","coordinates":[[2.372425740611956,48.74280164725914],[2.37242491555919,48.74275802222152]]}},{"type":"Feature","id":"LFPO-d2a8573d640c1c283fa1","properties":{"airport":"LFPO","name":"COLOR_Taxiway","layer":"Guidance lines","category":"Taxiways","object_type":"Line","style_id":"line.taxiway.c0b631","source_group":"COLOR_Taxiway","vsmr_group_ids":[],"geometry_role":"linework"},"geometry":{"type":"LineString","coordinates":[[2.373168551800116,48.74307872576568],[2.373168695438497,48.74305153957788]]}},{"type":"Feature","id":"LFPO-dad0dd7d4d46d1d7145a","properties":{"airport":"LFPO","name":"COLOR_Taxiway","layer":"Guidance lines","category":"Taxiways","object_type":"Line","style_id":"line.taxiway.c0b631","source_group":"COLOR_Taxiway","vsmr_group_ids":[],"geometry_role":"linework"},"geometry":{"type":"LineString","coordinates":[[2.373170784007534,48.74300818103401],[2.37317182895832,48.74296275779854]]}},{"type":"Feature","id":"LFPO-9b6481043c9b79ea41e4","properties":{"airport":"LFPO","name":"COLOR_Taxiway","layer":"Guidance lines","category":"Taxiways","object_type":"Line","style_id":"line.taxiway.c0b631","source_group":"COLOR_Taxiway","vsmr_group_ids":[],"geometry_role":"linework"},"geometry":{"type":"LineString","coordinates":[[2.373171328632959,48.74291710796055],[2.373173187550639,48.74287117057544]]}},{"type":"Feature","id":"LFPO-158c8e5ed6cd0063c652","properties":{"airport":"LFPO","name":"COLOR_Taxiway","layer":"Guidance lines","category":"Taxiways","object_type":"Line","style_id":"line.taxiway.c0b631","source_group":"COLOR_Taxiway","vsmr_group_ids":[],"geometry_role":"linework"},"geometry":{"type":"LineString","coordinates":[[2.37317491779159,48.74282751352911],[2.373175847911551,48.74278096364206]]}},{"type":"Feature","id":"LFPO-6d7229525bb75c77d473","properties":{"airport":"LFPO","name":"COLOR_Taxiway","layer":"Guidance lines","category":"Taxiways","object_type":"Line","style_id":"line.taxiway.c0b631","source_group":"COLOR_Taxiway","vsmr_group_ids":[],"geometry_role":"linework"},"geometry":{"type":"LineString","coordinates":[[2.372999612361357,48.74321649122539],[2.373830336550875,48.74281806160751]]}},{"type":"Feature","id":"LFPO-76c94b35e5cb36188b47","properties":{"airport":"LFPO","name":"COLOR_Taxiway","layer":"Guidance lines","category":"Taxiways","object_type":"Line","style_id":"line.taxiway.c0b631","source_group":"COLOR_Taxiway","vsmr_group_ids":[],"geometry_role":"linework"},"geometry":{"type":"LineString","coordinates":[[2.373802467867214,48.74278712798862],[2.373800550041736,48.74282884853849]]}},{"type":"Feature","id":"LFPO-204ae9a5f825ebc5d659","properties":{"airport":"LFPO","name":"COLOR_Taxiway","layer":"Guidance lines","category":"Taxiways","object_type":"Line","style_id":"line.taxiway.c0b631","source_group":"COLOR_Taxiway","vsmr_group_ids":[],"geometry_role":"linework"},"geometry":{"type":"LineString","coordinates":[[2.37380054928598,48.74287689041233],[2.373798631398492,48.74292240375517]]}},{"type":"Feature","id":"LFPO-d848c091ba0ce068ce3e","properties":{"airport":"LFPO","name":"COLOR_Taxiway","layer":"Guidance lines","category":"Taxiways","object_type":"Line","style_id":"line.taxiway.c0b631","source_group":"COLOR_Taxiway","vsmr_group_ids":[],"geometry_role":"linework"},"geometry":{"type":"LineString","coordinates":[[2.373797672092237,48.74296791708369],[2.373795754220396,48.7430121661606]]}},{"type":"Feature","id":"LFPO-897d27c702435e6cea48","properties":{"airport":"LFPO","name":"COLOR_Taxiway","layer":"Guidance lines","category":"Taxiways","object_type":"Line","style_id":"line.taxiway.c0b631","source_group":"COLOR_Taxiway","vsmr_group_ids":[],"geometry_role":"linework"},"geometry":{"type":"LineString","coordinates":[[2.373795753521555,48.74305641524073],[2.373793835835825,48.74308802171334]]}},{"type":"Feature","id":"LFPO-abccea8d25471bcfb867","properties":{"airport":"LFPO","name":"COLOR_Taxiway","layer":"Guidance lines","category":"Taxiways","object_type":"Line","style_id":"line.taxiway.c0b631","source_group":"COLOR_Taxiway","vsmr_group_ids":[],"geometry_role":"linework"},"geometry":{"type":"LineString","coordinates":[[2.374997730846407,48.74044733917071],[2.374995368302646,48.74049252912333]]}},{"type":"Feature","id":"LFPO-2f0e6a1200e7ee04ae37","properties":{"airport":"LFPO","name":"COLOR_Taxiway","layer":"Guidance lines","category":"Taxiways","object_type":"Line","style_id":"line.taxiway.c0b631","source_group":"COLOR_Taxiway","vsmr_group_ids":[],"geometry_role":"linework"},"geometry":{"type":"LineString","coordinates":[[2.374995368653385,48.74053616078401],[2.374993006098174,48.7405813507293]]}},{"type":"Feature","id":"LFPO-a079a716f554f08519bc","properties":{"airport":"LFPO","name":"COLOR_Taxiway","layer":"Guidance lines","category":"Taxiways","object_type":"Line","style_id":"line.taxiway.c0b631","source_group":"COLOR_Taxiway","vsmr_group_ids":[],"geometry_role":"linework"},"geometry":{"type":"LineString","coordinates":[[2.374994187921153,48.74062654065822],[2.374993006814661,48.74067095146031]]}},{"type":"Feature","id":"LFPO-85531ee275634aa7dfeb","properties":{"airport":"LFPO","name":"COLOR_Taxiway","layer":"Guidance lines","category":"Taxiways","object_type":"Line","style_id":"line.taxiway.c0b631","source_group":"COLOR_Taxiway","vsmr_group_ids":[],"geometry_role":"linework"},"geometry":{"type":"LineString","coordinates":[[2.374992498861941,48.74071594822903],[2.374992586047699,48.74072840636091],[2.374979479069277,48.74072840640628],[2.375005693023944,48.74072891476324]]}},{"type":"Feature","id":"LFPO-890438599367889fa48d","properties":{"airport":"LFPO","name":"COLOR_Taxiway","layer":"Guidance lines","category":"Taxiways","object_type":"Line","style_id":"line.taxiway.c0b631","source_group":"COLOR_Taxiway","vsmr_group_ids":[],"geometry_role":"linework"},"geometry":{"type":"LineString","coordinates":[[2.375222121392171,48.74075911917169],[2.375226178791068,48.74050317122378],[2.375211557246133,48.74050292574553],[2.375241263356025,48.74050340339396]]}},{"type":"Feature","id":"LFPO-b63885b9e9e29b4c5faf","properties":{"airport":"LFPO","name":"COLOR_Taxiway","layer":"Guidance lines","category":"Taxiways","object_type":"Line","style_id":"line.taxiway.c0b631","source_group":"COLOR_Taxiway","vsmr_group_ids":[],"geometry_role":"linework"},"geometry":{"type":"LineString","coordinates":[[2.375597159496403,48.74045195771478],[2.375594898296916,48.74049596498654]]}},{"type":"Feature","id":"LFPO-63ee977c30e5cd3811fc","properties":{"airport":"LFPO","name":"COLOR_Taxiway","layer":"Guidance lines","category":"Taxiways","object_type":"Line","style_id":"line.taxiway.c0b631","source_group":"COLOR_Taxiway","vsmr_group_ids":[],"geometry_role":"linework"},"geometry":{"type":"LineString","coordinates":[[2.375594339688716,48.7405430079191],[2.375593301836652,48.74058684824889]]}},{"type":"Feature","id":"LFPO-9838a3cfd124599f58a8","properties":{"airport":"LFPO","name":"COLOR_Taxiway","layer":"Guidance lines","category":"Taxiways","object_type":"Line","style_id":"line.taxiway.c0b631","source_group":"COLOR_Taxiway","vsmr_group_ids":[],"geometry_role":"linework"},"geometry":{"type":"LineString","coordinates":[[2.375592942607505,48.74063225161412],[2.375591131172563,48.74067707037377]]}},{"type":"Feature","id":"LFPO-664dd3a5bf7bdfddb2e3","properties":{"airport":"LFPO","name":"COLOR_Taxiway","layer":"Guidance lines","category":"Taxiways","object_type":"Line","style_id":"line.taxiway.c0b631","source_group":"COLOR_Taxiway","vsmr_group_ids":[],"geometry_role":"linework"},"geometry":{"type":"LineString","coordinates":[[2.375589611817002,48.7407222295938],[2.375588820239998,48.74073685144677],[2.375577734127949,48.74073632933429],[2.375602281935376,48.74073685133097]]}},{"type":"Feature","id":"LFPO-87332737eabd26f8d3e2","properties":{"airport":"LFPO","name":"COLOR_Taxiway","layer":"Guidance lines","category":"Taxiways","object_type":"Line","style_id":"line.taxiway.c0b631","source_group":"COLOR_Taxiway","vsmr_group_ids":[],"geometry_role":"linework"},"geometry":{"type":"LineString","coordinates":[[2.376496690313696,48.74043302519897],[2.376486094796213,48.74084753321157]]}},{"type":"Feature","id":"LFPO-dd4a8795f7f4862bcb11","properties":{"airport":"LFPO","name":"COLOR_Taxiway","layer":"Guidance lines","category":"Taxiways","object_type":"Line","style_id":"line.taxiway.c0b631","source_group":"COLOR_Taxiway","vsmr_group_ids":[],"geometry_role":"linework"},"geometry":{"type":"LineString","coordinates":[[2.374338294406293,48.7415124723407],[2.374329534556527,48.74181973560147]]}},{"type":"Feature","id":"LFPO-dbeea78f9e9c47815748","properties":{"airport":"LFPO","name":"COLOR_Taxiway","layer":"Guidance lines","category":"Taxiways","object_type":"Line","style_id":"line.taxiway.c0b631","source_group":"COLOR_Taxiway","vsmr_group_ids":[],"geometry_role":"linework"},"geometry":{"type":"LineString","coordinates":[[2.374960123330925,48.7415309540557],[2.374954870254071,48.74179547769187]]}},{"type":"Feature","id":"LFPO-5fa8b590fefa40acbaf2","properties":{"airport":"LFPO","name":"COLOR_Taxiway","layer":"Guidance lines","category":"Taxiways","object_type":"Line","style_id":"line.taxiway.c0b631","source_group":"COLOR_Taxiway","vsmr_group_ids":[],"geometry_role":"linework"},"geometry":{"type":"LineString","coordinates":[[2.375531155058008,48.74153788163202],[2.375525904913689,48.7417977847848]]}},{"type":"Feature","id":"LFPO-868670fdade9faadbc67","properties":{"airport":"LFPO","name":"COLOR_Taxiway","layer":"Guidance lines","category":"Taxiways","object_type":"Line","style_id":"line.taxiway.c0b631","source_group":"COLOR_Taxiway","vsmr_group_ids":[],"geometry_role":"linework"},"geometry":{"type":"LineString","coordinates":[[2.376140115762371,48.74154239221168],[2.376132353620342,48.74180577003975]]}},{"type":"Feature","id":"LFPO-692124b972cf08936aa4","properties":{"airport":"LFPO","name":"COLOR_Taxiway","layer":"Guidance lines","category":"Taxiways","object_type":"Line","style_id":"line.taxiway.c0b631","source_group":"COLOR_Taxiway","vsmr_group_ids":[],"geometry_role":"linework"},"geometry":{"type":"LineString","coordinates":[[2.376809659684416,48.74187174696467],[2.376809657720926,48.74182649007678]]}},{"type":"Feature","id":"LFPO-cfca53a273584303a1a7","properties":{"airport":"LFPO","name":"COLOR_Taxiway","layer":"Guidance lines","category":"Taxiways","object_type":"Line","style_id":"line.taxiway.c0b631","source_group":"COLOR_Taxiway","vsmr_group_ids":[],"geometry_role":"linework"},"geometry":{"type":"LineString","coordinates":[[2.37681190581128,48.74178049123893],[2.37681190369853,48.74173226671108]]}},{"type":"Feature","id":"LFPO-c02fcebf5cd1177fc95a","properties":{"airport":"LFPO","name":"COLOR_Taxiway","layer":"Guidance lines","category":"Taxiways","object_type":"Line","style_id":"line.taxiway.c0b631","source_group":"COLOR_Taxiway","vsmr_group_ids":[],"geometry_role":"linework"},"geometry":{"type":"LineString","coordinates":[[2.376813027308475,48.74169962239522],[2.37681302580246,48.7416654942643]]}},{"type":"Feature","id":"LFPO-1ab7f5aa9d00d4e28677","properties":{"airport":"LFPO","name":"COLOR_Taxiway","layer":"Guidance lines","category":"Taxiways","object_type":"Line","style_id":"line.taxiway.c0b631","source_group":"COLOR_Taxiway","vsmr_group_ids":[],"geometry_role":"linework"},"geometry":{"type":"LineString","coordinates":[[2.376813024521964,48.74163655954305],[2.376813022545445,48.74159204457738]]}},{"type":"Feature","id":"LFPO-785dc1c0ccdc9fad2b01","properties":{"airport":"LFPO","name":"COLOR_Taxiway","layer":"Guidance lines","category":"Taxiways","object_type":"Line","style_id":"line.taxiway.c0b631","source_group":"COLOR_Taxiway","vsmr_group_ids":[],"geometry_role":"linework"},"geometry":{"type":"LineString","coordinates":[[2.377116607527299,48.74190550372023],[2.377125922223553,48.74144011436221]]}},{"type":"Feature","id":"LFPO-af5871d098e16459d373","properties":{"airport":"LFPO","name":"COLOR_Taxiway","layer":"Guidance lines","category":"Taxiways","object_type":"Line","style_id":"line.taxiway.c0b631","source_group":"COLOR_Taxiway","vsmr_group_ids":[],"geometry_role":"linework"},"geometry":{"type":"LineString","coordinates":[[2.37740722971937,48.74187543976357],[2.377408373985932,48.74183118031003]]}},{"type":"Feature","id":"LFPO-dc06ec0b74d143a6b9eb","properties":{"airport":"LFPO","name":"COLOR_Taxiway","layer":"Guidance lines","category":"Taxiways","object_type":"Line","style_id":"line.taxiway.c0b631","source_group":"COLOR_Taxiway","vsmr_group_ids":[],"geometry_role":"linework"},"geometry":{"type":"LineString","coordinates":[[2.377407969691034,48.7417423007156],[2.377407972162837,48.74178660449901]]}},{"type":"Feature","id":"LFPO-1670ffca4e55b8f939df","properties":{"airport":"LFPO","name":"COLOR_Taxiway","layer":"Guidance lines","category":"Taxiways","object_type":"Line","style_id":"line.taxiway.c0b631","source_group":"COLOR_Taxiway","vsmr_group_ids":[],"geometry_role":"linework"},"geometry":{"type":"LineString","coordinates":[[2.377409562171822,48.74167705881604],[2.377408798061247,48.74170989066456]]}},{"type":"Feature","id":"LFPO-4e124e91bde30c6ec41c","properties":{"airport":"LFPO","name":"COLOR_Taxiway","layer":"Guidance lines","category":"Taxiways","object_type":"Line","style_id":"line.taxiway.c0b631","source_group":"COLOR_Taxiway","vsmr_group_ids":[],"geometry_role":"linework"},"geometry":{"type":"LineString","coordinates":[[2.377410726421358,48.74164550389502],[2.377410723938944,48.74160103726215]]}},{"type":"Feature","id":"LFPO-36505aa484ca2e875f94","properties":{"airport":"LFPO","name":"COLOR_Taxiway","layer":"Guidance lines","category":"Taxiways","object_type":"Line","style_id":"line.taxiway.c0b631","source_group":"COLOR_Taxiway","vsmr_group_ids":[],"geometry_role":"linework"},"geometry":{"type":"LineString","coordinates":[[2.378382405919162,48.74191262023478],[2.378367081663737,48.74186715552612]]}},{"type":"Feature","id":"LFPO-0511211d25bd510ec2ff","properties":{"airport":"LFPO","name":"COLOR_Taxiway","layer":"Guidance lines","category":"Taxiways","object_type":"Line","style_id":"line.taxiway.c0b631","source_group":"COLOR_Taxiway","vsmr_group_ids":[],"geometry_role":"linework"},"geometry":{"type":"LineString","coordinates":[[2.378351757503536,48.74182270117186],[2.378337965525437,48.74177925710464]]}},{"type":"Feature","id":"LFPO-2fb3f4e9dc0cc6b61b30","properties":{"airport":"LFPO","name":"COLOR_Taxiway","layer":"Guidance lines","category":"Taxiways","object_type":"Line","style_id":"line.taxiway.c0b631","source_group":"COLOR_Taxiway","vsmr_group_ids":[],"geometry_role":"linework"},"geometry":{"type":"LineString","coordinates":[[2.378322641483182,48.7417358130859],[2.378308849530302,48.74169236901038]]}},{"type":"Feature","id":"LFPO-b18ccea5643601a85a16","properties":{"airport":"LFPO","name":"COLOR_Taxiway","layer":"Guidance lines","category":"Taxiways","object_type":"Line","style_id":"line.taxiway.c0b631","source_group":"COLOR_Taxiway","vsmr_group_ids":[],"geometry_role":"linework"},"geometry":{"type":"LineString","coordinates":[[2.378294265055194,48.74164834621232],[2.378278441752326,48.74160340626418]]}},{"type":"Feature","id":"LFPO-b39b0275f245d2fb98eb","properties":{"airport":"LFPO","name":"COLOR_Taxiway","layer":"Guidance lines","category":"Taxiways","object_type":"Line","style_id":"line.taxiway.c0b631","source_group":"COLOR_Taxiway","vsmr_group_ids":[],"geometry_role":"linework"},"geometry":{"type":"LineString","coordinates":[[2.37826505251171,48.74156087376542],[2.378241925924924,48.74149105631326]]}},{"type":"Feature","id":"LFPO-79a6fcc8f992d045b2df","properties":{"airport":"LFPO","name":"COLOR_Taxiway","layer":"Guidance lines","category":"Taxiways","object_type":"Line","style_id":"line.taxiway.c0b631","source_group":"COLOR_Taxiway","vsmr_group_ids":[],"geometry_role":"linework"},"geometry":{"type":"LineString","coordinates":[[2.378424451977597,48.7413313513517],[2.378615020275219,48.74190225735033]]}},{"type":"Feature","id":"LFPO-5a5b8667115aa8804146","properties":{"airport":"LFPO","name":"COLOR_Taxiway","layer":"Guidance lines","category":"Taxiways","object_type":"Line","style_id":"line.taxiway.c0b631","source_group":"COLOR_Taxiway","vsmr_group_ids":[],"geometry_role":"linework"},"geometry":{"type":"LineString","coordinates":[[2.378746373231051,48.74158595277347],[2.378768393666806,48.74165345974151]]}},{"type":"Feature","id":"LFPO-664b148dd903978f2ce8","properties":{"airport":"LFPO","name":"COLOR_Taxiway","layer":"Guidance lines","category":"Taxiways","object_type":"Line","style_id":"line.taxiway.c0b631","source_group":"COLOR_Taxiway","vsmr_group_ids":[],"geometry_role":"linework"},"geometry":{"type":"LineString","coordinates":[[2.378782706890972,48.74169701255079],[2.378797020134742,48.74173983952718]]}},{"type":"Feature","id":"LFPO-ee8ff50c189b401c961f","properties":{"airport":"LFPO","name":"COLOR_Taxiway","layer":"Guidance lines","category":"Taxiways","object_type":"Line","style_id":"line.taxiway.c0b631","source_group":"COLOR_Taxiway","vsmr_group_ids":[],"geometry_role":"linework"},"geometry":{"type":"LineString","coordinates":[[2.378811333398576,48.74178266648913],[2.378825646982214,48.74182912288516]]}},{"type":"Feature","id":"LFPO-0b9e858eda41e81ed93f","properties":{"airport":"LFPO","name":"COLOR_Taxiway","layer":"Guidance lines","category":"Taxiways","object_type":"Line","style_id":"line.taxiway.c0b631","source_group":"COLOR_Taxiway","vsmr_group_ids":[],"geometry_role":"linework"},"geometry":{"type":"LineString","coordinates":[[2.378841108189769,48.74187103180672],[2.378854443532379,48.74191674697308]]}},{"type":"Feature","id":"LFPO-d33b78e826930795386c","properties":{"airport":"LFPO","name":"COLOR_Taxiway","layer":"Guidance lines","category":"Taxiways","object_type":"Line","style_id":"line.taxiway.c0b631","source_group":"COLOR_Taxiway","vsmr_group_ids":[],"geometry_role":"linework"},"geometry":{"type":"LineString","coordinates":[[2.378791490471794,48.74386081131472],[2.379029655260545,48.74403887109692]]}},{"type":"Feature","id":"LFPO-81142d7d27a95bb3690e","properties":{"airport":"LFPO","name":"COLOR_Taxiway","layer":"Guidance lines","category":"Taxiways","object_type":"Line","style_id":"line.taxiway.c0b631","source_group":"COLOR_Taxiway","vsmr_group_ids":[],"geometry_role":"linework"},"geometry":{"type":"LineString","coordinates":[[2.379879646343703,48.74166989430164],[2.379956859209704,48.74188947207065]]}},{"type":"Feature","id":"LFPO-882aa3ec3795de81c84e","properties":{"airport":"LFPO","name":"COLOR_Taxiway","layer":"Guidance lines","category":"Taxiways","object_type":"Line","style_id":"line.taxiway.c0b631","source_group":"COLOR_Taxiway","vsmr_group_ids":[],"geometry_role":"linework"},"geometry":{"type":"LineString","coordinates":[[2.381695449806314,48.74354504865772],[2.381992483189643,48.74308871301129]]}},{"type":"Feature","id":"LFPO-f7da0fcdb80cd000a7ac","properties":{"airport":"LFPO","name":"COLOR_Taxiway","layer":"Guidance lines","category":"Taxiways","object_type":"Line","style_id":"line.taxiway.c0b631","source_group":"COLOR_Taxiway","vsmr_group_ids":[],"geometry_role":"linework"},"geometry":{"type":"LineString","coordinates":[[2.384078429025585,48.74379903068345],[2.384088626513758,48.74344703182928]]}},{"type":"Feature","id":"LFPO-02fab79c3a4e241bca57","properties":{"airport":"LFPO","name":"COLOR_Taxiway","layer":"Guidance lines","category":"Taxiways","object_type":"Line","style_id":"line.taxiway.c0b631","source_group":"COLOR_Taxiway","vsmr_group_ids":[],"geometry_role":"linework"},"geometry":{"type":"LineString","coordinates":[[2.384652316800906,48.74380195022356],[2.384659295648965,48.74345996001492]]}},{"type":"Feature","id":"LFPO-3c28650897404121e507","properties":{"airport":"LFPO","name":"COLOR_Taxiway","layer":"Guidance lines","category":"Taxiways","object_type":"Line","style_id":"line.taxiway.c0b631","source_group":"COLOR_Taxiway","vsmr_group_ids":[],"geometry_role":"linework"},"geometry":{"type":"LineString","coordinates":[[2.385220197732265,48.74381351661788],[2.385232422872965,48.74346477488601]]}},{"type":"Feature","id":"LFPO-1203c8d65ee5cca90dbc","properties":{"airport":"LFPO","name":"COLOR_Taxiway","layer":"Guidance lines","category":"Taxiways","object_type":"Line","style_id":"line.taxiway.c0b631","source_group":"COLOR_Taxiway","vsmr_group_ids":[],"geometry_role":"linework"},"geometry":{"type":"LineString","coordinates":[[2.380623028915423,48.7354712334574],[2.380331622153582,48.73553413670493],[2.380328364041742,48.735516964016],[2.38033735724924,48.73550116734927],[2.380352279629332,48.73549161249537],[2.380375370782641,48.73548523772511],[2.38040140895418,48.7354864280619],[2.380418768804398,48.73549262791609],[2.380432151112239,48.73550121323645],[2.380440471296641,48.73551385371908],[2.380440836064697,48.73552959556024],[2.380432520993985,48.73554271450704],[2.380420767622009,48.73555211261251],[2.380402508081729,48.73555822046497],[2.380379725131623,48.73555965350954],[2.380359472658424,48.735556077553],[2.380340303786554,48.73554582312006],[2.380331622153582,48.73553413670493],[2.38027484490412,48.73554647044408]]}},{"type":"Feature","id":"LFPO-ebdc63c31d6c7a86463b","properties":{"airport":"LFPO","name":"COLOR_Taxiway","layer":"Guidance lines","category":"Taxiways","object_type":"Line","style_id":"line.taxiway.c0b631","source_group":"COLOR_Taxiway","vsmr_group_ids":[],"geometry_role":"linework"},"geometry":{"type":"LineString","coordinates":[[2.380560324371366,48.73534401056099],[2.379991978053697,48.73546757504267]]}},{"type":"Feature","id":"LFPO-86e63c3be14320ac8dbb","properties":{"airport":"LFPO","name":"COLOR_Taxiway","layer":"Guidance lines","category":"Taxiways","object_type":"Line","style_id":"line.taxiway.c0b631","source_group":"COLOR_Taxiway","vsmr_group_ids":[],"geometry_role":"linework"},"geometry":{"type":"LineString","coordinates":[[2.380495846923785,48.73521516277808],[2.380200934549843,48.73527964695302],[2.380198217813727,48.73526579156022],[2.380203309445743,48.73525183456886],[2.380214279798729,48.73524123700263],[2.38022956139146,48.73523399898472],[2.380246802939949,48.7352298622572],[2.380268356026245,48.73523063580119],[2.380287166915271,48.73523606176007],[2.380302843591628,48.73524536480016],[2.380311466991143,48.73525673606935],[2.380313821211901,48.73527198468953],[2.380307162235431,48.73528645871369],[2.380292273288915,48.7352975735303],[2.380271897316006,48.73530455354013],[2.380250344604291,48.73530584764486],[2.380226831269212,48.73530068054386],[2.380211154669973,48.73529189440677],[2.380200963579922,48.73527948943563],[2.380146495475794,48.73529086602804]]}},{"type":"Feature","id":"LFPO-db15db226434e795fc8d","properties":{"airport":"LFPO","name":"COLOR_Taxiway","layer":"Guidance lines","category":"Taxiways","object_type":"Line","style_id":"line.taxiway.c0b631","source_group":"COLOR_Taxiway","vsmr_group_ids":[],"geometry_role":"linework"},"geometry":{"type":"LineString","coordinates":[[2.380309150609756,48.73486458416175],[2.380259218519973,48.73487611528225]]}},{"type":"Feature","id":"LFPO-d359e192b2ac9d4d25cd","properties":{"airport":"LFPO","name":"COLOR_Taxiway","layer":"Guidance lines","category":"Taxiways","object_type":"Line","style_id":"line.taxiway.c0b631","source_group":"COLOR_Taxiway","vsmr_group_ids":[],"geometry_role":"linework"},"geometry":{"type":"LineString","coordinates":[[2.380194306736745,48.73489094103496],[2.380138132941569,48.73490329597696]]}},{"type":"Feature","id":"LFPO-1671f2751da0dab7ddd8","properties":{"airport":"LFPO","name":"COLOR_Taxiway","layer":"Guidance lines","category":"Taxiways","object_type":"Line","style_id":"line.taxiway.c0b631","source_group":"COLOR_Taxiway","vsmr_group_ids":[],"geometry_role":"linework"},"geometry":{"type":"LineString","coordinates":[[2.380069476137368,48.73491894532613],[2.380008309100752,48.73493294732387]]}},{"type":"Feature","id":"LFPO-281bf55e72ffa0c3d2e8","properties":{"airport":"LFPO","name":"COLOR_Taxiway","layer":"Guidance lines","category":"Taxiways","object_type":"Line","style_id":"line.taxiway.c0b631","source_group":"COLOR_Taxiway","vsmr_group_ids":[],"geometry_role":"linework"},"geometry":{"type":"LineString","coordinates":[[2.379935342415957,48.73494854493024],[2.379880464013615,48.73496046643544]]}},{"type":"Feature","id":"LFPO-e89a24cf3aa23d392901","properties":{"airport":"LFPO","name":"COLOR_Taxiway","layer":"Guidance lines","category":"Taxiways","object_type":"Line","style_id":"line.taxiway.c0b631","source_group":"COLOR_Taxiway","vsmr_group_ids":[],"geometry_role":"linework"},"geometry":{"type":"LineString","coordinates":[[2.379803626877781,48.7349772806686],[2.379316216105398,48.73508404286852]]}},{"type":"Feature","id":"LFPO-03e48807c2d4b2be5efc","properties":{"airport":"LFPO","name":"COLOR_Taxiway","layer":"Guidance lines","category":"Taxiways","object_type":"Line","style_id":"line.taxiway.c0b631","source_group":"COLOR_Taxiway","vsmr_group_ids":[],"geometry_role":"linework"},"geometry":{"type":"LineString","coordinates":[[2.380227267752741,48.73468400916893],[2.379251092553467,48.73489709875789]]}},{"type":"Feature","id":"LFPO-e069d39202dd97d77bc5","properties":{"airport":"LFPO","name":"COLOR_Taxiway","layer":"Guidance lines","category":"Taxiways","object_type":"Line","style_id":"line.taxiway.c0b631","source_group":"COLOR_Taxiway","vsmr_group_ids":[],"geometry_role":"linework"},"geometry":{"type":"LineString","coordinates":[[2.380147673134725,48.7345003561116],[2.380071596831428,48.7345182225558]]}},{"type":"Feature","id":"LFPO-8ea599213bd9bfda4a7e","properties":{"airport":"LFPO","name":"COLOR_Taxiway","layer":"Guidance lines","category":"Taxiways","object_type":"Line","style_id":"line.taxiway.c0b631","source_group":"COLOR_Taxiway","vsmr_group_ids":[],"geometry_role":"linework"},"geometry":{"type":"LineString","coordinates":[[2.379999388448635,48.7345335371816],[2.379942653398397,48.73454629905655]]}},{"type":"Feature","id":"LFPO-7686cae000ed9201166a","properties":{"airport":"LFPO","name":"COLOR_Taxiway","layer":"Guidance lines","category":"Taxiways","object_type":"Line","style_id":"line.taxiway.c0b631","source_group":"COLOR_Taxiway","vsmr_group_ids":[],"geometry_role":"linework"},"geometry":{"type":"LineString","coordinates":[[2.379873024042396,48.73456246387135],[2.379805973264546,48.73457692747806]]}},{"type":"Feature","id":"LFPO-ef070721225354411189","properties":{"airport":"LFPO","name":"COLOR_Taxiway","layer":"Guidance lines","category":"Taxiways","object_type":"Line","style_id":"line.taxiway.c0b631","source_group":"COLOR_Taxiway","vsmr_group_ids":[],"geometry_role":"linework"},"geometry":{"type":"LineString","coordinates":[[2.379768580017607,48.73458713627103],[2.379357249066008,48.73467987103206]]}},{"type":"Feature","id":"LFPO-2672021bb895331e3b3f","properties":{"airport":"LFPO","name":"COLOR_Taxiway","layer":"Guidance lines","category":"Taxiways","object_type":"Line","style_id":"line.taxiway.c0b631","source_group":"COLOR_Taxiway","vsmr_group_ids":[],"geometry_role":"linework"},"geometry":{"type":"LineString","coordinates":[[2.379938590947721,48.73411138105794],[2.37989794079198,48.7341200334426]]}},{"type":"Feature","id":"LFPO-5ace5788f44c3dad508b","properties":{"airport":"LFPO","name":"COLOR_Taxiway","layer":"Guidance lines","category":"Taxiways","object_type":"Line","style_id":"line.taxiway.c0b631","source_group":"COLOR_Taxiway","vsmr_group_ids":[],"geometry_role":"linework"},"geometry":{"type":"LineString","coordinates":[[2.37983499850186,48.73413301215135],[2.379772056489018,48.73414772063984]]}},{"type":"Feature","id":"LFPO-fad1f77d3035a0a44070","properties":{"airport":"LFPO","name":"COLOR_Taxiway","layer":"Guidance lines","category":"Taxiways","object_type":"Line","style_id":"line.taxiway.c0b631","source_group":"COLOR_Taxiway","vsmr_group_ids":[],"geometry_role":"linework"},"geometry":{"type":"LineString","coordinates":[[2.379707802736759,48.7341606994028],[2.379642237742405,48.73417454314656]]}},{"type":"Feature","id":"LFPO-d5a4eab39236e330b1b5","properties":{"airport":"LFPO","name":"COLOR_Taxiway","layer":"Guidance lines","category":"Taxiways","object_type":"Line","style_id":"line.taxiway.c0b631","source_group":"COLOR_Taxiway","vsmr_group_ids":[],"geometry_role":"linework"},"geometry":{"type":"LineString","coordinates":[[2.37958016534894,48.73419026205252],[2.379513288999162,48.73420410580207]]}},{"type":"Feature","id":"LFPO-0ddf14501a119a5c64ad","properties":{"airport":"LFPO","name":"COLOR_Taxiway","layer":"Guidance lines","category":"Taxiways","object_type":"Line","style_id":"line.taxiway.c0b631","source_group":"COLOR_Taxiway","vsmr_group_ids":[],"geometry_role":"linework"},"geometry":{"type":"LineString","coordinates":[[2.379370859931802,48.73423524659719],[2.378956388892752,48.7343273235619]]}},{"type":"Feature","id":"LFPO-8bce1cc269acf77d69be","properties":{"airport":"LFPO","name":"COLOR_Taxiway","layer":"Guidance lines","category":"Taxiways","object_type":"Line","style_id":"line.taxiway.c0b631","source_group":"COLOR_Taxiway","vsmr_group_ids":[],"geometry_role":"linework"},"geometry":{"type":"LineString","coordinates":[[2.379841264588469,48.73391413379183],[2.378861637641687,48.73413793427735]]}},{"type":"Feature","id":"LFPO-082f7522a6177c71e3da","properties":{"airport":"LFPO","name":"COLOR_Taxiway","layer":"Guidance lines","category":"Taxiways","object_type":"Line","style_id":"line.taxiway.c0b631","source_group":"COLOR_Taxiway","vsmr_group_ids":[],"geometry_role":"linework"},"geometry":{"type":"LineString","coordinates":[[2.379743780539556,48.73371684696082],[2.379705064319126,48.73372568970457]]}},{"type":"Feature","id":"LFPO-7fd10a77539ab0fe0549","properties":{"airport":"LFPO","name":"COLOR_Taxiway","layer":"Guidance lines","category":"Taxiways","object_type":"Line","style_id":"line.taxiway.c0b631","source_group":"COLOR_Taxiway","vsmr_group_ids":[],"geometry_role":"linework"},"geometry":{"type":"LineString","coordinates":[[2.379641033458813,48.73373944536084],[2.37957551359298,48.73375418328115]]}},{"type":"Feature","id":"LFPO-ec8702dd8a6485d3a981","properties":{"airport":"LFPO","name":"COLOR_Taxiway","layer":"Guidance lines","category":"Taxiways","object_type":"Line","style_id":"line.taxiway.c0b631","source_group":"COLOR_Taxiway","vsmr_group_ids":[],"geometry_role":"linework"},"geometry":{"type":"LineString","coordinates":[[2.379511482821575,48.73376892105333],[2.379444473699224,48.73378365902505]]}},{"type":"Feature","id":"LFPO-a5073b773ca0f637054d","properties":{"airport":"LFPO","name":"COLOR_Taxiway","layer":"Guidance lines","category":"Taxiways","object_type":"Line","style_id":"line.taxiway.c0b631","source_group":"COLOR_Taxiway","vsmr_group_ids":[],"geometry_role":"linework"},"geometry":{"type":"LineString","coordinates":[[2.379378953300657,48.73379643248808],[2.379314922331011,48.73381117017475]]}},{"type":"Feature","id":"LFPO-718a90de7ecf6b1e90e7","properties":{"airport":"LFPO","name":"COLOR_Taxiway","layer":"Guidance lines","category":"Taxiways","object_type":"Line","style_id":"line.taxiway.c0b631","source_group":"COLOR_Taxiway","vsmr_group_ids":[],"geometry_role":"linework"},"geometry":{"type":"LineString","coordinates":[[2.379166012807379,48.73384359351483],[2.378758000025318,48.73393496653858]]}},{"type":"Feature","id":"LFPO-402ef5fe645dfdbe3ac3","properties":{"airport":"LFPO","name":"COLOR_Taxiway","layer":"Guidance lines","category":"Taxiways","object_type":"Line","style_id":"line.taxiway.c0b631","source_group":"COLOR_Taxiway","vsmr_group_ids":[],"geometry_role":"linework"},"geometry":{"type":"LineString","coordinates":[[2.379551181892305,48.7333246793568],[2.379503446868512,48.73333486215954]]}},{"type":"Feature","id":"LFPO-5950e2be9ab0b103ef2f","properties":{"airport":"LFPO","name":"COLOR_Taxiway","layer":"Guidance lines","category":"Taxiways","object_type":"Line","style_id":"line.taxiway.c0b631","source_group":"COLOR_Taxiway","vsmr_group_ids":[],"geometry_role":"linework"},"geometry":{"type":"LineString","coordinates":[[2.379440350782036,48.73334966448684],[2.379377254312587,48.7333626171132]]}},{"type":"Feature","id":"LFPO-088c306641605eaa4d5c","properties":{"airport":"LFPO","name":"COLOR_Taxiway","layer":"Guidance lines","category":"Taxiways","object_type":"Line","style_id":"line.taxiway.c0b631","source_group":"COLOR_Taxiway","vsmr_group_ids":[],"geometry_role":"linework"},"geometry":{"type":"LineString","coordinates":[[2.37931415796516,48.73337649454471],[2.379248257310707,48.73339129700261]]}},{"type":"Feature","id":"LFPO-f1c6d9d4bbefbc74a177","properties":{"airport":"LFPO","name":"COLOR_Taxiway","layer":"Guidance lines","category":"Taxiways","object_type":"Line","style_id":"line.taxiway.c0b631","source_group":"COLOR_Taxiway","vsmr_group_ids":[],"geometry_role":"linework"},"geometry":{"type":"LineString","coordinates":[[2.379186563017013,48.73340517427889],[2.379122064425585,48.73341997657979]]}},{"type":"Feature","id":"LFPO-3d8e29d144c8e0338a1a","properties":{"airport":"LFPO","name":"COLOR_Taxiway","layer":"Guidance lines","category":"Taxiways","object_type":"Line","style_id":"line.taxiway.c0b631","source_group":"COLOR_Taxiway","vsmr_group_ids":[],"geometry_role":"linework"},"geometry":{"type":"LineString","coordinates":[[2.378559920896479,48.73354344448158],[2.379055521886966,48.73343328231887]]}},{"type":"Feature","id":"LFPO-e89b1b751160952877b6","properties":{"airport":"LFPO","name":"COLOR_Taxiway","layer":"Guidance lines","category":"Taxiways","object_type":"Line","style_id":"line.taxiway.c0b631","source_group":"COLOR_Taxiway","vsmr_group_ids":[],"geometry_role":"linework"},"geometry":{"type":"LineString","coordinates":[[2.378468132149376,48.73336396688881],[2.379460653299303,48.73314555719138]]}},{"type":"Feature","id":"LFPO-b452d74b6a4141c6b450","properties":{"airport":"LFPO","name":"COLOR_Taxiway","layer":"Guidance lines","category":"Taxiways","object_type":"Line","style_id":"line.taxiway.c0b631","source_group":"COLOR_Taxiway","vsmr_group_ids":[],"geometry_role":"linework"},"geometry":{"type":"LineString","coordinates":[[2.379367924877522,48.73296665417705],[2.379320164710401,48.73297715864267]]}},{"type":"Feature","id":"LFPO-ad9a005c309a10be5743","properties":{"airport":"LFPO","name":"COLOR_Taxiway","layer":"Guidance lines","category":"Taxiways","object_type":"Line","style_id":"line.taxiway.c0b631","source_group":"COLOR_Taxiway","vsmr_group_ids":[],"geometry_role":"linework"},"geometry":{"type":"LineString","coordinates":[[2.379256484319341,48.73299046452122],[2.379192803989691,48.73300447042109]]}},{"type":"Feature","id":"LFPO-03cc60acd9e717eb6205","properties":{"airport":"LFPO","name":"COLOR_Taxiway","layer":"Guidance lines","category":"Taxiways","object_type":"Line","style_id":"line.taxiway.c0b631","source_group":"COLOR_Taxiway","vsmr_group_ids":[],"geometry_role":"linework"},"geometry":{"type":"LineString","coordinates":[[2.379129123839758,48.73301987637804],[2.379065443361947,48.73303318214279]]}},{"type":"Feature","id":"LFPO-b6e8c37e268578e8801e","properties":{"airport":"LFPO","name":"COLOR_Taxiway","layer":"Guidance lines","category":"Taxiways","object_type":"Line","style_id":"line.taxiway.c0b631","source_group":"COLOR_Taxiway","vsmr_group_ids":[],"geometry_role":"linework"},"geometry":{"type":"LineString","coordinates":[[2.379002884626256,48.73304742411748],[2.378572518270743,48.73314136889977]]}},{"type":"Feature","id":"LFPO-cecf0929b33343cabbef","properties":{"airport":"LFPO","name":"COLOR_Taxiway","layer":"Guidance lines","category":"Taxiways","object_type":"Line","style_id":"line.taxiway.c0b631","source_group":"COLOR_Taxiway","vsmr_group_ids":[],"geometry_role":"linework"},"geometry":{"type":"LineString","coordinates":[[2.37862202797378,48.73271829516966],[2.379156383312797,48.73255040922232]]}},{"type":"Feature","id":"LFPO-7a1498dcd054b562cab5","properties":{"airport":"LFPO","name":"COLOR_Taxiway","layer":"Guidance lines","category":"Taxiways","object_type":"Line","style_id":"line.taxiway.c0b631","source_group":"COLOR_Taxiway","vsmr_group_ids":[],"geometry_role":"linework"},"geometry":{"type":"LineString","coordinates":[[2.378509630409265,48.73215564103212],[2.378353756821727,48.73254051351483]]}},{"type":"Feature","id":"LFPO-e8f0913826210bc11aec","properties":{"airport":"LFPO","name":"COLOR_Taxiway","layer":"Guidance lines","category":"Taxiways","object_type":"Line","style_id":"line.taxiway.c0b631","source_group":"COLOR_Taxiway","vsmr_group_ids":[],"geometry_role":"linework"},"geometry":{"type":"LineString","coordinates":[[2.37776570178712,48.7320154707824],[2.377606206371565,48.73239569180771]]}},{"type":"Feature","id":"LFPO-753ab32b41d9f1815afa","properties":{"airport":"LFPO","name":"COLOR_Taxiway","layer":"Guidance lines","category":"Taxiways","object_type":"Line","style_id":"line.taxiway.c0b631","source_group":"COLOR_Taxiway","vsmr_group_ids":[],"geometry_role":"linework"},"geometry":{"type":"LineString","coordinates":[[2.349680936725227,48.7260127261989],[2.349417054465923,48.72596315865178]]}},{"type":"Feature","id":"LFPO-d9c415667908adcc01b9","properties":{"airport":"LFPO","name":"COLOR_Taxiway","layer":"Guidance lines","category":"Taxiways","object_type":"Line","style_id":"line.taxiway.c0b631","source_group":"COLOR_Taxiway","vsmr_group_ids":[],"geometry_role":"linework"},"geometry":{"type":"LineString","coordinates":[[2.349351083251472,48.72595204676859],[2.349286406790565,48.72593922840547]]}},{"type":"Feature","id":"LFPO-2f67f2148285b59503a3","properties":{"airport":"LFPO","name":"COLOR_Taxiway","layer":"Guidance lines","category":"Taxiways","object_type":"Line","style_id":"line.taxiway.c0b631","source_group":"COLOR_Taxiway","vsmr_group_ids":[],"geometry_role":"linework"},"geometry":{"type":"LineString","coordinates":[[2.349217848761611,48.7259272623515],[2.349154465492538,48.72591529765518]]}},{"type":"Feature","id":"LFPO-c366269accc9c6206846","properties":{"airport":"LFPO","name":"COLOR_Taxiway","layer":"Guidance lines","category":"Taxiways","object_type":"Line","style_id":"line.taxiway.c0b631","source_group":"COLOR_Taxiway","vsmr_group_ids":[],"geometry_role":"linework"},"geometry":{"type":"LineString","coordinates":[[2.349088844389746,48.72590227996431],[2.349024966428706,48.72589076917572]]}},{"type":"Feature","id":"LFPO-1991927bf294125a0f45","properties":{"airport":"LFPO","name":"COLOR_Taxiway","layer":"Guidance lines","category":"Taxiways","object_type":"Line","style_id":"line.taxiway.c0b631","source_group":"COLOR_Taxiway","vsmr_group_ids":[],"geometry_role":"linework"},"geometry":{"type":"LineString","coordinates":[[2.350097921847338,48.72581861820227],[2.349134158886061,48.72564085924776]]}},{"type":"Feature","id":"LFPO-bb58f44aead10ec39db5","properties":{"airport":"LFPO","name":"COLOR_Taxiway","layer":"Guidance lines","category":"Taxiways","object_type":"Line","style_id":"line.taxiway.c0b631","source_group":"COLOR_Taxiway","vsmr_group_ids":[],"geometry_role":"linework"},"geometry":{"type":"LineString","coordinates":[[2.349833703649937,48.72564245918534],[2.349573945729824,48.72559461346565]]}},{"type":"Feature","id":"LFPO-2558cd7a6e2e5663d166","properties":{"airport":"LFPO","name":"COLOR_Taxiway","layer":"Guidance lines","category":"Taxiways","object_type":"Line","style_id":"line.taxiway.c0b631","source_group":"COLOR_Taxiway","vsmr_group_ids":[],"geometry_role":"linework"},"geometry":{"type":"LineString","coordinates":[[2.349503052091964,48.72558368444441],[2.349439041706212,48.72557140682846]]}},{"type":"Feature","id":"LFPO-5afaadcefab9153c06dd","properties":{"airport":"LFPO","name":"COLOR_Taxiway","layer":"Guidance lines","category":"Taxiways","object_type":"Line","style_id":"line.taxiway.c0b631","source_group":"COLOR_Taxiway","vsmr_group_ids":[],"geometry_role":"linework"},"geometry":{"type":"LineString","coordinates":[[2.349373551511225,48.72555890643286],[2.349309979984562,48.72554762168762]]}},{"type":"Feature","id":"LFPO-b5c8fb30ec57c6e0d15c","properties":{"airport":"LFPO","name":"COLOR_Taxiway","layer":"Guidance lines","category":"Taxiways","object_type":"Line","style_id":"line.taxiway.c0b631","source_group":"COLOR_Taxiway","vsmr_group_ids":[],"geometry_role":"linework"},"geometry":{"type":"LineString","coordinates":[[2.349243690640068,48.72553431010002],[2.349183443995695,48.72552334892806]]}},{"type":"Feature","id":"LFPO-b9dc4f1ec62ce97bfa07","properties":{"airport":"LFPO","name":"COLOR_Taxiway","layer":"Guidance lines","category":"Taxiways","object_type":"Line","style_id":"line.taxiway.c0b631","source_group":"COLOR_Taxiway","vsmr_group_ids":[],"geometry_role":"linework"},"geometry":{"type":"LineString","coordinates":[[2.34999605606341,48.72525732089962],[2.349731496001493,48.72520886301707]]}},{"type":"Feature","id":"LFPO-45f9a169dcd30adc945a","properties":{"airport":"LFPO","name":"COLOR_Taxiway","layer":"Guidance lines","category":"Taxiways","object_type":"Line","style_id":"line.taxiway.c0b631","source_group":"COLOR_Taxiway","vsmr_group_ids":[],"geometry_role":"linework"},"geometry":{"type":"LineString","coordinates":[[2.349665458985517,48.72519759281912],[2.349600847651114,48.72518490258631]]}},{"type":"Feature","id":"LFPO-5e3f7d9bdcb1bab39091","properties":{"airport":"LFPO","name":"COLOR_Taxiway","layer":"Guidance lines","category":"Taxiways","object_type":"Line","style_id":"line.taxiway.c0b631","source_group":"COLOR_Taxiway","vsmr_group_ids":[],"geometry_role":"linework"},"geometry":{"type":"LineString","coordinates":[[2.349533615944932,48.7251733637107],[2.349469004650897,48.72516067340732]]}},{"type":"Feature","id":"LFPO-8059d0252b979fc98644","properties":{"airport":"LFPO","name":"COLOR_Taxiway","layer":"Guidance lines","category":"Taxiways","object_type":"Line","style_id":"line.taxiway.c0b631","source_group":"COLOR_Taxiway","vsmr_group_ids":[],"geometry_role":"linework"},"geometry":{"type":"LineString","coordinates":[[2.349403519407709,48.72514913492024],[2.349343273199087,48.72513817384686]]}},{"type":"Feature","id":"LFPO-1e5a790a8a865c83fc12","properties":{"airport":"LFPO","name":"COLOR_Taxiway","layer":"Guidance lines","category":"Taxiways","object_type":"Line","style_id":"line.taxiway.c0b631","source_group":"COLOR_Taxiway","vsmr_group_ids":[],"geometry_role":"linework"},"geometry":{"type":"LineString","coordinates":[[2.350394843501642,48.72510690623482],[2.349428788842773,48.72493051501102]]}},{"type":"Feature","id":"LFPO-c3a99742853b9e00b2b8","properties":{"airport":"LFPO","name":"COLOR_Taxiway","layer":"Guidance lines","category":"Taxiways","object_type":"Line","style_id":"line.taxiway.c0b631","source_group":"COLOR_Taxiway","vsmr_group_ids":[],"geometry_role":"linework"},"geometry":{"type":"LineString","coordinates":[[2.35014835220251,48.72489038270207],[2.349887286948895,48.72484192612332]]}},{"type":"Feature","id":"LFPO-ab58199ae8685387b740","properties":{"airport":"LFPO","name":"COLOR_Taxiway","layer":"Guidance lines","category":"Taxiways","object_type":"Line","style_id":"line.taxiway.c0b631","source_group":"COLOR_Taxiway","vsmr_group_ids":[],"geometry_role":"linework"},"geometry":{"type":"LineString","coordinates":[[2.349818695733727,48.72482908460157],[2.349754082085436,48.72481688753342]]}},{"type":"Feature","id":"LFPO-bfe75fbd3d580c55d074","properties":{"airport":"LFPO","name":"COLOR_Taxiway","layer":"Guidance lines","category":"Taxiways","object_type":"Line","style_id":"line.taxiway.c0b631","source_group":"COLOR_Taxiway","vsmr_group_ids":[],"geometry_role":"linework"},"geometry":{"type":"LineString","coordinates":[[2.349687338080293,48.72480468985209],[2.349622724478584,48.72479249270574]]}},{"type":"Feature","id":"LFPO-9be2f539771d60313c04","properties":{"airport":"LFPO","name":"COLOR_Taxiway","layer":"Guidance lines","category":"Taxiways","object_type":"Line","style_id":"line.taxiway.c0b631","source_group":"COLOR_Taxiway","vsmr_group_ids":[],"geometry_role":"linework"},"geometry":{"type":"LineString","coordinates":[[2.349557400457232,48.7247807637752],[2.349494916911894,48.72476903556271]]}},{"type":"Feature","id":"LFPO-d7ebd88bd3626d9c7682","properties":{"airport":"LFPO","name":"COLOR_Taxiway","layer":"Guidance lines","category":"Taxiways","object_type":"Line","style_id":"line.taxiway.c0b631","source_group":"COLOR_Taxiway","vsmr_group_ids":[],"geometry_role":"linework"},"geometry":{"type":"LineString","coordinates":[[2.350102072445084,48.72433797422283],[2.35013639766477,48.72424755397958]]}},{"type":"Feature","id":"LFPO-e879c3f540cf5e905319","properties":{"airport":"LFPO","name":"COLOR_Taxiway","layer":"Guidance lines","category":"Taxiways","object_type":"Line","style_id":"line.taxiway.c0b631","source_group":"COLOR_Taxiway","vsmr_group_ids":[],"geometry_role":"linework"},"geometry":{"type":"LineString","coordinates":[[2.350153174205867,48.72421049236047],[2.35017372217833,48.72416192872333]]}},{"type":"Feature","id":"LFPO-f6a487e1e0d159033539","properties":{"airport":"LFPO","name":"COLOR_Taxiway","layer":"Guidance lines","category":"Taxiways","object_type":"Line","style_id":"line.taxiway.c0b631","source_group":"COLOR_Taxiway","vsmr_group_ids":[],"geometry_role":"linework"},"geometry":{"type":"LineString","coordinates":[[2.350193059254411,48.72411973449708],[2.350211190295159,48.72407594752637]]}},{"type":"Feature","id":"LFPO-b9621a5691ec718c22de","properties":{"airport":"LFPO","name":"COLOR_Taxiway","layer":"Guidance lines","category":"Taxiways","object_type":"Line","style_id":"line.taxiway.c0b631","source_group":"COLOR_Taxiway","vsmr_group_ids":[],"geometry_role":"linework"},"geometry":{"type":"LineString","coordinates":[[2.350228113861568,48.72403295644972],[2.350246245802057,48.72398757703503]]}},{"type":"Feature","id":"LFPO-2be2f1aed03c2ae831ef","properties":{"airport":"LFPO","name":"COLOR_Taxiway","layer":"Guidance lines","category":"Taxiways","object_type":"Line","style_id":"line.taxiway.c0b631","source_group":"COLOR_Taxiway","vsmr_group_ids":[],"geometry_role":"linework"},"geometry":{"type":"LineString","coordinates":[[2.350267998085731,48.72394299478069],[2.350283713628398,48.72390159577097]]}},{"type":"Feature","id":"LFPO-c150d211f5cc62cd335b","properties":{"airport":"LFPO","name":"COLOR_Taxiway","layer":"Guidance lines","category":"Taxiways","object_type":"Line","style_id":"line.taxiway.c0b631","source_group":"COLOR_Taxiway","vsmr_group_ids":[],"geometry_role":"linework"},"geometry":{"type":"LineString","coordinates":[[2.350187971700972,48.72446247040511],[2.350421435788894,48.72390888419581]]}},{"type":"Feature","id":"LFPO-df6887204072d3b6dc8a","properties":{"airport":"LFPO","name":"COLOR_Taxiway","layer":"Guidance lines","category":"Taxiways","object_type":"Line","style_id":"line.taxiway.c0b631","source_group":"COLOR_Taxiway","vsmr_group_ids":[],"geometry_role":"linework"},"geometry":{"type":"LineString","coordinates":[[2.350701323156277,48.72445841875888],[2.35074144686847,48.72436038190403]]}},{"type":"Feature","id":"LFPO-72a325752a7b16604f32","properties":{"airport":"LFPO","name":"COLOR_Taxiway","layer":"Guidance lines","category":"Taxiways","object_type":"Line","style_id":"line.taxiway.c0b631","source_group":"COLOR_Taxiway","vsmr_group_ids":[],"geometry_role":"linework"},"geometry":{"type":"LineString","coordinates":[[2.350760858091359,48.72431861032169],[2.35078285971644,48.72426746099892]]}},{"type":"Feature","id":"LFPO-e6d67b2a065b76008b67","properties":{"airport":"LFPO","name":"COLOR_Taxiway","layer":"Guidance lines","category":"Taxiways","object_type":"Line","style_id":"line.taxiway.c0b631","source_group":"COLOR_Taxiway","vsmr_group_ids":[],"geometry_role":"linework"},"geometry":{"type":"LineString","coordinates":[[2.350793217841258,48.72423591808819],[2.350813924918691,48.72418817877465]]}},{"type":"Feature","id":"LFPO-0bce1c61d7b10467d582","properties":{"airport":"LFPO","name":"COLOR_Taxiway","layer":"Guidance lines","category":"Taxiways","object_type":"Line","style_id":"line.taxiway.c0b631","source_group":"COLOR_Taxiway","vsmr_group_ids":[],"geometry_role":"linework"},"geometry":{"type":"LineString","coordinates":[[2.350834629907754,48.7241438497864],[2.350852750552739,48.7240986675322]]}},{"type":"Feature","id":"LFPO-5ad89ab71b2557fab595","properties":{"airport":"LFPO","name":"COLOR_Taxiway","layer":"Guidance lines","category":"Taxiways","object_type":"Line","style_id":"line.taxiway.c0b631","source_group":"COLOR_Taxiway","vsmr_group_ids":[],"geometry_role":"linework"},"geometry":{"type":"LineString","coordinates":[[2.350869576218939,48.72405774785518],[2.350888989711553,48.72401171331051]]}},{"type":"Feature","id":"LFPO-8576528b22eb08ec6d82","properties":{"airport":"LFPO","name":"COLOR_Taxiway","layer":"Guidance lines","category":"Taxiways","object_type":"Line","style_id":"line.taxiway.c0b631","source_group":"COLOR_Taxiway","vsmr_group_ids":[],"geometry_role":"linework"},"geometry":{"type":"LineString","coordinates":[[2.351085067829415,48.72463408760029],[2.351117420231592,48.72456333136164]]}},{"type":"Feature","id":"LFPO-8aceb33dba80edbd1813","properties":{"airport":"LFPO","name":"COLOR_Taxiway","layer":"Guidance lines","category":"Taxiways","object_type":"Line","style_id":"line.taxiway.c0b631","source_group":"COLOR_Taxiway","vsmr_group_ids":[],"geometry_role":"linework"},"geometry":{"type":"LineString","coordinates":[[2.351132951432098,48.72452582164635],[2.351154951227423,48.72447723001073]]}},{"type":"Feature","id":"LFPO-20da8c7d8748b3d4e0ee","properties":{"airport":"LFPO","name":"COLOR_Taxiway","layer":"Guidance lines","category":"Taxiways","object_type":"Line","style_id":"line.taxiway.c0b631","source_group":"COLOR_Taxiway","vsmr_group_ids":[],"geometry_role":"linework"},"geometry":{"type":"LineString","coordinates":[[2.351167898023798,48.72443886706278],[2.351188605321315,48.72439027510447]]}},{"type":"Feature","id":"LFPO-2d143bceef44aa86fae3","properties":{"airport":"LFPO","name":"COLOR_Taxiway","layer":"Guidance lines","category":"Taxiways","object_type":"Line","style_id":"line.taxiway.c0b631","source_group":"COLOR_Taxiway","vsmr_group_ids":[],"geometry_role":"linework"},"geometry":{"type":"LineString","coordinates":[[2.351204134889566,48.72435532315361],[2.351223549701884,48.72430673084572]]}},{"type":"Feature","id":"LFPO-7c2586bcacf8b7ed9243","properties":{"airport":"LFPO","name":"COLOR_Taxiway","layer":"Guidance lines","category":"Taxiways","object_type":"Line","style_id":"line.taxiway.c0b631","source_group":"COLOR_Taxiway","vsmr_group_ids":[],"geometry_role":"linework"},"geometry":{"type":"LineString","coordinates":[[2.351238984578401,48.72426709768253],[2.351261837574157,48.72421651492732]]}},{"type":"Feature","id":"LFPO-484258bd241b31f99814","properties":{"airport":"LFPO","name":"COLOR_Taxiway","layer":"Guidance lines","category":"Taxiways","object_type":"Line","style_id":"line.taxiway.c0b631","source_group":"COLOR_Taxiway","vsmr_group_ids":[],"geometry_role":"linework"},"geometry":{"type":"LineString","coordinates":[[2.351272811827223,48.72418399649536],[2.351296577298154,48.72413401622384]]}},{"type":"Feature","id":"LFPO-a2135386b4cd67685294","properties":{"airport":"LFPO","name":"COLOR_Taxiway","layer":"Guidance lines","category":"Taxiways","object_type":"Line","style_id":"line.taxiway.c0b631","source_group":"COLOR_Taxiway","vsmr_group_ids":[],"geometry_role":"linework"},"geometry":{"type":"LineString","coordinates":[[2.351314448875792,48.72409069160062],[2.35133716009126,48.72403995444984]]}},{"type":"Feature","id":"LFPO-6936e2560100d3a72c08","properties":{"airport":"LFPO","name":"COLOR_Taxiway","layer":"Guidance lines","category":"Taxiways","object_type":"Line","style_id":"line.taxiway.c0b631","source_group":"COLOR_Taxiway","vsmr_group_ids":[],"geometry_role":"linework"},"geometry":{"type":"LineString","coordinates":[[2.351141360907674,48.72463192435624],[2.351388219899921,48.72404768622696]]}},{"type":"Feature","id":"LFPO-47215e43ddd9a39e2864","properties":{"airport":"LFPO","name":"COLOR_Taxiway","layer":"Guidance lines","category":"Taxiways","object_type":"Line","style_id":"line.taxiway.c0b631","source_group":"COLOR_Taxiway","vsmr_group_ids":[],"geometry_role":"linework"},"geometry":{"type":"LineString","coordinates":[[2.351317415554475,48.72455488738805],[2.351350979574798,48.7244715608989]]}},{"type":"Feature","id":"LFPO-96eb57ee011afce8042c","properties":{"airport":"LFPO","name":"COLOR_Taxiway","layer":"Guidance lines","category":"Taxiways","object_type":"Line","style_id":"line.taxiway.c0b631","source_group":"COLOR_Taxiway","vsmr_group_ids":[],"geometry_role":"linework"},"geometry":{"type":"LineString","coordinates":[[2.351370338130836,48.72443244939575],[2.351385832007957,48.72438908512326]]}},{"type":"Feature","id":"LFPO-9d411af2bbc97d3d20f9","properties":{"airport":"LFPO","name":"COLOR_Taxiway","layer":"Guidance lines","category":"Taxiways","object_type":"Line","style_id":"line.taxiway.c0b631","source_group":"COLOR_Taxiway","vsmr_group_ids":[],"geometry_role":"linework"},"geometry":{"type":"LineString","coordinates":[[2.351403905417346,48.72434317042153],[2.35142326785436,48.72429725604184]]}},{"type":"Feature","id":"LFPO-ecb76a1bfae0a5997b1c","properties":{"airport":"LFPO","name":"COLOR_Taxiway","layer":"Guidance lines","category":"Taxiways","object_type":"Line","style_id":"line.taxiway.c0b631","source_group":"COLOR_Taxiway","vsmr_group_ids":[],"geometry_role":"linework"},"geometry":{"type":"LineString","coordinates":[[2.351440253315398,48.72425643760813],[2.351459363924733,48.7242130061455]]}},{"type":"Feature","id":"LFPO-939789a21c1122957b77","properties":{"airport":"LFPO","name":"COLOR_Taxiway","layer":"Guidance lines","category":"Taxiways","object_type":"Line","style_id":"line.taxiway.c0b631","source_group":"COLOR_Taxiway","vsmr_group_ids":[],"geometry_role":"linework"},"geometry":{"type":"LineString","coordinates":[[2.351476565602935,48.72417020370528],[2.351495676505555,48.72412614271486]]}},{"type":"Feature","id":"LFPO-214c4bce489727b898b4","properties":{"airport":"LFPO","name":"COLOR_Taxiway","layer":"Guidance lines","category":"Taxiways","object_type":"Line","style_id":"line.taxiway.c0b631","source_group":"COLOR_Taxiway","vsmr_group_ids":[],"geometry_role":"linework"},"geometry":{"type":"LineString","coordinates":[[2.352212496336608,48.72450306183053],[2.352365663743226,48.7245322164403]]}},{"type":"Feature","id":"LFPO-d46649927f3064e2cd69","properties":{"airport":"LFPO","name":"COLOR_Taxiway","layer":"Guidance lines","category":"Taxiways","object_type":"Line","style_id":"line.taxiway.c0b631","source_group":"COLOR_Taxiway","vsmr_group_ids":[],"geometry_role":"linework"},"geometry":{"type":"LineString","coordinates":[[2.352432295913367,48.72454488617467],[2.352498928207689,48.72455746270285]]}},{"type":"Feature","id":"LFPO-606b6018caa56caf3a6a","properties":{"airport":"LFPO","name":"COLOR_Taxiway","layer":"Guidance lines","category":"Taxiways","object_type":"Line","style_id":"line.taxiway.c0b631","source_group":"COLOR_Taxiway","vsmr_group_ids":[],"geometry_role":"linework"},"geometry":{"type":"LineString","coordinates":[[2.352563830825709,48.7245677550643],[2.352629597714344,48.72458033130207]]}},{"type":"Feature","id":"LFPO-203aa99c7be828cbda0e","properties":{"airport":"LFPO","name":"COLOR_Taxiway","layer":"Guidance lines","category":"Taxiways","object_type":"Line","style_id":"line.taxiway.c0b631","source_group":"COLOR_Taxiway","vsmr_group_ids":[],"geometry_role":"linework"},"geometry":{"type":"LineString","coordinates":[[2.352694499480725,48.72459233636828],[2.352760266702993,48.72460434160205]]}},{"type":"Feature","id":"LFPO-a893c2536bf29dc9b6ed","properties":{"airport":"LFPO","name":"COLOR_Taxiway","layer":"Guidance lines","category":"Taxiways","object_type":"Line","style_id":"line.taxiway.c0b631","source_group":"COLOR_Taxiway","vsmr_group_ids":[],"geometry_role":"linework"},"geometry":{"type":"LineString","coordinates":[[2.352824373586855,48.72461645639434],[2.352893459363254,48.72462878273839]]}},{"type":"Feature","id":"LFPO-7b42f44fd1aeb7e78919","properties":{"airport":"LFPO","name":"COLOR_Taxiway","layer":"Guidance lines","category":"Taxiways","object_type":"Line","style_id":"line.taxiway.c0b631","source_group":"COLOR_Taxiway","vsmr_group_ids":[],"geometry_role":"linework"},"geometry":{"type":"LineString","coordinates":[[2.352085210926955,48.7245663520073],[2.352857644643465,48.72471008232005]]}},{"type":"Feature","id":"LFPO-02ffd771fb86cbdf30d0","properties":{"airport":"LFPO","name":"COLOR_Taxiway","layer":"Guidance lines","category":"Taxiways","object_type":"Line","style_id":"line.taxiway.c0b631","source_group":"COLOR_Taxiway","vsmr_group_ids":[],"geometry_role":"linework"},"geometry":{"type":"LineString","coordinates":[[2.352017705700427,48.72489886353739],[2.352209983331564,48.72493580268701]]}},{"type":"Feature","id":"LFPO-12c2701489f624824b36","properties":{"airport":"LFPO","name":"COLOR_Taxiway","layer":"Guidance lines","category":"Taxiways","object_type":"Line","style_id":"line.taxiway.c0b631","source_group":"COLOR_Taxiway","vsmr_group_ids":[],"geometry_role":"linework"},"geometry":{"type":"LineString","coordinates":[[2.352262993264307,48.72494434689094],[2.352329460068787,48.72495649228962]]}},{"type":"Feature","id":"LFPO-c39754c31cb68642851f","properties":{"airport":"LFPO","name":"COLOR_Taxiway","layer":"Guidance lines","category":"Taxiways","object_type":"Line","style_id":"line.taxiway.c0b631","source_group":"COLOR_Taxiway","vsmr_group_ids":[],"geometry_role":"linework"},"geometry":{"type":"LineString","coordinates":[[2.352393098122474,48.72496863692437],[2.352460978996556,48.72498124908566]]}},{"type":"Feature","id":"LFPO-cc3c1329f0bc64cf383d","properties":{"airport":"LFPO","name":"COLOR_Taxiway","layer":"Guidance lines","category":"Taxiways","object_type":"Line","style_id":"line.taxiway.c0b631","source_group":"COLOR_Taxiway","vsmr_group_ids":[],"geometry_role":"linework"},"geometry":{"type":"LineString","coordinates":[[2.352524617404579,48.72499292715851],[2.352591791384038,48.72500507255485]]}},{"type":"Feature","id":"LFPO-9947f063b1215c889391","properties":{"airport":"LFPO","name":"COLOR_Taxiway","layer":"Guidance lines","category":"Taxiways","object_type":"Line","style_id":"line.taxiway.c0b631","source_group":"COLOR_Taxiway","vsmr_group_ids":[],"geometry_role":"linework"},"geometry":{"type":"LineString","coordinates":[[2.352654015223359,48.72501721670552],[2.352725432261262,48.72502936305247]]}},{"type":"Feature","id":"LFPO-d429acd2acfad0f878ac","properties":{"airport":"LFPO","name":"COLOR_Taxiway","layer":"Guidance lines","category":"Taxiways","object_type":"Line","style_id":"line.taxiway.c0b631","source_group":"COLOR_Taxiway","vsmr_group_ids":[],"geometry_role":"linework"},"geometry":{"type":"LineString","coordinates":[[2.351695235834017,48.72514903558682],[2.352604991233591,48.72531698356374]]}},{"type":"Feature","id":"LFPO-2c5ab85c130882791df4","properties":{"airport":"LFPO","name":"COLOR_Taxiway","layer":"Guidance lines","category":"Taxiways","object_type":"Line","style_id":"line.taxiway.c0b631","source_group":"COLOR_Taxiway","vsmr_group_ids":[],"geometry_role":"linework"},"geometry":{"type":"LineString","coordinates":[[2.351894844460705,48.72530652605795],[2.352159783744716,48.72535671605042]]}},{"type":"Feature","id":"LFPO-25e88beb978ce4511b4b","properties":{"airport":"LFPO","name":"COLOR_Taxiway","layer":"Guidance lines","category":"Taxiways","object_type":"Line","style_id":"line.taxiway.c0b631","source_group":"COLOR_Taxiway","vsmr_group_ids":[],"geometry_role":"linework"},"geometry":{"type":"LineString","coordinates":[[2.352223095266681,48.72537022657668],[2.352290304597622,48.72538245288457]]}},{"type":"Feature","id":"LFPO-01074d1ea561dc6544e2","properties":{"airport":"LFPO","name":"COLOR_Taxiway","layer":"Guidance lines","category":"Taxiways","object_type":"Line","style_id":"line.taxiway.c0b631","source_group":"COLOR_Taxiway","vsmr_group_ids":[],"geometry_role":"linework"},"geometry":{"type":"LineString","coordinates":[[2.352356540446827,48.72539339367568],[2.352423749351429,48.72540626249159]]}},{"type":"Feature","id":"LFPO-e3bfb81f30dd8d1d48e3","properties":{"airport":"LFPO","name":"COLOR_Taxiway","layer":"Guidance lines","category":"Taxiways","object_type":"Line","style_id":"line.taxiway.c0b631","source_group":"COLOR_Taxiway","vsmr_group_ids":[],"geometry_role":"linework"},"geometry":{"type":"LineString","coordinates":[[2.352487063464102,48.72541591724044],[2.3525532982217,48.72542878572919]]}},{"type":"Feature","id":"LFPO-880532f2168d60da10ba","properties":{"airport":"LFPO","name":"COLOR_Taxiway","layer":"Guidance lines","category":"Taxiways","object_type":"Line","style_id":"line.taxiway.c0b631","source_group":"COLOR_Taxiway","vsmr_group_ids":[],"geometry_role":"linework"},"geometry":{"type":"LineString","coordinates":[[2.351486686490782,48.72565393936734],[2.352388457672689,48.72582368100038]]}},{"type":"Feature","id":"LFPO-5e36de119311f7d24bfd","properties":{"airport":"LFPO","name":"COLOR_Taxiway","layer":"Guidance lines","category":"Taxiways","object_type":"Line","style_id":"line.taxiway.c0b631","source_group":"COLOR_Taxiway","vsmr_group_ids":[],"geometry_role":"linework"},"geometry":{"type":"LineString","coordinates":[[2.351703199268169,48.72576265829242],[2.351835843663796,48.72578759293965]]}},{"type":"Feature","id":"LFPO-5b066c2ee5468fffef0c","properties":{"airport":"LFPO","name":"COLOR_Taxiway","layer":"Guidance lines","category":"Taxiways","object_type":"Line","style_id":"line.taxiway.c0b631","source_group":"COLOR_Taxiway","vsmr_group_ids":[],"geometry_role":"linework"},"geometry":{"type":"LineString","coordinates":[[2.351901626532589,48.72579970422787],[2.351968488277529,48.72581181584348]]}},{"type":"Feature","id":"LFPO-d506cabd8b79975c4ed5","properties":{"airport":"LFPO","name":"COLOR_Taxiway","layer":"Guidance lines","category":"Taxiways","object_type":"Line","style_id":"line.taxiway.c0b631","source_group":"COLOR_Taxiway","vsmr_group_ids":[],"geometry_role":"linework"},"geometry":{"type":"LineString","coordinates":[[2.352032114183733,48.72582392651788],[2.352101132599316,48.72583675007407]]}},{"type":"Feature","id":"LFPO-78a7febcd74db038c03c","properties":{"airport":"LFPO","name":"COLOR_Taxiway","layer":"Guidance lines","category":"Taxiways","object_type":"Line","style_id":"line.taxiway.c0b631","source_group":"COLOR_Taxiway","vsmr_group_ids":[],"geometry_role":"linework"},"geometry":{"type":"LineString","coordinates":[[2.352165837710065,48.72584814956003],[2.352230542827409,48.72585954900563]]}},{"type":"Feature","id":"LFPO-c3671df5b87aee1c1e80","properties":{"airport":"LFPO","name":"COLOR_Taxiway","layer":"Guidance lines","category":"Taxiways","object_type":"Line","style_id":"line.taxiway.c0b631","source_group":"COLOR_Taxiway","vsmr_group_ids":[],"geometry_role":"linework"},"geometry":{"type":"LineString","coordinates":[[2.352294169798921,48.72587023667894],[2.352365344464542,48.72588448348414]]}},{"type":"Feature","id":"LFPO-35c076359c144b416953","properties":{"airport":"LFPO","name":"COLOR_Taxiway","layer":"Guidance lines","category":"Taxiways","object_type":"Line","style_id":"line.taxiway.c0b631","source_group":"COLOR_Taxiway","vsmr_group_ids":[],"geometry_role":"linework"},"geometry":{"type":"LineString","coordinates":[[2.351430323987858,48.72577681847635],[2.352336517717233,48.72594498517626]]}},{"type":"Feature","id":"LFPO-99c47e222713fb1fbe8f","properties":{"airport":"LFPO","name":"COLOR_Taxiway","layer":"Guidance lines","category":"Taxiways","object_type":"Line","style_id":"line.taxiway.c0b631","source_group":"COLOR_Taxiway","vsmr_group_ids":[],"geometry_role":"linework"},"geometry":{"type":"LineString","coordinates":[[2.351486457026355,48.72615366833342],[2.351795872642304,48.72621159480705]]}},{"type":"Feature","id":"LFPO-eec4122a6b78d8957501","properties":{"airport":"LFPO","name":"COLOR_Taxiway","layer":"Guidance lines","category":"Taxiways","object_type":"Line","style_id":"line.taxiway.c0b631","source_group":"COLOR_Taxiway","vsmr_group_ids":[],"geometry_role":"linework"},"geometry":{"type":"LineString","coordinates":[[2.351865013032277,48.72622368639221],[2.351929937571002,48.72623578362708]]}},{"type":"Feature","id":"LFPO-4acbffb830e05082b244","properties":{"airport":"LFPO","name":"COLOR_Taxiway","layer":"Guidance lines","category":"Taxiways","object_type":"Line","style_id":"line.taxiway.c0b631","source_group":"COLOR_Taxiway","vsmr_group_ids":[],"geometry_role":"linework"},"geometry":{"type":"LineString","coordinates":[[2.351993197807511,48.72624678212689],[2.352064781007119,48.72626052832096]]}},{"type":"Feature","id":"LFPO-bc20f430bebb12955921","properties":{"airport":"LFPO","name":"COLOR_Taxiway","layer":"Guidance lines","category":"Taxiways","object_type":"Line","style_id":"line.taxiway.c0b631","source_group":"COLOR_Taxiway","vsmr_group_ids":[],"geometry_role":"linework"},"geometry":{"type":"LineString","coordinates":[[2.352126376023287,48.72627207544866],[2.352195462212836,48.72628527179612]]}},{"type":"Feature","id":"LFPO-33d603800de140758410","properties":{"airport":"LFPO","name":"COLOR_Taxiway","layer":"Guidance lines","category":"Taxiways","object_type":"Line","style_id":"line.taxiway.c0b631","source_group":"COLOR_Taxiway","vsmr_group_ids":[],"geometry_role":"linework"},"geometry":{"type":"LineString","coordinates":[[2.351166462767864,48.72640628044734],[2.352071944574139,48.72657343267914]]}},{"type":"Feature","id":"LFPO-d86428e0b72e4e4e0be2","properties":{"airport":"LFPO","name":"COLOR_Taxiway","layer":"Guidance lines","category":"Taxiways","object_type":"Line","style_id":"line.taxiway.c0b631","source_group":"COLOR_Taxiway","vsmr_group_ids":[],"geometry_role":"linework"},"geometry":{"type":"LineString","coordinates":[[2.351362594038768,48.7265628165605],[2.351646729353785,48.72661559051511]]}},{"type":"Feature","id":"LFPO-1f24d2130af0a7fd005f","properties":{"airport":"LFPO","name":"COLOR_Taxiway","layer":"Guidance lines","category":"Taxiways","object_type":"Line","style_id":"line.taxiway.c0b631","source_group":"COLOR_Taxiway","vsmr_group_ids":[],"geometry_role":"linework"},"geometry":{"type":"LineString","coordinates":[[2.351711180929861,48.72662818320411],[2.351780173027775,48.72664017829198]]}},{"type":"Feature","id":"LFPO-4be3efc4c1c4b1a51012","properties":{"airport":"LFPO","name":"COLOR_Taxiway","layer":"Guidance lines","category":"Taxiways","object_type":"Line","style_id":"line.taxiway.c0b631","source_group":"COLOR_Taxiway","vsmr_group_ids":[],"geometry_role":"linework"},"geometry":{"type":"LineString","coordinates":[[2.351843718475979,48.72665097419002],[2.351912709801192,48.72666416693899]]}},{"type":"Feature","id":"LFPO-29fadcb50500ca20724d","properties":{"airport":"LFPO","name":"COLOR_Taxiway","layer":"Guidance lines","category":"Taxiways","object_type":"Line","style_id":"line.taxiway.c0b631","source_group":"COLOR_Taxiway","vsmr_group_ids":[],"geometry_role":"linework"},"geometry":{"type":"LineString","coordinates":[[2.351977162405625,48.72667616073137],[2.352025274532827,48.72668575487947]]}},{"type":"Feature","id":"LFPO-ad187520ee1186cd9fe6","properties":{"airport":"LFPO","name":"COLOR_Taxiway","layer":"Guidance lines","category":"Taxiways","object_type":"Line","style_id":"line.taxiway.c0b631","source_group":"COLOR_Taxiway","vsmr_group_ids":[],"geometry_role":"linework"},"geometry":{"type":"LineString","coordinates":[[2.376725157399107,48.73156810783578],[2.376672299834302,48.73155845621864]]}},{"type":"Feature","id":"LFPO-6c3fff9e757b298cac14","properties":{"airport":"LFPO","name":"COLOR_Taxiway","layer":"Guidance lines","category":"Taxiways","object_type":"Line","style_id":"line.taxiway.c0b631","source_group":"COLOR_Taxiway","vsmr_group_ids":[],"geometry_role":"linework"},"geometry":{"type":"LineString","coordinates":[[2.376608641731692,48.73154632273615],[2.376555803488272,48.73153599943222]]}},{"type":"Feature","id":"LFPO-a061e1afbe9ea24c3e8c","properties":{"airport":"LFPO","name":"COLOR_Taxiway","layer":"Guidance lines","category":"Taxiways","object_type":"Line","style_id":"line.taxiway.c0b631","source_group":"COLOR_Taxiway","vsmr_group_ids":[],"geometry_role":"linework"},"geometry":{"type":"LineString","coordinates":[[2.37650786514102,48.73152753593713],[2.376468224715438,48.73151989540891]]}},{"type":"Feature","id":"LFPO-f6669e77069efe5f306b","properties":{"airport":"LFPO","name":"COLOR_Taxiway","layer":"Guidance lines","category":"Taxiways","object_type":"Line","style_id":"line.taxiway.c0b631","source_group":"COLOR_Taxiway","vsmr_group_ids":[],"geometry_role":"linework"},"geometry":{"type":"LineString","coordinates":[[2.376662017102655,48.73197238224055],[2.376761248948935,48.73194255891269]]}},{"type":"Feature","id":"LFPO-60866257b4839e774765","properties":{"airport":"LFPO","name":"COLOR_Taxiway","layer":"Guidance lines","category":"Taxiways","object_type":"Line","style_id":"line.taxiway.c0b631","source_group":"COLOR_Taxiway","vsmr_group_ids":[],"geometry_role":"linework"},"geometry":{"type":"LineString","coordinates":[[2.376721059748008,48.73196981953785],[2.376738204205442,48.73199488867451]]}},{"type":"Feature","id":"LFPO-03da5bb4ac2ae9a7c3bc","properties":{"airport":"LFPO","name":"COLOR_Taxiway","layer":"Guidance lines","category":"Taxiways","object_type":"Line","style_id":"line.taxiway.c0b631","source_group":"COLOR_Taxiway","vsmr_group_ids":[],"geometry_role":"linework"},"geometry":{"type":"LineString","coordinates":[[2.376755348556241,48.73201897466445],[2.376773238319352,48.73204404374671]]}},{"type":"Feature","id":"LFPO-dac43311c5776189fd94","properties":{"airport":"LFPO","name":"COLOR_Taxiway","layer":"Guidance lines","category":"Taxiways","object_type":"Line","style_id":"line.taxiway.c0b631","source_group":"COLOR_Taxiway","vsmr_group_ids":[],"geometry_role":"linework"},"geometry":{"type":"LineString","coordinates":[[2.376789637472008,48.73206862134371],[2.376807527142113,48.73209270728268]]}},{"type":"Feature","id":"LFPO-fe562763eb1b57fab8e2","properties":{"airport":"LFPO","name":"COLOR_Taxiway","layer":"Guidance lines","category":"Taxiways","object_type":"Line","style_id":"line.taxiway.c0b631","source_group":"COLOR_Taxiway","vsmr_group_ids":[],"geometry_role":"linework"},"geometry":{"type":"LineString","coordinates":[[2.376825416890855,48.73211728478505],[2.376842561316894,48.73214137075661]]}},{"type":"Feature","id":"LFPO-6a61194312ee19bddc63","properties":{"airport":"LFPO","name":"COLOR_Taxiway","layer":"Guidance lines","category":"Taxiways","object_type":"Line","style_id":"line.taxiway.c0b631","source_group":"COLOR_Taxiway","vsmr_group_ids":[],"geometry_role":"linework"},"geometry":{"type":"LineString","coordinates":[[2.376857673415926,48.73216460799122],[2.376874818188228,48.73219115180699]]}},{"type":"Feature","id":"LFPO-f9b04e7bc311eedd64f2","properties":{"airport":"LFPO","name":"COLOR_Taxiway","layer":"Guidance lines","category":"Taxiways","object_type":"Line","style_id":"line.taxiway.c0b631","source_group":"COLOR_Taxiway","vsmr_group_ids":[],"geometry_role":"linework"},"geometry":{"type":"LineString","coordinates":[[2.378094661603687,48.73131202119259],[2.378201479074675,48.73133068135263]]}},{"type":"Feature","id":"LFPO-bb5b28a120c9a5d836ed","properties":{"airport":"LFPO","name":"COLOR_Taxiway","layer":"Guidance lines","category":"Taxiways","object_type":"Line","style_id":"line.taxiway.c0b631","source_group":"COLOR_Taxiway","vsmr_group_ids":[],"geometry_role":"linework"},"geometry":{"type":"LineString","coordinates":[[2.378156020470674,48.73130019966408],[2.378167673488525,48.73127354392219]]}},{"type":"Feature","id":"LFPO-d367a48f69e3cfd114cb","properties":{"airport":"LFPO","name":"COLOR_Taxiway","layer":"Guidance lines","category":"Taxiways","object_type":"Line","style_id":"line.taxiway.c0b631","source_group":"COLOR_Taxiway","vsmr_group_ids":[],"geometry_role":"linework"},"geometry":{"type":"LineString","coordinates":[[2.378177282097813,48.73124764185097],[2.378187807717349,48.73122124900599]]}},{"type":"Feature","id":"LFPO-18611d7cc4c6522669b4","properties":{"airport":"LFPO","name":"COLOR_Taxiway","layer":"Guidance lines","category":"Taxiways","object_type":"Line","style_id":"line.taxiway.c0b631","source_group":"COLOR_Taxiway","vsmr_group_ids":[],"geometry_role":"linework"},"geometry":{"type":"LineString","coordinates":[[2.378199035462663,48.73119578213092],[2.378209561134017,48.73116985230684]]}},{"type":"Feature","id":"LFPO-37598abd093480919d02","properties":{"airport":"LFPO","name":"COLOR_Taxiway","layer":"Guidance lines","category":"Taxiways","object_type":"Line","style_id":"line.taxiway.c0b631","source_group":"COLOR_Taxiway","vsmr_group_ids":[],"geometry_role":"linework"},"geometry":{"type":"LineString","coordinates":[[2.378221070383071,48.73114545952117],[2.37822905173543,48.731125446316]]}},{"type":"Feature","id":"LFPO-1fbab6f6a21496308075","properties":{"airport":"LFPO","name":"COLOR_Taxiway","layer":"Guidance lines","category":"Taxiways","object_type":"Line","style_id":"line.taxiway.c0b631","source_group":"COLOR_Taxiway","vsmr_group_ids":[],"geometry_role":"linework"},"geometry":{"type":"LineString","coordinates":[[2.376698195735625,48.73193703158157],[2.376672843874195,48.73189966196659]]}},{"type":"Feature","id":"LFPO-9a0e5c7e3e30ff81b1c5","properties":{"airport":"LFPO","name":"COLOR_Taxiway","layer":"Guidance lines","category":"Taxiways","object_type":"Line","style_id":"line.taxiway.c0b631","source_group":"COLOR_Taxiway","vsmr_group_ids":[],"geometry_role":"linework"},"geometry":{"type":"LineString","coordinates":[[2.376637092138263,48.73184567604387],[2.37666036297504,48.7318825053524],[2.376640782688308,48.73186376788887],[2.376622143233769,48.73184901718861]]}},{"type":"Feature","id":"LFPO-9092a61cf486d2df78d8","properties":{"airport":"LFPO","name":"COLOR_Taxiway","layer":"Guidance lines","category":"Taxiways","object_type":"Line","style_id":"line.taxiway.c0b631","source_group":"COLOR_Taxiway","vsmr_group_ids":[],"geometry_role":"linework"},"geometry":{"type":"LineString","coordinates":[[2.376595772710584,48.73183052152794],[2.376577305283716,48.73181924481237],[2.376564993817949,48.73181292995429]]}},{"type":"Feature","id":"LFPO-47d29841f5eca70c645d","properties":{"airport":"LFPO","name":"COLOR_Taxiway","layer":"Guidance lines","category":"Taxiways","object_type":"Line","style_id":"line.taxiway.c0b631","source_group":"COLOR_Taxiway","vsmr_group_ids":[],"geometry_role":"linework"},"geometry":{"type":"LineString","coordinates":[[2.376529285240134,48.73179784770172],[2.376513023673761,48.73179083584908],[2.376494260514994,48.73178423663768]]}},{"type":"Feature","id":"LFPO-8067eb69ff7f15b3702f","properties":{"airport":"LFPO","name":"COLOR_Taxiway","layer":"Guidance lines","category":"Taxiways","object_type":"Line","style_id":"line.taxiway.c0b631","source_group":"COLOR_Taxiway","vsmr_group_ids":[],"geometry_role":"linework"},"geometry":{"type":"LineString","coordinates":[[2.376457359914779,48.73177351324423],[2.376435469802776,48.73176773920695],[2.376416706941651,48.73176361505465]]}},{"type":"Feature","id":"LFPO-23c253c9ca2bf4427038","properties":{"airport":"LFPO","name":"COLOR_Taxiway","layer":"Guidance lines","category":"Taxiways","object_type":"Line","style_id":"line.taxiway.c0b631","source_group":"COLOR_Taxiway","vsmr_group_ids":[],"geometry_role":"linework"},"geometry":{"type":"LineString","coordinates":[[2.376379181656711,48.73175907934877],[2.37635729193024,48.73175660539452],[2.376331024501068,48.73175578170561],[2.376304363873063,48.73177335061004],[2.376330945949003,48.73175581476844],[2.376307397964121,48.73173828147081]]}},{"type":"Feature","id":"LFPO-5363d9b4fe081914c9d3","properties":{"airport":"LFPO","name":"COLOR_Taxiway","layer":"Guidance lines","category":"Taxiways","object_type":"Line","style_id":"line.taxiway.c0b631","source_group":"COLOR_Taxiway","vsmr_group_ids":[],"geometry_role":"linework"},"geometry":{"type":"LineString","coordinates":[[2.376618635537275,48.7318219150162],[2.376600595336082,48.73179669435509]]}},{"type":"Feature","id":"LFPO-9a1388d4d4bc94e5ab8f","properties":{"airport":"LFPO","name":"COLOR_Taxiway","layer":"Guidance lines","category":"Taxiways","object_type":"Line","style_id":"line.taxiway.c0b631","source_group":"COLOR_Taxiway","vsmr_group_ids":[],"geometry_role":"linework"},"geometry":{"type":"LineString","coordinates":[[2.376584736508112,48.73177288289044],[2.376568154541412,48.73174909948924]]}},{"type":"Feature","id":"LFPO-f1db9e4dc9bbfd8d989e","properties":{"airport":"LFPO","name":"COLOR_Taxiway","layer":"Guidance lines","category":"Taxiways","object_type":"Line","style_id":"line.taxiway.c0b631","source_group":"COLOR_Taxiway","vsmr_group_ids":[],"geometry_role":"linework"},"geometry":{"type":"LineString","coordinates":[[2.376550329087399,48.73172476937604],[2.376532917967114,48.73169907233557]]}},{"type":"Feature","id":"LFPO-d953daedee868d87a37e","properties":{"airport":"LFPO","name":"COLOR_Taxiway","layer":"Guidance lines","category":"Taxiways","object_type":"Line","style_id":"line.taxiway.c0b631","source_group":"COLOR_Taxiway","vsmr_group_ids":[],"geometry_role":"linework"},"geometry":{"type":"LineString","coordinates":[[2.376516024998729,48.7316750745841],[2.376499102626846,48.73164960215477]]}},{"type":"Feature","id":"LFPO-a1c6c5c538481c7c1445","properties":{"airport":"LFPO","name":"COLOR_Taxiway","layer":"Guidance lines","category":"Taxiways","object_type":"Line","style_id":"line.taxiway.c0b631","source_group":"COLOR_Taxiway","vsmr_group_ids":[],"geometry_role":"linework"},"geometry":{"type":"LineString","coordinates":[[2.376481444819649,48.7316255853742],[2.37646378680358,48.73159962777202]]}},{"type":"Feature","id":"LFPO-34ab01f849e42ea55c82","properties":{"airport":"LFPO","name":"COLOR_Taxiway","layer":"Guidance lines","category":"Taxiways","object_type":"Line","style_id":"line.taxiway.c0b631","source_group":"COLOR_Taxiway","vsmr_group_ids":[],"geometry_role":"linework"},"geometry":{"type":"LineString","coordinates":[[2.376447367431498,48.73157607620102],[2.376437601910426,48.73156386243142],[2.376426153012876,48.73155231498186]]}},{"type":"Feature","id":"LFPO-bb2a6c0209e4baf03c4e","properties":{"airport":"LFPO","name":"COLOR_Taxiway","layer":"Guidance lines","category":"Taxiways","object_type":"Line","style_id":"line.taxiway.c0b631","source_group":"COLOR_Taxiway","vsmr_group_ids":[],"geometry_role":"linework"},"geometry":{"type":"LineString","coordinates":[[2.376402880416546,48.731531619908],[2.376387754164175,48.73152036400206],[2.376373625004753,48.73151066570352]]}},{"type":"Feature","id":"LFPO-3800eff330902c65adf7","properties":{"airport":"LFPO","name":"COLOR_Taxiway","layer":"Guidance lines","category":"Taxiways","object_type":"Line","style_id":"line.taxiway.c0b631","source_group":"COLOR_Taxiway","vsmr_group_ids":[],"geometry_role":"linework"},"geometry":{"type":"LineString","coordinates":[[2.376344790309362,48.7314935512514],[2.376317635442187,48.73147671944924],[2.376284214462543,48.73147514425465],[2.37631745045592,48.73147667200784],[2.376317061492199,48.73145525987256]]}},{"type":"Feature","id":"LFPO-eacb8b39c89582e38ac8","properties":{"airport":"LFPO","name":"COLOR_Taxiway","layer":"Guidance lines","category":"Taxiways","object_type":"Line","style_id":"line.taxiway.c0b631","source_group":"COLOR_Taxiway","vsmr_group_ids":[],"geometry_role":"linework"},"geometry":{"type":"LineString","coordinates":[[2.376625112421924,48.73181877782275],[2.376619997070442,48.73180456960997],[2.376616785555388,48.7317931361095]]}},{"type":"Feature","id":"LFPO-a66c3aee2a2b25a06161","properties":{"airport":"LFPO","name":"COLOR_Taxiway","layer":"Guidance lines","category":"Taxiways","object_type":"Line","style_id":"line.taxiway.c0b631","source_group":"COLOR_Taxiway","vsmr_group_ids":[],"geometry_role":"linework"},"geometry":{"type":"LineString","coordinates":[[2.37661549880702,48.73177111578401],[2.376616781036922,48.73175629429618],[2.376619347771327,48.73174528396232]]}},{"type":"Feature","id":"LFPO-ac43b840c819b3667041","properties":{"airport":"LFPO","name":"COLOR_Taxiway","layer":"Guidance lines","category":"Taxiways","object_type":"Line","style_id":"line.taxiway.c0b631","source_group":"COLOR_Taxiway","vsmr_group_ids":[],"geometry_role":"linework"},"geometry":{"type":"LineString","coordinates":[[2.376625765407669,48.73172453365732],[2.376641302397664,48.73170119232624],[2.376665855230791,48.73167601002917],[2.376700179031073,48.73165378965901],[2.376742130320075,48.73163618102902],[2.376784717213127,48.73162318414602],[2.376835945852898,48.73161333176222],[2.376889969544158,48.73160670945491],[2.376938256218677,48.73160733994776]]}},{"type":"Feature","id":"LFPO-526688239109c14518c4","properties":{"airport":"LFPO","name":"COLOR_Taxiway","layer":"Guidance lines","category":"Taxiways","object_type":"Line","style_id":"line.taxiway.c0b631","source_group":"COLOR_Taxiway","vsmr_group_ids":[],"geometry_role":"linework"},"geometry":{"type":"LineString","coordinates":[[2.376690745430932,48.73164735729971],[2.376710603235572,48.73162895768808]]}},{"type":"Feature","id":"LFPO-151b7c1ed9d83c708100","properties":{"airport":"LFPO","name":"COLOR_Taxiway","layer":"Guidance lines","category":"Taxiways","object_type":"Line","style_id":"line.taxiway.c0b631","source_group":"COLOR_Taxiway","vsmr_group_ids":[],"geometry_role":"linework"},"geometry":{"type":"LineString","coordinates":[[2.376724623694126,48.73161823757313],[2.376752227533221,48.73159367485889]]}},{"type":"Feature","id":"LFPO-8445850a1c49d1423b55","properties":{"airport":"LFPO","name":"COLOR_Taxiway","layer":"Guidance lines","category":"Taxiways","object_type":"Line","style_id":"line.taxiway.c0b631","source_group":"COLOR_Taxiway","vsmr_group_ids":[],"geometry_role":"linework"},"geometry":{"type":"LineString","coordinates":[[2.376776621570571,48.73157165312895],[2.376792668725096,48.731544973698]]}},{"type":"Feature","id":"LFPO-ff3c42affce6924c63af","properties":{"airport":"LFPO","name":"COLOR_Taxiway","layer":"Guidance lines","category":"Taxiways","object_type":"Line","style_id":"line.taxiway.c0b631","source_group":"COLOR_Taxiway","vsmr_group_ids":[],"geometry_role":"linework"},"geometry":{"type":"LineString","coordinates":[[2.376807086103687,48.73152043462129],[2.37682286659598,48.73149461499576]]}},{"type":"Feature","id":"LFPO-f6b60e6d7ee6ee172f85","properties":{"airport":"LFPO","name":"COLOR_Taxiway","layer":"Guidance lines","category":"Taxiways","object_type":"Line","style_id":"line.taxiway.c0b631","source_group":"COLOR_Taxiway","vsmr_group_ids":[],"geometry_role":"linework"},"geometry":{"type":"LineString","coordinates":[[2.376836753068372,48.73146921190699],[2.376852533470857,48.73144297584743]]}},{"type":"Feature","id":"LFPO-d75a274617d6ab830b58","properties":{"airport":"LFPO","name":"COLOR_Taxiway","layer":"Guidance lines","category":"Taxiways","object_type":"Line","style_id":"line.taxiway.c0b631","source_group":"COLOR_Taxiway","vsmr_group_ids":[],"geometry_role":"linework"},"geometry":{"type":"LineString","coordinates":[[2.376866254955585,48.731418381353],[2.376871695068925,48.73140573881396],[2.376875756173538,48.73139233961358]]}},{"type":"Feature","id":"LFPO-c6fb1e81fea73581e4a6","properties":{"airport":"LFPO","name":"COLOR_Taxiway","layer":"Guidance lines","category":"Taxiways","object_type":"Line","style_id":"line.taxiway.c0b631","source_group":"COLOR_Taxiway","vsmr_group_ids":[],"geometry_role":"linework"},"geometry":{"type":"LineString","coordinates":[[2.376881339250498,48.73136654626372],[2.376882353022585,48.73135147236102],[2.376882585298763,48.73133773313868],[2.376864221341248,48.73132476084963],[2.376882686851449,48.73133754921431],[2.376899733901181,48.73132387162387]]}},{"type":"Feature","id":"LFPO-38db7cf496d9c7d482cb","properties":{"airport":"LFPO","name":"COLOR_Taxiway","layer":"Guidance lines","category":"Taxiways","object_type":"Line","style_id":"line.taxiway.c0b631","source_group":"COLOR_Taxiway","vsmr_group_ids":[],"geometry_role":"linework"},"geometry":{"type":"LineString","coordinates":[[2.376427364616973,48.73151225492876],[2.376403580288626,48.7315070270075],[2.376379795768992,48.73150019010927]]}},{"type":"Feature","id":"LFPO-c57f98b0243606e54a72","properties":{"airport":"LFPO","name":"COLOR_Taxiway","layer":"Guidance lines","category":"Taxiways","object_type":"Line","style_id":"line.taxiway.c0b631","source_group":"COLOR_Taxiway","vsmr_group_ids":[],"geometry_role":"linework"},"geometry":{"type":"LineString","coordinates":[[2.376539110370504,48.73110217649031],[2.376590358094548,48.73113296948685]]}},{"type":"Feature","id":"LFPO-1f99215881c42656a7c4","properties":{"airport":"LFPO","name":"COLOR_Taxiway","layer":"Guidance lines","category":"Taxiways","object_type":"Line","style_id":"line.taxiway.c0b631","source_group":"COLOR_Taxiway","vsmr_group_ids":[],"geometry_role":"linework"},"geometry":{"type":"LineString","coordinates":[[2.376644463612434,48.73116177942201],[2.376693128018779,48.73119066346683]]}},{"type":"Feature","id":"LFPO-b0874b569894bafec613","properties":{"airport":"LFPO","name":"COLOR_Taxiway","layer":"Guidance lines","category":"Taxiways","object_type":"Line","style_id":"line.taxiway.c0b631","source_group":"COLOR_Taxiway","vsmr_group_ids":[],"geometry_role":"linework"},"geometry":{"type":"LineString","coordinates":[[2.376744962865514,48.73122051832084],[2.376795319490344,48.73124966110919]]}},{"type":"Feature","id":"LFPO-289ed17fb23697a618c4","properties":{"airport":"LFPO","name":"COLOR_Taxiway","layer":"Guidance lines","category":"Taxiways","object_type":"Line","style_id":"line.taxiway.c0b631","source_group":"COLOR_Taxiway","vsmr_group_ids":[],"geometry_role":"linework"},"geometry":{"type":"LineString","coordinates":[[2.376848759062851,48.73128015927195],[2.376898088013635,48.73130794646455]]}},{"type":"Feature","id":"LFPO-afa114315fd38b61bb57","properties":{"airport":"LFPO","name":"COLOR_Taxiway","layer":"Guidance lines","category":"Taxiways","object_type":"Line","style_id":"line.taxiway.c0b631","source_group":"COLOR_Taxiway","vsmr_group_ids":[],"geometry_role":"linework"},"geometry":{"type":"LineString","coordinates":[[2.376950965041331,48.73133731698443],[2.377002278739082,48.73136727384229]]}},{"type":"Feature","id":"LFPO-85b7d15da78b06463f52","properties":{"airport":"LFPO","name":"COLOR_Taxiway","layer":"Guidance lines","category":"Taxiways","object_type":"Line","style_id":"line.taxiway.c0b631","source_group":"COLOR_Taxiway","vsmr_group_ids":[],"geometry_role":"linework"},"geometry":{"type":"LineString","coordinates":[[2.377052751256528,48.73139723067893],[2.377104906182226,48.73142718743647]]}},{"type":"Feature","id":"LFPO-33a813069bdfa26c493d","properties":{"airport":"LFPO","name":"COLOR_Taxiway","layer":"Guidance lines","category":"Taxiways","object_type":"Line","style_id":"line.taxiway.c0b631","source_group":"COLOR_Taxiway","vsmr_group_ids":[],"geometry_role":"linework"},"geometry":{"type":"LineString","coordinates":[[2.37715621958869,48.73145492491539],[2.377207533584422,48.73148543649371]]}},{"type":"Feature","id":"LFPO-48a6baa27b98804afd2e","properties":{"airport":"LFPO","name":"COLOR_Taxiway","layer":"Guidance lines","category":"Taxiways","object_type":"Line","style_id":"line.taxiway.c0b631","source_group":"COLOR_Taxiway","vsmr_group_ids":[],"geometry_role":"linework"},"geometry":{"type":"LineString","coordinates":[[2.377258847321582,48.73151428357035],[2.377310161204065,48.73154313067112]]}},{"type":"Feature","id":"LFPO-0f48a142b738a0326403","properties":{"airport":"LFPO","name":"COLOR_Taxiway","layer":"Guidance lines","category":"Taxiways","object_type":"Line","style_id":"line.taxiway.c0b631","source_group":"COLOR_Taxiway","vsmr_group_ids":[],"geometry_role":"linework"},"geometry":{"type":"LineString","coordinates":[[2.377360634280443,48.73157419702069],[2.377411948310928,48.73160359885669]]}},{"type":"Feature","id":"LFPO-1fb2dc33e80a7e30d65a","properties":{"airport":"LFPO","name":"COLOR_Taxiway","layer":"Guidance lines","category":"Taxiways","object_type":"Line","style_id":"line.taxiway.c0b631","source_group":"COLOR_Taxiway","vsmr_group_ids":[],"geometry_role":"linework"},"geometry":{"type":"LineString","coordinates":[[2.377462421155312,48.73163244591678],[2.377512894173557,48.73166184776436]]}},{"type":"Feature","id":"LFPO-1ef75ab681507575a8b5","properties":{"airport":"LFPO","name":"COLOR_Taxiway","layer":"Guidance lines","category":"Taxiways","object_type":"Line","style_id":"line.taxiway.c0b631","source_group":"COLOR_Taxiway","vsmr_group_ids":[],"geometry_role":"linework"},"geometry":{"type":"LineString","coordinates":[[2.378136085503577,48.73134917408901],[2.378057773837086,48.7315402505104],[2.378046972421104,48.73157454390372],[2.378045085888774,48.73162069728633],[2.378052787179339,48.73165876579916],[2.37806914663321,48.7317012751295],[2.378100897309399,48.731744417929],[2.378135785638005,48.73177873852432],[2.378121968632805,48.73178615070783],[2.378156993106786,48.73179384864759],[2.378149984904407,48.73177074829106],[2.378122186707423,48.7317863297788]]}},{"type":"Feature","id":"LFPO-4173d31a2afbc6228830","properties":{"airport":"LFPO","name":"COLOR_Taxiway","layer":"Guidance lines","category":"Taxiways","object_type":"Line","style_id":"line.taxiway.c0b631","source_group":"COLOR_Taxiway","vsmr_group_ids":[],"geometry_role":"linework"},"geometry":{"type":"LineString","coordinates":[[2.378056943114555,48.73154349501795],[2.378042908120408,48.73156548727711]]}},{"type":"Feature","id":"LFPO-73a533a86905de2104c4","properties":{"airport":"LFPO","name":"COLOR_Taxiway","layer":"Guidance lines","category":"Taxiways","object_type":"Line","style_id":"line.taxiway.c0b631","source_group":"COLOR_Taxiway","vsmr_group_ids":[],"geometry_role":"linework"},"geometry":{"type":"LineString","coordinates":[[2.378027703548526,48.73158940866222],[2.378017176895837,48.73160329861189],[2.378006064958866,48.73161487371906]]}},{"type":"Feature","id":"LFPO-631acaeae985ba7aabf9","properties":{"airport":"LFPO","name":"COLOR_Taxiway","layer":"Guidance lines","category":"Taxiways","object_type":"Line","style_id":"line.taxiway.c0b631","source_group":"COLOR_Taxiway","vsmr_group_ids":[],"geometry_role":"linework"},"geometry":{"type":"LineString","coordinates":[[2.377983255616452,48.73163455165583],[2.377954012007077,48.73165423000954]]}},{"type":"Feature","id":"LFPO-e84e7e5cec32725f6ac6","properties":{"airport":"LFPO","name":"COLOR_Taxiway","layer":"Guidance lines","category":"Taxiways","object_type":"Line","style_id":"line.taxiway.c0b631","source_group":"COLOR_Taxiway","vsmr_group_ids":[],"geometry_role":"linework"},"geometry":{"type":"LineString","coordinates":[[2.377923598080061,48.73167159359887],[2.377888504603036,48.73168779999928]]}},{"type":"Feature","id":"LFPO-2f976508ec8c35a47b9c","properties":{"airport":"LFPO","name":"COLOR_Taxiway","layer":"Guidance lines","category":"Taxiways","object_type":"Line","style_id":"line.taxiway.c0b631","source_group":"COLOR_Taxiway","vsmr_group_ids":[],"geometry_role":"linework"},"geometry":{"type":"LineString","coordinates":[[2.377855538628186,48.73170085949403],[2.377834301653707,48.73170831232855],[2.377817204711246,48.73171343951079]]}},{"type":"Feature","id":"LFPO-fb63f0f853a2370e01b4","properties":{"airport":"LFPO","name":"COLOR_Taxiway","layer":"Guidance lines","category":"Taxiways","object_type":"Line","style_id":"line.taxiway.c0b631","source_group":"COLOR_Taxiway","vsmr_group_ids":[],"geometry_role":"linework"},"geometry":{"type":"LineString","coordinates":[[2.377778865698381,48.73172232717371],[2.377758141753801,48.73172608762126],[2.37773793998894,48.73172816696232],[2.377716182634062,48.73171309931282],[2.37773793998894,48.73172816696232],[2.377718359509042,48.73174574660641]]}},{"type":"Feature","id":"LFPO-6fce7b48acb4bb6db2fd","properties":{"airport":"LFPO","name":"COLOR_Taxiway","layer":"Guidance lines","category":"Taxiways","object_type":"Line","style_id":"line.taxiway.c0b631","source_group":"COLOR_Taxiway","vsmr_group_ids":[],"geometry_role":"linework"},"geometry":{"type":"LineString","coordinates":[[2.377699336613583,48.73173063044927],[2.377657207096289,48.73173047860219]]}},{"type":"Feature","id":"LFPO-c2b5f098398a6d91d2b3","properties":{"airport":"LFPO","name":"COLOR_Taxiway","layer":"Guidance lines","category":"Taxiways","object_type":"Line","style_id":"line.taxiway.c0b631","source_group":"COLOR_Taxiway","vsmr_group_ids":[],"geometry_role":"linework"},"geometry":{"type":"LineString","coordinates":[[2.376279572705224,48.73175819455799],[2.376226315045102,48.73175862762994]]}},{"type":"Feature","id":"LFPO-452a0ee382e15f36397c","properties":{"airport":"LFPO","name":"COLOR_Taxiway","layer":"Guidance lines","category":"Taxiways","object_type":"Line","style_id":"line.taxiway.c0b631","source_group":"COLOR_Taxiway","vsmr_group_ids":[],"geometry_role":"linework"},"geometry":{"type":"LineString","coordinates":[[2.376162829590709,48.73175878497156],[2.376090438191574,48.73176049384021]]}},{"type":"Feature","id":"LFPO-ed6726b14ed1c60d5fae","properties":{"airport":"LFPO","name":"COLOR_Taxiway","layer":"Guidance lines","category":"Taxiways","object_type":"Line","style_id":"line.taxiway.c0b631","source_group":"COLOR_Taxiway","vsmr_group_ids":[],"geometry_role":"linework"},"geometry":{"type":"LineString","coordinates":[[2.376018908470447,48.7317616341933],[2.375955996770698,48.7317627740896]]}},{"type":"Feature","id":"LFPO-3af8c7fbb8f25f0e6ef1","properties":{"airport":"LFPO","name":"COLOR_Taxiway","layer":"Guidance lines","category":"Taxiways","object_type":"Line","style_id":"line.taxiway.c0b631","source_group":"COLOR_Taxiway","vsmr_group_ids":[],"geometry_role":"linework"},"geometry":{"type":"LineString","coordinates":[[2.375893085329761,48.73176391392451],[2.375832759072611,48.73176448519131]]}},{"type":"Feature","id":"LFPO-e5bce87c235ab5187509","properties":{"airport":"LFPO","name":"COLOR_Taxiway","layer":"Guidance lines","category":"Taxiways","object_type":"Line","style_id":"line.taxiway.c0b631","source_group":"COLOR_Taxiway","vsmr_group_ids":[],"geometry_role":"linework"},"geometry":{"type":"LineString","coordinates":[[2.375775880001618,48.73176505626777],[2.375719001019574,48.73176676418396]]}},{"type":"Feature","id":"LFPO-714205d23b6ce8e680c2","properties":{"airport":"LFPO","name":"COLOR_Taxiway","layer":"Guidance lines","category":"Taxiways","object_type":"Line","style_id":"line.taxiway.c0b631","source_group":"COLOR_Taxiway","vsmr_group_ids":[],"geometry_role":"linework"},"geometry":{"type":"LineString","coordinates":[[2.375649065719403,48.73176177385279],[2.375624032321868,48.73175892581132],[2.375609700474,48.73175577550138]]}},{"type":"Feature","id":"LFPO-630f205bd1fe8a02d487","properties":{"airport":"LFPO","name":"COLOR_Taxiway","layer":"Guidance lines","category":"Taxiways","object_type":"Line","style_id":"line.taxiway.c0b631","source_group":"COLOR_Taxiway","vsmr_group_ids":[],"geometry_role":"linework"},"geometry":{"type":"LineString","coordinates":[[2.37557195927951,48.73174710828569],[2.375552505804279,48.73174165603321],[2.375534511136943,48.73173459985433]]}},{"type":"Feature","id":"LFPO-83f9313e30b3d57fe801","properties":{"airport":"LFPO","name":"COLOR_Taxiway","layer":"Guidance lines","category":"Taxiways","object_type":"Line","style_id":"line.taxiway.c0b631","source_group":"COLOR_Taxiway","vsmr_group_ids":[],"geometry_role":"linework"},"geometry":{"type":"LineString","coordinates":[[2.375498676628962,48.73172189001194],[2.375481471183474,48.73171373444386],[2.375465341071028,48.73170593344847]]}},{"type":"Feature","id":"LFPO-8d8eb6ca7716aa90e5cb","properties":{"airport":"LFPO","name":"COLOR_Taxiway","layer":"Guidance lines","category":"Taxiways","object_type":"Line","style_id":"line.taxiway.c0b631","source_group":"COLOR_Taxiway","vsmr_group_ids":[],"geometry_role":"linework"},"geometry":{"type":"LineString","coordinates":[[2.375434155797744,48.73168678517883],[2.375418563102729,48.73167650179507],[2.375406734090959,48.73166799136196]]}},{"type":"Feature","id":"LFPO-6587e31a27c925584957","properties":{"airport":"LFPO","name":"COLOR_Taxiway","layer":"Guidance lines","category":"Taxiways","object_type":"Line","style_id":"line.taxiway.c0b631","source_group":"COLOR_Taxiway","vsmr_group_ids":[],"geometry_role":"linework"},"geometry":{"type":"LineString","coordinates":[[2.375381950765247,48.73164678841561],[2.375371294490805,48.73163526296988],[2.375360638170319,48.73162317528348],[2.375332933871483,48.73161361838962],[2.375360638170319,48.73162317528348],[2.375374275058078,48.73160602641002]]}},{"type":"Feature","id":"LFPO-84d2052d07a330e44df7","properties":{"airport":"LFPO","name":"COLOR_Taxiway","layer":"Guidance lines","category":"Taxiways","object_type":"Line","style_id":"line.taxiway.c0b631","source_group":"COLOR_Taxiway","vsmr_group_ids":[],"geometry_role":"linework"},"geometry":{"type":"LineString","coordinates":[[2.377495725246357,48.73170880144449],[2.377425659016139,48.73169626313738]]}},{"type":"Feature","id":"LFPO-3c0785702fbe22bb0e17","properties":{"airport":"LFPO","name":"COLOR_Taxiway","layer":"Guidance lines","category":"Taxiways","object_type":"Line","style_id":"line.taxiway.c0b631","source_group":"COLOR_Taxiway","vsmr_group_ids":[],"geometry_role":"linework"},"geometry":{"type":"LineString","coordinates":[[2.37735926325469,48.7316848741803],[2.377296114031959,48.7316730451953]]}},{"type":"Feature","id":"LFPO-6f3424fcf28f5244669c","properties":{"airport":"LFPO","name":"COLOR_Taxiway","layer":"Guidance lines","category":"Taxiways","object_type":"Line","style_id":"line.taxiway.c0b631","source_group":"COLOR_Taxiway","vsmr_group_ids":[],"geometry_role":"linework"},"geometry":{"type":"LineString","coordinates":[[2.37723447058845,48.73166208587792],[2.377172149246363,48.73165027176126]]}},{"type":"Feature","id":"LFPO-dc1c388e101d2d4b2a3c","properties":{"airport":"LFPO","name":"COLOR_Taxiway","layer":"Guidance lines","category":"Taxiways","object_type":"Line","style_id":"line.taxiway.c0b631","source_group":"COLOR_Taxiway","vsmr_group_ids":[],"geometry_role":"linework"},"geometry":{"type":"LineString","coordinates":[[2.377110607069968,48.73163948518732],[2.377051401852739,48.73162818464252]]}},{"type":"Feature","id":"LFPO-e40d708fb441edfe94df","properties":{"airport":"LFPO","name":"COLOR_Taxiway","layer":"Guidance lines","category":"Taxiways","object_type":"Line","style_id":"line.taxiway.c0b631","source_group":"COLOR_Taxiway","vsmr_group_ids":[],"geometry_role":"linework"},"geometry":{"type":"LineString","coordinates":[[2.376978216634174,48.73161480512774],[2.376982944936703,48.73160472899087],[2.377002770827532,48.73161955621103],[2.37697312461141,48.73162560098918],[2.376978216634174,48.73161480512774],[2.376938612832595,48.73160739470293]]}},{"type":"Feature","id":"LFPO-535a511b74e6131f232e","properties":{"airport":"LFPO","name":"COLOR_Taxiway","layer":"Guidance lines","category":"Taxiways","object_type":"Line","style_id":"line.taxiway.c0b631","source_group":"COLOR_Taxiway","vsmr_group_ids":[],"geometry_role":"linework"},"geometry":{"type":"LineString","coordinates":[[2.376872583540022,48.73159502336963],[2.376818323027519,48.73158480103637]]}},{"type":"Feature","id":"LFPO-9a30a1f2774e9a12d696","properties":{"airport":"LFPO","name":"COLOR_Taxiway","layer":"Guidance lines","category":"Taxiways","object_type":"Line","style_id":"line.taxiway.c0b631","source_group":"COLOR_Taxiway","vsmr_group_ids":[],"geometry_role":"linework"},"geometry":{"type":"LineString","coordinates":[[2.377554053974964,48.73171971856244],[2.377592204870147,48.73172600700523],[2.377617002819961,48.7317291508669]]}},{"type":"Feature","id":"LFPO-39c3704ea1afd0c019ed","properties":{"airport":"LFPO","name":"COLOR_Taxiway","layer":"Guidance lines","category":"Taxiways","object_type":"Line","style_id":"line.taxiway.c0b631","source_group":"COLOR_Taxiway","vsmr_group_ids":[],"geometry_role":"linework"},"geometry":{"type":"LineString","coordinates":[[2.377572179590453,48.73169554952261],[2.377618947907671,48.73172190528602]]}},{"type":"Feature","id":"LFPO-1b45c8f72ef38ae27942","properties":{"airport":"LFPO","name":"COLOR_Taxiway","layer":"Guidance lines","category":"Taxiways","object_type":"Line","style_id":"line.taxiway.c0b631","source_group":"COLOR_Taxiway","vsmr_group_ids":[],"geometry_role":"linework"},"geometry":{"type":"LineString","coordinates":[[2.377608716902349,48.73078729011408],[2.377677284251867,48.73079187556133],[2.377752029905293,48.73079031826931],[2.377829358672863,48.73078402288964],[2.377904734376322,48.73077355465971],[2.378619057763882,48.73061644116296]]}},{"type":"Feature","id":"LFPO-67b697b2f0e0d90b05aa","properties":{"airport":"LFPO","name":"COLOR_Taxiway","layer":"Guidance lines","category":"Taxiways","object_type":"Line","style_id":"line.taxiway.c0b631","source_group":"COLOR_Taxiway","vsmr_group_ids":[],"geometry_role":"linework"},"geometry":{"type":"LineString","coordinates":[[2.377768684028834,48.73176062519963],[2.379142790748603,48.73201155719212],[2.378303533975465,48.73185869940453],[2.378247549773271,48.73184147311546],[2.378203699166805,48.73182072426917],[2.378163661599564,48.73179746033147]]}},{"type":"Feature","id":"LFPO-77770735c913613ad123","properties":{"airport":"LFPO","name":"COLOR_Taxiway","layer":"Guidance lines","category":"Taxiways","object_type":"Line","style_id":"line.taxiway.c0b631","source_group":"COLOR_Taxiway","vsmr_group_ids":[],"geometry_role":"linework"},"geometry":{"type":"LineString","coordinates":[[2.380424031400137,48.73224730855842],[2.379141899108421,48.73201175031101]]}},{"type":"Feature","id":"LFPO-7d227a59078354247d0a","properties":{"airport":"LFPO","name":"COLOR_Taxiway","layer":"Guidance lines","category":"Taxiways","object_type":"Line","style_id":"line.taxiway.c0b631","source_group":"COLOR_Taxiway","vsmr_group_ids":[],"geometry_role":"linework"},"geometry":{"type":"LineString","coordinates":[[2.379366211695526,48.73146807983979],[2.379923175920846,48.73257854928254],[2.379794230347807,48.73231871753411],[2.379752141484712,48.73226158784814],[2.379706343107282,48.73221506926945],[2.379648170390418,48.7321693682749],[2.379571436890304,48.73212775035913],[2.379461290991043,48.73208205504728],[2.379348673619834,48.7320494191631]]}},{"type":"Feature","id":"LFPO-ed9e015c38bf4b8806e4","properties":{"airport":"LFPO","name":"COLOR_Taxiway","layer":"Guidance lines","category":"Taxiways","object_type":"Line","style_id":"line.taxiway.c0b631","source_group":"COLOR_Taxiway","vsmr_group_ids":[],"geometry_role":"linework"},"geometry":{"type":"LineString","coordinates":[[2.378707657766537,48.73193242478725],[2.378842712949014,48.73193790930716],[2.378936081532479,48.73193020122559],[2.379026112641967,48.7319114960313],[2.379101136861703,48.73188949316943],[2.379171156008364,48.73185539366533],[2.379252841607649,48.73180259725751],[2.379311975499332,48.73174451116047],[2.379353132539288,48.73168525622398],[2.379377442944217,48.7316124249195],[2.379383038797578,48.73153959566438],[2.379366177883973,48.73146923761381],[2.379326856224764,48.73138530370097]]}},{"type":"Feature","id":"LFPO-c1968155d89969fbbf0c","properties":{"airport":"LFPO","name":"COLOR_Taxiway","layer":"Guidance lines","category":"Taxiways","object_type":"Line","style_id":"line.taxiway.c0b631","source_group":"COLOR_Taxiway","vsmr_group_ids":[],"geometry_role":"linework"},"geometry":{"type":"LineString","coordinates":[[2.380318925807368,48.73222851636136],[2.380268105247088,48.73222685867381],[2.380212750097523,48.73223538479274]]}},{"type":"Feature","id":"LFPO-21875dd366fdbe92f9e4","properties":{"airport":"LFPO","name":"COLOR_Taxiway","layer":"Guidance lines","category":"Taxiways","object_type":"Line","style_id":"line.taxiway.c0b631","source_group":"COLOR_Taxiway","vsmr_group_ids":[],"geometry_role":"linework"},"geometry":{"type":"LineString","coordinates":[[2.380158026411081,48.73225224646318],[2.380074586768266,48.73227696774288]]}},{"type":"Feature","id":"LFPO-5276080b26e2a04df105","properties":{"airport":"LFPO","name":"COLOR_Taxiway","layer":"Guidance lines","category":"Taxiways","object_type":"Line","style_id":"line.taxiway.c0b631","source_group":"COLOR_Taxiway","vsmr_group_ids":[],"geometry_role":"linework"},"geometry":{"type":"LineString","coordinates":[[2.380015903161372,48.73229274741046],[2.379942914702196,48.73231541254869]]}},{"type":"Feature","id":"LFPO-7621f12e3d01cb840572","properties":{"airport":"LFPO","name":"COLOR_Taxiway","layer":"Guidance lines","category":"Taxiways","object_type":"Line","style_id":"line.taxiway.c0b631","source_group":"COLOR_Taxiway","vsmr_group_ids":[],"geometry_role":"linework"},"geometry":{"type":"LineString","coordinates":[[2.379889919822231,48.73233247565781],[2.379824098727317,48.73235283758371]]}},{"type":"Feature","id":"LFPO-f9ba4e9c75e46ee5e487","properties":{"airport":"LFPO","name":"COLOR_Taxiway","layer":"Guidance lines","category":"Taxiways","object_type":"Line","style_id":"line.taxiway.c0b631","source_group":"COLOR_Taxiway","vsmr_group_ids":[],"geometry_role":"linework"},"geometry":{"type":"LineString","coordinates":[[2.379767025536683,48.73236472560539],[2.379705290694065,48.73237886039801],[2.37967757306853,48.73238551190044]]}},{"type":"Feature","id":"LFPO-bbfc6fdd2e25c1c57b12","properties":{"airport":"LFPO","name":"COLOR_Taxiway","layer":"Guidance lines","category":"Taxiways","object_type":"Line","style_id":"line.taxiway.c0b631","source_group":"COLOR_Taxiway","vsmr_group_ids":[],"geometry_role":"linework"},"geometry":{"type":"LineString","coordinates":[[2.379622965224464,48.73240229751751],[2.379537140729973,48.7324311475566],[2.379554293678694,48.73239465181894],[2.379537359332429,48.73243097460459],[2.379590311613089,48.73244354130892]]}},{"type":"Feature","id":"LFPO-5fcaf23b4c80cfc26f33","properties":{"airport":"LFPO","name":"COLOR_Taxiway","layer":"Guidance lines","category":"Taxiways","object_type":"Line","style_id":"line.taxiway.c0b631","source_group":"COLOR_Taxiway","vsmr_group_ids":[],"geometry_role":"linework"},"geometry":{"type":"LineString","coordinates":[[2.382025063246276,48.73676658020958],[2.382295041383602,48.73730672690886],[2.382105962265599,48.73692785051788],[2.38216093127918,48.73699747854658],[2.382210505680264,48.73704223745895],[2.382262231642818,48.73707633757843],[2.382337734156699,48.73711554243121],[2.382405431839618,48.73714300517086],[2.38247573137619,48.7371653165154]]}},{"type":"Feature","id":"LFPO-62a13d5f398c9e330b0d","properties":{"airport":"LFPO","name":"COLOR_Taxiway","layer":"Guidance lines","category":"Taxiways","object_type":"Line","style_id":"line.taxiway.c0b631","source_group":"COLOR_Taxiway","vsmr_group_ids":[],"geometry_role":"linework"},"geometry":{"type":"LineString","coordinates":[[2.383097584695868,48.73822808237739],[2.38385082763569,48.7384781290962],[2.383950660179142,48.73850340064543],[2.384031088477163,48.73851475887097],[2.384128748612921,48.73851601241109],[2.384209172936282,48.73850969031628],[2.384308743919581,48.73849326333809],[2.383937681318815,48.73857699340154],[2.38384452218237,48.738599885857],[2.383767675188861,48.7386271122324],[2.383699368455312,48.73865996933914],[2.383635332574174,48.7386993961869],[2.383585528415157,48.73873788312663],[2.383541418332791,48.73878293971599],[2.383501579103455,48.73883456609871],[2.383477395830991,48.73888994547533],[2.383454220101375,48.73895543146577],[2.383431470031507,48.73903396862936],[2.383641955961453,48.73818065920172],[2.383657167358315,48.73808659944949],[2.383666838688252,48.7379861478983],[2.383657215736736,48.73808656117125],[2.383642092748175,48.7381804379039],[2.383498608367778,48.73876266603492],[2.383509088996243,48.73869056259416],[2.383509077776418,48.73863691832797],[2.383501194563615,48.73858212109818],[2.383472034622454,48.73850894332527],[2.383444505474093,48.73846103294405],[2.38340486762449,48.73841167171937],[2.383356020488454,48.73836384909281],[2.383308790241181,48.73832808232384],[2.383244815511767,48.73828998439786],[2.383172587158868,48.73825256755476]]}},{"type":"Feature","id":"LFPO-bd1e0164b2edde72ebd5","properties":{"airport":"LFPO","name":"COLOR_TaxiwayOrange","layer":"Guidance lines","category":"Taxiway Orange","object_type":"Line","style_id":"line.taxiwayorange.cc6d00","source_group":"COLOR_TaxiwayOrange","vsmr_group_ids":[],"geometry_role":"linework"},"geometry":{"type":"LineString","coordinates":[[2.35331869387114,48.73071521101585],[2.353349295814939,48.73072998360707]]}},{"type":"Feature","id":"LFPO-b030a49149b6325df978","properties":{"airport":"LFPO","name":"COLOR_TaxiwayOrange","layer":"Guidance lines","category":"Taxiway Orange","object_type":"Line","style_id":"line.taxiwayorange.cc6d00","source_group":"COLOR_TaxiwayOrange","vsmr_group_ids":[],"geometry_role":"linework"},"geometry":{"type":"LineString","coordinates":[[2.353380644339955,48.73074377152097],[2.353409753403914,48.73075854398575]]}},{"type":"Feature","id":"LFPO-cb46e9c7af099f55d2b1","properties":{"airport":"LFPO","name":"COLOR_TaxiwayOrange","layer":"Guidance lines","category":"Taxiway Orange","object_type":"Line","style_id":"line.taxiwayorange.cc6d00","source_group":"COLOR_TaxiwayOrange","vsmr_group_ids":[],"geometry_role":"linework"},"geometry":{"type":"LineString","coordinates":[[2.353438862510819,48.73077282407068],[2.353469464420326,48.73078808896879]]}},{"type":"Feature","id":"LFPO-8b2a73ed63d084a3e883","properties":{"airport":"LFPO","name":"COLOR_TaxiwayOrange","layer":"Guidance lines","category":"Taxiway Orange","object_type":"Line","style_id":"line.taxiwayorange.cc6d00","source_group":"COLOR_TaxiwayOrange","vsmr_group_ids":[],"geometry_role":"linework"},"geometry":{"type":"LineString","coordinates":[[2.353499320183647,48.73080138439467],[2.353529175888815,48.7308151721644]]}},{"type":"Feature","id":"LFPO-d7afa3f0cd5e06ed3cbd","properties":{"airport":"LFPO","name":"COLOR_TaxiwayOrange","layer":"Guidance lines","category":"Taxiway Orange","object_type":"Line","style_id":"line.taxiwayorange.cc6d00","source_group":"COLOR_TaxiwayOrange","vsmr_group_ids":[],"geometry_role":"linework"},"geometry":{"type":"LineString","coordinates":[[2.35372468728289,48.73118845331854],[2.353711532719192,48.73121302979312]]}},{"type":"Feature","id":"LFPO-2c799bc9bce9b68841e3","properties":{"airport":"LFPO","name":"COLOR_TaxiwayOrange","layer":"Guidance lines","category":"Taxiway Orange","object_type":"Line","style_id":"line.taxiwayorange.cc6d00","source_group":"COLOR_TaxiwayOrange","vsmr_group_ids":[],"geometry_role":"linework"},"geometry":{"type":"LineString","coordinates":[[2.353699839648919,48.73123567872481],[2.353688146569515,48.73125832765055]]}},{"type":"Feature","id":"LFPO-98a969c9cb16e91285c2","properties":{"airport":"LFPO","name":"COLOR_TaxiwayOrange","layer":"Guidance lines","category":"Taxiway Orange","object_type":"Line","style_id":"line.taxiwayorange.cc6d00","source_group":"COLOR_TaxiwayOrange","vsmr_group_ids":[],"geometry_role":"linework"},"geometry":{"type":"LineString","coordinates":[[2.35367645347772,48.73128097657453],[2.353664760235346,48.7313045893147]]}},{"type":"Feature","id":"LFPO-e204b960b1695cb0c1ee","properties":{"airport":"LFPO","name":"COLOR_TaxiwayOrange","layer":"Guidance lines","category":"Taxiway Orange","object_type":"Line","style_id":"line.taxiwayorange.cc6d00","source_group":"COLOR_TaxiwayOrange","vsmr_group_ids":[],"geometry_role":"linework"},"geometry":{"type":"LineString","coordinates":[[2.353652336569769,48.73132675628306],[2.353641374056992,48.73134940525098]]}},{"type":"Feature","id":"LFPO-80cf295e9bc7cac9a5a2","properties":{"airport":"LFPO","name":"COLOR_TaxiwayOrange","layer":"Guidance lines","category":"Taxiway Orange","object_type":"Line","style_id":"line.taxiwayorange.cc6d00","source_group":"COLOR_TaxiwayOrange","vsmr_group_ids":[],"geometry_role":"linework"},"geometry":{"type":"LineString","coordinates":[[2.320131066860696,48.71770546753292],[2.320152344403144,48.71772851802032]]}},{"type":"Feature","id":"LFPO-434b9ee449e5fb07569f","properties":{"airport":"LFPO","name":"COLOR_TaxiwayOrange","layer":"Guidance lines","category":"Taxiway Orange","object_type":"Line","style_id":"line.taxiwayorange.cc6d00","source_group":"COLOR_TaxiwayOrange","vsmr_group_ids":[],"geometry_role":"linework"},"geometry":{"type":"LineString","coordinates":[[2.320174537313953,48.71775048608764],[2.320195814917552,48.7177735365787]]}},{"type":"Feature","id":"LFPO-5ea94df6b3f88c7434bf","properties":{"airport":"LFPO","name":"COLOR_TaxiwayOrange","layer":"Guidance lines","category":"Taxiway Orange","object_type":"Line","style_id":"line.taxiwayorange.cc6d00","source_group":"COLOR_TaxiwayOrange","vsmr_group_ids":[],"geometry_role":"linework"},"geometry":{"type":"LineString","coordinates":[[2.320212837363624,48.71779152734145],[2.320229858461016,48.71781120416815]]}},{"type":"Feature","id":"LFPO-269370f1f0c78a68b893","properties":{"airport":"LFPO","name":"COLOR_TaxiwayOrange","layer":"Guidance lines","category":"Taxiway Orange","object_type":"Line","style_id":"line.taxiwayorange.cc6d00","source_group":"COLOR_TaxiwayOrange","vsmr_group_ids":[],"geometry_role":"linework"},"geometry":{"type":"LineString","coordinates":[[2.320249433759098,48.71783256796116],[2.320268158127354,48.71785280739901]]}},{"type":"Feature","id":"LFPO-8792cb4bb0f57c528874","properties":{"airport":"LFPO","name":"COLOR_TaxiwayOrange","layer":"Guidance lines","category":"Taxiway Orange","object_type":"Line","style_id":"line.taxiwayorange.cc6d00","source_group":"COLOR_TaxiwayOrange","vsmr_group_ids":[],"geometry_role":"linework"},"geometry":{"type":"LineString","coordinates":[[2.320899648986559,48.71770542681962],[2.320881318428907,48.7177280087446]]}},{"type":"Feature","id":"LFPO-659be87641ad4276d39a","properties":{"airport":"LFPO","name":"COLOR_TaxiwayOrange","layer":"Guidance lines","category":"Taxiway Orange","object_type":"Line","style_id":"line.taxiwayorange.cc6d00","source_group":"COLOR_TaxiwayOrange","vsmr_group_ids":[],"geometry_role":"linework"},"geometry":{"type":"LineString","coordinates":[[2.320859802209061,48.71775164016938],[2.320841714839339,48.7177735280559]]}},{"type":"Feature","id":"LFPO-15a9de5716b93319522b","properties":{"airport":"LFPO","name":"COLOR_TaxiwayOrange","layer":"Guidance lines","category":"Taxiway Orange","object_type":"Line","style_id":"line.taxiwayorange.cc6d00","source_group":"COLOR_TaxiwayOrange","vsmr_group_ids":[],"geometry_role":"linework"},"geometry":{"type":"LineString","coordinates":[[2.320824540933482,48.7177956887876],[2.320808082971788,48.71781643486914]]}},{"type":"Feature","id":"LFPO-d9871614243b2dd483d6","properties":{"airport":"LFPO","name":"COLOR_TaxiwayOrange","layer":"Guidance lines","category":"Taxiway Orange","object_type":"Line","style_id":"line.taxiwayorange.cc6d00","source_group":"COLOR_TaxiwayOrange","vsmr_group_ids":[],"geometry_role":"linework"},"geometry":{"type":"LineString","coordinates":[[2.320793056184014,48.71783529492388],[2.320776598949879,48.7178550977376]]}},{"type":"Feature","id":"LFPO-29924969c9c96e91fce5","properties":{"airport":"LFPO","name":"COLOR_TaxiwayOrange","layer":"Guidance lines","category":"Taxiway Orange","object_type":"Line","style_id":"line.taxiwayorange.cc6d00","source_group":"COLOR_TaxiwayOrange","vsmr_group_ids":[],"geometry_role":"linework"},"geometry":{"type":"LineString","coordinates":[[2.321533491736825,48.7179328765814],[2.321517682967831,48.71795126049562]]}},{"type":"Feature","id":"LFPO-5e57340ad892b084d91b","properties":{"airport":"LFPO","name":"COLOR_TaxiwayOrange","layer":"Guidance lines","category":"Taxiway Orange","object_type":"Line","style_id":"line.taxiwayorange.cc6d00","source_group":"COLOR_TaxiwayOrange","vsmr_group_ids":[],"geometry_role":"linework"},"geometry":{"type":"LineString","coordinates":[[2.321503502981006,48.71796986805604],[2.321488455609118,48.71798789642888]]}},{"type":"Feature","id":"LFPO-07370aebe581b805d0ed","properties":{"airport":"LFPO","name":"COLOR_TaxiwayOrange","layer":"Guidance lines","category":"Taxiway Orange","object_type":"Line","style_id":"line.taxiwayorange.cc6d00","source_group":"COLOR_TaxiwayOrange","vsmr_group_ids":[],"geometry_role":"linework"},"geometry":{"type":"LineString","coordinates":[[2.321474089084727,48.718009080892],[2.321459042752507,48.71802575674266]]}},{"type":"Feature","id":"LFPO-cf328bfd4ad1359750af","properties":{"airport":"LFPO","name":"COLOR_TaxiwayOrange","layer":"Guidance lines","category":"Taxiway Orange","object_type":"Line","style_id":"line.taxiwayorange.cc6d00","source_group":"COLOR_TaxiwayOrange","vsmr_group_ids":[],"geometry_role":"linework"},"geometry":{"type":"LineString","coordinates":[[2.321446046755509,48.7180419824537],[2.321429631971956,48.71806091201893]]}},{"type":"Feature","id":"LFPO-b1c53cebc07d376a8602","properties":{"airport":"LFPO","name":"COLOR_TaxiwayOrange","layer":"Guidance lines","category":"Taxiway Orange","object_type":"Line","style_id":"line.taxiwayorange.cc6d00","source_group":"COLOR_TaxiwayOrange","vsmr_group_ids":[],"geometry_role":"linework"},"geometry":{"type":"LineString","coordinates":[[2.321961259024097,48.71835452638798],[2.321920042209635,48.71835496570613]]}},{"type":"Feature","id":"LFPO-d5cdbd81814b5be8864f","properties":{"airport":"LFPO","name":"COLOR_TaxiwayOrange","layer":"Guidance lines","category":"Taxiway Orange","object_type":"Line","style_id":"line.taxiwayorange.cc6d00","source_group":"COLOR_TaxiwayOrange","vsmr_group_ids":[],"geometry_role":"linework"},"geometry":{"type":"LineString","coordinates":[[2.321882260446477,48.71835495295311],[2.321849973860153,48.71835539526197]]}},{"type":"Feature","id":"LFPO-99ca3172747b753f58a3","properties":{"airport":"LFPO","name":"COLOR_TaxiwayOrange","layer":"Guidance lines","category":"Taxiway Orange","object_type":"Line","style_id":"line.taxiwayorange.cc6d00","source_group":"COLOR_TaxiwayOrange","vsmr_group_ids":[],"geometry_role":"linework"},"geometry":{"type":"LineString","coordinates":[[2.321815625380292,48.71835719651429],[2.321786086541038,48.71835763973368]]}},{"type":"Feature","id":"LFPO-f3556782233e4f3f49b7","properties":{"airport":"LFPO","name":"COLOR_TaxiwayOrange","layer":"Guidance lines","category":"Taxiway Orange","object_type":"Line","style_id":"line.taxiwayorange.cc6d00","source_group":"COLOR_TaxiwayOrange","vsmr_group_ids":[],"geometry_role":"linework"},"geometry":{"type":"LineString","coordinates":[[2.321756547340432,48.71835853616033],[2.321722886473319,48.71835943118332]]}},{"type":"Feature","id":"LFPO-fa183716e44467f5efbe","properties":{"airport":"LFPO","name":"COLOR_TaxiwayOrange","layer":"Guidance lines","category":"Taxiway Orange","object_type":"Line","style_id":"line.taxiwayorange.cc6d00","source_group":"COLOR_TaxiwayOrange","vsmr_group_ids":[],"geometry_role":"linework"},"geometry":{"type":"LineString","coordinates":[[2.35478152081142,48.72237399541407],[2.354812524316703,48.72236510464509]]}},{"type":"Feature","id":"LFPO-e0a2a9c945e8ed4c4cfa","properties":{"airport":"LFPO","name":"COLOR_TaxiwayOrange","layer":"Guidance lines","category":"Taxiway Orange","object_type":"Line","style_id":"line.taxiwayorange.cc6d00","source_group":"COLOR_TaxiwayOrange","vsmr_group_ids":[],"geometry_role":"linework"},"geometry":{"type":"LineString","coordinates":[[2.354848245440981,48.72235710335827],[2.354883292735208,48.72234776816683]]}},{"type":"Feature","id":"LFPO-4087f3a1d99af4ce7c32","properties":{"airport":"LFPO","name":"COLOR_TaxiwayOrange","layer":"Guidance lines","category":"Taxiway Orange","object_type":"Line","style_id":"line.taxiwayorange.cc6d00","source_group":"COLOR_TaxiwayOrange","vsmr_group_ids":[],"geometry_role":"linework"},"geometry":{"type":"LineString","coordinates":[[2.354927101662174,48.7223375441786],[2.354958104916798,48.72232998723624]]}},{"type":"Feature","id":"LFPO-067e6520449d2e6ddc5f","properties":{"airport":"LFPO","name":"COLOR_TaxiwayOrange","layer":"Guidance lines","category":"Taxiway Orange","object_type":"Line","style_id":"line.taxiwayorange.cc6d00","source_group":"COLOR_TaxiwayOrange","vsmr_group_ids":[],"geometry_role":"linework"},"geometry":{"type":"LineString","coordinates":[[2.354989782074255,48.72232287494052],[2.355023481373326,48.72231353963663]]}},{"type":"Feature","id":"LFPO-d3c5d9cb477b474d5a7e","properties":{"airport":"LFPO","name":"COLOR_TaxiwayOrange","layer":"Guidance lines","category":"Taxiway Orange","object_type":"Line","style_id":"line.taxiwayorange.cc6d00","source_group":"COLOR_TaxiwayOrange","vsmr_group_ids":[],"geometry_role":"linework"},"geometry":{"type":"LineString","coordinates":[[2.354966987575067,48.72155055752577],[2.355006144494294,48.7215576049316]]}},{"type":"Feature","id":"LFPO-eba33f343377504c7c85","properties":{"airport":"LFPO","name":"COLOR_TaxiwayOrange","layer":"Guidance lines","category":"Taxiway Orange","object_type":"Line","style_id":"line.taxiwayorange.cc6d00","source_group":"COLOR_TaxiwayOrange","vsmr_group_ids":[],"geometry_role":"linework"},"geometry":{"type":"LineString","coordinates":[[2.355041029824738,48.72156324302124],[2.355076626991153,48.72156982052229]]}},{"type":"Feature","id":"LFPO-315773c014d58daf6eb2","properties":{"airport":"LFPO","name":"COLOR_TaxiwayOrange","layer":"Guidance lines","category":"Taxiway Orange","object_type":"Line","style_id":"line.taxiwayorange.cc6d00","source_group":"COLOR_TaxiwayOrange","vsmr_group_ids":[],"geometry_role":"linework"},"geometry":{"type":"LineString","coordinates":[[2.355127974114946,48.72157921694463],[2.355163571315693,48.72158579441568]]}},{"type":"Feature","id":"LFPO-401471231321db11135b","properties":{"airport":"LFPO","name":"COLOR_TaxiwayOrange","layer":"Guidance lines","category":"Taxiway Orange","object_type":"Line","style_id":"line.taxiwayorange.cc6d00","source_group":"COLOR_TaxiwayOrange","vsmr_group_ids":[],"geometry_role":"linework"},"geometry":{"type":"LineString","coordinates":[[2.355190625163455,48.72159096237683],[2.355229070138798,48.72159800965804]]}},{"type":"Feature","id":"LFPO-4c0814d21d1b706b5ae4","properties":{"airport":"LFPO","name":"COLOR_TaxiwayOrange","layer":"Guidance lines","category":"Taxiway Orange","object_type":"Line","style_id":"line.taxiwayorange.cc6d00","source_group":"COLOR_TaxiwayOrange","vsmr_group_ids":[],"geometry_role":"linework"},"geometry":{"type":"LineString","coordinates":[[2.355456679549457,48.72078255786967],[2.355478747611595,48.72080416476466]]}},{"type":"Feature","id":"LFPO-570256a981781ccb3ead","properties":{"airport":"LFPO","name":"COLOR_TaxiwayOrange","layer":"Guidance lines","category":"Taxiway Orange","object_type":"Line","style_id":"line.taxiwayorange.cc6d00","source_group":"COLOR_TaxiwayOrange","vsmr_group_ids":[],"geometry_role":"linework"},"geometry":{"type":"LineString","coordinates":[[2.355501527873731,48.72082342322884],[2.355524308101755,48.72084315137228]]}},{"type":"Feature","id":"LFPO-acb42ce4bfbd30fc1eea","properties":{"airport":"LFPO","name":"COLOR_TaxiwayOrange","layer":"Guidance lines","category":"Taxiway Orange","object_type":"Line","style_id":"line.taxiwayorange.cc6d00","source_group":"COLOR_TaxiwayOrange","vsmr_group_ids":[],"geometry_role":"linework"},"geometry":{"type":"LineString","coordinates":[[2.355547800491788,48.72086100077258],[2.355569156951109,48.72087978945276]]}},{"type":"Feature","id":"LFPO-4d18954a25e21a9f153d","properties":{"airport":"LFPO","name":"COLOR_TaxiwayOrange","layer":"Guidance lines","category":"Taxiway Orange","object_type":"Line","style_id":"line.taxiwayorange.cc6d00","source_group":"COLOR_TaxiwayOrange","vsmr_group_ids":[],"geometry_role":"linework"},"geometry":{"type":"LineString","coordinates":[[2.355589089672763,48.7208971689877],[2.355611870107921,48.72091548803433]]}},{"type":"Feature","id":"LFPO-10c5e2a197d04e87591c","properties":{"airport":"LFPO","name":"COLOR_Taxiway","layer":"Guidance lines","category":"Taxiways","object_type":"Line","style_id":"line.taxiway.c0b631","source_group":"COLOR_Taxiway","vsmr_group_ids":[],"geometry_role":"linework"},"geometry":{"type":"LineString","coordinates":[[2.356168870471893,48.72073393453776],[2.35585717334994,48.72076497641973],[2.355785610202152,48.72077425064054],[2.355723429877103,48.72078817011074],[2.355661247884169,48.72080595919932],[2.355601411353259,48.7208252965515],[2.35553922395161,48.720855468484],[2.355487593463226,48.72088796413365],[2.35542948033034,48.72092859335334],[2.355372072238,48.72098358438766],[2.355333068953878,48.72104215034618],[2.355292355857344,48.72112441793682],[2.354925921392972,48.72199473891324],[2.354888437361133,48.7220884108336],[2.354874722915574,48.72213583674866],[2.354871275235753,48.72219154577982],[2.354875814009529,48.72225102051161],[2.354892908483226,48.72230372214013],[2.354922186727735,48.72236175422584],[2.354976268503413,48.72242342080102],[2.355170662880448,48.72261260500925]]}},{"type":"Feature","id":"LFPO-bb47b9745ddde7606e85","properties":{"airport":"LFPO","name":"COLOR_Taxiway","layer":"Guidance lines","category":"Taxiways","object_type":"Line","style_id":"line.taxiway.c0b631","source_group":"COLOR_Taxiway","vsmr_group_ids":[],"geometry_role":"linework"},"geometry":{"type":"LineString","coordinates":[[2.355386907405814,48.72173179282154],[2.355380626891865,48.72174710625055],[2.355416393035392,48.72173717905584],[2.355393187564507,48.72171730720781],[2.355386907405814,48.72173179282154],[2.355214702628097,48.72169956506833],[2.355171268524283,48.72168827366798],[2.355140011236465,48.7216735356028],[2.355113966019562,48.72165536097917],[2.355098341362873,48.72163866151513],[2.355090906063377,48.7216190171307],[2.355090913428826,48.72160182951113],[2.355111740486264,48.72155371234145],[2.355128990035533,48.7215344665658],[2.355153531160725,48.72152178431632],[2.355182050092761,48.72151129018293],[2.355216534904288,48.72150604688812],[2.355254996767262,48.72150474161892],[2.355290804807635,48.7215064981703],[2.355323958487816,48.72151262899678],[2.355467997880709,48.72154133479712],[2.355462134260959,48.72155499748257],[2.355498481390326,48.72154691204264],[2.355474866193707,48.72152742667961],[2.355468045804474,48.72154151170673]]}},{"type":"Feature","id":"LFPO-ed1427384caff78f4a30","properties":{"airport":"LFPO","name":"COLOR_Taxiway","layer":"Guidance lines","category":"Taxiways","object_type":"Line","style_id":"line.taxiway.c0b631","source_group":"COLOR_Taxiway","vsmr_group_ids":[],"geometry_role":"linework"},"geometry":{"type":"LineString","coordinates":[[2.321841767561932,48.71855605624353],[2.321834430028871,48.71839836991263],[2.321833159463378,48.71836650507723],[2.321827971075319,48.71833636076322],[2.321818870515133,48.71830276979244],[2.321801946536635,48.71826142432182],[2.321787621924019,48.71823041441891],[2.321767486259942,48.71820160118182],[2.321732233130427,48.71816301610914],[2.32169256495854,48.71812733972283],[2.321639665089195,48.71808801846628],[2.321586759671328,48.71805379107639],[2.321544483092111,48.71803294792081],[2.321457106719373,48.71799941910616],[2.32080294399968,48.71776817015633],[2.32074603105888,48.71775270669094],[2.320679755122501,48.71774135487571],[2.320620414128982,48.71773401911414],[2.320556228674111,48.71772784004941],[2.320500320748442,48.71772644666348],[2.320439230650062,48.71772983242017],[2.320382277350566,48.7177373187551],[2.320317037284496,48.71774821651769],[2.320253863225672,48.71776321385924],[2.320179290839406,48.7177864028008],[2.319953033433175,48.71787667971137]]}},{"type":"Feature","id":"LFPO-021fd2f29cc53d32d2f7","properties":{"airport":"LFPO","name":"COLOR_Taxiway","layer":"Guidance lines","category":"Taxiways","object_type":"Line","style_id":"line.taxiway.c0b631","source_group":"COLOR_Taxiway","vsmr_group_ids":[],"geometry_role":"linework"},"geometry":{"type":"LineString","coordinates":[[2.320873644544399,48.71779393944824],[2.320935330087892,48.71782386497897],[2.320979042368507,48.7178579053427],[2.321007127412258,48.71789399992334],[2.321029761985494,48.71794110188083],[2.321039079550353,48.71798850161139],[2.321030440246881,48.71803383200922],[2.321005463791137,48.71808367035519],[2.320897965064257,48.71821531965961],[2.32088217183831,48.71821036077874],[2.32088445087405,48.71823172562766],[2.320912820429575,48.71822018393771],[2.320898098153616,48.7182153121099],[2.321005474732605,48.7180836448671],[2.321054203827984,48.71804069194739],[2.321110650277298,48.71801043029342],[2.321163649488398,48.71799036175531],[2.321223762237576,48.71797703889916],[2.321281411693705,48.71797302058621],[2.321345833921358,48.71797596096651],[2.321394429354435,48.71798291740476],[2.321452602635667,48.71799776300799]]}},{"type":"Feature","id":"LFPO-c8d19a798a9fce01f5a5","properties":{"airport":"LFPO","name":"COLOR_Taxiway","layer":"Guidance lines","category":"Taxiways","object_type":"Line","style_id":"line.taxiway.c0b631","source_group":"COLOR_Taxiway","vsmr_group_ids":[],"geometry_role":"linework"},"geometry":{"type":"LineString","coordinates":[[2.353553343655863,48.73069681355617],[2.35350558367883,48.73072033637602],[2.353467503629156,48.73074489291771],[2.353432732346123,48.73077272534672],[2.353406236575726,48.73080110530553],[2.353384705263712,48.73083166974919],[2.353366480674635,48.73086987706072],[2.353357356963128,48.73091354494234],[2.353358167530781,48.73095011850276],[2.353365687843954,48.7309841697157],[2.353383466871124,48.73102583027687],[2.353426549050808,48.73110844477772],[2.353453813492752,48.73114443911291],[2.353488517323881,48.7311824797612],[2.353528255706185,48.73121341700671],[2.353570129377835,48.73123882463471],[2.353626866641283,48.73126200720153],[2.353679554185071,48.73127716811834],[2.353730739385689,48.73128590051099],[2.353860132025611,48.73129482757121]]}},{"type":"Feature","id":"LFPO-d0420421c7a57ab9b3ae","properties":{"airport":"LFPO","name":"EST LIE","layer":"Labels","category":"Active Configuration","object_type":"Label","style_id":"label.active-configuration","source_group":"LFPO Active Configuration","vsmr_group_ids":[],"geometry_role":"text_label","text-field":"EST LIE"},"geometry":{"type":"Point","coordinates":[2.369309722,48.212471944]}},{"type":"Feature","id":"LFPO-18ef6476f191f48c1496","properties":{"airport":"LFPO","name":"OUEST LIE","layer":"Labels","category":"Active Configuration","object_type":"Label","style_id":"label.active-configuration","source_group":"LFPO Active Configuration","vsmr_group_ids":[],"geometry_role":"text_label","text-field":"OUEST LIE"},"geometry":{"type":"Point","coordinates":[2.369309722,48.212471944]}},{"type":"Feature","id":"LFPO-421d674bbf8e0cdbb938","properties":{"airport":"LFPO","name":"ORLY 1","layer":"Labels","category":"Gates","object_type":"Label","style_id":"label.gates","source_group":"LFPO Gates","vsmr_group_ids":[],"geometry_role":"text_label","text-field":"ORLY 1"},"geometry":{"type":"Point","coordinates":[2.359886944,48.729958611]}},{"type":"Feature","id":"LFPO-1bfc3dd9fa7a61df6ee5","properties":{"airport":"LFPO","name":"ORLY 2","layer":"Labels","category":"Gates","object_type":"Label","style_id":"label.gates","source_group":"LFPO Gates","vsmr_group_ids":[],"geometry_role":"text_label","text-field":"ORLY 2"},"geometry":{"type":"Point","coordinates":[2.359249167,48.728338889]}},{"type":"Feature","id":"LFPO-d84a642d91ea46d18dc2","properties":{"airport":"LFPO","name":"ORLY 3","layer":"Labels","category":"Gates","object_type":"Label","style_id":"label.gates","source_group":"LFPO Gates","vsmr_group_ids":[],"geometry_role":"text_label","text-field":"ORLY 3"},"geometry":{"type":"Point","coordinates":[2.362129722,48.727070278]}},{"type":"Feature","id":"LFPO-cdb9ba6aa85e0e9d5010","properties":{"airport":"LFPO","name":"ORLY 4","layer":"Labels","category":"Gates","object_type":"Label","style_id":"label.gates","source_group":"LFPO Gates","vsmr_group_ids":[],"geometry_role":"text_label","text-field":"ORLY 4"},"geometry":{"type":"Point","coordinates":[2.368902222,48.728106111]}},{"type":"Feature","id":"LFPO-f7b7f895fe0594d3944c","properties":{"airport":"LFPO","name":"CARGO","layer":"Labels","category":"Gates","object_type":"Label","style_id":"label.gates","source_group":"LFPO Gates","vsmr_group_ids":[],"geometry_role":"text_label","text-field":"CARGO"},"geometry":{"type":"Point","coordinates":[2.374923056,48.732532778]}},{"type":"Feature","id":"LFPO-1a01bb0792c9d8410fce","properties":{"airport":"LFPO","name":"N2","layer":"Labels","category":"Gates","object_type":"Label","style_id":"label.gates","source_group":"LFPO Gates","vsmr_group_ids":[],"geometry_role":"text_label","text-field":"N2"},"geometry":{"type":"Point","coordinates":[2.374116111,48.744614722]}},{"type":"Feature","id":"LFPO-f78ecced13d51edbc9f7","properties":{"airport":"LFPO","name":"N3","layer":"Labels","category":"Gates","object_type":"Label","style_id":"label.gates","source_group":"LFPO Gates","vsmr_group_ids":[],"geometry_role":"text_label","text-field":"N3"},"geometry":{"type":"Point","coordinates":[2.376604444,48.743472222]}},{"type":"Feature","id":"LFPO-8390b84508c4cd7ead8e","properties":{"airport":"LFPO","name":"N7","layer":"Labels","category":"Gates","object_type":"Label","style_id":"label.gates","source_group":"LFPO Gates","vsmr_group_ids":[],"geometry_role":"text_label","text-field":"N7"},"geometry":{"type":"Point","coordinates":[2.380585833,48.743518889]}},{"type":"Feature","id":"LFPO-6f342691fe4fb61deb0d","properties":{"airport":"LFPO","name":"N5","layer":"Labels","category":"Gates","object_type":"Label","style_id":"label.gates","source_group":"LFPO Gates","vsmr_group_ids":[],"geometry_role":"text_label","text-field":"N5"},"geometry":{"type":"Point","coordinates":[2.38247,48.744684722]}},{"type":"Feature","id":"LFPO-e430572b93e675118e06","properties":{"airport":"LFPO","name":"N8","layer":"Labels","category":"Gates","object_type":"Label","style_id":"label.gates","source_group":"LFPO Gates","vsmr_group_ids":[],"geometry_role":"text_label","text-field":"N8"},"geometry":{"type":"Point","coordinates":[2.384603056,48.744521667]}},{"type":"Feature","id":"LFPO-eeff511c48954e934c62","properties":{"airport":"LFPO","name":"M01","layer":"Labels","category":"Gates","object_type":"Label","style_id":"label.gates","source_group":"LFPO Gates","vsmr_group_ids":[],"geometry_role":"text_label","text-field":"M01"},"geometry":{"type":"Point","coordinates":[2.354670833,48.724923056]}},{"type":"Feature","id":"LFPO-b4d0ea161bf22b51af23","properties":{"airport":"LFPO","name":"M02","layer":"Labels","category":"Gates","object_type":"Label","style_id":"label.gates","source_group":"LFPO Gates","vsmr_group_ids":[],"geometry_role":"text_label","text-field":"M02"},"geometry":{"type":"Point","coordinates":[2.354449722,48.725442778]}},{"type":"Feature","id":"LFPO-f26f9016391ebd7f9d70","properties":{"airport":"LFPO","name":"M03","layer":"Labels","category":"Gates","object_type":"Label","style_id":"label.gates","source_group":"LFPO Gates","vsmr_group_ids":[],"geometry_role":"text_label","text-field":"M03"},"geometry":{"type":"Point","coordinates":[2.354207222,48.726024722]}},{"type":"Feature","id":"LFPO-6af855e35003a9453295","properties":{"airport":"LFPO","name":"M04","layer":"Labels","category":"Gates","object_type":"Label","style_id":"label.gates","source_group":"LFPO Gates","vsmr_group_ids":[],"geometry_role":"text_label","text-field":"M04"},"geometry":{"type":"Point","coordinates":[2.353986389,48.726544444]}},{"type":"Feature","id":"LFPO-f9c95f0b7f6324c38ed7","properties":{"airport":"LFPO","name":"M05","layer":"Labels","category":"Gates","object_type":"Label","style_id":"label.gates","source_group":"LFPO Gates","vsmr_group_ids":[],"geometry_role":"text_label","text-field":"M05"},"geometry":{"type":"Point","coordinates":[2.3537725,48.727059722]}},{"type":"Feature","id":"LFPO-08133bf82a3635148738","properties":{"airport":"LFPO","name":"M06","layer":"Labels","category":"Gates","object_type":"Label","style_id":"label.gates","source_group":"LFPO Gates","vsmr_group_ids":[],"geometry_role":"text_label","text-field":"M06"},"geometry":{"type":"Point","coordinates":[2.353578056,48.727546667]}},{"type":"Feature","id":"LFPO-2f6890826ab653916a99","properties":{"airport":"LFPO","name":"N11","layer":"Labels","category":"Gates","object_type":"Label","style_id":"label.gates","source_group":"LFPO Gates","vsmr_group_ids":[],"geometry_role":"text_label","text-field":"N11"},"geometry":{"type":"Point","coordinates":[2.351173889,48.726540278]}},{"type":"Feature","id":"LFPO-db17b6d7040fb54fd4ab","properties":{"airport":"LFPO","name":"N01","layer":"Labels","category":"Gates","object_type":"Label","style_id":"label.gates","source_group":"LFPO Gates","vsmr_group_ids":[],"geometry_role":"text_label","text-field":"N01"},"geometry":{"type":"Point","coordinates":[2.351031111,48.726385278]}},{"type":"Feature","id":"LFPO-ab6b4284359d50349612","properties":{"airport":"LFPO","name":"N12","layer":"Labels","category":"Gates","object_type":"Label","style_id":"label.gates","source_group":"LFPO Gates","vsmr_group_ids":[],"geometry_role":"text_label","text-field":"N12"},"geometry":{"type":"Point","coordinates":[2.351325278,48.726135]}},{"type":"Feature","id":"LFPO-8fe43c17c8d144e9915d","properties":{"airport":"LFPO","name":"N02","layer":"Labels","category":"Gates","object_type":"Label","style_id":"label.gates","source_group":"LFPO Gates","vsmr_group_ids":[],"geometry_role":"text_label","text-field":"N02"},"geometry":{"type":"Point","coordinates":[2.351262778,48.725765278]}},{"type":"Feature","id":"LFPO-01f561b168951853cf65","properties":{"airport":"LFPO","name":"N21","layer":"Labels","category":"Gates","object_type":"Label","style_id":"label.gates","source_group":"LFPO Gates","vsmr_group_ids":[],"geometry_role":"text_label","text-field":"N21"},"geometry":{"type":"Point","coordinates":[2.351565833,48.725741667]}},{"type":"Feature","id":"LFPO-641c57355d3878ce94cf","properties":{"airport":"LFPO","name":"N25","layer":"Labels","category":"Gates","object_type":"Label","style_id":"label.gates","source_group":"LFPO Gates","vsmr_group_ids":[],"geometry_role":"text_label","text-field":"N25"},"geometry":{"type":"Point","coordinates":[2.351351944,48.725586667]}},{"type":"Feature","id":"LFPO-050760f10552157921b8","properties":{"airport":"LFPO","name":"N31","layer":"Labels","category":"Gates","object_type":"Label","style_id":"label.gates","source_group":"LFPO Gates","vsmr_group_ids":[],"geometry_role":"text_label","text-field":"N31"},"geometry":{"type":"Point","coordinates":[2.3517175,48.725288611]}},{"type":"Feature","id":"LFPO-a45ea6cb2ae46bf53a28","properties":{"airport":"LFPO","name":"N03","layer":"Labels","category":"Gates","object_type":"Label","style_id":"label.gates","source_group":"LFPO Gates","vsmr_group_ids":[],"geometry_role":"text_label","text-field":"N03"},"geometry":{"type":"Point","coordinates":[2.351548056,48.725115556]}},{"type":"Feature","id":"LFPO-f03571329392294beb58","properties":{"airport":"LFPO","name":"N34","layer":"Labels","category":"Gates","object_type":"Label","style_id":"label.gates","source_group":"LFPO Gates","vsmr_group_ids":[],"geometry_role":"text_label","text-field":"N34"},"geometry":{"type":"Point","coordinates":[2.351851111,48.724883056]}},{"type":"Feature","id":"LFPO-ed65d15ee41a4ff094aa","properties":{"airport":"LFPO","name":"N04","layer":"Labels","category":"Gates","object_type":"Label","style_id":"label.gates","source_group":"LFPO Gates","vsmr_group_ids":[],"geometry_role":"text_label","text-field":"N04"},"geometry":{"type":"Point","coordinates":[2.351993611,48.724549167]}},{"type":"Feature","id":"LFPO-993da427cd4a42ad39e7","properties":{"airport":"LFPO","name":"N41","layer":"Labels","category":"Gates","object_type":"Label","style_id":"label.gates","source_group":"LFPO Gates","vsmr_group_ids":[],"geometry_role":"text_label","text-field":"N41"},"geometry":{"type":"Point","coordinates":[2.352163056,48.724441944]}},{"type":"Feature","id":"LFPO-f8479e9d81291f3df68b","properties":{"airport":"LFPO","name":"N51","layer":"Labels","category":"Gates","object_type":"Label","style_id":"label.gates","source_group":"LFPO Gates","vsmr_group_ids":[],"geometry_role":"text_label","text-field":"N51"},"geometry":{"type":"Point","coordinates":[2.351316389,48.724644722]}},{"type":"Feature","id":"LFPO-ff671d55e744f256bd39","properties":{"airport":"LFPO","name":"N05","layer":"Labels","category":"Gates","object_type":"Label","style_id":"label.gates","source_group":"LFPO Gates","vsmr_group_ids":[],"geometry_role":"text_label","text-field":"N05"},"geometry":{"type":"Point","coordinates":[2.351111389,48.724751944]}},{"type":"Feature","id":"LFPO-86608b6c4b6cc3441f91","properties":{"airport":"LFPO","name":"N55","layer":"Labels","category":"Gates","object_type":"Label","style_id":"label.gates","source_group":"LFPO Gates","vsmr_group_ids":[],"geometry_role":"text_label","text-field":"N55"},"geometry":{"type":"Point","coordinates":[2.350977778,48.724573056]}},{"type":"Feature","id":"LFPO-b526a6d715a85f6a7d98","properties":{"airport":"LFPO","name":"N56","layer":"Labels","category":"Gates","object_type":"Label","style_id":"label.gates","source_group":"LFPO Gates","vsmr_group_ids":[],"geometry_role":"text_label","text-field":"N56"},"geometry":{"type":"Point","coordinates":[2.350648056,48.724573056]}},{"type":"Feature","id":"LFPO-a83ee432b942053fcf20","properties":{"airport":"LFPO","name":"N06","layer":"Labels","category":"Gates","object_type":"Label","style_id":"label.gates","source_group":"LFPO Gates","vsmr_group_ids":[],"geometry_role":"text_label","text-field":"N06"},"geometry":{"type":"Point","coordinates":[2.350157778,48.724537222]}},{"type":"Feature","id":"LFPO-a34c01475dae837458a4","properties":{"airport":"LFPO","name":"N61","layer":"Labels","category":"Gates","object_type":"Label","style_id":"label.gates","source_group":"LFPO Gates","vsmr_group_ids":[],"geometry_role":"text_label","text-field":"N61"},"geometry":{"type":"Point","coordinates":[2.349952778,48.724281111]}},{"type":"Feature","id":"LFPO-3b846ab4ebe6fb8e91ae","properties":{"airport":"LFPO","name":"Q32","layer":"Labels","category":"Gates","object_type":"Label","style_id":"label.gates","source_group":"LFPO Gates","vsmr_group_ids":[],"geometry_role":"text_label","text-field":"Q32"},"geometry":{"type":"Point","coordinates":[2.349883889,48.726062778]}},{"type":"Feature","id":"LFPO-1db55890d2a4e71e4071","properties":{"airport":"LFPO","name":"Q03","layer":"Labels","category":"Gates","object_type":"Label","style_id":"label.gates","source_group":"LFPO Gates","vsmr_group_ids":[],"geometry_role":"text_label","text-field":"Q03"},"geometry":{"type":"Point","coordinates":[2.350284722,48.725854167]}},{"type":"Feature","id":"LFPO-6a35256ff6c3134ee07f","properties":{"airport":"LFPO","name":"Q31","layer":"Labels","category":"Gates","object_type":"Label","style_id":"label.gates","source_group":"LFPO Gates","vsmr_group_ids":[],"geometry_role":"text_label","text-field":"Q31"},"geometry":{"type":"Point","coordinates":[2.350050833,48.725660278]}},{"type":"Feature","id":"LFPO-d6f15e3c25babb2c4dc5","properties":{"airport":"LFPO","name":"Q22","layer":"Labels","category":"Gates","object_type":"Label","style_id":"label.gates","source_group":"LFPO Gates","vsmr_group_ids":[],"geometry_role":"text_label","text-field":"Q22"},"geometry":{"type":"Point","coordinates":[2.350206944,48.725287778]}},{"type":"Feature","id":"LFPO-7729bc7d35cb306acd7a","properties":{"airport":"LFPO","name":"Q02","layer":"Labels","category":"Gates","object_type":"Label","style_id":"label.gates","source_group":"LFPO Gates","vsmr_group_ids":[],"geometry_role":"text_label","text-field":"Q02"},"geometry":{"type":"Point","coordinates":[2.350563333,48.725153611]}},{"type":"Feature","id":"LFPO-e1f8e4c98c06daed4d67","properties":{"airport":"LFPO","name":"Q21","layer":"Labels","category":"Gates","object_type":"Label","style_id":"label.gates","source_group":"LFPO Gates","vsmr_group_ids":[],"geometry_role":"text_label","text-field":"Q21"},"geometry":{"type":"Point","coordinates":[2.350373889,48.724915278]}},{"type":"Feature","id":"LFPO-a2963917e5d640f666ac","properties":{"airport":"LFPO","name":"P08","layer":"Labels","category":"Gates","object_type":"Label","style_id":"label.gates","source_group":"LFPO Gates","vsmr_group_ids":[],"geometry_role":"text_label","text-field":"P08"},"geometry":{"type":"Point","coordinates":[2.361924444,48.7319075]}},{"type":"Feature","id":"LFPO-0849670e3e3cd98cea92","properties":{"airport":"LFPO","name":"P09","layer":"Labels","category":"Gates","object_type":"Label","style_id":"label.gates","source_group":"LFPO Gates","vsmr_group_ids":[],"geometry_role":"text_label","text-field":"P09"},"geometry":{"type":"Point","coordinates":[2.36155,48.731615278]}},{"type":"Feature","id":"LFPO-3145614354b5351236e4","properties":{"airport":"LFPO","name":"P10","layer":"Labels","category":"Gates","object_type":"Label","style_id":"label.gates","source_group":"LFPO Gates","vsmr_group_ids":[],"geometry_role":"text_label","text-field":"P10"},"geometry":{"type":"Point","coordinates":[2.361024167,48.731376944]}},{"type":"Feature","id":"LFPO-721a4f5ab5c524a73696","properties":{"airport":"LFPO","name":"P11","layer":"Labels","category":"Gates","object_type":"Label","style_id":"label.gates","source_group":"LFPO Gates","vsmr_group_ids":[],"geometry_role":"text_label","text-field":"P11"},"geometry":{"type":"Point","coordinates":[2.360480556,48.73121]}},{"type":"Feature","id":"LFPO-33d351b5df683a316976","properties":{"airport":"LFPO","name":"P12","layer":"Labels","category":"Gates","object_type":"Label","style_id":"label.gates","source_group":"LFPO Gates","vsmr_group_ids":[],"geometry_role":"text_label","text-field":"P12"},"geometry":{"type":"Point","coordinates":[2.35983,48.730959722]}},{"type":"Feature","id":"LFPO-0099eeea50cce335a74b","properties":{"airport":"LFPO","name":"P13","layer":"Labels","category":"Gates","object_type":"Label","style_id":"label.gates","source_group":"LFPO Gates","vsmr_group_ids":[],"geometry_role":"text_label","text-field":"P13"},"geometry":{"type":"Point","coordinates":[2.35942,48.730810556]}},{"type":"Feature","id":"LFPO-bc5f07a0b0c4e1ffd08d","properties":{"airport":"LFPO","name":"P14","layer":"Labels","category":"Gates","object_type":"Label","style_id":"label.gates","source_group":"LFPO Gates","vsmr_group_ids":[],"geometry_role":"text_label","text-field":"P14"},"geometry":{"type":"Point","coordinates":[2.359268611,48.730572222]}},{"type":"Feature","id":"LFPO-bc763e72dbe90b603819","properties":{"airport":"LFPO","name":"P15","layer":"Labels","category":"Gates","object_type":"Label","style_id":"label.gates","source_group":"LFPO Gates","vsmr_group_ids":[],"geometry_role":"text_label","text-field":"P15"},"geometry":{"type":"Point","coordinates":[2.358823056,48.730303889]}},{"type":"Feature","id":"LFPO-1a43997e434f040d7af0","properties":{"airport":"LFPO","name":"P42","layer":"Labels","category":"Gates","object_type":"Label","style_id":"label.gates","source_group":"LFPO Gates","vsmr_group_ids":[],"geometry_role":"text_label","text-field":"P42"},"geometry":{"type":"Point","coordinates":[2.358537778,48.730017778]}},{"type":"Feature","id":"LFPO-434ffa356490e098d444","properties":{"airport":"LFPO","name":"R01","layer":"Labels","category":"Gates","object_type":"Label","style_id":"label.gates","source_group":"LFPO Gates","vsmr_group_ids":[],"geometry_role":"text_label","text-field":"R01"},"geometry":{"type":"Point","coordinates":[2.358047778,48.729588611]}},{"type":"Feature","id":"LFPO-6682ecb021b663d66a6a","properties":{"airport":"LFPO","name":"R22","layer":"Labels","category":"Gates","object_type":"Label","style_id":"label.gates","source_group":"LFPO Gates","vsmr_group_ids":[],"geometry_role":"text_label","text-field":"R22"},"geometry":{"type":"Point","coordinates":[2.357245556,48.729964167]}},{"type":"Feature","id":"LFPO-0ce19560c27916964d11","properties":{"airport":"LFPO","name":"S31","layer":"Labels","category":"Gates","object_type":"Label","style_id":"label.gates","source_group":"LFPO Gates","vsmr_group_ids":[],"geometry_role":"text_label","text-field":"S31"},"geometry":{"type":"Point","coordinates":[2.356933889,48.729642222]}},{"type":"Feature","id":"LFPO-2910a0b0b75000f30a8f","properties":{"airport":"LFPO","name":"S03","layer":"Labels","category":"Gates","object_type":"Label","style_id":"label.gates","source_group":"LFPO Gates","vsmr_group_ids":[],"geometry_role":"text_label","text-field":"S03"},"geometry":{"type":"Point","coordinates":[2.357085278,48.729475278]}},{"type":"Feature","id":"LFPO-b2e503fb73280d5783ae","properties":{"airport":"LFPO","name":"S32","layer":"Labels","category":"Gates","object_type":"Label","style_id":"label.gates","source_group":"LFPO Gates","vsmr_group_ids":[],"geometry_role":"text_label","text-field":"S32"},"geometry":{"type":"Point","coordinates":[2.357049722,48.729284444]}},{"type":"Feature","id":"LFPO-33c2688f3ddf46bcee1f","properties":{"airport":"LFPO","name":"S04","layer":"Labels","category":"Gates","object_type":"Label","style_id":"label.gates","source_group":"LFPO Gates","vsmr_group_ids":[],"geometry_role":"text_label","text-field":"S04"},"geometry":{"type":"Point","coordinates":[2.356915833,48.728849167]}},{"type":"Feature","id":"LFPO-6f507eeb4795bebd9bd3","properties":{"airport":"LFPO","name":"T26","layer":"Labels","category":"Gates","object_type":"Label","style_id":"label.gates","source_group":"LFPO Gates","vsmr_group_ids":[],"geometry_role":"text_label","text-field":"T26"},"geometry":{"type":"Point","coordinates":[2.356782222,48.728557222]}},{"type":"Feature","id":"LFPO-5ad6d79df14ce153ec7c","properties":{"airport":"LFPO","name":"T27","layer":"Labels","category":"Gates","object_type":"Label","style_id":"label.gates","source_group":"LFPO Gates","vsmr_group_ids":[],"geometry_role":"text_label","text-field":"T27"},"geometry":{"type":"Point","coordinates":[2.357147778,48.72842]}},{"type":"Feature","id":"LFPO-6dd9d97ae19fd7e9c176","properties":{"airport":"LFPO","name":"T28","layer":"Labels","category":"Gates","object_type":"Label","style_id":"label.gates","source_group":"LFPO Gates","vsmr_group_ids":[],"geometry_role":"text_label","text-field":"T28"},"geometry":{"type":"Point","coordinates":[2.357611111,48.728640556]}},{"type":"Feature","id":"LFPO-79734424381ca93e0de5","properties":{"airport":"LFPO","name":"T29","layer":"Labels","category":"Gates","object_type":"Label","style_id":"label.gates","source_group":"LFPO Gates","vsmr_group_ids":[],"geometry_role":"text_label","text-field":"T29"},"geometry":{"type":"Point","coordinates":[2.3585825,48.7285275]}},{"type":"Feature","id":"LFPO-7470533d751272158920","properties":{"airport":"LFPO","name":"T30","layer":"Labels","category":"Gates","object_type":"Label","style_id":"label.gates","source_group":"LFPO Gates","vsmr_group_ids":[],"geometry_role":"text_label","text-field":"T30"},"geometry":{"type":"Point","coordinates":[2.358671667,48.7275675]}},{"type":"Feature","id":"LFPO-8ab158343c7df338867a","properties":{"airport":"LFPO","name":"T31","layer":"Labels","category":"Gates","object_type":"Label","style_id":"label.gates","source_group":"LFPO Gates","vsmr_group_ids":[],"geometry_role":"text_label","text-field":"T31"},"geometry":{"type":"Point","coordinates":[2.357931944,48.727239722]}},{"type":"Feature","id":"LFPO-60e9bbb909c7366d59dc","properties":{"airport":"LFPO","name":"T32","layer":"Labels","category":"Gates","object_type":"Label","style_id":"label.gates","source_group":"LFPO Gates","vsmr_group_ids":[],"geometry_role":"text_label","text-field":"T32"},"geometry":{"type":"Point","coordinates":[2.357334722,48.7272875]}},{"type":"Feature","id":"LFPO-827b7ab5d0f48e2b89b0","properties":{"airport":"LFPO","name":"U03","layer":"Labels","category":"Gates","object_type":"Label","style_id":"label.gates","source_group":"LFPO Gates","vsmr_group_ids":[],"geometry_role":"text_label","text-field":"U03"},"geometry":{"type":"Point","coordinates":[2.357675278,48.726909722]}},{"type":"Feature","id":"LFPO-0cbf6b0f07b8d74ca9f6","properties":{"airport":"LFPO","name":"U04","layer":"Labels","category":"Gates","object_type":"Label","style_id":"label.gates","source_group":"LFPO Gates","vsmr_group_ids":[],"geometry_role":"text_label","text-field":"U04"},"geometry":{"type":"Point","coordinates":[2.358053889,48.726708611]}},{"type":"Feature","id":"LFPO-e07212b67f637af63b44","properties":{"airport":"LFPO","name":"U05","layer":"Labels","category":"Gates","object_type":"Label","style_id":"label.gates","source_group":"LFPO Gates","vsmr_group_ids":[],"geometry_role":"text_label","text-field":"U05"},"geometry":{"type":"Point","coordinates":[2.358399167,48.726321111]}},{"type":"Feature","id":"LFPO-39415c9636dc85146db5","properties":{"airport":"LFPO","name":"V06","layer":"Labels","category":"Gates","object_type":"Label","style_id":"label.gates","source_group":"LFPO Gates","vsmr_group_ids":[],"geometry_role":"text_label","text-field":"V06"},"geometry":{"type":"Point","coordinates":[2.358967222,48.726052778]}},{"type":"Feature","id":"LFPO-340ea1d0408e249c32ca","properties":{"airport":"LFPO","name":"V07","layer":"Labels","category":"Gates","object_type":"Label","style_id":"label.gates","source_group":"LFPO Gates","vsmr_group_ids":[],"geometry_role":"text_label","text-field":"V07"},"geometry":{"type":"Point","coordinates":[2.359390556,48.726403056]}},{"type":"Feature","id":"LFPO-6336c9a9ab6f242ccd4f","properties":{"airport":"LFPO","name":"A32","layer":"Labels","category":"Gates","object_type":"Label","style_id":"label.gates","source_group":"LFPO Gates","vsmr_group_ids":[],"geometry_role":"text_label","text-field":"A32"},"geometry":{"type":"Point","coordinates":[2.363043611,48.726301111]}},{"type":"Feature","id":"LFPO-203d52c54960a0671d4c","properties":{"airport":"LFPO","name":"A03","layer":"Labels","category":"Gates","object_type":"Label","style_id":"label.gates","source_group":"LFPO Gates","vsmr_group_ids":[],"geometry_role":"text_label","text-field":"A03"},"geometry":{"type":"Point","coordinates":[2.362586944,48.726397778]}},{"type":"Feature","id":"LFPO-a7353551ddb1f7978c80","properties":{"airport":"LFPO","name":"A31","layer":"Labels","category":"Gates","object_type":"Label","style_id":"label.gates","source_group":"LFPO Gates","vsmr_group_ids":[],"geometry_role":"text_label","text-field":"A31"},"geometry":{"type":"Point","coordinates":[2.362364167,48.726144444]}},{"type":"Feature","id":"LFPO-79f93af1b025043e1682","properties":{"airport":"LFPO","name":"A22","layer":"Labels","category":"Gates","object_type":"Label","style_id":"label.gates","source_group":"LFPO Gates","vsmr_group_ids":[],"geometry_role":"text_label","text-field":"A22"},"geometry":{"type":"Point","coordinates":[2.361896389,48.726107222]}},{"type":"Feature","id":"LFPO-89b9e239c48e2a3c2edd","properties":{"airport":"LFPO","name":"A02","layer":"Labels","category":"Gates","object_type":"Label","style_id":"label.gates","source_group":"LFPO Gates","vsmr_group_ids":[],"geometry_role":"text_label","text-field":"A02"},"geometry":{"type":"Point","coordinates":[2.361406111,48.726204167]}},{"type":"Feature","id":"LFPO-7328fe9cdc0ce2c77ebb","properties":{"airport":"LFPO","name":"A21","layer":"Labels","category":"Gates","object_type":"Label","style_id":"label.gates","source_group":"LFPO Gates","vsmr_group_ids":[],"geometry_role":"text_label","text-field":"A21"},"geometry":{"type":"Point","coordinates":[2.361261389,48.725913611]}},{"type":"Feature","id":"LFPO-06a37eb8ec9897f7e789","properties":{"airport":"LFPO","name":"A12","layer":"Labels","category":"Gates","object_type":"Label","style_id":"label.gates","source_group":"LFPO Gates","vsmr_group_ids":[],"geometry_role":"text_label","text-field":"A12"},"geometry":{"type":"Point","coordinates":[2.360882778,48.725883611]}},{"type":"Feature","id":"LFPO-1ad8eff275b95002f433","properties":{"airport":"LFPO","name":"A01","layer":"Labels","category":"Gates","object_type":"Label","style_id":"label.gates","source_group":"LFPO Gates","vsmr_group_ids":[],"geometry_role":"text_label","text-field":"A01"},"geometry":{"type":"Point","coordinates":[2.3606375,48.72607]}},{"type":"Feature","id":"LFPO-922e83af20dce1a3d023","properties":{"airport":"LFPO","name":"A11","layer":"Labels","category":"Gates","object_type":"Label","style_id":"label.gates","source_group":"LFPO Gates","vsmr_group_ids":[],"geometry_role":"text_label","text-field":"A11"},"geometry":{"type":"Point","coordinates":[2.360281111,48.725734722]}},{"type":"Feature","id":"LFPO-cbbf0bc81f027bfedb86","properties":{"airport":"LFPO","name":"A41","layer":"Labels","category":"Gates","object_type":"Label","style_id":"label.gates","source_group":"LFPO Gates","vsmr_group_ids":[],"geometry_role":"text_label","text-field":"A41"},"geometry":{"type":"Point","coordinates":[2.363534167,48.726330833]}},{"type":"Feature","id":"LFPO-f5e2cba12971610e9331","properties":{"airport":"LFPO","name":"A04","layer":"Labels","category":"Gates","object_type":"Label","style_id":"label.gates","source_group":"LFPO Gates","vsmr_group_ids":[],"geometry_role":"text_label","text-field":"A04"},"geometry":{"type":"Point","coordinates":[2.363681667,48.726572778]}},{"type":"Feature","id":"LFPO-61461bf9bdd87a010b72","properties":{"airport":"LFPO","name":"A42","layer":"Labels","category":"Gates","object_type":"Label","style_id":"label.gates","source_group":"LFPO Gates","vsmr_group_ids":[],"geometry_role":"text_label","text-field":"A42"},"geometry":{"type":"Point","coordinates":[2.363997778,48.726635]}},{"type":"Feature","id":"LFPO-7b5be9d388a29178f62a","properties":{"airport":"LFPO","name":"A51","layer":"Labels","category":"Gates","object_type":"Label","style_id":"label.gates","source_group":"LFPO Gates","vsmr_group_ids":[],"geometry_role":"text_label","text-field":"A51"},"geometry":{"type":"Point","coordinates":[2.364708333,48.726547222]}},{"type":"Feature","id":"LFPO-e341ca3e93bb271bf187","properties":{"airport":"LFPO","name":"A05","layer":"Labels","category":"Gates","object_type":"Label","style_id":"label.gates","source_group":"LFPO Gates","vsmr_group_ids":[],"geometry_role":"text_label","text-field":"A05"},"geometry":{"type":"Point","coordinates":[2.364977778,48.726802778]}},{"type":"Feature","id":"LFPO-3a69c6af5d1d41bb479b","properties":{"airport":"LFPO","name":"A52","layer":"Labels","category":"Gates","object_type":"Label","style_id":"label.gates","source_group":"LFPO Gates","vsmr_group_ids":[],"geometry_role":"text_label","text-field":"A52"},"geometry":{"type":"Point","coordinates":[2.365336111,48.726738889]}},{"type":"Feature","id":"LFPO-99788b2c1d8c40661bbf","properties":{"airport":"LFPO","name":"D06","layer":"Labels","category":"Gates","object_type":"Label","style_id":"label.gates","source_group":"LFPO Gates","vsmr_group_ids":[],"geometry_role":"text_label","text-field":"D06"},"geometry":{"type":"Point","coordinates":[2.365998056,48.72711]}},{"type":"Feature","id":"LFPO-ab43c6e5d494b61c7176","properties":{"airport":"LFPO","name":"D04","layer":"Labels","category":"Gates","object_type":"Label","style_id":"label.gates","source_group":"LFPO Gates","vsmr_group_ids":[],"geometry_role":"text_label","text-field":"D04"},"geometry":{"type":"Point","coordinates":[2.366725,48.727198056]}},{"type":"Feature","id":"LFPO-0f4e833892ae727f5401","properties":{"airport":"LFPO","name":"D02","layer":"Labels","category":"Gates","object_type":"Label","style_id":"label.gates","source_group":"LFPO Gates","vsmr_group_ids":[],"geometry_role":"text_label","text-field":"D02"},"geometry":{"type":"Point","coordinates":[2.367555556,48.727394444]}},{"type":"Feature","id":"LFPO-fdb60510c3ee281f23cf","properties":{"airport":"LFPO","name":"D01","layer":"Labels","category":"Gates","object_type":"Label","style_id":"label.gates","source_group":"LFPO Gates","vsmr_group_ids":[],"geometry_role":"text_label","text-field":"D01"},"geometry":{"type":"Point","coordinates":[2.368575556,48.727549444]}},{"type":"Feature","id":"LFPO-c6459f365f17d7de2797","properties":{"airport":"LFPO","name":"E01","layer":"Labels","category":"Gates","object_type":"Label","style_id":"label.gates","source_group":"LFPO Gates","vsmr_group_ids":[],"geometry_role":"text_label","text-field":"E01"},"geometry":{"type":"Point","coordinates":[2.367766111,48.724371944]}},{"type":"Feature","id":"LFPO-08b0dfaeeda5708630f4","properties":{"airport":"LFPO","name":"E02","layer":"Labels","category":"Gates","object_type":"Label","style_id":"label.gates","source_group":"LFPO Gates","vsmr_group_ids":[],"geometry_role":"text_label","text-field":"E02"},"geometry":{"type":"Point","coordinates":[2.3668525,48.724193056]}},{"type":"Feature","id":"LFPO-fc69796c9618a7c57a53","properties":{"airport":"LFPO","name":"E03","layer":"Labels","category":"Gates","object_type":"Label","style_id":"label.gates","source_group":"LFPO Gates","vsmr_group_ids":[],"geometry_role":"text_label","text-field":"E03"},"geometry":{"type":"Point","coordinates":[2.366507222,48.724103611]}},{"type":"Feature","id":"LFPO-4a9bc6995141bd0fb699","properties":{"airport":"LFPO","name":"E41","layer":"Labels","category":"Gates","object_type":"Label","style_id":"label.gates","source_group":"LFPO Gates","vsmr_group_ids":[],"geometry_role":"text_label","text-field":"E41"},"geometry":{"type":"Point","coordinates":[2.365872222,48.723991944]}},{"type":"Feature","id":"LFPO-a12725ce94910fcbb38f","properties":{"airport":"LFPO","name":"E04","layer":"Labels","category":"Gates","object_type":"Label","style_id":"label.gates","source_group":"LFPO Gates","vsmr_group_ids":[],"geometry_role":"text_label","text-field":"E04"},"geometry":{"type":"Point","coordinates":[2.365048056,48.723745833]}},{"type":"Feature","id":"LFPO-5a1bbe450f45e4276fd1","properties":{"airport":"LFPO","name":"E42","layer":"Labels","category":"Gates","object_type":"Label","style_id":"label.gates","source_group":"LFPO Gates","vsmr_group_ids":[],"geometry_role":"text_label","text-field":"E42"},"geometry":{"type":"Point","coordinates":[2.36497,48.724029167]}},{"type":"Feature","id":"LFPO-8af79142afd5af4e11d1","properties":{"airport":"LFPO","name":"E05","layer":"Labels","category":"Gates","object_type":"Label","style_id":"label.gates","source_group":"LFPO Gates","vsmr_group_ids":[],"geometry_role":"text_label","text-field":"E05"},"geometry":{"type":"Point","coordinates":[2.363811389,48.723716111]}},{"type":"Feature","id":"LFPO-ec04aab7b32b445cc2f8","properties":{"airport":"LFPO","name":"E06","layer":"Labels","category":"Gates","object_type":"Label","style_id":"label.gates","source_group":"LFPO Gates","vsmr_group_ids":[],"geometry_role":"text_label","text-field":"E06"},"geometry":{"type":"Point","coordinates":[2.361438611,48.723023056]}},{"type":"Feature","id":"LFPO-0107130573a4d9251866","properties":{"airport":"LFPO","name":"E07","layer":"Labels","category":"Gates","object_type":"Label","style_id":"label.gates","source_group":"LFPO Gates","vsmr_group_ids":[],"geometry_role":"text_label","text-field":"E07"},"geometry":{"type":"Point","coordinates":[2.360491944,48.722844167]}},{"type":"Feature","id":"LFPO-3d3295f1277b321e203e","properties":{"airport":"LFPO","name":"E71","layer":"Labels","category":"Gates","object_type":"Label","style_id":"label.gates","source_group":"LFPO Gates","vsmr_group_ids":[],"geometry_role":"text_label","text-field":"E71"},"geometry":{"type":"Point","coordinates":[2.36018,48.7231275]}},{"type":"Feature","id":"LFPO-835c8ce11ca3fab0b847","properties":{"airport":"LFPO","name":"E08","layer":"Labels","category":"Gates","object_type":"Label","style_id":"label.gates","source_group":"LFPO Gates","vsmr_group_ids":[],"geometry_role":"text_label","text-field":"E08"},"geometry":{"type":"Point","coordinates":[2.359567222,48.722665278]}},{"type":"Feature","id":"LFPO-a9fcbb2f71471fa352a9","properties":{"airport":"LFPO","name":"E81","layer":"Labels","category":"Gates","object_type":"Label","style_id":"label.gates","source_group":"LFPO Gates","vsmr_group_ids":[],"geometry_role":"text_label","text-field":"E81"},"geometry":{"type":"Point","coordinates":[2.359255278,48.722941111]}},{"type":"Feature","id":"LFPO-5a4c0e09d1e83d3e1302","properties":{"airport":"LFPO","name":"E09","layer":"Labels","category":"Gates","object_type":"Label","style_id":"label.gates","source_group":"LFPO Gates","vsmr_group_ids":[],"geometry_role":"text_label","text-field":"E09"},"geometry":{"type":"Point","coordinates":[2.3585425,48.722471667]}},{"type":"Feature","id":"LFPO-b9f56b0d06c3dbb827d4","properties":{"airport":"LFPO","name":"E91","layer":"Labels","category":"Gates","object_type":"Label","style_id":"label.gates","source_group":"LFPO Gates","vsmr_group_ids":[],"geometry_role":"text_label","text-field":"E91"},"geometry":{"type":"Point","coordinates":[2.358241667,48.722784722]}},{"type":"Feature","id":"LFPO-8608fee3c27b2420b757","properties":{"airport":"LFPO","name":"F42","layer":"Labels","category":"Gates","object_type":"Label","style_id":"label.gates","source_group":"LFPO Gates","vsmr_group_ids":[],"geometry_role":"text_label","text-field":"F42"},"geometry":{"type":"Point","coordinates":[2.375073611,48.7258025]}},{"type":"Feature","id":"LFPO-6dec71f3b5d1278829a0","properties":{"airport":"LFPO","name":"F04","layer":"Labels","category":"Gates","object_type":"Label","style_id":"label.gates","source_group":"LFPO Gates","vsmr_group_ids":[],"geometry_role":"text_label","text-field":"F04"},"geometry":{"type":"Point","coordinates":[2.374449722,48.726033611]}},{"type":"Feature","id":"LFPO-a79d18f663b2ee2f2431","properties":{"airport":"LFPO","name":"F41","layer":"Labels","category":"Gates","object_type":"Label","style_id":"label.gates","source_group":"LFPO Gates","vsmr_group_ids":[],"geometry_role":"text_label","text-field":"F41"},"geometry":{"type":"Point","coordinates":[2.374483056,48.725638611]}},{"type":"Feature","id":"LFPO-18d9af662c4bddf74d4f","properties":{"airport":"LFPO","name":"F30","layer":"Labels","category":"Gates","object_type":"Label","style_id":"label.gates","source_group":"LFPO Gates","vsmr_group_ids":[],"geometry_role":"text_label","text-field":"F30"},"geometry":{"type":"Point","coordinates":[2.3731575,48.725333056]}},{"type":"Feature","id":"LFPO-4439bad0755d248ec764","properties":{"airport":"LFPO","name":"F20","layer":"Labels","category":"Gates","object_type":"Label","style_id":"label.gates","source_group":"LFPO Gates","vsmr_group_ids":[],"geometry_role":"text_label","text-field":"F20"},"geometry":{"type":"Point","coordinates":[2.372444722,48.725213889]}},{"type":"Feature","id":"LFPO-8c39bf81ef936c6be27e","properties":{"airport":"LFPO","name":"F10","layer":"Labels","category":"Gates","object_type":"Label","style_id":"label.gates","source_group":"LFPO Gates","vsmr_group_ids":[],"geometry_role":"text_label","text-field":"F10"},"geometry":{"type":"Point","coordinates":[2.371441944,48.725198889]}},{"type":"Feature","id":"LFPO-d46a8e82d714460576aa","properties":{"airport":"LFPO","name":"B62","layer":"Labels","category":"Gates","object_type":"Label","style_id":"label.gates","source_group":"LFPO Gates","vsmr_group_ids":[],"geometry_role":"text_label","text-field":"B62"},"geometry":{"type":"Point","coordinates":[2.375161667,48.730971944]}},{"type":"Feature","id":"LFPO-7a497fa30d205f666f3d","properties":{"airport":"LFPO","name":"B61","layer":"Labels","category":"Gates","object_type":"Label","style_id":"label.gates","source_group":"LFPO Gates","vsmr_group_ids":[],"geometry_role":"text_label","text-field":"B61"},"geometry":{"type":"Point","coordinates":[2.375525278,48.730991111]}},{"type":"Feature","id":"LFPO-dad9d2395c5fcd833d14","properties":{"airport":"LFPO","name":"B52","layer":"Labels","category":"Gates","object_type":"Label","style_id":"label.gates","source_group":"LFPO Gates","vsmr_group_ids":[],"geometry_role":"text_label","text-field":"B52"},"geometry":{"type":"Point","coordinates":[2.375703611,48.730771667]}},{"type":"Feature","id":"LFPO-3a8b283018029900b291","properties":{"airport":"LFPO","name":"B05","layer":"Labels","category":"Gates","object_type":"Label","style_id":"label.gates","source_group":"LFPO Gates","vsmr_group_ids":[],"geometry_role":"text_label","text-field":"B05"},"geometry":{"type":"Point","coordinates":[2.375924722,48.730590278]}},{"type":"Feature","id":"LFPO-755e23750acd74f68f22","properties":{"airport":"LFPO","name":"B51","layer":"Labels","category":"Gates","object_type":"Label","style_id":"label.gates","source_group":"LFPO Gates","vsmr_group_ids":[],"geometry_role":"text_label","text-field":"B51"},"geometry":{"type":"Point","coordinates":[2.376159722,48.730471111]}},{"type":"Feature","id":"LFPO-87f4c85c96a8eaa35be0","properties":{"airport":"LFPO","name":"B42","layer":"Labels","category":"Gates","object_type":"Label","style_id":"label.gates","source_group":"LFPO Gates","vsmr_group_ids":[],"geometry_role":"text_label","text-field":"B42"},"geometry":{"type":"Point","coordinates":[2.376117222,48.730189722]}},{"type":"Feature","id":"LFPO-247fbb6f2ab91366e644","properties":{"airport":"LFPO","name":"B04","layer":"Labels","category":"Gates","object_type":"Label","style_id":"label.gates","source_group":"LFPO Gates","vsmr_group_ids":[],"geometry_role":"text_label","text-field":"B04"},"geometry":{"type":"Point","coordinates":[2.375846111,48.730022778]}},{"type":"Feature","id":"LFPO-25a5201b4dc33a6c154d","properties":{"airport":"LFPO","name":"B41","layer":"Labels","category":"Gates","object_type":"Label","style_id":"label.gates","source_group":"LFPO Gates","vsmr_group_ids":[],"geometry_role":"text_label","text-field":"B41"},"geometry":{"type":"Point","coordinates":[2.376024444,48.729813056]}},{"type":"Feature","id":"LFPO-cd7cec666cbe6aaa4016","properties":{"airport":"LFPO","name":"B32","layer":"Labels","category":"Gates","object_type":"Label","style_id":"label.gates","source_group":"LFPO Gates","vsmr_group_ids":[],"geometry_role":"text_label","text-field":"B32"},"geometry":{"type":"Point","coordinates":[2.375803333,48.729588889]}},{"type":"Feature","id":"LFPO-8626f39a39199a574ea6","properties":{"airport":"LFPO","name":"B03","layer":"Labels","category":"Gates","object_type":"Label","style_id":"label.gates","source_group":"LFPO Gates","vsmr_group_ids":[],"geometry_role":"text_label","text-field":"B03"},"geometry":{"type":"Point","coordinates":[2.375546667,48.729469722]}},{"type":"Feature","id":"LFPO-93785a0ae5710348db5b","properties":{"airport":"LFPO","name":"B31","layer":"Labels","category":"Gates","object_type":"Label","style_id":"label.gates","source_group":"LFPO Gates","vsmr_group_ids":[],"geometry_role":"text_label","text-field":"B31"},"geometry":{"type":"Point","coordinates":[2.375589444,48.729264444]}},{"type":"Feature","id":"LFPO-1eaad6412c300609fc4e","properties":{"airport":"LFPO","name":"B22","layer":"Labels","category":"Gates","object_type":"Label","style_id":"label.gates","source_group":"LFPO Gates","vsmr_group_ids":[],"geometry_role":"text_label","text-field":"B22"},"geometry":{"type":"Point","coordinates":[2.375546667,48.728916389]}},{"type":"Feature","id":"LFPO-b28eed1988d737f2e52a","properties":{"airport":"LFPO","name":"B02","layer":"Labels","category":"Gates","object_type":"Label","style_id":"label.gates","source_group":"LFPO Gates","vsmr_group_ids":[],"geometry_role":"text_label","text-field":"B02"},"geometry":{"type":"Point","coordinates":[2.375211667,48.728968889]}},{"type":"Feature","id":"LFPO-7fb4ea934f8c0ca6c743","properties":{"airport":"LFPO","name":"B21","layer":"Labels","category":"Gates","object_type":"Label","style_id":"label.gates","source_group":"LFPO Gates","vsmr_group_ids":[],"geometry_role":"text_label","text-field":"B21"},"geometry":{"type":"Point","coordinates":[2.375211667,48.728673056]}},{"type":"Feature","id":"LFPO-12385ee8c2b8f3ea58da","properties":{"airport":"LFPO","name":"B12","layer":"Labels","category":"Gates","object_type":"Label","style_id":"label.gates","source_group":"LFPO Gates","vsmr_group_ids":[],"geometry_role":"text_label","text-field":"B12"},"geometry":{"type":"Point","coordinates":[2.374848056,48.728468056]}},{"type":"Feature","id":"LFPO-2d5e5bbcabf0def0abf4","properties":{"airport":"LFPO","name":"B01","layer":"Labels","category":"Gates","object_type":"Label","style_id":"label.gates","source_group":"LFPO Gates","vsmr_group_ids":[],"geometry_role":"text_label","text-field":"B01"},"geometry":{"type":"Point","coordinates":[2.374655556,48.7286875]}},{"type":"Feature","id":"LFPO-1eab6055f6804ecb0f67","properties":{"airport":"LFPO","name":"C08","layer":"Labels","category":"Gates","object_type":"Label","style_id":"label.gates","source_group":"LFPO Gates","vsmr_group_ids":[],"geometry_role":"text_label","text-field":"C08"},"geometry":{"type":"Point","coordinates":[2.373265278,48.728439444]}},{"type":"Feature","id":"LFPO-fe91d9f5eb6985442a14","properties":{"airport":"LFPO","name":"C06","layer":"Labels","category":"Gates","object_type":"Label","style_id":"label.gates","source_group":"LFPO Gates","vsmr_group_ids":[],"geometry_role":"text_label","text-field":"C06"},"geometry":{"type":"Point","coordinates":[2.372295833,48.728258333]}},{"type":"Feature","id":"LFPO-4c887a2bbe3430381231","properties":{"airport":"LFPO","name":"C03","layer":"Labels","category":"Gates","object_type":"Label","style_id":"label.gates","source_group":"LFPO Gates","vsmr_group_ids":[],"geometry_role":"text_label","text-field":"C03"},"geometry":{"type":"Point","coordinates":[2.371668333,48.727791667]}},{"type":"Feature","id":"LFPO-10a21542f1b983dc71df","properties":{"airport":"LFPO","name":"C02","layer":"Labels","category":"Gates","object_type":"Label","style_id":"label.gates","source_group":"LFPO Gates","vsmr_group_ids":[],"geometry_role":"text_label","text-field":"C02"},"geometry":{"type":"Point","coordinates":[2.371033333,48.7276725]}},{"type":"Feature","id":"LFPO-6a968897d56b7137d1c0","properties":{"airport":"LFPO","name":"C01","layer":"Labels","category":"Gates","object_type":"Label","style_id":"label.gates","source_group":"LFPO Gates","vsmr_group_ids":[],"geometry_role":"text_label","text-field":"C01"},"geometry":{"type":"Point","coordinates":[2.370376111,48.727568056]}},{"type":"Feature","id":"LFPO-fc507ca421d62c50b68f","properties":{"airport":"LFPO","name":"G82","layer":"Labels","category":"Gates","object_type":"Label","style_id":"label.gates","source_group":"LFPO Gates","vsmr_group_ids":[],"geometry_role":"text_label","text-field":"G82"},"geometry":{"type":"Point","coordinates":[2.380134444,48.735575556]}},{"type":"Feature","id":"LFPO-9dd5b9cbd8077c6d4729","properties":{"airport":"LFPO","name":"G08","layer":"Labels","category":"Gates","object_type":"Label","style_id":"label.gates","source_group":"LFPO Gates","vsmr_group_ids":[],"geometry_role":"text_label","text-field":"G08"},"geometry":{"type":"Point","coordinates":[2.379806389,48.735508889]}},{"type":"Feature","id":"LFPO-9ea630952f8a52a0c94d","properties":{"airport":"LFPO","name":"G81","layer":"Labels","category":"Gates","object_type":"Label","style_id":"label.gates","source_group":"LFPO Gates","vsmr_group_ids":[],"geometry_role":"text_label","text-field":"G81"},"geometry":{"type":"Point","coordinates":[2.3799775,48.735336944]}},{"type":"Feature","id":"LFPO-a797740bba5200ff2f99","properties":{"airport":"LFPO","name":"G72","layer":"Labels","category":"Gates","object_type":"Label","style_id":"label.gates","source_group":"LFPO Gates","vsmr_group_ids":[],"geometry_role":"text_label","text-field":"G72"},"geometry":{"type":"Point","coordinates":[2.379193333,48.735108056]}},{"type":"Feature","id":"LFPO-63c373462d9a2d61e4df","properties":{"airport":"LFPO","name":"G07","layer":"Labels","category":"Gates","object_type":"Label","style_id":"label.gates","source_group":"LFPO Gates","vsmr_group_ids":[],"geometry_role":"text_label","text-field":"G07"},"geometry":{"type":"Point","coordinates":[2.379107778,48.734931667]}},{"type":"Feature","id":"LFPO-7ae0cc875504b98619d6","properties":{"airport":"LFPO","name":"G71","layer":"Labels","category":"Gates","object_type":"Label","style_id":"label.gates","source_group":"LFPO Gates","vsmr_group_ids":[],"geometry_role":"text_label","text-field":"G71"},"geometry":{"type":"Point","coordinates":[2.379186111,48.734731389]}},{"type":"Feature","id":"LFPO-3321994d751306ecae4d","properties":{"airport":"LFPO","name":"G62","layer":"Labels","category":"Gates","object_type":"Label","style_id":"label.gates","source_group":"LFPO Gates","vsmr_group_ids":[],"geometry_role":"text_label","text-field":"G62"},"geometry":{"type":"Point","coordinates":[2.378829722,48.734364167]}},{"type":"Feature","id":"LFPO-796957a059b35af6b158","properties":{"airport":"LFPO","name":"G06","layer":"Labels","category":"Gates","object_type":"Label","style_id":"label.gates","source_group":"LFPO Gates","vsmr_group_ids":[],"geometry_role":"text_label","text-field":"G06"},"geometry":{"type":"Point","coordinates":[2.37873,48.734159167]}},{"type":"Feature","id":"LFPO-a837feca0dc1c4704b07","properties":{"airport":"LFPO","name":"G61","layer":"Labels","category":"Gates","object_type":"Label","style_id":"label.gates","source_group":"LFPO Gates","vsmr_group_ids":[],"geometry_role":"text_label","text-field":"G61"},"geometry":{"type":"Point","coordinates":[2.378637222,48.733968333]}},{"type":"Feature","id":"LFPO-6e41d3d21b71239bfdac","properties":{"airport":"LFPO","name":"G52","layer":"Labels","category":"Gates","object_type":"Label","style_id":"label.gates","source_group":"LFPO Gates","vsmr_group_ids":[],"geometry_role":"text_label","text-field":"G52"},"geometry":{"type":"Point","coordinates":[2.378438056,48.733561667]}},{"type":"Feature","id":"LFPO-6e1b415ec473e6094065","properties":{"airport":"LFPO","name":"G05","layer":"Labels","category":"Gates","object_type":"Label","style_id":"label.gates","source_group":"LFPO Gates","vsmr_group_ids":[],"geometry_role":"text_label","text-field":"G05"},"geometry":{"type":"Point","coordinates":[2.378351389,48.733387778]}},{"type":"Feature","id":"LFPO-a53732c4ffdce11a4022","properties":{"airport":"LFPO","name":"G51","layer":"Labels","category":"Gates","object_type":"Label","style_id":"label.gates","source_group":"LFPO Gates","vsmr_group_ids":[],"geometry_role":"text_label","text-field":"G51"},"geometry":{"type":"Point","coordinates":[2.378433611,48.733177222]}},{"type":"Feature","id":"LFPO-d8bf3cceaf8535431477","properties":{"airport":"LFPO","name":"G04","layer":"Labels","category":"Gates","object_type":"Label","style_id":"label.gates","source_group":"LFPO Gates","vsmr_group_ids":[],"geometry_role":"text_label","text-field":"G04"},"geometry":{"type":"Point","coordinates":[2.3784375,48.732775556]}},{"type":"Feature","id":"LFPO-d02081e35f12f38acc9a","properties":{"airport":"LFPO","name":"G03","layer":"Labels","category":"Gates","object_type":"Label","style_id":"label.gates","source_group":"LFPO Gates","vsmr_group_ids":[],"geometry_role":"text_label","text-field":"G03"},"geometry":{"type":"Point","coordinates":[2.378259444,48.732656111]}},{"type":"Feature","id":"LFPO-d05999a74522dc8979ad","properties":{"airport":"LFPO","name":"G02","layer":"Labels","category":"Gates","object_type":"Label","style_id":"label.gates","source_group":"LFPO Gates","vsmr_group_ids":[],"geometry_role":"text_label","text-field":"G02"},"geometry":{"type":"Point","coordinates":[2.377555278,48.732489167]}},{"type":"Feature","id":"LFPO-81fb5e454d0e0128d2cd","properties":{"airport":"LFPO","name":"J22","layer":"Labels","category":"Gates","object_type":"Label","style_id":"label.gates","source_group":"LFPO Gates","vsmr_group_ids":[],"geometry_role":"text_label","text-field":"J22"},"geometry":{"type":"Point","coordinates":[2.381209722,48.740418889]}},{"type":"Feature","id":"LFPO-8f83dd08edbf3fe81aab","properties":{"airport":"LFPO","name":"J02","layer":"Labels","category":"Gates","object_type":"Label","style_id":"label.gates","source_group":"LFPO Gates","vsmr_group_ids":[],"geometry_role":"text_label","text-field":"J02"},"geometry":{"type":"Point","coordinates":[2.381255278,48.740251111]}},{"type":"Feature","id":"LFPO-90fc9c9eaf520108cb55","properties":{"airport":"LFPO","name":"J21","layer":"Labels","category":"Gates","object_type":"Label","style_id":"label.gates","source_group":"LFPO Gates","vsmr_group_ids":[],"geometry_role":"text_label","text-field":"J21"},"geometry":{"type":"Point","coordinates":[2.381305556,48.740040556]}},{"type":"Feature","id":"LFPO-33c030fa17dab830e5b6","properties":{"airport":"LFPO","name":"J01","layer":"Labels","category":"Gates","object_type":"Label","style_id":"label.gates","source_group":"LFPO Gates","vsmr_group_ids":[],"geometry_role":"text_label","text-field":"J01"},"geometry":{"type":"Point","coordinates":[2.381424167,48.739570278]}},{"type":"Feature","id":"LFPO-24063a0ce6d48635aa04","properties":{"airport":"LFPO","name":"H02","layer":"Labels","category":"Gates","object_type":"Label","style_id":"label.gates","source_group":"LFPO Gates","vsmr_group_ids":[],"geometry_role":"text_label","text-field":"H02"},"geometry":{"type":"Point","coordinates":[2.381419444,48.7401075]}},{"type":"Feature","id":"LFPO-c592f5b546d18b6ed545","properties":{"airport":"LFPO","name":"H11","layer":"Labels","category":"Gates","object_type":"Label","style_id":"label.gates","source_group":"LFPO Gates","vsmr_group_ids":[],"geometry_role":"text_label","text-field":"H11"},"geometry":{"type":"Point","coordinates":[2.381775556,48.740241944]}},{"type":"Feature","id":"LFPO-82d662b969f3e62bf951","properties":{"airport":"LFPO","name":"H01","layer":"Labels","category":"Gates","object_type":"Label","style_id":"label.gates","source_group":"LFPO Gates","vsmr_group_ids":[],"geometry_role":"text_label","text-field":"H01"},"geometry":{"type":"Point","coordinates":[2.382008056,48.740089167]}},{"type":"Feature","id":"LFPO-de24d23c7eff18f862f4","properties":{"airport":"LFPO","name":"K07","layer":"Labels","category":"Gates","object_type":"Label","style_id":"label.gates","source_group":"LFPO Gates","vsmr_group_ids":[],"geometry_role":"text_label","text-field":"K07"},"geometry":{"type":"Point","coordinates":[2.370425556,48.743316389]}},{"type":"Feature","id":"LFPO-a8b516a978ad4036f36f","properties":{"airport":"LFPO","name":"K06","layer":"Labels","category":"Gates","object_type":"Label","style_id":"label.gates","source_group":"LFPO Gates","vsmr_group_ids":[],"geometry_role":"text_label","text-field":"K06"},"geometry":{"type":"Point","coordinates":[2.370847778,48.742714167]}},{"type":"Feature","id":"LFPO-528b5de039acad550160","properties":{"airport":"LFPO","name":"K05","layer":"Labels","category":"Gates","object_type":"Label","style_id":"label.gates","source_group":"LFPO Gates","vsmr_group_ids":[],"geometry_role":"text_label","text-field":"K05"},"geometry":{"type":"Point","coordinates":[2.371081389,48.7433275]}},{"type":"Feature","id":"LFPO-91480752554d1f7a35fe","properties":{"airport":"LFPO","name":"K81","layer":"Labels","category":"Gates","object_type":"Label","style_id":"label.gates","source_group":"LFPO Gates","vsmr_group_ids":[],"geometry_role":"text_label","text-field":"K81"},"geometry":{"type":"Point","coordinates":[2.371908611,48.743173333]}},{"type":"Feature","id":"LFPO-e0fd3e77075930bdff4e","properties":{"airport":"LFPO","name":"K08","layer":"Labels","category":"Gates","object_type":"Label","style_id":"label.gates","source_group":"LFPO Gates","vsmr_group_ids":[],"geometry_role":"text_label","text-field":"K08"},"geometry":{"type":"Point","coordinates":[2.372199444,48.743391667]}},{"type":"Feature","id":"LFPO-24f9962e91a6ab087e51","properties":{"airport":"LFPO","name":"K82","layer":"Labels","category":"Gates","object_type":"Label","style_id":"label.gates","source_group":"LFPO Gates","vsmr_group_ids":[],"geometry_role":"text_label","text-field":"K82"},"geometry":{"type":"Point","coordinates":[2.372433333,48.743395278]}},{"type":"Feature","id":"LFPO-c366db65a2c3efc9b334","properties":{"airport":"LFPO","name":"K04","layer":"Labels","category":"Gates","object_type":"Label","style_id":"label.gates","source_group":"LFPO Gates","vsmr_group_ids":[],"geometry_role":"text_label","text-field":"K04"},"geometry":{"type":"Point","coordinates":[2.372986389,48.7432825]}},{"type":"Feature","id":"LFPO-42c7bbe2b7019a76fce3","properties":{"airport":"LFPO","name":"K02","layer":"Labels","category":"Gates","object_type":"Label","style_id":"label.gates","source_group":"LFPO Gates","vsmr_group_ids":[],"geometry_role":"text_label","text-field":"K02"},"geometry":{"type":"Point","coordinates":[2.373043611,48.743079167]}},{"type":"Feature","id":"LFPO-deb391688af71d35c5d8","properties":{"airport":"LFPO","name":"K01","layer":"Labels","category":"Gates","object_type":"Label","style_id":"label.gates","source_group":"LFPO Gates","vsmr_group_ids":[],"geometry_role":"text_label","text-field":"K01"},"geometry":{"type":"Point","coordinates":[2.373790556,48.743154444]}},{"type":"Feature","id":"LFPO-26a637778321d6ec07b4","properties":{"airport":"LFPO","name":"K18","layer":"Labels","category":"Gates","object_type":"Label","style_id":"label.gates","source_group":"LFPO Gates","vsmr_group_ids":[],"geometry_role":"text_label","text-field":"K18"},"geometry":{"type":"Point","coordinates":[2.374313611,48.741880278]}},{"type":"Feature","id":"LFPO-1bb423694b8f2ab32e30","properties":{"airport":"LFPO","name":"K19","layer":"Labels","category":"Gates","object_type":"Label","style_id":"label.gates","source_group":"LFPO Gates","vsmr_group_ids":[],"geometry_role":"text_label","text-field":"K19"},"geometry":{"type":"Point","coordinates":[2.374928611,48.741880278]}},{"type":"Feature","id":"LFPO-45a84a96f96998078bc9","properties":{"airport":"LFPO","name":"K20","layer":"Labels","category":"Gates","object_type":"Label","style_id":"label.gates","source_group":"LFPO Gates","vsmr_group_ids":[],"geometry_role":"text_label","text-field":"K20"},"geometry":{"type":"Point","coordinates":[2.375516667,48.741880278]}},{"type":"Feature","id":"LFPO-ac9267a49c31bd4e6552","properties":{"airport":"LFPO","name":"K21","layer":"Labels","category":"Gates","object_type":"Label","style_id":"label.gates","source_group":"LFPO Gates","vsmr_group_ids":[],"geometry_role":"text_label","text-field":"K21"},"geometry":{"type":"Point","coordinates":[2.376131667,48.741880278]}},{"type":"Feature","id":"LFPO-23d3aac154786ba57a9b","properties":{"airport":"LFPO","name":"K22","layer":"Labels","category":"Gates","object_type":"Label","style_id":"label.gates","source_group":"LFPO Gates","vsmr_group_ids":[],"geometry_role":"text_label","text-field":"K22"},"geometry":{"type":"Point","coordinates":[2.376808889,48.741521667]}},{"type":"Feature","id":"LFPO-2790c9aa6e7a1a8a07bd","properties":{"airport":"LFPO","name":"K23","layer":"Labels","category":"Gates","object_type":"Label","style_id":"label.gates","source_group":"LFPO Gates","vsmr_group_ids":[],"geometry_role":"text_label","text-field":"K23"},"geometry":{"type":"Point","coordinates":[2.377120833,48.741850833]}},{"type":"Feature","id":"LFPO-83403f19e340cf65921d","properties":{"airport":"LFPO","name":"K24","layer":"Labels","category":"Gates","object_type":"Label","style_id":"label.gates","source_group":"LFPO Gates","vsmr_group_ids":[],"geometry_role":"text_label","text-field":"K24"},"geometry":{"type":"Point","coordinates":[2.377415,48.7415275]}},{"type":"Feature","id":"LFPO-db79c05305db25ae07ae","properties":{"airport":"LFPO","name":"K25","layer":"Labels","category":"Gates","object_type":"Label","style_id":"label.gates","source_group":"LFPO Gates","vsmr_group_ids":[],"geometry_role":"text_label","text-field":"K25"},"geometry":{"type":"Point","coordinates":[2.378223611,48.741450556]}},{"type":"Feature","id":"LFPO-a97c2700f60c09e588fa","properties":{"airport":"LFPO","name":"K26","layer":"Labels","category":"Gates","object_type":"Label","style_id":"label.gates","source_group":"LFPO Gates","vsmr_group_ids":[],"geometry_role":"text_label","text-field":"K26"},"geometry":{"type":"Point","coordinates":[2.378406111,48.7412925]}},{"type":"Feature","id":"LFPO-b082e2f82fe94c9e5e48","properties":{"airport":"LFPO","name":"K27","layer":"Labels","category":"Gates","object_type":"Label","style_id":"label.gates","source_group":"LFPO Gates","vsmr_group_ids":[],"geometry_role":"text_label","text-field":"K27"},"geometry":{"type":"Point","coordinates":[2.378731389,48.741518333]}},{"type":"Feature","id":"LFPO-6c1d6218359437c41826","properties":{"airport":"LFPO","name":"K42","layer":"Labels","category":"Gates","object_type":"Label","style_id":"label.gates","source_group":"LFPO Gates","vsmr_group_ids":[],"geometry_role":"text_label","text-field":"K42"},"geometry":{"type":"Point","coordinates":[2.379980278,48.741935833]}},{"type":"Feature","id":"LFPO-011f45bb0779e642cac0","properties":{"airport":"LFPO","name":"K30","layer":"Labels","category":"Gates","object_type":"Label","style_id":"label.gates","source_group":"LFPO Gates","vsmr_group_ids":[],"geometry_role":"text_label","text-field":"K30"},"geometry":{"type":"Point","coordinates":[2.374991944,48.740836667]}},{"type":"Feature","id":"LFPO-471e9794f470c6fdc150","properties":{"airport":"LFPO","name":"K31","layer":"Labels","category":"Gates","object_type":"Label","style_id":"label.gates","source_group":"LFPO Gates","vsmr_group_ids":[],"geometry_role":"text_label","text-field":"K31"},"geometry":{"type":"Point","coordinates":[2.375227222,48.740436667]}},{"type":"Feature","id":"LFPO-980a6020857386556d65","properties":{"airport":"LFPO","name":"K32","layer":"Labels","category":"Gates","object_type":"Label","style_id":"label.gates","source_group":"LFPO Gates","vsmr_group_ids":[],"geometry_role":"text_label","text-field":"K32"},"geometry":{"type":"Point","coordinates":[2.375583611,48.740841111]}},{"type":"Feature","id":"LFPO-fea5503739b20442919c","properties":{"airport":"LFPO","name":"K33","layer":"Labels","category":"Gates","object_type":"Label","style_id":"label.gates","source_group":"LFPO Gates","vsmr_group_ids":[],"geometry_role":"text_label","text-field":"K33"},"geometry":{"type":"Point","coordinates":[2.376474722,48.740944722]}},{"type":"Feature","id":"LFPO-d359b9de1983bcd474c7","properties":{"airport":"LFPO","name":"K36","layer":"Labels","category":"Gates","object_type":"Label","style_id":"label.gates","source_group":"LFPO Gates","vsmr_group_ids":[],"geometry_role":"text_label","text-field":"K36"},"geometry":{"type":"Point","coordinates":[2.3791075,48.744114167]}},{"type":"Feature","id":"LFPO-ef83ddaf95850e3cc158","properties":{"airport":"LFPO","name":"K37","layer":"Labels","category":"Gates","object_type":"Label","style_id":"label.gates","source_group":"LFPO Gates","vsmr_group_ids":[],"geometry_role":"text_label","text-field":"K37"},"geometry":{"type":"Point","coordinates":[2.38187,48.743643889]}},{"type":"Feature","id":"LFPO-1fac603a605376f4d324","properties":{"airport":"LFPO","name":"K38","layer":"Labels","category":"Gates","object_type":"Label","style_id":"label.gates","source_group":"LFPO Gates","vsmr_group_ids":[],"geometry_role":"text_label","text-field":"K38"},"geometry":{"type":"Point","coordinates":[2.384071111,48.743914167]}},{"type":"Feature","id":"LFPO-cd21727901c441e1c4ef","properties":{"airport":"LFPO","name":"K39","layer":"Labels","category":"Gates","object_type":"Label","style_id":"label.gates","source_group":"LFPO Gates","vsmr_group_ids":[],"geometry_role":"text_label","text-field":"K39"},"geometry":{"type":"Point","coordinates":[2.3846325,48.74392]}},{"type":"Feature","id":"LFPO-d965a121801b8f236112","properties":{"airport":"LFPO","name":"K40","layer":"Labels","category":"Gates","object_type":"Label","style_id":"label.gates","source_group":"LFPO Gates","vsmr_group_ids":[],"geometry_role":"text_label","text-field":"K40"},"geometry":{"type":"Point","coordinates":[2.385203056,48.74392]}},{"type":"Feature","id":"LFPO-b4b21afeb929637e6a30","properties":{"airport":"LFPO","name":"W47","layer":"Labels","category":"Taxiways","object_type":"Label","style_id":"label.taxiways","source_group":"LFPO Taxiways","vsmr_group_ids":[],"geometry_role":"text_label","text-field":"W47"},"geometry":{"type":"Point","coordinates":[2.318203333,48.718989167]}},{"type":"Feature","id":"LFPO-17580fbd46144df6ff45","properties":{"airport":"LFPO","name":"W46","layer":"Labels","category":"Taxiways","object_type":"Label","style_id":"label.taxiways","source_group":"LFPO Taxiways","vsmr_group_ids":[],"geometry_role":"text_label","text-field":"W46"},"geometry":{"type":"Point","coordinates":[2.334318889,48.724261111]}},{"type":"Feature","id":"LFPO-ecc1506b6e93102907a2","properties":{"airport":"LFPO","name":"W45","layer":"Labels","category":"Taxiways","object_type":"Label","style_id":"label.taxiways","source_group":"LFPO Taxiways","vsmr_group_ids":[],"geometry_role":"text_label","text-field":"W45"},"geometry":{"type":"Point","coordinates":[2.340895,48.726577778]}},{"type":"Feature","id":"LFPO-76933b9cef6bac64061e","properties":{"airport":"LFPO","name":"W44","layer":"Labels","category":"Taxiways","object_type":"Label","style_id":"label.taxiways","source_group":"LFPO Taxiways","vsmr_group_ids":[],"geometry_role":"text_label","text-field":"W44"},"geometry":{"type":"Point","coordinates":[2.346375,48.728707778]}},{"type":"Feature","id":"LFPO-6960eb8a04bfaa2d0fc8","properties":{"airport":"LFPO","name":"W43","layer":"Labels","category":"Taxiways","object_type":"Label","style_id":"label.taxiways","source_group":"LFPO Taxiways","vsmr_group_ids":[],"geometry_role":"text_label","text-field":"W43"},"geometry":{"type":"Point","coordinates":[2.350556111,48.730758056]}},{"type":"Feature","id":"LFPO-bc6601e3ae8f49068ea3","properties":{"airport":"LFPO","name":"W42","layer":"Labels","category":"Taxiways","object_type":"Label","style_id":"label.taxiways","source_group":"LFPO Taxiways","vsmr_group_ids":[],"geometry_role":"text_label","text-field":"W42"},"geometry":{"type":"Point","coordinates":[2.355183889,48.732568611]}},{"type":"Feature","id":"LFPO-9e3705fd1eebc7ab6f60","properties":{"airport":"LFPO","name":"W41","layer":"Labels","category":"Taxiways","object_type":"Label","style_id":"label.taxiways","source_group":"LFPO Taxiways","vsmr_group_ids":[],"geometry_role":"text_label","text-field":"W41"},"geometry":{"type":"Point","coordinates":[2.360217222,48.734219444]}},{"type":"Feature","id":"LFPO-6de9b3998429b89058b8","properties":{"airport":"LFPO","name":"W47","layer":"Labels","category":"Taxiways","object_type":"Label","style_id":"label.taxiways","source_group":"LFPO Taxiways","vsmr_group_ids":[],"geometry_role":"text_label","text-field":"W47"},"geometry":{"type":"Point","coordinates":[2.329911944,48.721295833]}},{"type":"Feature","id":"LFPO-4727c73773d46368ae86","properties":{"airport":"LFPO","name":"W47","layer":"Labels","category":"Taxiways","object_type":"Label","style_id":"label.taxiways","source_group":"LFPO Taxiways","vsmr_group_ids":[],"geometry_role":"text_label","text-field":"W47"},"geometry":{"type":"Point","coordinates":[2.338345556,48.724345556]}},{"type":"Feature","id":"LFPO-951ff5ab75c76947af33","properties":{"airport":"LFPO","name":"W47","layer":"Labels","category":"Taxiways","object_type":"Label","style_id":"label.taxiways","source_group":"LFPO Taxiways","vsmr_group_ids":[],"geometry_role":"text_label","text-field":"W47"},"geometry":{"type":"Point","coordinates":[2.344484444,48.724781667]}},{"type":"Feature","id":"LFPO-70a912eec0c643b06eb7","properties":{"airport":"LFPO","name":"W37","layer":"Labels","category":"Taxiways","object_type":"Label","style_id":"label.taxiways","source_group":"LFPO Taxiways","vsmr_group_ids":[],"geometry_role":"text_label","text-field":"W37"},"geometry":{"type":"Point","coordinates":[2.357794444,48.720617778]}},{"type":"Feature","id":"LFPO-fdca6656e33942438ecf","properties":{"airport":"LFPO","name":"W36","layer":"Labels","category":"Taxiways","object_type":"Label","style_id":"label.taxiways","source_group":"LFPO Taxiways","vsmr_group_ids":[],"geometry_role":"text_label","text-field":"W36"},"geometry":{"type":"Point","coordinates":[2.364646667,48.721661667]}},{"type":"Feature","id":"LFPO-ed4f8ae03da5f97bbd13","properties":{"airport":"LFPO","name":"W35","layer":"Labels","category":"Taxiways","object_type":"Label","style_id":"label.taxiways","source_group":"LFPO Taxiways","vsmr_group_ids":[],"geometry_role":"text_label","text-field":"W35"},"geometry":{"type":"Point","coordinates":[2.367764167,48.722151389]}},{"type":"Feature","id":"LFPO-e58b1383f84b1e1efe88","properties":{"airport":"LFPO","name":"W4","layer":"Labels","category":"Taxiways","object_type":"Label","style_id":"label.taxiways","source_group":"LFPO Taxiways","vsmr_group_ids":[],"geometry_role":"text_label","text-field":"W4"},"geometry":{"type":"Point","coordinates":[2.374551389,48.723386944]}},{"type":"Feature","id":"LFPO-448e100ea10d70db28d7","properties":{"airport":"LFPO","name":"W34","layer":"Labels","category":"Taxiways","object_type":"Label","style_id":"label.taxiways","source_group":"LFPO Taxiways","vsmr_group_ids":[],"geometry_role":"text_label","text-field":"W34"},"geometry":{"type":"Point","coordinates":[2.377279444,48.723876944]}},{"type":"Feature","id":"LFPO-eab8de6ad16eae87e73d","properties":{"airport":"LFPO","name":"W33","layer":"Labels","category":"Taxiways","object_type":"Label","style_id":"label.taxiways","source_group":"LFPO Taxiways","vsmr_group_ids":[],"geometry_role":"text_label","text-field":"W33"},"geometry":{"type":"Point","coordinates":[2.385527778,48.725431944]}},{"type":"Feature","id":"LFPO-ad6fa8f6b26908b630d6","properties":{"airport":"LFPO","name":"W32","layer":"Labels","category":"Taxiways","object_type":"Label","style_id":"label.taxiways","source_group":"LFPO Taxiways","vsmr_group_ids":[],"geometry_role":"text_label","text-field":"W32"},"geometry":{"type":"Point","coordinates":[2.394945556,48.727071944]}},{"type":"Feature","id":"LFPO-f4302d38ee106ad6512a","properties":{"airport":"LFPO","name":"W31","layer":"Labels","category":"Taxiways","object_type":"Label","style_id":"label.taxiways","source_group":"LFPO Taxiways","vsmr_group_ids":[],"geometry_role":"text_label","text-field":"W31"},"geometry":{"type":"Point","coordinates":[2.400044167,48.728477778]}},{"type":"Feature","id":"LFPO-9c51ab0ef88caba0c1b8","properties":{"airport":"LFPO","name":"W31","layer":"Labels","category":"Taxiways","object_type":"Label","style_id":"label.taxiways","source_group":"LFPO Taxiways","vsmr_group_ids":[],"geometry_role":"text_label","text-field":"W31"},"geometry":{"type":"Point","coordinates":[2.391600556,48.728328889]}},{"type":"Feature","id":"LFPO-72d9eb33b169fb6aa880","properties":{"airport":"LFPO","name":"W31","layer":"Labels","category":"Taxiways","object_type":"Label","style_id":"label.taxiways","source_group":"LFPO Taxiways","vsmr_group_ids":[],"geometry_role":"text_label","text-field":"W31"},"geometry":{"type":"Point","coordinates":[2.384618611,48.727924167]}},{"type":"Feature","id":"LFPO-5d6c7c8fcbf95828ac3d","properties":{"airport":"LFPO","name":"W1","layer":"Labels","category":"Taxiways","object_type":"Label","style_id":"label.taxiways","source_group":"LFPO Taxiways","vsmr_group_ids":[],"geometry_role":"text_label","text-field":"W1"},"geometry":{"type":"Point","coordinates":[2.358193056,48.732621667]}},{"type":"Feature","id":"LFPO-eff06b0938dc8d524478","properties":{"airport":"LFPO","name":"W1","layer":"Labels","category":"Taxiways","object_type":"Label","style_id":"label.taxiways","source_group":"LFPO Taxiways","vsmr_group_ids":[],"geometry_role":"text_label","text-field":"W1"},"geometry":{"type":"Point","coordinates":[2.353727778,48.729746111]}},{"type":"Feature","id":"LFPO-8579da6f235428bc4d08","properties":{"airport":"LFPO","name":"W1","layer":"Labels","category":"Taxiways","object_type":"Label","style_id":"label.taxiways","source_group":"LFPO Taxiways","vsmr_group_ids":[],"geometry_role":"text_label","text-field":"W1"},"geometry":{"type":"Point","coordinates":[2.352875278,48.728068611]}},{"type":"Feature","id":"LFPO-79b5424260c72aa066b8","properties":{"airport":"LFPO","name":"W1","layer":"Labels","category":"Taxiways","object_type":"Label","style_id":"label.taxiways","source_group":"LFPO Taxiways","vsmr_group_ids":[],"geometry_role":"text_label","text-field":"W1"},"geometry":{"type":"Point","coordinates":[2.352875278,48.725858611]}},{"type":"Feature","id":"LFPO-7f691f23f17879d3bf68","properties":{"airport":"LFPO","name":"W1","layer":"Labels","category":"Taxiways","object_type":"Label","style_id":"label.taxiways","source_group":"LFPO Taxiways","vsmr_group_ids":[],"geometry_role":"text_label","text-field":"W1"},"geometry":{"type":"Point","coordinates":[2.354661389,48.723355833]}},{"type":"Feature","id":"LFPO-d8362bc95955dad12520","properties":{"airport":"LFPO","name":"W1","layer":"Labels","category":"Taxiways","object_type":"Label","style_id":"label.taxiways","source_group":"LFPO Taxiways","vsmr_group_ids":[],"geometry_role":"text_label","text-field":"W1"},"geometry":{"type":"Point","coordinates":[2.359613889,48.723568611]}},{"type":"Feature","id":"LFPO-a262e74e907c006bbc72","properties":{"airport":"LFPO","name":"W1","layer":"Labels","category":"Taxiways","object_type":"Label","style_id":"label.taxiways","source_group":"LFPO Taxiways","vsmr_group_ids":[],"geometry_role":"text_label","text-field":"W1"},"geometry":{"type":"Point","coordinates":[2.364566389,48.724553889]}},{"type":"Feature","id":"LFPO-30d51b7e5212fcd97a00","properties":{"airport":"LFPO","name":"W1","layer":"Labels","category":"Taxiways","object_type":"Label","style_id":"label.taxiways","source_group":"LFPO Taxiways","vsmr_group_ids":[],"geometry_role":"text_label","text-field":"W1"},"geometry":{"type":"Point","coordinates":[2.368260278,48.725166389]}},{"type":"Feature","id":"LFPO-e1d2df86ff019bbc4303","properties":{"airport":"LFPO","name":"W1","layer":"Labels","category":"Taxiways","object_type":"Label","style_id":"label.taxiways","source_group":"LFPO Taxiways","vsmr_group_ids":[],"geometry_role":"text_label","text-field":"W1"},"geometry":{"type":"Point","coordinates":[2.374349167,48.726337778]}},{"type":"Feature","id":"LFPO-06f0ade7015867562131","properties":{"airport":"LFPO","name":"W1","layer":"Labels","category":"Taxiways","object_type":"Label","style_id":"label.taxiways","source_group":"LFPO Taxiways","vsmr_group_ids":[],"geometry_role":"text_label","text-field":"W1"},"geometry":{"type":"Point","coordinates":[2.3780025,48.727136667]}},{"type":"Feature","id":"LFPO-2a7d17e7cac770aae784","properties":{"airport":"LFPO","name":"W1","layer":"Labels","category":"Taxiways","object_type":"Label","style_id":"label.taxiways","source_group":"LFPO Taxiways","vsmr_group_ids":[],"geometry_role":"text_label","text-field":"W1"},"geometry":{"type":"Point","coordinates":[2.379829444,48.729639444]}},{"type":"Feature","id":"LFPO-b31358d139c5dd947ba5","properties":{"airport":"LFPO","name":"W1","layer":"Labels","category":"Taxiways","object_type":"Label","style_id":"label.taxiways","source_group":"LFPO Taxiways","vsmr_group_ids":[],"geometry_role":"text_label","text-field":"W1"},"geometry":{"type":"Point","coordinates":[2.382711389,48.735364167]}},{"type":"Feature","id":"LFPO-3f203b7cc7150db1689d","properties":{"airport":"LFPO","name":"W1","layer":"Labels","category":"Taxiways","object_type":"Label","style_id":"label.taxiways","source_group":"LFPO Taxiways","vsmr_group_ids":[],"geometry_role":"text_label","text-field":"W1"},"geometry":{"type":"Point","coordinates":[2.354995833,48.730784167]}},{"type":"Feature","id":"LFPO-f140339c84ef9f8cd28a","properties":{"airport":"LFPO","name":"W2","layer":"Labels","category":"Taxiways","object_type":"Label","style_id":"label.taxiways","source_group":"LFPO Taxiways","vsmr_group_ids":[],"geometry_role":"text_label","text-field":"W2"},"geometry":{"type":"Point","coordinates":[2.354408611,48.728367222]}},{"type":"Feature","id":"LFPO-b8bd9ee4c8957dc73522","properties":{"airport":"LFPO","name":"W2","layer":"Labels","category":"Taxiways","object_type":"Label","style_id":"label.taxiways","source_group":"LFPO Taxiways","vsmr_group_ids":[],"geometry_role":"text_label","text-field":"W2"},"geometry":{"type":"Point","coordinates":[2.355136111,48.726608611]}},{"type":"Feature","id":"LFPO-1891854ba41bc19d6dbb","properties":{"airport":"LFPO","name":"W2","layer":"Labels","category":"Taxiways","object_type":"Label","style_id":"label.taxiways","source_group":"LFPO Taxiways","vsmr_group_ids":[],"geometry_role":"text_label","text-field":"W2"},"geometry":{"type":"Point","coordinates":[2.355759722,48.725054444]}},{"type":"Feature","id":"LFPO-c4877d6162f4f8a957fc","properties":{"airport":"LFPO","name":"W2","layer":"Labels","category":"Taxiways","object_type":"Label","style_id":"label.taxiways","source_group":"LFPO Taxiways","vsmr_group_ids":[],"geometry_role":"text_label","text-field":"W2"},"geometry":{"type":"Point","coordinates":[2.356736389,48.7247]}},{"type":"Feature","id":"LFPO-11cddca2ca4f26447e84","properties":{"airport":"LFPO","name":"W2","layer":"Labels","category":"Taxiways","object_type":"Label","style_id":"label.taxiways","source_group":"LFPO Taxiways","vsmr_group_ids":[],"geometry_role":"text_label","text-field":"W2"},"geometry":{"type":"Point","coordinates":[2.359770833,48.724808889]}},{"type":"Feature","id":"LFPO-b412e877eb880fdd635d","properties":{"airport":"LFPO","name":"W2","layer":"Labels","category":"Taxiways","object_type":"Label","style_id":"label.taxiways","source_group":"LFPO Taxiways","vsmr_group_ids":[],"geometry_role":"text_label","text-field":"W2"},"geometry":{"type":"Point","coordinates":[2.364093889,48.725504167]}},{"type":"Feature","id":"LFPO-caafea6c9070772864e9","properties":{"airport":"LFPO","name":"W2","layer":"Labels","category":"Taxiways","object_type":"Label","style_id":"label.taxiways","source_group":"LFPO Taxiways","vsmr_group_ids":[],"geometry_role":"text_label","text-field":"W2"},"geometry":{"type":"Point","coordinates":[2.368936667,48.726595]}},{"type":"Feature","id":"LFPO-7ca11d7395fe935a9678","properties":{"airport":"LFPO","name":"W2","layer":"Labels","category":"Taxiways","object_type":"Label","style_id":"label.taxiways","source_group":"LFPO Taxiways","vsmr_group_ids":[],"geometry_role":"text_label","text-field":"W2"},"geometry":{"type":"Point","coordinates":[2.374444167,48.727562778]}},{"type":"Feature","id":"LFPO-e322e6e453774ffbcfc2","properties":{"airport":"LFPO","name":"W2","layer":"Labels","category":"Taxiways","object_type":"Label","style_id":"label.taxiways","source_group":"LFPO Taxiways","vsmr_group_ids":[],"geometry_role":"text_label","text-field":"W2"},"geometry":{"type":"Point","coordinates":[2.37804,48.729348611]}},{"type":"Feature","id":"LFPO-772f15eaf2892e92d863","properties":{"airport":"LFPO","name":"W2","layer":"Labels","category":"Taxiways","object_type":"Label","style_id":"label.taxiways","source_group":"LFPO Taxiways","vsmr_group_ids":[],"geometry_role":"text_label","text-field":"W2"},"geometry":{"type":"Point","coordinates":[2.379311667,48.731225]}},{"type":"Feature","id":"LFPO-08af2a67f7911983a026","properties":{"airport":"LFPO","name":"W2","layer":"Labels","category":"Taxiways","object_type":"Label","style_id":"label.taxiways","source_group":"LFPO Taxiways","vsmr_group_ids":[],"geometry_role":"text_label","text-field":"W2"},"geometry":{"type":"Point","coordinates":[2.3808125,48.734963611]}},{"type":"Feature","id":"LFPO-72331c91db67a6abfe17","properties":{"airport":"LFPO","name":"W2","layer":"Labels","category":"Taxiways","object_type":"Label","style_id":"label.taxiways","source_group":"LFPO Taxiways","vsmr_group_ids":[],"geometry_role":"text_label","text-field":"W2"},"geometry":{"type":"Point","coordinates":[2.382596944,48.737959722]}},{"type":"Feature","id":"LFPO-2dfae557e74472cad79c","properties":{"airport":"LFPO","name":"W3","layer":"Labels","category":"Taxiways","object_type":"Label","style_id":"label.taxiways","source_group":"LFPO Taxiways","vsmr_group_ids":[],"geometry_role":"text_label","text-field":"W3"},"geometry":{"type":"Point","coordinates":[2.359005556,48.731568056]}},{"type":"Feature","id":"LFPO-c09dbd5ca4a7610840bd","properties":{"airport":"LFPO","name":"W3","layer":"Labels","category":"Taxiways","object_type":"Label","style_id":"label.taxiways","source_group":"LFPO Taxiways","vsmr_group_ids":[],"geometry_role":"text_label","text-field":"W3"},"geometry":{"type":"Point","coordinates":[2.355479167,48.729845]}},{"type":"Feature","id":"LFPO-1fdce59eae675f117cab","properties":{"airport":"LFPO","name":"W3","layer":"Labels","category":"Taxiways","object_type":"Label","style_id":"label.taxiways","source_group":"LFPO Taxiways","vsmr_group_ids":[],"geometry_role":"text_label","text-field":"W3"},"geometry":{"type":"Point","coordinates":[2.355528889,48.728568889]}},{"type":"Feature","id":"LFPO-526ae6b1d3164c7192b6","properties":{"airport":"LFPO","name":"W3","layer":"Labels","category":"Taxiways","object_type":"Label","style_id":"label.taxiways","source_group":"LFPO Taxiways","vsmr_group_ids":[],"geometry_role":"text_label","text-field":"W3"},"geometry":{"type":"Point","coordinates":[2.356393611,48.7268675]}},{"type":"Feature","id":"LFPO-798710732bb24db123d9","properties":{"airport":"LFPO","name":"W3","layer":"Labels","category":"Taxiways","object_type":"Label","style_id":"label.taxiways","source_group":"LFPO Taxiways","vsmr_group_ids":[],"geometry_role":"text_label","text-field":"W3"},"geometry":{"type":"Point","coordinates":[2.356908889,48.725351667]}},{"type":"Feature","id":"LFPO-0de729cc25dc353af609","properties":{"airport":"LFPO","name":"WT","layer":"Labels","category":"Taxiways","object_type":"Label","style_id":"label.taxiways","source_group":"LFPO Taxiways","vsmr_group_ids":[],"geometry_role":"text_label","text-field":"WT"},"geometry":{"type":"Point","coordinates":[2.357188056,48.727851389]}},{"type":"Feature","id":"LFPO-58d77566b6175324a170","properties":{"airport":"LFPO","name":"LP","layer":"Labels","category":"Taxiways","object_type":"Label","style_id":"label.taxiways","source_group":"LFPO Taxiways","vsmr_group_ids":[],"geometry_role":"text_label","text-field":"LP"},"geometry":{"type":"Point","coordinates":[2.360886667,48.733079722]}},{"type":"Feature","id":"LFPO-2bc3117fd223c4bb2127","properties":{"airport":"LFPO","name":"LR","layer":"Labels","category":"Taxiways","object_type":"Label","style_id":"label.taxiways","source_group":"LFPO Taxiways","vsmr_group_ids":[],"geometry_role":"text_label","text-field":"LR"},"geometry":{"type":"Point","coordinates":[2.356145278,48.730843056]}},{"type":"Feature","id":"LFPO-08b99d9b885d0941c8d4","properties":{"airport":"LFPO","name":"LS","layer":"Labels","category":"Taxiways","object_type":"Label","style_id":"label.taxiways","source_group":"LFPO Taxiways","vsmr_group_ids":[],"geometry_role":"text_label","text-field":"LS"},"geometry":{"type":"Point","coordinates":[2.354651389,48.729117778]}},{"type":"Feature","id":"LFPO-92d3362f84dc4a1b7b94","properties":{"airport":"LFPO","name":"LT","layer":"Labels","category":"Taxiways","object_type":"Label","style_id":"label.taxiways","source_group":"LFPO Taxiways","vsmr_group_ids":[],"geometry_role":"text_label","text-field":"LT"},"geometry":{"type":"Point","coordinates":[2.355333333,48.727583889]}},{"type":"Feature","id":"LFPO-6ec9af9d17289bc0f2c4","properties":{"airport":"LFPO","name":"LU","layer":"Labels","category":"Taxiways","object_type":"Label","style_id":"label.taxiways","source_group":"LFPO Taxiways","vsmr_group_ids":[],"geometry_role":"text_label","text-field":"LU"},"geometry":{"type":"Point","coordinates":[2.356015278,48.726007778]}},{"type":"Feature","id":"LFPO-9645f9ad0c13f13a77ea","properties":{"airport":"LFPO","name":"LM","layer":"Labels","category":"Taxiways","object_type":"Label","style_id":"label.taxiways","source_group":"LFPO Taxiways","vsmr_group_ids":[],"geometry_role":"text_label","text-field":"LM"},"geometry":{"type":"Point","coordinates":[2.355008611,48.724282222]}},{"type":"Feature","id":"LFPO-9050270850df2b9e0f7c","properties":{"airport":"LFPO","name":"LN","layer":"Labels","category":"Taxiways","object_type":"Label","style_id":"label.taxiways","source_group":"LFPO Taxiways","vsmr_group_ids":[],"geometry_role":"text_label","text-field":"LN"},"geometry":{"type":"Point","coordinates":[2.352443056,48.723835]}},{"type":"Feature","id":"LFPO-8d11efbb7737b579aa0d","properties":{"airport":"LFPO","name":"LNA","layer":"Labels","category":"Taxiways","object_type":"Label","style_id":"label.taxiways","source_group":"LFPO Taxiways","vsmr_group_ids":[],"geometry_role":"text_label","text-field":"LNA"},"geometry":{"type":"Point","coordinates":[2.351598889,48.723196111]}},{"type":"Feature","id":"LFPO-41097349f1ae7933834a","properties":{"airport":"LFPO","name":"WQ","layer":"Labels","category":"Taxiways","object_type":"Label","style_id":"label.taxiways","source_group":"LFPO Taxiways","vsmr_group_ids":[],"geometry_role":"text_label","text-field":"WQ"},"geometry":{"type":"Point","coordinates":[2.348835278,48.724273889]}},{"type":"Feature","id":"LFPO-da62edede2c406f7dc1a","properties":{"airport":"LFPO","name":"L44","layer":"Labels","category":"Taxiways","object_type":"Label","style_id":"label.taxiways","source_group":"LFPO Taxiways","vsmr_group_ids":[],"geometry_role":"text_label","text-field":"L44"},"geometry":{"type":"Point","coordinates":[2.351978889,48.728857778]}},{"type":"Feature","id":"LFPO-36858370b460e7e88b00","properties":{"airport":"LFPO","name":"L43","layer":"Labels","category":"Taxiways","object_type":"Label","style_id":"label.taxiways","source_group":"LFPO Taxiways","vsmr_group_ids":[],"geometry_role":"text_label","text-field":"L43"},"geometry":{"type":"Point","coordinates":[2.352861944,48.730186944]}},{"type":"Feature","id":"LFPO-922f290e4038c0d92d4c","properties":{"airport":"LFPO","name":"L42","layer":"Labels","category":"Taxiways","object_type":"Label","style_id":"label.taxiways","source_group":"LFPO Taxiways","vsmr_group_ids":[],"geometry_role":"text_label","text-field":"L42"},"geometry":{"type":"Point","coordinates":[2.355148333,48.731823056]}},{"type":"Feature","id":"LFPO-bacc700d8c647ad73f1c","properties":{"airport":"LFPO","name":"LRA","layer":"Labels","category":"Taxiways","object_type":"Label","style_id":"label.taxiways","source_group":"LFPO Taxiways","vsmr_group_ids":[],"geometry_role":"text_label","text-field":"LRA"},"geometry":{"type":"Point","coordinates":[2.354941111,48.731201667]}},{"type":"Feature","id":"LFPO-c4095773450927afb2ee","properties":{"airport":"LFPO","name":"W47","layer":"Labels","category":"Taxiways","object_type":"Label","style_id":"label.taxiways","source_group":"LFPO Taxiways","vsmr_group_ids":[],"geometry_role":"text_label","text-field":"W47"},"geometry":{"type":"Point","coordinates":[2.352736389,48.722493056]}},{"type":"Feature","id":"LFPO-ce4e2d56922c1ee441bc","properties":{"airport":"LFPO","name":"WG","layer":"Labels","category":"Taxiways","object_type":"Label","style_id":"label.taxiways","source_group":"LFPO Taxiways","vsmr_group_ids":[],"geometry_role":"text_label","text-field":"WG"},"geometry":{"type":"Point","coordinates":[2.378190278,48.731950556]}},{"type":"Feature","id":"LFPO-97806aa6de2b5c16b296","properties":{"airport":"LFPO","name":"L4","layer":"Labels","category":"Taxiways","object_type":"Label","style_id":"label.taxiways","source_group":"LFPO Taxiways","vsmr_group_ids":[],"geometry_role":"text_label","text-field":"L4"},"geometry":{"type":"Point","coordinates":[2.356291389,48.723829722]}},{"type":"Feature","id":"LFPO-54ea78ae26b0b767467f","properties":{"airport":"LFPO","name":"L3","layer":"Labels","category":"Taxiways","object_type":"Label","style_id":"label.taxiways","source_group":"LFPO Taxiways","vsmr_group_ids":[],"geometry_role":"text_label","text-field":"L3"},"geometry":{"type":"Point","coordinates":[2.362318611,48.724661389]}},{"type":"Feature","id":"LFPO-110c27851dcbcfe773a1","properties":{"airport":"LFPO","name":"L2","layer":"Labels","category":"Taxiways","object_type":"Label","style_id":"label.taxiways","source_group":"LFPO Taxiways","vsmr_group_ids":[],"geometry_role":"text_label","text-field":"L2"},"geometry":{"type":"Point","coordinates":[2.366122222,48.725383889]}},{"type":"Feature","id":"LFPO-22a24668ae73dac988b3","properties":{"airport":"LFPO","name":"L1","layer":"Labels","category":"Taxiways","object_type":"Label","style_id":"label.taxiways","source_group":"LFPO Taxiways","vsmr_group_ids":[],"geometry_role":"text_label","text-field":"L1"},"geometry":{"type":"Point","coordinates":[2.371754444,48.726460833]}},{"type":"Feature","id":"LFPO-eae26669ea78e6f74804","properties":{"airport":"LFPO","name":"LF","layer":"Labels","category":"Taxiways","object_type":"Label","style_id":"label.taxiways","source_group":"LFPO Taxiways","vsmr_group_ids":[],"geometry_role":"text_label","text-field":"LF"},"geometry":{"type":"Point","coordinates":[2.377345278,48.727565278]}},{"type":"Feature","id":"LFPO-3acfbc0e46b3fe9f22eb","properties":{"airport":"LFPO","name":"LC","layer":"Labels","category":"Taxiways","object_type":"Label","style_id":"label.taxiways","source_group":"LFPO Taxiways","vsmr_group_ids":[],"geometry_role":"text_label","text-field":"LC"},"geometry":{"type":"Point","coordinates":[2.378322222,48.728205833]}},{"type":"Feature","id":"LFPO-e9035fa3eb93c6e68a1d","properties":{"airport":"LFPO","name":"LB","layer":"Labels","category":"Taxiways","object_type":"Label","style_id":"label.taxiways","source_group":"LFPO Taxiways","vsmr_group_ids":[],"geometry_role":"text_label","text-field":"LB"},"geometry":{"type":"Point","coordinates":[2.379693889,48.730836944]}},{"type":"Feature","id":"LFPO-69c2619ce3a70bbcaf49","properties":{"airport":"LFPO","name":"LG","layer":"Labels","category":"Taxiways","object_type":"Label","style_id":"label.taxiways","source_group":"LFPO Taxiways","vsmr_group_ids":[],"geometry_role":"text_label","text-field":"LG"},"geometry":{"type":"Point","coordinates":[2.380686667,48.732261389]}},{"type":"Feature","id":"LFPO-b735c50c183428016dea","properties":{"airport":"LFPO","name":"LGN","layer":"Labels","category":"Taxiways","object_type":"Label","style_id":"label.taxiways","source_group":"LFPO Taxiways","vsmr_group_ids":[],"geometry_role":"text_label","text-field":"LGN"},"geometry":{"type":"Point","coordinates":[2.380805278,48.733050556]}},{"type":"Feature","id":"LFPO-78f54030e364b779dd77","properties":{"airport":"LFPO","name":"LJ","layer":"Labels","category":"Taxiways","object_type":"Label","style_id":"label.taxiways","source_group":"LFPO Taxiways","vsmr_group_ids":[],"geometry_role":"text_label","text-field":"LJ"},"geometry":{"type":"Point","coordinates":[2.382875556,48.737204167]}},{"type":"Feature","id":"LFPO-95f19ef3394999a6d585","properties":{"airport":"LFPO","name":"W28","layer":"Labels","category":"Taxiways","object_type":"Label","style_id":"label.taxiways","source_group":"LFPO Taxiways","vsmr_group_ids":[],"geometry_role":"text_label","text-field":"W28"},"geometry":{"type":"Point","coordinates":[2.375303333,48.718854722]}},{"type":"Feature","id":"LFPO-36f929b9d826798ac5b9","properties":{"airport":"LFPO","name":"W5","layer":"Labels","category":"Taxiways","object_type":"Label","style_id":"label.taxiways","source_group":"LFPO Taxiways","vsmr_group_ids":[],"geometry_role":"text_label","text-field":"W5"},"geometry":{"type":"Point","coordinates":[2.380206944,48.727928889]}},{"type":"Feature","id":"LFPO-abb300807d163392aadb","properties":{"airport":"LFPO","name":"W23","layer":"Labels","category":"Taxiways","object_type":"Label","style_id":"label.taxiways","source_group":"LFPO Taxiways","vsmr_group_ids":[],"geometry_role":"text_label","text-field":"W23"},"geometry":{"type":"Point","coordinates":[2.383194722,48.733978611]}},{"type":"Feature","id":"LFPO-d6184238b326d054d3c6","properties":{"airport":"LFPO","name":"W22","layer":"Labels","category":"Taxiways","object_type":"Label","style_id":"label.taxiways","source_group":"LFPO Taxiways","vsmr_group_ids":[],"geometry_role":"text_label","text-field":"W22"},"geometry":{"type":"Point","coordinates":[2.384744444,48.737585]}},{"type":"Feature","id":"LFPO-c003418d191e041600db","properties":{"airport":"LFPO","name":"W21","layer":"Labels","category":"Taxiways","object_type":"Label","style_id":"label.taxiways","source_group":"LFPO Taxiways","vsmr_group_ids":[],"geometry_role":"text_label","text-field":"W21"},"geometry":{"type":"Point","coordinates":[2.384947222,48.738916389]}},{"type":"Feature","id":"LFPO-53c86f1a4ec885ffb976","properties":{"airport":"LFPO","name":"LH","layer":"Labels","category":"Taxiways","object_type":"Label","style_id":"label.taxiways","source_group":"LFPO Taxiways","vsmr_group_ids":[],"geometry_role":"text_label","text-field":"LH"},"geometry":{"type":"Point","coordinates":[2.382005556,48.741290833]}},{"type":"Feature","id":"LFPO-1ceb603162ff38898d69","properties":{"airport":"LFPO","name":"W1","layer":"Labels","category":"Taxiways","object_type":"Label","style_id":"label.taxiways","source_group":"LFPO Taxiways","vsmr_group_ids":[],"geometry_role":"text_label","text-field":"W1"},"geometry":{"type":"Point","coordinates":[2.380891667,48.742414167]}},{"type":"Feature","id":"LFPO-b5ecdd11fb63bcc49374","properties":{"airport":"LFPO","name":"W1","layer":"Labels","category":"Taxiways","object_type":"Label","style_id":"label.taxiways","source_group":"LFPO Taxiways","vsmr_group_ids":[],"geometry_role":"text_label","text-field":"W1"},"geometry":{"type":"Point","coordinates":[2.376551944,48.742348889]}},{"type":"Feature","id":"LFPO-34ceeb97146bf203760f","properties":{"airport":"LFPO","name":"W1","layer":"Labels","category":"Taxiways","object_type":"Label","style_id":"label.taxiways","source_group":"LFPO Taxiways","vsmr_group_ids":[],"geometry_role":"text_label","text-field":"W1"},"geometry":{"type":"Point","coordinates":[2.383249167,48.739520278]}},{"type":"Feature","id":"LFPO-777827e85a662b1b6da4","properties":{"airport":"LFPO","name":"W1","layer":"Labels","category":"Taxiways","object_type":"Label","style_id":"label.taxiways","source_group":"LFPO Taxiways","vsmr_group_ids":[],"geometry_role":"text_label","text-field":"W1"},"geometry":{"type":"Point","coordinates":[2.382866111,48.741173611]}},{"type":"Feature","id":"LFPO-98e30caf3b61ff06eaaa","properties":{"airport":"LFPO","name":"K","layer":"Labels","category":"Taxiways","object_type":"Label","style_id":"label.taxiways","source_group":"LFPO Taxiways","vsmr_group_ids":[],"geometry_role":"text_label","text-field":"K"},"geometry":{"type":"Point","coordinates":[2.383144722,48.741965278]}},{"type":"Feature","id":"LFPO-ec05cc261fae68d1b9f4","properties":{"airport":"LFPO","name":"W2","layer":"Labels","category":"Taxiways","object_type":"Label","style_id":"label.taxiways","source_group":"LFPO Taxiways","vsmr_group_ids":[],"geometry_role":"text_label","text-field":"W2"},"geometry":{"type":"Point","coordinates":[2.371661667,48.741045556]}},{"type":"Feature","id":"LFPO-2e9b0bd5a39c6d72d51b","properties":{"airport":"LFPO","name":"W2","layer":"Labels","category":"Taxiways","object_type":"Label","style_id":"label.taxiways","source_group":"LFPO Taxiways","vsmr_group_ids":[],"geometry_role":"text_label","text-field":"W2"},"geometry":{"type":"Point","coordinates":[2.374010278,48.739982222]}},{"type":"Feature","id":"LFPO-f395cf65703c9880ebe5","properties":{"airport":"LFPO","name":"HB1","layer":"Labels","category":"Taxiways","object_type":"Label","style_id":"label.taxiways","source_group":"LFPO Taxiways","vsmr_group_ids":[],"geometry_role":"text_label","text-field":"HB1"},"geometry":{"type":"Point","coordinates":[2.319975278,48.717516389]}},{"type":"Feature","id":"LFPO-6414d685b0a4e5052a9f","properties":{"airport":"LFPO","name":"HB2","layer":"Labels","category":"Taxiways","object_type":"Label","style_id":"label.taxiways","source_group":"LFPO Taxiways","vsmr_group_ids":[],"geometry_role":"text_label","text-field":"HB2"},"geometry":{"type":"Point","coordinates":[2.3216575,48.717777222]}},{"type":"Feature","id":"LFPO-af2a7edd7bdf33729af2","properties":{"airport":"LFPO","name":"HB3","layer":"Labels","category":"Taxiways","object_type":"Label","style_id":"label.taxiways","source_group":"LFPO Taxiways","vsmr_group_ids":[],"geometry_role":"text_label","text-field":"HB3"},"geometry":{"type":"Point","coordinates":[2.322359167,48.718343333]}},{"type":"Feature","id":"LFPO-6c6281100cfc974aad09","properties":{"airport":"LFPO","name":"HB4","layer":"Labels","category":"Taxiways","object_type":"Label","style_id":"label.taxiways","source_group":"LFPO Taxiways","vsmr_group_ids":[],"geometry_role":"text_label","text-field":"HB4"},"geometry":{"type":"Point","coordinates":[2.320977778,48.717553611]}},{"type":"Feature","id":"LFPO-87c2127b8794fc4dc35a","properties":{"airport":"LFPO","name":"N","layer":"Labels","category":"Taxiways","object_type":"Label","style_id":"label.taxiways","source_group":"LFPO Taxiways","vsmr_group_ids":[],"geometry_role":"text_label","text-field":"N"},"geometry":{"type":"Point","coordinates":[2.353569444,48.731489167]}},{"type":"Feature","id":"LFPO-d901badb04d53b2d66ef","properties":{"airport":"LFPO","name":"S","layer":"Labels","category":"Taxiways","object_type":"Label","style_id":"label.taxiways","source_group":"LFPO Taxiways","vsmr_group_ids":[],"geometry_role":"text_label","text-field":"S"},"geometry":{"type":"Point","coordinates":[2.353135,48.730624722]}},{"type":"Feature","id":"LFPO-267167e5acaafbc9274c","properties":{"airport":"LFPO","name":"N","layer":"Labels","category":"Taxiways","object_type":"Label","style_id":"label.taxiways","source_group":"LFPO Taxiways","vsmr_group_ids":[],"geometry_role":"text_label","text-field":"N"},"geometry":{"type":"Point","coordinates":[2.354359444,48.722398333]}},{"type":"Feature","id":"LFPO-a31886050796a0afaf27","properties":{"airport":"LFPO","name":"C","layer":"Labels","category":"Taxiways","object_type":"Label","style_id":"label.taxiways","source_group":"LFPO Taxiways","vsmr_group_ids":[],"geometry_role":"text_label","text-field":"C"},"geometry":{"type":"Point","coordinates":[2.354623889,48.721495]}},{"type":"Feature","id":"LFPO-c951477a3015b9259515","properties":{"airport":"LFPO","name":"S","layer":"Labels","category":"Taxiways","object_type":"Label","style_id":"label.taxiways","source_group":"LFPO Taxiways","vsmr_group_ids":[],"geometry_role":"text_label","text-field":"S"},"geometry":{"type":"Point","coordinates":[2.355180833,48.720554167]}}]}
