{"type":"FeatureCollection","name":"LFQQ AVISO","bbox":[3.075165585973934,50.55711263177843,3.124372018125428,50.57602487087494],"metadata":{"schema":"vSMR AVISO","schema_version":2,"geometry_mode":"shared","airport":"LFQQ","coordinate_reference_system":"WGS84","coordinate_order":"longitude, latitude","default_color_palette":"dark","color_palettes":["dark","light"],"background_colors":{"dark":"#434A4F","light":"#434A4F"},"runways":[{"ends":["08","26"],"headings":[75,255],"thresholds":[[3.083016944,50.562880833],[3.1181,50.567871944]]},{"ends":["01","19"],"headings":[13,193],"thresholds":[[3.085443889,50.560107778],[3.091163889,50.573835833]]}],"saved_active_runways":[],"saved_active_airport_modes":[],"airport_reference":[3.086943889,50.563332778],"feature_count":689,"style_count":17,"layer_counts":{"Airfield surfaces":54,"Buildings and structures":60,"Guidance lines":419,"Labels":75,"Operational restrictions":10,"Surface markings":14,"Terrain":57},"category_counts":{"Buildings":60,"Danger Area":10,"Gates":57,"Grass":57,"Hard Surface 2":3,"Hard Surface 3":9,"Hard Surface 4":3,"Runway Border":11,"Runways":4,"Stopbars":14,"Taxiway Blue":2,"Taxiways":239,"gate":185,"void_lfqq":1,"white":34},"geometry_source":"local GNG/KMZ","geometry_source_url":"","geometry_license":"GPL-3.0"},"styles":{"polygon.grassurface.00512f":{"name":"Grass","layer":"Terrain","object_type":"Area","paint":{"fill":"#010D19","fill-opacity":1,"palette-overrides":{"light":{"fill":"#00512F"}}},"feature_count":57},"polygon.hardsurface4.969393":{"name":"Hard Surface 4","layer":"Airfield surfaces","object_type":"Area","paint":{"fill":"#152841","fill-opacity":1,"palette-overrides":{"light":{"fill":"#969393"}}},"feature_count":3},"polygon.terrain1.574242":{"name":"Terrain 1","layer":"Terrain","object_type":"Area","paint":{"fill":"#574242","fill-opacity":1,"palette-overrides":{"light":{"fill":"#574242"}}},"feature_count":0},"polygon.hardsurface2.595e5b":{"name":"Hard Surface 2","layer":"Airfield surfaces","object_type":"Area","paint":{"fill":"#2F3949","fill-opacity":1,"palette-overrides":{"light":{"fill":"#595E5B"}}},"feature_count":3},"polygon.hardsurface3.8a807f":{"name":"Hard Surface 3","layer":"Airfield surfaces","object_type":"Area","paint":{"fill":"#222D3C","fill-opacity":1,"palette-overrides":{"light":{"fill":"#8A807F"}}},"feature_count":9},"polygon.runwayconcrete.555555":{"name":"Runways","layer":"Airfield surfaces","object_type":"Area","paint":{"fill":"#111318","fill-opacity":1,"palette-overrides":{"light":{"fill":"#555555"}}},"feature_count":4},"polygon.building.394446":{"name":"Buildings","layer":"Buildings and structures","object_type":"Area","paint":{"fill":"#475570","fill-opacity":1,"palette-overrides":{"light":{"fill":"#394446"}}},"feature_count":60},"polygon.stopbar.7e0000":{"name":"Stopbars","layer":"Surface markings","object_type":"Area","paint":{"fill":"#7E0000","fill-opacity":1,"palette-overrides":{"light":{"fill":"#7E0000"}}},"feature_count":14},"line.taxiway.c0b631":{"name":"Taxiways","layer":"Guidance lines","object_type":"Line","paint":{"stroke":"#4E5A69","stroke-opacity":1,"stroke-width":1,"palette-overrides":{"light":{"stroke":"#C0B631"}}},"feature_count":221},"line.runwayborder.808080":{"name":"Runway Border","layer":"Guidance lines","object_type":"Line","paint":{"stroke":"#808080","stroke-opacity":1,"stroke-width":1,"palette-overrides":{"light":{"stroke":"#808080"}}},"feature_count":11},"label.gates":{"name":"Gates","layer":"Labels","object_type":"Label","paint":{"text-color":"#CCCCCC","text-font":"Arial","text-size":12,"text-halo-color":"#000000","text-halo-width":1,"text-anchor":"center","zoomLevel":9},"feature_count":57},"label.taxiways":{"name":"Taxiways","layer":"Labels","object_type":"Label","paint":{"text-color":"#CCCCCC","text-font":"Arial","text-size":12,"text-halo-color":"#000000","text-halo-width":1,"text-anchor":"center","zoomLevel":7},"feature_count":18},"line.gate":{"name":"gate","layer":"Guidance lines","object_type":"Line","paint":{"stroke":"#a8a8a8","stroke-width":1,"stroke-opacity":1},"feature_count":185},"line.taxiwayblue.004080":{"name":"Taxiway Blue","layer":"Guidance lines","object_type":"Line","paint":{"stroke":"#3B5296","stroke-opacity":1,"stroke-width":1,"palette-overrides":{"light":{"stroke":"#004080"}}},"feature_count":2},"polygon.void_lfqq":{"name":"void_lfqq","layer":"Airfield surfaces","object_type":"Area","paint":{"fill":"#35312b","fill-opacity":1},"feature_count":1},"polygon.white":{"name":"white","layer":"Airfield surfaces","object_type":"Area","paint":{"fill":"#fcfff7","fill-opacity":1},"feature_count":34},"polygon.dangerarea.280908":{"name":"Danger Area","layer":"Operational restrictions","object_type":"Area","paint":{"fill":"#280908","fill-opacity":1,"palette-overrides":{"light":{"fill":"#280908"}}},"feature_count":10}},"vsmr_groups":[],"features":[{"type":"Feature","id":"LFQQ-adc723858689387c3eb3","properties":{"airport":"LFQQ","name":"COLOR_Gate","layer":"Guidance lines","category":"gate","object_type":"Line","style_id":"line.gate","source_group":"COLOR_Gate","vsmr_group_ids":[],"geometry_role":"linework"},"geometry":{"type":"LineString","coordinates":[[3.085318799678742,50.56018847606335],[3.085425041557617,50.56044959802891]]}},{"type":"Feature","id":"LFQQ-c833c54c03e1841a5304","properties":{"airport":"LFQQ","name":"COLOR_Gate","layer":"Guidance lines","category":"gate","object_type":"Line","style_id":"line.gate","source_group":"COLOR_Gate","vsmr_group_ids":[],"geometry_role":"linework"},"geometry":{"type":"LineString","coordinates":[[3.085361590007263,50.56018024449878],[3.085467832351185,50.56044054271786]]}},{"type":"Feature","id":"LFQQ-23e9ceffb6cd0637986a","properties":{"airport":"LFQQ","name":"COLOR_Gate","layer":"Guidance lines","category":"gate","object_type":"Line","style_id":"line.gate","source_group":"COLOR_Gate","vsmr_group_ids":[],"geometry_role":"linework"},"geometry":{"type":"LineString","coordinates":[[3.085403082755021,50.56017530750626],[3.085509325749702,50.56043395829148]]}},{"type":"Feature","id":"LFQQ-861778594b40c697a5b2","properties":{"airport":"LFQQ","name":"COLOR_Gate","layer":"Guidance lines","category":"gate","object_type":"Line","style_id":"line.gate","source_group":"COLOR_Gate","vsmr_group_ids":[],"geometry_role":"linework"},"geometry":{"type":"LineString","coordinates":[[3.085443279839222,50.56016707560106],[3.085552115989754,50.56042655032678]]}},{"type":"Feature","id":"LFQQ-86a643fd2a5714e9742b","properties":{"airport":"LFQQ","name":"COLOR_Gate","layer":"Guidance lines","category":"gate","object_type":"Line","style_id":"line.gate","source_group":"COLOR_Gate","vsmr_group_ids":[],"geometry_role":"linework"},"geometry":{"type":"LineString","coordinates":[[3.08550292641518,50.56015719867621],[3.08561046672148,50.5604150257991]]}},{"type":"Feature","id":"LFQQ-12a15fbdc9a685ca2864","properties":{"airport":"LFQQ","name":"COLOR_Gate","layer":"Guidance lines","category":"gate","object_type":"Line","style_id":"line.gate","source_group":"COLOR_Gate","vsmr_group_ids":[],"geometry_role":"linework"},"geometry":{"type":"LineString","coordinates":[[3.085543122977499,50.56015061410149],[3.085655850352473,50.56040679442582]]}},{"type":"Feature","id":"LFQQ-6fb77a4e8ea7a9cbf8c9","properties":{"airport":"LFQQ","name":"COLOR_Gate","layer":"Guidance lines","category":"gate","object_type":"Line","style_id":"line.gate","source_group":"COLOR_Gate","vsmr_group_ids":[],"geometry_role":"linework"},"geometry":{"type":"LineString","coordinates":[[3.085587209548712,50.56014320628909],[3.085697343670395,50.56040020994092]]}},{"type":"Feature","id":"LFQQ-0844400a785def88ae13","properties":{"airport":"LFQQ","name":"COLOR_Gate","layer":"Guidance lines","category":"gate","object_type":"Line","style_id":"line.gate","source_group":"COLOR_Gate","vsmr_group_ids":[],"geometry_role":"linework"},"geometry":{"type":"LineString","coordinates":[[3.085628702898648,50.56013579814267],[3.085738837210019,50.56039280175607]]}},{"type":"Feature","id":"LFQQ-4c642aaad56acff03efc","properties":{"airport":"LFQQ","name":"COLOR_Gate","layer":"Guidance lines","category":"gate","object_type":"Line","style_id":"line.gate","source_group":"COLOR_Gate","vsmr_group_ids":[],"geometry_role":"linework"},"geometry":{"type":"LineString","coordinates":[[3.086056403053401,50.56209171024073],[3.085779403317792,50.56141915913814],[3.085268386829387,50.56017078389261],[3.086513778673319,50.56318066976046],[3.083087797331219,50.56269242164856],[3.082953136799933,50.56307770771477],[3.086691768322438,50.56360707449883],[3.090965420179079,50.57387102133939]]}},{"type":"Feature","id":"LFQQ-0fec487adf973aa076aa","properties":{"airport":"LFQQ","name":"COLOR_Gate","layer":"Guidance lines","category":"gate","object_type":"Line","style_id":"line.gate","source_group":"COLOR_Gate","vsmr_group_ids":[],"geometry_role":"linework"},"geometry":{"type":"LineString","coordinates":[[3.090988960497014,50.57381481455909],[3.090878282941334,50.57355361436631]]}},{"type":"Feature","id":"LFQQ-8fa95947c8a3aa2f2f00","properties":{"airport":"LFQQ","name":"COLOR_Gate","layer":"Guidance lines","category":"gate","object_type":"Line","style_id":"line.gate","source_group":"COLOR_Gate","vsmr_group_ids":[],"geometry_role":"linework"},"geometry":{"type":"LineString","coordinates":[[3.091030484743076,50.57380602755438],[3.090921783747631,50.57354733902213]]}},{"type":"Feature","id":"LFQQ-3a22086aa87c72662a59","properties":{"airport":"LFQQ","name":"COLOR_Gate","layer":"Guidance lines","category":"gate","object_type":"Line","style_id":"line.gate","source_group":"COLOR_Gate","vsmr_group_ids":[],"geometry_role":"linework"},"geometry":{"type":"LineString","coordinates":[[3.091072008265476,50.57380100773226],[3.090963307279344,50.57354106351332]]}},{"type":"Feature","id":"LFQQ-ce10a83d2efe60c5911f","properties":{"airport":"LFQQ","name":"COLOR_Gate","layer":"Guidance lines","category":"gate","object_type":"Line","style_id":"line.gate","source_group":"COLOR_Gate","vsmr_group_ids":[],"geometry_role":"linework"},"geometry":{"type":"LineString","coordinates":[[3.091111554976103,50.57379347628222],[3.091004831024966,50.57353353226287]]}},{"type":"Feature","id":"LFQQ-0a04f2fb787e0a02a05b","properties":{"airport":"LFQQ","name":"COLOR_Gate","layer":"Guidance lines","category":"gate","object_type":"Line","style_id":"line.gate","source_group":"COLOR_Gate","vsmr_group_ids":[],"geometry_role":"linework"},"geometry":{"type":"LineString","coordinates":[[3.091172852054096,50.57378343497525],[3.091066128229338,50.57352097955474]]}},{"type":"Feature","id":"LFQQ-0646e188b418e7ef5443","properties":{"airport":"LFQQ","name":"COLOR_Gate","layer":"Guidance lines","category":"gate","object_type":"Line","style_id":"line.gate","source_group":"COLOR_Gate","vsmr_group_ids":[],"geometry_role":"linework"},"geometry":{"type":"LineString","coordinates":[[3.091216353260233,50.57377590378663],[3.091107651943625,50.573513448267]]}},{"type":"Feature","id":"LFQQ-a265ed2e16d96df459ec","properties":{"airport":"LFQQ","name":"COLOR_Gate","layer":"Guidance lines","category":"gate","object_type":"Line","style_id":"line.gate","source_group":"COLOR_Gate","vsmr_group_ids":[],"geometry_role":"linework"},"geometry":{"type":"LineString","coordinates":[[3.091255899921659,50.57376837229501],[3.091149175186589,50.57350842842314]]}},{"type":"Feature","id":"LFQQ-cbdafefca506d79aa6d1","properties":{"airport":"LFQQ","name":"COLOR_Gate","layer":"Guidance lines","category":"gate","object_type":"Line","style_id":"line.gate","source_group":"COLOR_Gate","vsmr_group_ids":[],"geometry_role":"linework"},"geometry":{"type":"LineString","coordinates":[[3.091297423626773,50.57376209667876],[3.091190698877315,50.57350089710457]]}},{"type":"Feature","id":"LFQQ-8a330df0206337c6f11b","properties":{"airport":"LFQQ","name":"COLOR_Gate","layer":"Guidance lines","category":"gate","object_type":"Line","style_id":"line.gate","source_group":"COLOR_Gate","vsmr_group_ids":[],"geometry_role":"linework"},"geometry":{"type":"LineString","coordinates":[[3.091099806814499,50.57316812163364],[3.088051939578484,50.56585409797236],[3.088051944578345,50.56583400629742],[3.08805788068593,50.56581265948774],[3.088073701784482,50.56579005793922],[3.088089521574999,50.56577247930807],[3.088109294597019,50.56575741253058],[3.088136975953646,50.56573983507681],[3.088176517308596,50.56572853744976],[3.088214080466221,50.56572226252884],[3.088257573470439,50.56571975537186],[3.088303041879696,50.56572352704039],[3.089356093188869,50.56587666443658]]}},{"type":"Feature","id":"LFQQ-3d0d48e71d9b8507302a","properties":{"airport":"LFQQ","name":"COLOR_Gate","layer":"Guidance lines","category":"gate","object_type":"Line","style_id":"line.gate","source_group":"COLOR_Gate","vsmr_group_ids":[],"geometry_role":"linework"},"geometry":{"type":"LineString","coordinates":[[3.088185648025039,50.56549517350511],[3.087884483107775,50.56545253428109],[3.087140069895622,50.56367280289952],[3.090320874346713,50.56412751083918],[3.090355120924626,50.5641528969211],[3.090393648294341,50.56418190952442],[3.090423613515145,50.56420729525151],[3.090447870503183,50.56423086743461],[3.090473553984006,50.5642580659105],[3.090486393614504,50.56428254374382],[3.090500659729334,50.56431064787596],[3.090514924077437,50.56434781749235],[3.09052386453579,50.56438287775756],[3.090528138708026,50.56442004653724],[3.090532409876385,50.56447262662105],[3.090533826191471,50.56452792611837],[3.090530965100207,50.56456237469672],[3.090526673155767,50.56461586066248],[3.090513817135079,50.56467478524327],[3.090502386920524,50.56474096234538],[3.090486104545496,50.56482567231582],[3.090473248117174,50.5648855034051],[3.090457538237017,50.56494080151258],[3.090450395689823,50.56497434317469],[3.090436115312802,50.56501785627656],[3.090423264054545,50.56505139748176],[3.090404698844975,50.56511122808683],[3.090380423815569,50.56517649753417],[3.090335245491467,50.56529221092988],[3.090242207930771,50.56554745192311],[3.090223601532889,50.5655829018612],[3.090188251901627,50.56561835124911],[3.090147321749799,50.5656467103355],[3.090093368742577,50.56567861403685],[3.090018952393254,50.56570224522152],[3.089946396856436,50.56571878632638],[3.089892445212443,50.56573178300783],[3.089821750968724,50.56573650725396],[3.089782684000024,50.56572941573167],[3.089447822776354,50.56567740897195]]}},{"type":"Feature","id":"LFQQ-d4508b1f692222a4d716","properties":{"airport":"LFQQ","name":"COLOR_Gate","layer":"Guidance lines","category":"gate","object_type":"Line","style_id":"line.gate","source_group":"COLOR_Gate","vsmr_group_ids":[],"geometry_role":"linework"},"geometry":{"type":"LineString","coordinates":[[3.091679770497837,50.56597704585512],[3.091500083580951,50.56594460331763],[3.091407403172124,50.56592537830181],[3.091320397264925,50.56590495190188],[3.091229608570782,50.56588332391515],[3.091136928961316,50.56585328575229],[3.091061272194644,50.56582805368698],[3.090995072793583,50.56580282181068],[3.090953461807866,50.56578600059706],[3.090887263004267,50.56575235858134],[3.090834304549306,50.56571631400239],[3.090788911765454,50.56568387391753],[3.090752977109803,50.56563821824979],[3.090730283882226,50.56557574277763],[3.090715157575719,50.56549764879518],[3.090703812684872,50.56543997932112],[3.090717212930985,50.5653143190453],[3.090722929835215,50.56527171176839],[3.090730074968799,50.56522366533439],[3.090741503531855,50.5651656472456],[3.090754357878103,50.56511488164455],[3.090767212203387,50.56506411604561],[3.090781493524692,50.56501425709969],[3.090805767113072,50.56495352035881],[3.090832894339857,50.56489640998345],[3.090890004710349,50.56477312387592],[3.090933784611314,50.56469053504126],[3.090976612505365,50.56462164075912],[3.091022294417998,50.56455365322689],[3.091062264709814,50.56450107652812],[3.091112224037909,50.56445393982492],[3.091159327965667,50.56441224214285],[3.091213567123872,50.56437326460019],[3.091277794670573,50.56434335318593],[3.091337738742999,50.56432432001731],[3.09141623584104,50.56430528809571],[3.091486168864432,50.56429260135247],[3.095814082839332,50.564908828193],[3.095857676517759,50.56492486169896],[3.095921919600453,50.56495255553803],[3.095988456056078,50.56499482400599],[3.096052697070626,50.56505166696119],[3.096107759756257,50.56511579690364],[3.096139878808575,50.56516535153767],[3.096162818808055,50.56523093795125],[3.09616969793906,50.56528923659493],[3.096169693064639,50.56535482234837],[3.096158215220723,50.56542623764607],[3.096122938222281,50.56555426726226],[3.096093100867594,50.56566649065509],[3.096063265636009,50.5657510223247],[3.096031136304833,50.56582826666333],[3.095976060398438,50.56592154234122],[3.0959095101324,50.56603376470518],[3.095879827106942,50.56608329915371],[3.095820374026224,50.56617636646765],[3.095778604686816,50.56622757727749],[3.095726407090071,50.56627955284934],[3.095662922743891,50.56632435961343],[3.095590973264517,50.56636289364533],[3.095493628992434,50.56639425901398],[3.095408981358152,50.56641128629088],[3.095331387487703,50.56642204059997],[3.095243917801989,50.56642831438661],[3.095176199238292,50.56643369180489],[3.095049226628865,50.56643279691596],[3.094901091606217,50.56642831758688],[3.094826318517616,50.56642473368849],[3.094754746535036,50.56642108311214]]}},{"type":"Feature","id":"LFQQ-6f9c0c6bfa783079abe7","properties":{"airport":"LFQQ","name":"COLOR_Gate","layer":"Guidance lines","category":"gate","object_type":"Line","style_id":"line.gate","source_group":"COLOR_Gate","vsmr_group_ids":[],"geometry_role":"linework"},"geometry":{"type":"LineString","coordinates":[[3.094922774876936,50.56643897335763],[3.09656879224786,50.56659547785234],[3.096541985934971,50.56658024436634],[3.096503892974425,50.56656053051857],[3.096457334874509,50.56653364787829],[3.096429117310684,50.56650676487385],[3.096389613181276,50.56647629762359],[3.0963557517465,50.56643418072591],[3.096326122036794,50.5663759336296],[3.096316244583459,50.56633740075276],[3.096309188274482,50.56628901052247],[3.096312004825355,50.56618237240458],[3.096323904306215,50.56593457011651],[3.096427078468988,50.56563370865591],[3.09647761040948,50.56551202709304],[3.096521824678526,50.56541976310337],[3.096557615525133,50.56536761416308],[3.096594157150518,50.56532566340907],[3.096678366712282,50.56526281838828],[3.096773101344901,50.56520398513345],[3.096872045034262,50.56515986085402],[3.096987828748659,50.56512777147221],[3.097095191043253,50.56510905353937],[3.097179396257455,50.56510236956521],[3.115741684966886,50.56774275732225],[3.115762743703701,50.56776147489704],[3.115798543256563,50.56779222503053],[3.115836448553404,50.56782431203111],[3.115884885149798,50.56787110649195],[3.115918582856683,50.56791121710562],[3.115941757558081,50.56796068939477],[3.115962837221955,50.56803957984076],[3.115964978415178,50.56814387928181],[3.115958702288499,50.56825887736061],[3.115948220700882,50.56838858510314],[3.115915643819369,50.56851159462681],[3.115886209730783,50.56862793295658],[3.115858865780698,50.56870014420877],[3.115831519479815,50.5687656695817],[3.115806274288377,50.56881916010551],[3.11578102722162,50.56886730193855],[3.115750783496576,50.56891196362288],[3.115712670307491,50.5689749582282],[3.115674551228038,50.56902535531785],[3.115634906351996,50.56907575268678],[3.115592203361213,50.56911161503675],[3.115529672406778,50.56916104759669],[3.11546560679888,50.56919109964381],[3.115401537600113,50.56921339934339]]}},{"type":"Feature","id":"LFQQ-df4e6b867a81fa3ea617","properties":{"airport":"LFQQ","name":"COLOR_Gate","layer":"Guidance lines","category":"gate","object_type":"Line","style_id":"line.gate","source_group":"COLOR_Gate","vsmr_group_ids":[],"geometry_role":"linework"},"geometry":{"type":"LineString","coordinates":[[3.116202733315265,50.56985923439928],[3.11612691763685,50.56971584199489],[3.11608754358583,50.56962332891619],[3.11605108567466,50.56953636644534],[3.116033574328887,50.56946975488582],[3.116028529657506,50.56940532193145],[3.11604304385483,50.56929244420788],[3.116098286768654,50.56905465599622],[3.116143013194697,50.56887817573049],[3.116174564454881,50.56879660337284],[3.116214530198376,50.568696309417],[3.116258706692059,50.56859735210558],[3.116300776686927,50.56849572077906],[3.116330226092061,50.5684261834687],[3.116365996899277,50.5683726913653],[3.116405975239636,50.56831117559388],[3.116450163543731,50.56824832201683],[3.116496457946323,50.56818814246392],[3.116544860817394,50.56813732278834],[3.116601679811464,50.56807313009369],[3.116658505867285,50.56802899502533],[3.11671323042513,50.56799555763821],[3.116782696024003,50.56797415265413],[3.116885845107658,50.56795140552697],[3.11695952548104,50.56794203445498],[3.117043732580094,50.5679339989191],[3.11708583759287,50.5679339926675],[3.121872376843586,50.56861333258607],[3.12201114301502,50.56822686246257],[3.086958662769161,50.56323995451212],[3.0856694307998,50.56013027216988]]}},{"type":"Feature","id":"LFQQ-7864aaccbe90718bc435","properties":{"airport":"LFQQ","name":"COLOR_Gate","layer":"Guidance lines","category":"gate","object_type":"Line","style_id":"line.gate","source_group":"COLOR_Gate","vsmr_group_ids":[],"geometry_role":"linework"},"geometry":{"type":"LineString","coordinates":[[3.083040199026561,50.56306734928069],[3.083456113047425,50.56312735558427]]}},{"type":"Feature","id":"LFQQ-a549e319f2069f3074eb","properties":{"airport":"LFQQ","name":"COLOR_Gate","layer":"Guidance lines","category":"gate","object_type":"Line","style_id":"line.gate","source_group":"COLOR_Gate","vsmr_group_ids":[],"geometry_role":"linework"},"geometry":{"type":"LineString","coordinates":[[3.083052443910048,50.56303515697108],[3.083466609563621,50.56309627316098]]}},{"type":"Feature","id":"LFQQ-ca2585bdc3d0d4baa52e","properties":{"airport":"LFQQ","name":"COLOR_Gate","layer":"Guidance lines","category":"gate","object_type":"Line","style_id":"line.gate","source_group":"COLOR_Gate","vsmr_group_ids":[],"geometry_role":"linework"},"geometry":{"type":"LineString","coordinates":[[3.083062940299526,50.56300518469191],[3.083478852928023,50.56306741125626]]}},{"type":"Feature","id":"LFQQ-65bd645b4c5cb0af031e","properties":{"airport":"LFQQ","name":"COLOR_Gate","layer":"Guidance lines","category":"gate","object_type":"Line","style_id":"line.gate","source_group":"COLOR_Gate","vsmr_group_ids":[],"geometry_role":"linework"},"geometry":{"type":"LineString","coordinates":[[3.083068193399701,50.56297632180301],[3.08348934940575,50.56303632883407]]}},{"type":"Feature","id":"LFQQ-e14c8b57d1fd5d173cc2","properties":{"airport":"LFQQ","name":"COLOR_Gate","layer":"Guidance lines","category":"gate","object_type":"Line","style_id":"line.gate","source_group":"COLOR_Gate","vsmr_group_ids":[],"geometry_role":"linework"},"geometry":{"type":"LineString","coordinates":[[3.083082184941945,50.56294635002783],[3.083499845098465,50.56300746669044]]}},{"type":"Feature","id":"LFQQ-503ea2ac52ec73dc2cda","properties":{"airport":"LFQQ","name":"COLOR_Gate","layer":"Guidance lines","category":"gate","object_type":"Line","style_id":"line.gate","source_group":"COLOR_Gate","vsmr_group_ids":[],"geometry_role":"linework"},"geometry":{"type":"LineString","coordinates":[[3.083092680874449,50.56291748788234],[3.083503351072596,50.56297638329308]]}},{"type":"Feature","id":"LFQQ-f314487d02dca64449c8","properties":{"airport":"LFQQ","name":"COLOR_Gate","layer":"Guidance lines","category":"gate","object_type":"Line","style_id":"line.gate","source_group":"COLOR_Gate","vsmr_group_ids":[],"geometry_role":"linework"},"geometry":{"type":"LineString","coordinates":[[3.083106197940735,50.56287349629766],[3.083522342762477,50.56293188374259]]}},{"type":"Feature","id":"LFQQ-e70b0cd651be2bcf2b22","properties":{"airport":"LFQQ","name":"COLOR_Gate","layer":"Guidance lines","category":"gate","object_type":"Line","style_id":"line.gate","source_group":"COLOR_Gate","vsmr_group_ids":[],"geometry_role":"linework"},"geometry":{"type":"LineString","coordinates":[[3.083119538019317,50.56284245227907],[3.083532719573587,50.56290366163943]]}},{"type":"Feature","id":"LFQQ-162059bdeccf0f1895b2","properties":{"airport":"LFQQ","name":"COLOR_Gate","layer":"Guidance lines","category":"gate","object_type":"Line","style_id":"line.gate","source_group":"COLOR_Gate","vsmr_group_ids":[],"geometry_role":"linework"},"geometry":{"type":"LineString","coordinates":[[3.08312991608918,50.56281140781739],[3.083544578365156,50.56287261738866]]}},{"type":"Feature","id":"LFQQ-b9361157ac9ca4e37cfa","properties":{"airport":"LFQQ","name":"COLOR_Gate","layer":"Guidance lines","category":"gate","object_type":"Line","style_id":"line.gate","source_group":"COLOR_Gate","vsmr_group_ids":[],"geometry_role":"linework"},"geometry":{"type":"LineString","coordinates":[[3.083140293740039,50.56278130413128],[3.083553475111935,50.56284157271323]]}},{"type":"Feature","id":"LFQQ-b73d45ec46f520f29ef7","properties":{"airport":"LFQQ","name":"COLOR_Gate","layer":"Guidance lines","category":"gate","object_type":"Line","style_id":"line.gate","source_group":"COLOR_Gate","vsmr_group_ids":[],"geometry_role":"linework"},"geometry":{"type":"LineString","coordinates":[[3.083153633418461,50.56275120088853],[3.083566814230125,50.56281241022454]]}},{"type":"Feature","id":"LFQQ-f7075eb7f6805f9e755a","properties":{"airport":"LFQQ","name":"COLOR_Gate","layer":"Guidance lines","category":"gate","object_type":"Line","style_id":"line.gate","source_group":"COLOR_Gate","vsmr_group_ids":[],"geometry_role":"linework"},"geometry":{"type":"LineString","coordinates":[[3.083164010403532,50.5627229787519],[3.083575710949367,50.56278136553412]]}},{"type":"Feature","id":"LFQQ-78e5470097e339d7b118","properties":{"airport":"LFQQ","name":"COLOR_Gate","layer":"Guidance lines","category":"gate","object_type":"Line","style_id":"line.gate","source_group":"COLOR_Gate","vsmr_group_ids":[],"geometry_role":"linework"},"geometry":{"type":"LineString","coordinates":[[3.082954037286898,50.56307797748049],[3.082931021301161,50.56315666564921],[3.082924606435282,50.56323860121991],[3.082951395556264,50.56332297535354],[3.082998621753876,50.56339842865064],[3.083050963459706,50.56345441262586],[3.083116602016636,50.56350416606857],[3.083212313320018,50.56355446413632],[3.083295143864562,50.56358838860957],[3.083385342757317,50.56360945058336],[3.083458976017546,50.56362232434654],[3.084073890592405,50.56350312926079],[3.084346366608435,50.5634517117121],[3.084530471375646,50.56341899247845],[3.08468327751225,50.56339445472334],[3.08485633396268,50.56337108871002]]}},{"type":"Feature","id":"LFQQ-47911de0e98cea1dbc82","properties":{"airport":"LFQQ","name":"COLOR_Gate","layer":"Guidance lines","category":"gate","object_type":"Line","style_id":"line.gate","source_group":"COLOR_Gate","vsmr_group_ids":[],"geometry_role":"linework"},"geometry":{"type":"LineString","coordinates":[[3.08918082837041,50.56182330178659],[3.089133439885394,50.56181267224518],[3.089108355415313,50.56179141949336],[3.089097212647465,50.56175600104321],[3.089116734920023,50.56171881452276],[3.089169705840213,50.56169756888231],[3.089233821559807,50.56170288729876],[3.089267268334297,50.56172768251821],[3.089283987401608,50.56175955971464],[3.089258888664459,50.56180205838522],[3.089228220810782,50.56181622259021],[3.08918082837041,50.56182330178659]]}},{"type":"Feature","id":"LFQQ-c9d7528483af685e877c","properties":{"airport":"LFQQ","name":"COLOR_Gate","layer":"Guidance lines","category":"gate","object_type":"Line","style_id":"line.gate","source_group":"COLOR_Gate","vsmr_group_ids":[],"geometry_role":"linework"},"geometry":{"type":"LineString","coordinates":[[3.11990535704832,50.56833393362337],[3.120153325862682,50.5684604373552],[3.12030278764871,50.56853806485931],[3.120430739139013,50.5686106629421],[3.12059039491887,50.56869835473476],[3.121063559141513,50.56897011148412],[3.121135249282616,50.56897827074508],[3.121236346693859,50.56898058721561],[3.121315383005754,50.56897473532128],[3.121405443853373,50.56895954153956],[3.121491826221872,50.56893967847374],[3.121569014273502,50.56891164469691],[3.121631497951234,50.56888478109094],[3.12169397827267,50.56885091257392],[3.121739914398014,50.56881471216038],[3.121776661046018,50.56878084839999],[3.121807894408815,50.56874932061022],[3.121833611682165,50.56871429141214],[3.121850910268928,50.56867910928453],[3.121872169673345,50.56861222187504]]}},{"type":"Feature","id":"LFQQ-a6ac9ff23c481699c464","properties":{"airport":"LFQQ","name":"COLOR_Gate","layer":"Guidance lines","category":"gate","object_type":"Line","style_id":"line.gate","source_group":"COLOR_Gate","vsmr_group_ids":[],"geometry_role":"linework"},"geometry":{"type":"LineString","coordinates":[[3.11802570237635,50.56806785696414],[3.118163597339079,50.56768037759362]]}},{"type":"Feature","id":"LFQQ-a653caba674554012387","properties":{"airport":"LFQQ","name":"COLOR_Gate","layer":"Guidance lines","category":"gate","object_type":"Line","style_id":"line.gate","source_group":"COLOR_Gate","vsmr_group_ids":[],"geometry_role":"linework"},"geometry":{"type":"LineString","coordinates":[[3.11754623718514,50.56797669471093],[3.117960397003561,50.56803350544111]]}},{"type":"Feature","id":"LFQQ-34d02bcd4d56f4c3fd1f","properties":{"airport":"LFQQ","name":"COLOR_Gate","layer":"Guidance lines","category":"gate","object_type":"Line","style_id":"line.gate","source_group":"COLOR_Gate","vsmr_group_ids":[],"geometry_role":"linework"},"geometry":{"type":"LineString","coordinates":[[3.117557418047796,50.56794470107732],[3.117967847059913,50.56800269724391]]}},{"type":"Feature","id":"LFQQ-6dbaf75c30ac61604b1a","properties":{"airport":"LFQQ","name":"COLOR_Gate","layer":"Guidance lines","category":"gate","object_type":"Line","style_id":"line.gate","source_group":"COLOR_Gate","vsmr_group_ids":[],"geometry_role":"linework"},"geometry":{"type":"LineString","coordinates":[[3.117564868785363,50.56791507778347],[3.11798089447554,50.56797425794785]]}},{"type":"Feature","id":"LFQQ-ec725ab98ed81a30fe5a","properties":{"airport":"LFQQ","name":"COLOR_Gate","layer":"Guidance lines","category":"gate","object_type":"Line","style_id":"line.gate","source_group":"COLOR_Gate","vsmr_group_ids":[],"geometry_role":"linework"},"geometry":{"type":"LineString","coordinates":[[3.117576050504454,50.56788545392171],[3.117990210906467,50.56794581923484]]}},{"type":"Feature","id":"LFQQ-a2b27b4fbbffba648c6e","properties":{"airport":"LFQQ","name":"COLOR_Gate","layer":"Guidance lines","category":"gate","object_type":"Line","style_id":"line.gate","source_group":"COLOR_Gate","vsmr_group_ids":[],"geometry_role":"linework"},"geometry":{"type":"LineString","coordinates":[[3.117587232204559,50.56785583006119],[3.118003256914621,50.56791382528129]]}},{"type":"Feature","id":"LFQQ-c0947f3d30fd4bab2e9c","properties":{"airport":"LFQQ","name":"COLOR_Gate","layer":"Guidance lines","category":"gate","object_type":"Line","style_id":"line.gate","source_group":"COLOR_Gate","vsmr_group_ids":[],"geometry_role":"linework"},"geometry":{"type":"LineString","coordinates":[[3.117596547984907,50.56782502159843],[3.118012573318909,50.56788538656853]]}},{"type":"Feature","id":"LFQQ-46b669d5dba95f5e61c3","properties":{"airport":"LFQQ","name":"COLOR_Gate","layer":"Guidance lines","category":"gate","object_type":"Line","style_id":"line.gate","source_group":"COLOR_Gate","vsmr_group_ids":[],"geometry_role":"linework"},"geometry":{"type":"LineString","coordinates":[[3.117615186598599,50.56778236284929],[3.118027479725458,50.56784035857898]]}},{"type":"Feature","id":"LFQQ-b1389452ce9dc58b0d55","properties":{"airport":"LFQQ","name":"COLOR_Gate","layer":"Guidance lines","category":"gate","object_type":"Line","style_id":"line.gate","source_group":"COLOR_Gate","vsmr_group_ids":[],"geometry_role":"linework"},"geometry":{"type":"LineString","coordinates":[[3.1176226368438,50.56775155466752],[3.118036796101589,50.56781191986732]]}},{"type":"Feature","id":"LFQQ-643dfb3a5139290ac473","properties":{"airport":"LFQQ","name":"COLOR_Gate","layer":"Guidance lines","category":"gate","object_type":"Line","style_id":"line.gate","source_group":"COLOR_Gate","vsmr_group_ids":[],"geometry_role":"linework"},"geometry":{"type":"LineString","coordinates":[[3.117633818014949,50.56772074591234],[3.118051707519249,50.56777992561295]]}},{"type":"Feature","id":"LFQQ-56c8973f5e4774a35e27","properties":{"airport":"LFQQ","name":"COLOR_Gate","layer":"Guidance lines","category":"gate","object_type":"Line","style_id":"line.gate","source_group":"COLOR_Gate","vsmr_group_ids":[],"geometry_role":"linework"},"geometry":{"type":"LineString","coordinates":[[3.117643134578929,50.56769230720885],[3.118062888889439,50.5677503017079]]}},{"type":"Feature","id":"LFQQ-d768b49da4c05611e830","properties":{"airport":"LFQQ","name":"COLOR_Gate","layer":"Guidance lines","category":"gate","object_type":"Line","style_id":"line.gate","source_group":"COLOR_Gate","vsmr_group_ids":[],"geometry_role":"linework"},"geometry":{"type":"LineString","coordinates":[[3.117652450699804,50.56766268360117],[3.118070339292494,50.56772067839079]]}},{"type":"Feature","id":"LFQQ-b33d8c3bfdf765be9ca2","properties":{"airport":"LFQQ","name":"COLOR_Gate","layer":"Guidance lines","category":"gate","object_type":"Line","style_id":"line.gate","source_group":"COLOR_Gate","vsmr_group_ids":[],"geometry_role":"linework"},"geometry":{"type":"LineString","coordinates":[[3.117665497760396,50.56763305943395],[3.118081521097735,50.56769223936463]]}},{"type":"Feature","id":"LFQQ-001e4058ce2e0763e413","properties":{"airport":"LFQQ","name":"COLOR_Gate","layer":"Guidance lines","category":"gate","object_type":"Line","style_id":"line.gate","source_group":"COLOR_Gate","vsmr_group_ids":[],"geometry_role":"linework"},"geometry":{"type":"LineString","coordinates":[[3.115676622256267,50.56768243285167],[3.115986189200906,50.56772764331875]]}},{"type":"Feature","id":"LFQQ-0792bd64381114d31d7e","properties":{"airport":"LFQQ","name":"COLOR_Gate","layer":"Guidance lines","category":"gate","object_type":"Line","style_id":"line.gate","source_group":"COLOR_Gate","vsmr_group_ids":[],"geometry_role":"linework"},"geometry":{"type":"LineString","coordinates":[[3.115688896023729,50.56765278264018],[3.115993548192142,50.56769487285187]]}},{"type":"Feature","id":"LFQQ-160e1903bd07bf212ee4","properties":{"airport":"LFQQ","name":"COLOR_Gate","layer":"Guidance lines","category":"gate","object_type":"Line","style_id":"line.gate","source_group":"COLOR_Gate","vsmr_group_ids":[],"geometry_role":"linework"},"geometry":{"type":"LineString","coordinates":[[3.115696256271281,50.56762313310495],[3.11600827905635,50.5676667827246]]}},{"type":"Feature","id":"LFQQ-9bfc9d837607136cc648","properties":{"airport":"LFQQ","name":"COLOR_Gate","layer":"Guidance lines","category":"gate","object_type":"Line","style_id":"line.gate","source_group":"COLOR_Gate","vsmr_group_ids":[],"geometry_role":"linework"},"geometry":{"type":"LineString","coordinates":[[3.11575515960661,50.56744991519945],[3.116062267268711,50.56749200489108]]}},{"type":"Feature","id":"LFQQ-b4afbfbe9d56ddaddc93","properties":{"airport":"LFQQ","name":"COLOR_Gate","layer":"Guidance lines","category":"gate","object_type":"Line","style_id":"line.gate","source_group":"COLOR_Gate","vsmr_group_ids":[],"geometry_role":"linework"},"geometry":{"type":"LineString","coordinates":[[3.115762519776784,50.56742026565352],[3.116076998041173,50.56746391473931]]}},{"type":"Feature","id":"LFQQ-957c58bdccfb21a932c0","properties":{"airport":"LFQQ","name":"COLOR_Gate","layer":"Guidance lines","category":"gate","object_type":"Line","style_id":"line.gate","source_group":"COLOR_Gate","vsmr_group_ids":[],"geometry_role":"linework"},"geometry":{"type":"LineString","coordinates":[[3.115777250159937,50.5673906150939],[3.116084358564324,50.5674358256243]]}},{"type":"Feature","id":"LFQQ-94df5675633758612ae9","properties":{"airport":"LFQQ","name":"COLOR_Gate","layer":"Guidance lines","category":"gate","object_type":"Line","style_id":"line.gate","source_group":"COLOR_Gate","vsmr_group_ids":[],"geometry_role":"linework"},"geometry":{"type":"LineString","coordinates":[[3.113611258490814,50.56738487132331],[3.113920336497222,50.56743151742374]]}},{"type":"Feature","id":"LFQQ-ae0cf3665612d20b2ce9","properties":{"airport":"LFQQ","name":"COLOR_Gate","layer":"Guidance lines","category":"gate","object_type":"Line","style_id":"line.gate","source_group":"COLOR_Gate","vsmr_group_ids":[],"geometry_role":"linework"},"geometry":{"type":"LineString","coordinates":[[3.113622557258795,50.56735614194742],[3.113931634717042,50.56740159100903]]}},{"type":"Feature","id":"LFQQ-8bb04000a06ed46b6a07","properties":{"airport":"LFQQ","name":"COLOR_Gate","layer":"Guidance lines","category":"gate","object_type":"Line","style_id":"line.gate","source_group":"COLOR_Gate","vsmr_group_ids":[],"geometry_role":"linework"},"geometry":{"type":"LineString","coordinates":[[3.113631971834094,50.567328609803],[3.113939163865687,50.56737166503721]]}},{"type":"Feature","id":"LFQQ-d3a6e053de80a2854486","properties":{"airport":"LFQQ","name":"COLOR_Gate","layer":"Guidance lines","category":"gate","object_type":"Line","style_id":"line.gate","source_group":"COLOR_Gate","vsmr_group_ids":[],"geometry_role":"linework"},"geometry":{"type":"LineString","coordinates":[[3.113686571689891,50.56715384115112],[3.114001301452702,50.56719928926733]]}},{"type":"Feature","id":"LFQQ-f7659114c596a48f9f9e","properties":{"airport":"LFQQ","name":"COLOR_Gate","layer":"Guidance lines","category":"gate","object_type":"Line","style_id":"line.gate","source_group":"COLOR_Gate","vsmr_group_ids":[],"geometry_role":"linework"},"geometry":{"type":"LineString","coordinates":[[3.113699754889183,50.56712511154861],[3.114012600316027,50.5671717568557]]}},{"type":"Feature","id":"LFQQ-9a6220ef9441a67e90c7","properties":{"airport":"LFQQ","name":"COLOR_Gate","layer":"Guidance lines","category":"gate","object_type":"Line","style_id":"line.gate","source_group":"COLOR_Gate","vsmr_group_ids":[],"geometry_role":"linework"},"geometry":{"type":"LineString","coordinates":[[3.11371105390031,50.56709757917613],[3.114018244862677,50.56714183112767]]}},{"type":"Feature","id":"LFQQ-fd68a9667c89ba90cd32","properties":{"airport":"LFQQ","name":"COLOR_Gate","layer":"Guidance lines","category":"gate","object_type":"Line","style_id":"line.gate","source_group":"COLOR_Gate","vsmr_group_ids":[],"geometry_role":"linework"},"geometry":{"type":"LineString","coordinates":[[3.109484488920886,50.56676884425131],[3.109797327169253,50.56681190981163]]}},{"type":"Feature","id":"LFQQ-d52049fab4e381171a9a","properties":{"airport":"LFQQ","name":"COLOR_Gate","layer":"Guidance lines","category":"gate","object_type":"Line","style_id":"line.gate","source_group":"COLOR_Gate","vsmr_group_ids":[],"geometry_role":"linework"},"geometry":{"type":"LineString","coordinates":[[3.109497674867121,50.56674131210344],[3.109808628403681,50.56678437779983]]}},{"type":"Feature","id":"LFQQ-2672cc2aea81ba34b07c","properties":{"airport":"LFQQ","name":"COLOR_Gate","layer":"Guidance lines","category":"gate","object_type":"Line","style_id":"line.gate","source_group":"COLOR_Gate","vsmr_group_ids":[],"geometry_role":"linework"},"geometry":{"type":"LineString","coordinates":[[3.109556058692196,50.56656774199356],[3.109868895859347,50.56661200443751]]}},{"type":"Feature","id":"LFQQ-f9003c0f2316bcfb051e","properties":{"airport":"LFQQ","name":"COLOR_Gate","layer":"Guidance lines","category":"gate","object_type":"Line","style_id":"line.gate","source_group":"COLOR_Gate","vsmr_group_ids":[],"geometry_role":"linework"},"geometry":{"type":"LineString","coordinates":[[3.109569244007715,50.56653781584642],[3.109878312216541,50.5665832755957]]}},{"type":"Feature","id":"LFQQ-18af1beb876e584df893","properties":{"airport":"LFQQ","name":"COLOR_Gate","layer":"Guidance lines","category":"gate","object_type":"Line","style_id":"line.gate","source_group":"COLOR_Gate","vsmr_group_ids":[],"geometry_role":"linework"},"geometry":{"type":"LineString","coordinates":[[3.107432760715914,50.56644748458816],[3.107741598809453,50.56649072060028]]}},{"type":"Feature","id":"LFQQ-ee70f69eec3734f67af1","properties":{"airport":"LFQQ","name":"COLOR_Gate","layer":"Guidance lines","category":"gate","object_type":"Line","style_id":"line.gate","source_group":"COLOR_Gate","vsmr_group_ids":[],"geometry_role":"linework"},"geometry":{"type":"LineString","coordinates":[[3.107491331022079,50.56627445397333],[3.107803335711163,50.56631869560891]]}},{"type":"Feature","id":"LFQQ-4834146608193575a6ec","properties":{"airport":"LFQQ","name":"COLOR_Gate","layer":"Guidance lines","category":"gate","object_type":"Line","style_id":"line.gate","source_group":"COLOR_Gate","vsmr_group_ids":[],"geometry_role":"linework"},"geometry":{"type":"LineString","coordinates":[[3.105365910952715,50.56615281978472],[3.105673104440922,50.56619772474348]]}},{"type":"Feature","id":"LFQQ-7440ac74a904da9cbb3a","properties":{"airport":"LFQQ","name":"COLOR_Gate","layer":"Guidance lines","category":"gate","object_type":"Line","style_id":"line.gate","source_group":"COLOR_Gate","vsmr_group_ids":[],"geometry_role":"linework"},"geometry":{"type":"LineString","coordinates":[[3.105425559732591,50.56598015537221],[3.105737172075,50.56602506005076]]}},{"type":"Feature","id":"LFQQ-b64c5ad52ef0399b6558","properties":{"airport":"LFQQ","name":"COLOR_Gate","layer":"Guidance lines","category":"gate","object_type":"Line","style_id":"line.gate","source_group":"COLOR_Gate","vsmr_group_ids":[],"geometry_role":"linework"},"geometry":{"type":"LineString","coordinates":[[3.121879609127418,50.56840929122176],[3.121943997149852,50.56841853797263]]}},{"type":"Feature","id":"LFQQ-ee31bbbdd4a0857431b8","properties":{"airport":"LFQQ","name":"COLOR_Gate","layer":"Guidance lines","category":"gate","object_type":"Line","style_id":"line.gate","source_group":"COLOR_Gate","vsmr_group_ids":[],"geometry_role":"linework"},"geometry":{"type":"LineString","coordinates":[[3.121882033256096,50.56839771707656],[3.121747188853572,50.56839079831049],[3.121874755769263,50.5684216374027]]}},{"type":"Feature","id":"LFQQ-5b5af61827faf456ee5a","properties":{"airport":"LFQQ","name":"COLOR_Gate","layer":"Guidance lines","category":"gate","object_type":"Line","style_id":"line.gate","source_group":"COLOR_Gate","vsmr_group_ids":[],"geometry_role":"linework"},"geometry":{"type":"LineString","coordinates":[[3.121189566002438,50.56831142925915],[3.12146048145395,50.56835150138515]]}},{"type":"Feature","id":"LFQQ-83fd7654215144702360","properties":{"airport":"LFQQ","name":"COLOR_Gate","layer":"Guidance lines","category":"gate","object_type":"Line","style_id":"line.gate","source_group":"COLOR_Gate","vsmr_group_ids":[],"geometry_role":"linework"},"geometry":{"type":"LineString","coordinates":[[3.121189560387809,50.568299083987],[3.121057146219699,50.56829370711832],[3.121184711787288,50.56832223226192]]}},{"type":"Feature","id":"LFQQ-a46b85fc5ceddf98d53b","properties":{"airport":"LFQQ","name":"COLOR_Gate","layer":"Guidance lines","category":"gate","object_type":"Line","style_id":"line.gate","source_group":"COLOR_Gate","vsmr_group_ids":[],"geometry_role":"linework"},"geometry":{"type":"LineString","coordinates":[[3.120499525927038,50.56821433461473],[3.120775299054113,50.56825440742704]]}},{"type":"Feature","id":"LFQQ-2a17e9be99f53b6c96e4","properties":{"airport":"LFQQ","name":"COLOR_Gate","layer":"Guidance lines","category":"gate","object_type":"Line","style_id":"line.gate","source_group":"COLOR_Gate","vsmr_group_ids":[],"geometry_role":"linework"},"geometry":{"type":"LineString","coordinates":[[3.120500735263729,50.56820198913486],[3.120365891781589,50.56819584037642],[3.120493456406992,50.56822436622512]]}},{"type":"Feature","id":"LFQQ-0bc68f1f9e70184c0626","properties":{"airport":"LFQQ","name":"COLOR_Gate","layer":"Guidance lines","category":"gate","object_type":"Line","style_id":"line.gate","source_group":"COLOR_Gate","vsmr_group_ids":[],"geometry_role":"linework"},"geometry":{"type":"LineString","coordinates":[[3.119811913329937,50.56810643333845],[3.119674639525873,50.56809719787029],[3.119805848949559,50.56812881016712]]}},{"type":"Feature","id":"LFQQ-97cf567cfcfd2a646c21","properties":{"airport":"LFQQ","name":"COLOR_Gate","layer":"Guidance lines","category":"gate","object_type":"Line","style_id":"line.gate","source_group":"COLOR_Gate","vsmr_group_ids":[],"geometry_role":"linework"},"geometry":{"type":"LineString","coordinates":[[3.119808273589908,50.56811723606629],[3.120085259936267,50.56815653875617]]}},{"type":"Feature","id":"LFQQ-f8854c0eb68f97ef3261","properties":{"airport":"LFQQ","name":"COLOR_Gate","layer":"Guidance lines","category":"gate","object_type":"Line","style_id":"line.gate","source_group":"COLOR_Gate","vsmr_group_ids":[],"geometry_role":"linework"},"geometry":{"type":"LineString","coordinates":[[3.119120663377779,50.56800701615342],[3.118987035290983,50.56800009400114],[3.119114599016446,50.56803016452269]]}},{"type":"Feature","id":"LFQQ-d4bfd011a29d3fe5c862","properties":{"airport":"LFQQ","name":"COLOR_Gate","layer":"Guidance lines","category":"gate","object_type":"Line","style_id":"line.gate","source_group":"COLOR_Gate","vsmr_group_ids":[],"geometry_role":"linework"},"geometry":{"type":"LineString","coordinates":[[3.119120668131936,50.56801858983776],[3.119397653881253,50.56805866578366]]}},{"type":"Feature","id":"LFQQ-e41fb3321d3de91ab004","properties":{"airport":"LFQQ","name":"COLOR_Gate","layer":"Guidance lines","category":"gate","object_type":"Line","style_id":"line.gate","source_group":"COLOR_Gate","vsmr_group_ids":[],"geometry_role":"linework"},"geometry":{"type":"LineString","coordinates":[[3.118434280931699,50.56792071096772],[3.118710049888169,50.56795924552447]]}},{"type":"Feature","id":"LFQQ-f16796ad44b3d06d3956","properties":{"airport":"LFQQ","name":"COLOR_Gate","layer":"Guidance lines","category":"gate","object_type":"Line","style_id":"line.gate","source_group":"COLOR_Gate","vsmr_group_ids":[],"geometry_role":"linework"},"geometry":{"type":"LineString","coordinates":[[3.118434275736495,50.56790759412836],[3.118299433850118,50.56790221454493],[3.11843064089059,50.56793151365488]]}},{"type":"Feature","id":"LFQQ-cdcc82bec3d6137c2384","properties":{"airport":"LFQQ","name":"COLOR_Gate","layer":"Guidance lines","category":"gate","object_type":"Line","style_id":"line.gate","source_group":"COLOR_Gate","vsmr_group_ids":[],"geometry_role":"linework"},"geometry":{"type":"LineString","coordinates":[[3.084093376376331,50.56303658325937],[3.084513925586727,50.5630975373934]]}},{"type":"Feature","id":"LFQQ-77342444e5ae580620b7","properties":{"airport":"LFQQ","name":"COLOR_Gate","layer":"Guidance lines","category":"gate","object_type":"Line","style_id":"line.gate","source_group":"COLOR_Gate","vsmr_group_ids":[],"geometry_role":"linework"},"geometry":{"type":"LineString","coordinates":[[3.084930391632437,50.56315459961328],[3.085340733873263,50.56321425420563]]}},{"type":"Feature","id":"LFQQ-015c6d2cb6fbc6e26352","properties":{"airport":"LFQQ","name":"COLOR_Gate","layer":"Guidance lines","category":"gate","object_type":"Line","style_id":"line.gate","source_group":"COLOR_Gate","vsmr_group_ids":[],"geometry_role":"linework"},"geometry":{"type":"LineString","coordinates":[[3.085761284747168,50.56327390723883],[3.086183877944744,50.56333355872036]]}},{"type":"Feature","id":"LFQQ-f7a82da697d7e2d4c970","properties":{"airport":"LFQQ","name":"COLOR_Gate","layer":"Guidance lines","category":"gate","object_type":"Line","style_id":"line.gate","source_group":"COLOR_Gate","vsmr_group_ids":[],"geometry_role":"linework"},"geometry":{"type":"LineString","coordinates":[[3.086600348101225,50.56339191200515],[3.087014777340191,50.56345156055788]]}},{"type":"Feature","id":"LFQQ-792f6ed156bc81debff5","properties":{"airport":"LFQQ","name":"COLOR_Gate","layer":"Guidance lines","category":"gate","object_type":"Line","style_id":"line.gate","source_group":"COLOR_Gate","vsmr_group_ids":[],"geometry_role":"linework"},"geometry":{"type":"LineString","coordinates":[[3.087431249582604,50.56351120761163],[3.08784159846176,50.56356955657724]]}},{"type":"Feature","id":"LFQQ-02b8763400f550332466","properties":{"airport":"LFQQ","name":"COLOR_Gate","layer":"Guidance lines","category":"gate","object_type":"Line","style_id":"line.gate","source_group":"COLOR_Gate","vsmr_group_ids":[],"geometry_role":"linework"},"geometry":{"type":"LineString","coordinates":[[3.088264196851322,50.563627903704],[3.088678630678878,50.56368884320612]]}},{"type":"Feature","id":"LFQQ-97bc64ffc88cb91c6457","properties":{"airport":"LFQQ","name":"COLOR_Gate","layer":"Guidance lines","category":"gate","object_type":"Line","style_id":"line.gate","source_group":"COLOR_Gate","vsmr_group_ids":[],"geometry_role":"linework"},"geometry":{"type":"LineString","coordinates":[[3.089095108541056,50.56374718783071],[3.089515669435305,50.56380812415318]]}},{"type":"Feature","id":"LFQQ-450b3f29ed715dbb8a67","properties":{"airport":"LFQQ","name":"COLOR_Gate","layer":"Guidance lines","category":"gate","object_type":"Line","style_id":"line.gate","source_group":"COLOR_Gate","vsmr_group_ids":[],"geometry_role":"linework"},"geometry":{"type":"LineString","coordinates":[[3.089930106047234,50.56386776235006],[3.090338419543468,50.56392869626621]]}},{"type":"Feature","id":"LFQQ-9877e82dcc60e52a8d8d","properties":{"airport":"LFQQ","name":"COLOR_Gate","layer":"Guidance lines","category":"gate","object_type":"Line","style_id":"line.gate","source_group":"COLOR_Gate","vsmr_group_ids":[],"geometry_role":"linework"},"geometry":{"type":"LineString","coordinates":[[3.090765108496218,50.5639857374074],[3.091181590370586,50.56404796468739]]}},{"type":"Feature","id":"LFQQ-4e6a5019debe68909dcc","properties":{"airport":"LFQQ","name":"COLOR_Gate","layer":"Guidance lines","category":"gate","object_type":"Line","style_id":"line.gate","source_group":"COLOR_Gate","vsmr_group_ids":[],"geometry_role":"linework"},"geometry":{"type":"LineString","coordinates":[[3.091602155537758,50.56410500304426],[3.092014556448819,50.56416333738558]]}},{"type":"Feature","id":"LFQQ-257069580e923c9a6b55","properties":{"airport":"LFQQ","name":"COLOR_Gate","layer":"Guidance lines","category":"gate","object_type":"Line","style_id":"line.gate","source_group":"COLOR_Gate","vsmr_group_ids":[],"geometry_role":"linework"},"geometry":{"type":"LineString","coordinates":[[3.092433084724595,50.56422296684349],[3.092847529535205,50.56428259465754]]}},{"type":"Feature","id":"LFQQ-e498c87e79b4523b20bd","properties":{"airport":"LFQQ","name":"COLOR_Gate","layer":"Guidance lines","category":"gate","object_type":"Line","style_id":"line.gate","source_group":"COLOR_Gate","vsmr_group_ids":[],"geometry_role":"linework"},"geometry":{"type":"LineString","coordinates":[[3.093266057945074,50.56433833072607],[3.093682546954235,50.5644044395338]]}},{"type":"Feature","id":"LFQQ-767160f95c4a5635b551","properties":{"airport":"LFQQ","name":"COLOR_Gate","layer":"Guidance lines","category":"gate","object_type":"Line","style_id":"line.gate","source_group":"COLOR_Gate","vsmr_group_ids":[],"geometry_role":"linework"},"geometry":{"type":"LineString","coordinates":[[3.0940990356333,50.56446146915538],[3.094519609029469,50.56451979390332]]}},{"type":"Feature","id":"LFQQ-14a544c9489fc77aa8ea","properties":{"airport":"LFQQ","name":"COLOR_Gate","layer":"Guidance lines","category":"gate","object_type":"Line","style_id":"line.gate","source_group":"COLOR_Gate","vsmr_group_ids":[],"geometry_role":"linework"},"geometry":{"type":"LineString","coordinates":[[3.094934058174172,50.56457811749078],[3.095346466276041,50.56463514300435]]}},{"type":"Feature","id":"LFQQ-f1e52ebce7315cf69bc6","properties":{"airport":"LFQQ","name":"COLOR_Gate","layer":"Guidance lines","category":"gate","object_type":"Line","style_id":"line.gate","source_group":"COLOR_Gate","vsmr_group_ids":[],"geometry_role":"linework"},"geometry":{"type":"LineString","coordinates":[[3.095765001768545,50.56469735396503],[3.096179454400498,50.56475567323646]]}},{"type":"Feature","id":"LFQQ-2b47dcf9a7b659741939","properties":{"airport":"LFQQ","name":"COLOR_Gate","layer":"Guidance lines","category":"gate","object_type":"Line","style_id":"line.gate","source_group":"COLOR_Gate","vsmr_group_ids":[],"geometry_role":"linework"},"geometry":{"type":"LineString","coordinates":[[3.096597991060068,50.56481399046544],[3.097018571839631,50.56487749334268]]}},{"type":"Feature","id":"LFQQ-f4664e2ed10f630bbcb1","properties":{"airport":"LFQQ","name":"COLOR_Gate","layer":"Guidance lines","category":"gate","object_type":"Line","style_id":"line.gate","source_group":"COLOR_Gate","vsmr_group_ids":[],"geometry_role":"linework"},"geometry":{"type":"LineString","coordinates":[[3.097433026737992,50.56493451128208],[3.097849524917538,50.56499412120328]]}},{"type":"Feature","id":"LFQQ-b849f58b85e51e3cd849","properties":{"airport":"LFQQ","name":"COLOR_Gate","layer":"Guidance lines","category":"gate","object_type":"Line","style_id":"line.gate","source_group":"COLOR_Gate","vsmr_group_ids":[],"geometry_role":"linework"},"geometry":{"type":"LineString","coordinates":[[3.098272148619652,50.56505243211364],[3.098684566867504,50.56511203959008]]}},{"type":"Feature","id":"LFQQ-c04efe3aa4045f7f3e61","properties":{"airport":"LFQQ","name":"COLOR_Gate","layer":"Guidance lines","category":"gate","object_type":"Line","style_id":"line.gate","source_group":"COLOR_Gate","vsmr_group_ids":[],"geometry_role":"linework"},"geometry":{"type":"LineString","coordinates":[[3.099103111739645,50.56517423841834],[3.09951961373282,50.56523254552902]]}},{"type":"Feature","id":"LFQQ-85810ed8c4181ab94b66","properties":{"airport":"LFQQ","name":"COLOR_Gate","layer":"Guidance lines","category":"gate","object_type":"Line","style_id":"line.gate","source_group":"COLOR_Gate","vsmr_group_ids":[],"geometry_role":"linework"},"geometry":{"type":"LineString","coordinates":[[3.099932034290505,50.5652908516558],[3.100348539486077,50.56535174954947]]}},{"type":"Feature","id":"LFQQ-7c1425a55ad1e67a83b3","properties":{"airport":"LFQQ","name":"COLOR_Gate","layer":"Guidance lines","category":"gate","object_type":"Line","style_id":"line.gate","source_group":"COLOR_Gate","vsmr_group_ids":[],"geometry_role":"linework"},"geometry":{"type":"LineString","coordinates":[[3.100767085415892,50.56540745828098],[3.101185633815791,50.56546705596374]]}},{"type":"Feature","id":"LFQQ-39e543a5aba22017d6c5","properties":{"airport":"LFQQ","name":"COLOR_Gate","layer":"Guidance lines","category":"gate","object_type":"Line","style_id":"line.gate","source_group":"COLOR_Gate","vsmr_group_ids":[],"geometry_role":"linework"},"geometry":{"type":"LineString","coordinates":[[3.101604184430578,50.56552665231381],[3.102020693958785,50.56558754422012]]}},{"type":"Feature","id":"LFQQ-d27d2cc3ab119c8ba69f","properties":{"airport":"LFQQ","name":"COLOR_Gate","layer":"Guidance lines","category":"gate","object_type":"Line","style_id":"line.gate","source_group":"COLOR_Gate","vsmr_group_ids":[],"geometry_role":"linework"},"geometry":{"type":"LineString","coordinates":[[3.102439244761881,50.56564584063213],[3.102851672281097,50.56570413651399]]}},{"type":"Feature","id":"LFQQ-8b6820b8a578d4709699","properties":{"airport":"LFQQ","name":"COLOR_Gate","layer":"Guidance lines","category":"gate","object_type":"Line","style_id":"line.gate","source_group":"COLOR_Gate","vsmr_group_ids":[],"geometry_role":"linework"},"geometry":{"type":"LineString","coordinates":[[3.10327635237253,50.56576631934329],[3.103686740444136,50.56582590935895]]}},{"type":"Feature","id":"LFQQ-b72bc61024956945b1e1","properties":{"airport":"LFQQ","name":"COLOR_Gate","layer":"Guidance lines","category":"gate","object_type":"Line","style_id":"line.gate","source_group":"COLOR_Gate","vsmr_group_ids":[],"geometry_role":"linework"},"geometry":{"type":"LineString","coordinates":[[3.104099171149384,50.56588420091274],[3.104521809896044,50.56594119239311]]}},{"type":"Feature","id":"LFQQ-8fe4306ec672142a2687","properties":{"airport":"LFQQ","name":"COLOR_Gate","layer":"Guidance lines","category":"gate","object_type":"Line","style_id":"line.gate","source_group":"COLOR_Gate","vsmr_group_ids":[],"geometry_role":"linework"},"geometry":{"type":"LineString","coordinates":[[3.104940974801729,50.56600136762865],[3.105355450295095,50.56606095106667]]}},{"type":"Feature","id":"LFQQ-e78fc886bfcace9857a3","properties":{"airport":"LFQQ","name":"COLOR_Gate","layer":"Guidance lines","category":"gate","object_type":"Line","style_id":"line.gate","source_group":"COLOR_Gate","vsmr_group_ids":[],"geometry_role":"linework"},"geometry":{"type":"LineString","coordinates":[[3.105771969297804,50.56611923592479],[3.10618644769191,50.56618011331009]]}},{"type":"Feature","id":"LFQQ-1a021e73d260d9ce4996","properties":{"airport":"LFQQ","name":"COLOR_Gate","layer":"Guidance lines","category":"gate","object_type":"Line","style_id":"line.gate","source_group":"COLOR_Gate","vsmr_group_ids":[],"geometry_role":"linework"},"geometry":{"type":"LineString","coordinates":[[3.106605009504779,50.56623969160945],[3.107019489706679,50.56629926924415]]}},{"type":"Feature","id":"LFQQ-19133020c16cc05eb82d","properties":{"airport":"LFQQ","name":"COLOR_Gate","layer":"Guidance lines","category":"gate","object_type":"Line","style_id":"line.gate","source_group":"COLOR_Gate","vsmr_group_ids":[],"geometry_role":"linework"},"geometry":{"type":"LineString","coordinates":[[3.107440098022156,50.56635754737205],[3.107856621396587,50.56641712157618]]}},{"type":"Feature","id":"LFQQ-8449833d534c3535f2e9","properties":{"airport":"LFQQ","name":"COLOR_Gate","layer":"Guidance lines","category":"gate","object_type":"Line","style_id":"line.gate","source_group":"COLOR_Gate","vsmr_group_ids":[],"geometry_role":"linework"},"geometry":{"type":"LineString","coordinates":[[3.108275187638454,50.56647669392414],[3.108689671425207,50.56653367210637]]}},{"type":"Feature","id":"LFQQ-aa7c0652a75b6f9589ce","properties":{"airport":"LFQQ","name":"COLOR_Gate","layer":"Guidance lines","category":"gate","object_type":"Line","style_id":"line.gate","source_group":"COLOR_Gate","vsmr_group_ids":[],"geometry_role":"linework"},"geometry":{"type":"LineString","coordinates":[[3.109108242191954,50.56659713192067],[3.109522727500249,50.56665540380668]]}},{"type":"Feature","id":"LFQQ-19b49399fcdd0dc215da","properties":{"airport":"LFQQ","name":"COLOR_Gate","layer":"Guidance lines","category":"gate","object_type":"Line","style_id":"line.gate","source_group":"COLOR_Gate","vsmr_group_ids":[],"geometry_role":"linework"},"geometry":{"type":"LineString","coordinates":[[3.109937215956287,50.56671497116837],[3.110353744470427,50.56677194294663]]}},{"type":"Feature","id":"LFQQ-f63c4d1989d11c81282a","properties":{"airport":"LFQQ","name":"COLOR_Gate","layer":"Guidance lines","category":"gate","object_type":"Line","style_id":"line.gate","source_group":"COLOR_Gate","vsmr_group_ids":[],"geometry_role":"linework"},"geometry":{"type":"LineString","coordinates":[[3.110774360999573,50.5668315066527],[3.111190892763713,50.56689106895078]]}},{"type":"Feature","id":"LFQQ-31f634f6f746a7deee64","properties":{"airport":"LFQQ","name":"COLOR_Gate","layer":"Guidance lines","category":"gate","object_type":"Line","style_id":"line.gate","source_group":"COLOR_Gate","vsmr_group_ids":[],"geometry_role":"linework"},"geometry":{"type":"LineString","coordinates":[[3.111603342768963,50.56695063067308],[3.112026002366184,50.56701148545335]]}},{"type":"Feature","id":"LFQQ-e808da01d5ef12ae0e8b","properties":{"airport":"LFQQ","name":"COLOR_Gate","layer":"Guidance lines","category":"gate","object_type":"Line","style_id":"line.gate","source_group":"COLOR_Gate","vsmr_group_ids":[],"geometry_role":"linework"},"geometry":{"type":"LineString","coordinates":[[3.112444578106153,50.56706844933819],[3.112861117157903,50.56712930293152]]}},{"type":"Feature","id":"LFQQ-93dece7e65604996b316","properties":{"airport":"LFQQ","name":"COLOR_Gate","layer":"Guidance lines","category":"gate","object_type":"Line","style_id":"line.gate","source_group":"COLOR_Gate","vsmr_group_ids":[],"geometry_role":"linework"},"geometry":{"type":"LineString","coordinates":[[3.1132756127661,50.56718756126628],[3.113698276930048,50.56724840993115]]}},{"type":"Feature","id":"LFQQ-ee68989bf9e086647c1a","properties":{"airport":"LFQQ","name":"COLOR_Gate","layer":"Guidance lines","category":"gate","object_type":"Line","style_id":"line.gate","source_group":"COLOR_Gate","vsmr_group_ids":[],"geometry_role":"linework"},"geometry":{"type":"LineString","coordinates":[[3.114108690399917,50.5673066666108],[3.11452523322483,50.56736881109725]]}},{"type":"Feature","id":"LFQQ-711cd752ed6942570eff","properties":{"airport":"LFQQ","name":"COLOR_Gate","layer":"Guidance lines","category":"gate","object_type":"Line","style_id":"line.gate","source_group":"COLOR_Gate","vsmr_group_ids":[],"geometry_role":"linework"},"geometry":{"type":"LineString","coordinates":[[3.114943813640019,50.56742446861981],[3.115362399364221,50.56748660925713]]}},{"type":"Feature","id":"LFQQ-30d219da85c91260cd24","properties":{"airport":"LFQQ","name":"COLOR_Gate","layer":"Guidance lines","category":"gate","object_type":"Line","style_id":"line.gate","source_group":"COLOR_Gate","vsmr_group_ids":[],"geometry_role":"linework"},"geometry":{"type":"LineString","coordinates":[[3.115776633853351,50.56754412098098],[3.116193179073388,50.56760496228008]]}},{"type":"Feature","id":"LFQQ-55c9c72448711556fc90","properties":{"airport":"LFQQ","name":"COLOR_Gate","layer":"Guidance lines","category":"gate","object_type":"Line","style_id":"line.gate","source_group":"COLOR_Gate","vsmr_group_ids":[],"geometry_role":"linework"},"geometry":{"type":"LineString","coordinates":[[3.116609724217905,50.56766191156093],[3.11703035502541,50.56772274881984]]}},{"type":"Feature","id":"LFQQ-01355e66d683f99371bf","properties":{"airport":"LFQQ","name":"COLOR_Gate","layer":"Guidance lines","category":"gate","object_type":"Line","style_id":"line.gate","source_group":"COLOR_Gate","vsmr_group_ids":[],"geometry_role":"linework"},"geometry":{"type":"LineString","coordinates":[[3.085730643892195,50.56078893077213],[3.085840396912827,50.56104457038396]]}},{"type":"Feature","id":"LFQQ-ecfd634063ef8159925d","properties":{"airport":"LFQQ","name":"COLOR_Gate","layer":"Guidance lines","category":"gate","object_type":"Line","style_id":"line.gate","source_group":"COLOR_Gate","vsmr_group_ids":[],"geometry_role":"linework"},"geometry":{"type":"LineString","coordinates":[[3.085915792211111,50.56121904949076],[3.086023956490365,50.56147670939395]]}},{"type":"Feature","id":"LFQQ-971697a429746fd43426","properties":{"airport":"LFQQ","name":"COLOR_Gate","layer":"Guidance lines","category":"gate","object_type":"Line","style_id":"line.gate","source_group":"COLOR_Gate","vsmr_group_ids":[],"geometry_role":"linework"},"geometry":{"type":"LineString","coordinates":[[3.08609553659265,50.56165353489806],[3.086187796063014,50.56187684002818]]}},{"type":"Feature","id":"LFQQ-39fd4b6a8ab3e31f607a","properties":{"airport":"LFQQ","name":"COLOR_Gate","layer":"Guidance lines","category":"gate","object_type":"Line","style_id":"line.gate","source_group":"COLOR_Gate","vsmr_group_ids":[],"geometry_role":"linework"},"geometry":{"type":"LineString","coordinates":[[3.086275284743474,50.56209206202425],[3.086381862261665,50.56234567989721]]}},{"type":"Feature","id":"LFQQ-e73b116455e503598a67","properties":{"airport":"LFQQ","name":"COLOR_Gate","layer":"Guidance lines","category":"gate","object_type":"Line","style_id":"line.gate","source_group":"COLOR_Gate","vsmr_group_ids":[],"geometry_role":"linework"},"geometry":{"type":"LineString","coordinates":[[3.086455035855109,50.56252351585398],[3.086560024748908,50.56278117531499]]}},{"type":"Feature","id":"LFQQ-046e198ae6a02b595d77","properties":{"airport":"LFQQ","name":"COLOR_Gate","layer":"Guidance lines","category":"gate","object_type":"Line","style_id":"line.gate","source_group":"COLOR_Gate","vsmr_group_ids":[],"geometry_role":"linework"},"geometry":{"type":"LineString","coordinates":[[3.086634790267904,50.56295699009637],[3.086717510153165,50.56315705498793]]}},{"type":"Feature","id":"LFQQ-ad2830eb8b83e7079e3b","properties":{"airport":"LFQQ","name":"COLOR_Gate","layer":"Guidance lines","category":"gate","object_type":"Line","style_id":"line.gate","source_group":"COLOR_Gate","vsmr_group_ids":[],"geometry_role":"linework"},"geometry":{"type":"LineString","coordinates":[[3.086976810064728,50.56377947913384],[3.087089758941739,50.56406037798021]]}},{"type":"Feature","id":"LFQQ-2dc96c5d3ea837dde8ba","properties":{"airport":"LFQQ","name":"COLOR_Gate","layer":"Guidance lines","category":"gate","object_type":"Line","style_id":"line.gate","source_group":"COLOR_Gate","vsmr_group_ids":[],"geometry_role":"linework"},"geometry":{"type":"LineString","coordinates":[[3.087161347207295,50.56424124477085],[3.087267934439535,50.56449688271918]]}},{"type":"Feature","id":"LFQQ-ea8a4a6a5ceaec9edf4e","properties":{"airport":"LFQQ","name":"COLOR_Gate","layer":"Guidance lines","category":"gate","object_type":"Line","style_id":"line.gate","source_group":"COLOR_Gate","vsmr_group_ids":[],"geometry_role":"linework"},"geometry":{"type":"LineString","coordinates":[[3.087345886917447,50.56467168672028],[3.087460429872368,50.56493035563243]]}},{"type":"Feature","id":"LFQQ-5a374d7c9a92e75e24f9","properties":{"airport":"LFQQ","name":"COLOR_Gate","layer":"Guidance lines","category":"gate","object_type":"Line","style_id":"line.gate","source_group":"COLOR_Gate","vsmr_group_ids":[],"geometry_role":"linework"},"geometry":{"type":"LineString","coordinates":[[3.087530429731697,50.56510111783781],[3.087632248886765,50.56535776601591]]}},{"type":"Feature","id":"LFQQ-56fa8fa141b6a4ad868c","properties":{"airport":"LFQQ","name":"COLOR_Gate","layer":"Guidance lines","category":"gate","object_type":"Line","style_id":"line.gate","source_group":"COLOR_Gate","vsmr_group_ids":[],"geometry_role":"linework"},"geometry":{"type":"LineString","coordinates":[[3.087705431923635,50.56553863224969],[3.087810434124849,50.56578921760649]]}},{"type":"Feature","id":"LFQQ-1800b08b6883e61230eb","properties":{"airport":"LFQQ","name":"COLOR_Gate","layer":"Guidance lines","category":"gate","object_type":"Line","style_id":"line.gate","source_group":"COLOR_Gate","vsmr_group_ids":[],"geometry_role":"linework"},"geometry":{"type":"LineString","coordinates":[[3.087888391033178,50.56597210459655],[3.087993395254296,50.56622572100936]]}},{"type":"Feature","id":"LFQQ-8ee2697fba2e6b082395","properties":{"airport":"LFQQ","name":"COLOR_Gate","layer":"Guidance lines","category":"gate","object_type":"Line","style_id":"line.gate","source_group":"COLOR_Gate","vsmr_group_ids":[],"geometry_role":"linework"},"geometry":{"type":"LineString","coordinates":[[3.088068171623173,50.5664015348779],[3.088174768720262,50.56665818240729]]}},{"type":"Feature","id":"LFQQ-fa42eccb2b10c16f5503","properties":{"airport":"LFQQ","name":"COLOR_Gate","layer":"Guidance lines","category":"gate","object_type":"Line","style_id":"line.gate","source_group":"COLOR_Gate","vsmr_group_ids":[],"geometry_role":"linework"},"geometry":{"type":"LineString","coordinates":[[3.088251137233655,50.56683601695241],[3.088354554664934,50.56709165394238]]}},{"type":"Feature","id":"LFQQ-2ee5f80875e0d86d0da5","properties":{"airport":"LFQQ","name":"COLOR_Gate","layer":"Guidance lines","category":"gate","object_type":"Line","style_id":"line.gate","source_group":"COLOR_Gate","vsmr_group_ids":[],"geometry_role":"linework"},"geometry":{"type":"LineString","coordinates":[[3.088429333665685,50.56726847795228],[3.088540707157015,50.56752512503281]]}},{"type":"Feature","id":"LFQQ-348e79d015431fdb1d1d","properties":{"airport":"LFQQ","name":"COLOR_Gate","layer":"Guidance lines","category":"gate","object_type":"Line","style_id":"line.gate","source_group":"COLOR_Gate","vsmr_group_ids":[],"geometry_role":"linework"},"geometry":{"type":"LineString","coordinates":[[3.088609124365773,50.5676999283456],[3.088717318489573,50.56796061707633]]}},{"type":"Feature","id":"LFQQ-79d808747ad40b8583a4","properties":{"airport":"LFQQ","name":"COLOR_Gate","layer":"Guidance lines","category":"gate","object_type":"Line","style_id":"line.gate","source_group":"COLOR_Gate","vsmr_group_ids":[],"geometry_role":"linework"},"geometry":{"type":"LineString","coordinates":[[3.088792100840685,50.56813441010346],[3.088897115183786,50.56839307791282]]}},{"type":"Feature","id":"LFQQ-ea51ce7eec6f727d340d","properties":{"airport":"LFQQ","name":"COLOR_Gate","layer":"Guidance lines","category":"gate","object_type":"Line","style_id":"line.gate","source_group":"COLOR_Gate","vsmr_group_ids":[],"geometry_role":"linework"},"geometry":{"type":"LineString","coordinates":[[3.088970307402932,50.56856889122843],[3.089080096120149,50.56882553786244]]}},{"type":"Feature","id":"LFQQ-9fa1c2f6a1d3bad66655","properties":{"airport":"LFQQ","name":"COLOR_Gate","layer":"Guidance lines","category":"gate","object_type":"Line","style_id":"line.gate","source_group":"COLOR_Gate","vsmr_group_ids":[],"geometry_role":"linework"},"geometry":{"type":"LineString","coordinates":[[3.08915169873055,50.56900135109321],[3.089259898731649,50.56926102891231]]}},{"type":"Feature","id":"LFQQ-4b779d70e63a30754377","properties":{"airport":"LFQQ","name":"COLOR_Gate","layer":"Guidance lines","category":"gate","object_type":"Line","style_id":"line.gate","source_group":"COLOR_Gate","vsmr_group_ids":[],"geometry_role":"linework"},"geometry":{"type":"LineString","coordinates":[[3.089329911601171,50.56943482121424],[3.089438113599112,50.56969348846594]]}},{"type":"Feature","id":"LFQQ-f972e77cf567f85fd82a","properties":{"airport":"LFQQ","name":"COLOR_Gate","layer":"Guidance lines","category":"gate","object_type":"Line","style_id":"line.gate","source_group":"COLOR_Gate","vsmr_group_ids":[],"geometry_role":"linework"},"geometry":{"type":"LineString","coordinates":[[3.089511309897655,50.56987031179512],[3.089621104322287,50.57012493704882]]}},{"type":"Feature","id":"LFQQ-3e43c02b415e52b9d817","properties":{"airport":"LFQQ","name":"COLOR_Gate","layer":"Guidance lines","category":"gate","object_type":"Line","style_id":"line.gate","source_group":"COLOR_Gate","vsmr_group_ids":[],"geometry_role":"linework"},"geometry":{"type":"LineString","coordinates":[[3.089691120533455,50.57030277103163],[3.089797735592157,50.57056244840179]]}},{"type":"Feature","id":"LFQQ-2ac7e585d47ebc6e361f","properties":{"airport":"LFQQ","name":"COLOR_Gate","layer":"Guidance lines","category":"gate","object_type":"Line","style_id":"line.gate","source_group":"COLOR_Gate","vsmr_group_ids":[],"geometry_role":"linework"},"geometry":{"type":"LineString","coordinates":[[3.089869343709073,50.57074028203986],[3.089982324280431,50.57099692772474]]}},{"type":"Feature","id":"LFQQ-73e075c13e73ccb56d5b","properties":{"airport":"LFQQ","name":"COLOR_Gate","layer":"Guidance lines","category":"gate","object_type":"Line","style_id":"line.gate","source_group":"COLOR_Gate","vsmr_group_ids":[],"geometry_role":"linework"},"geometry":{"type":"LineString","coordinates":[[3.090053933566173,50.57117274042701],[3.090163733999898,50.57142736515149]]}},{"type":"Feature","id":"LFQQ-ff77c06dcba7f76c7204","properties":{"airport":"LFQQ","name":"COLOR_Gate","layer":"Guidance lines","category":"gate","object_type":"Line","style_id":"line.gate","source_group":"COLOR_Gate","vsmr_group_ids":[],"geometry_role":"linework"},"geometry":{"type":"LineString","coordinates":[[3.090233753429592,50.57160115683929],[3.090343556616135,50.5718628544603]]}},{"type":"Feature","id":"LFQQ-7976dfc294cb161c8a2f","properties":{"airport":"LFQQ","name":"COLOR_Gate","layer":"Guidance lines","category":"gate","object_type":"Line","style_id":"line.gate","source_group":"COLOR_Gate","vsmr_group_ids":[],"geometry_role":"linework"},"geometry":{"type":"LineString","coordinates":[[3.090413577411277,50.57203765642427],[3.090521790843392,50.57229127052392]]}},{"type":"Feature","id":"LFQQ-f42002637821fffb36c0","properties":{"airport":"LFQQ","name":"COLOR_Gate","layer":"Guidance lines","category":"gate","object_type":"Line","style_id":"line.gate","source_group":"COLOR_Gate","vsmr_group_ids":[],"geometry_role":"linework"},"geometry":{"type":"LineString","coordinates":[[3.090594995180984,50.57246809320454],[3.090703211126669,50.57272776965127]]}},{"type":"Feature","id":"LFQQ-7ecab299f95b0d7e5bca","properties":{"airport":"LFQQ","name":"COLOR_Gate","layer":"Guidance lines","category":"gate","object_type":"Line","style_id":"line.gate","source_group":"COLOR_Gate","vsmr_group_ids":[],"geometry_role":"linework"},"geometry":{"type":"LineString","coordinates":[[3.09077800925516,50.57290459260344],[3.090881453796153,50.57316123787365]]}},{"type":"Feature","id":"LFQQ-75792ff22ba13460f6b5","properties":{"airport":"LFQQ","name":"COLOR_Gate","layer":"Guidance lines","category":"gate","object_type":"Line","style_id":"line.gate","source_group":"COLOR_Gate","vsmr_group_ids":[],"geometry_role":"linework"},"geometry":{"type":"LineString","coordinates":[[3.092871211377752,50.57269861016159],[3.093195508239457,50.57274059234625],[3.093343661214085,50.57266813509512],[3.093381715722789,50.57256896995059]]}},{"type":"Feature","id":"LFQQ-2111de13881bcfa6efd3","properties":{"airport":"LFQQ","name":"COLOR_Gate","layer":"Guidance lines","category":"gate","object_type":"Line","style_id":"line.gate","source_group":"COLOR_Gate","vsmr_group_ids":[],"geometry_role":"linework"},"geometry":{"type":"LineString","coordinates":[[3.093083718315,50.57251648293153],[3.09334842265055,50.572556532302]]}},{"type":"Feature","id":"LFQQ-131eb411440f57da9638","properties":{"airport":"LFQQ","name":"COLOR_Gate","layer":"Guidance lines","category":"gate","object_type":"Line","style_id":"line.gate","source_group":"COLOR_Gate","vsmr_group_ids":[],"geometry_role":"linework"},"geometry":{"type":"LineString","coordinates":[[3.09308231618173,50.57252448845875],[3.093101920122081,50.57254672796845]]}},{"type":"Feature","id":"LFQQ-914d73747fd621ece014","properties":{"airport":"LFQQ","name":"COLOR_Gate","layer":"Guidance lines","category":"gate","object_type":"Line","style_id":"line.gate","source_group":"COLOR_Gate","vsmr_group_ids":[],"geometry_role":"linework"},"geometry":{"type":"LineString","coordinates":[[3.093114530060155,50.57252360155896],[3.093136933787468,50.57255295741003]]}},{"type":"Feature","id":"LFQQ-ecd35b263559929df8b8","properties":{"airport":"LFQQ","name":"COLOR_Gate","layer":"Guidance lines","category":"gate","object_type":"Line","style_id":"line.gate","source_group":"COLOR_Gate","vsmr_group_ids":[],"geometry_role":"linework"},"geometry":{"type":"LineString","coordinates":[[3.093149544167948,50.57252716245054],[3.093171947965765,50.57255651828822]]}},{"type":"Feature","id":"LFQQ-30d1dd5a505c598444b1","properties":{"airport":"LFQQ","name":"COLOR_Gate","layer":"Guidance lines","category":"gate","object_type":"Line","style_id":"line.gate","source_group":"COLOR_Gate","vsmr_group_ids":[],"geometry_role":"linework"},"geometry":{"type":"LineString","coordinates":[[3.09321396458391,50.57256274826166],[3.093185958944102,50.57253072344132]]}},{"type":"Feature","id":"LFQQ-aac85d529badb9c9c9af","properties":{"airport":"LFQQ","name":"COLOR_Gate","layer":"Guidance lines","category":"gate","object_type":"Line","style_id":"line.gate","source_group":"COLOR_Gate","vsmr_group_ids":[],"geometry_role":"linework"},"geometry":{"type":"LineString","coordinates":[[3.093225173783738,50.57253962174008],[3.093244776255384,50.57256986683743]]}},{"type":"Feature","id":"LFQQ-f6c667ca72afe7a3ac78","properties":{"airport":"LFQQ","name":"COLOR_Gate","layer":"Guidance lines","category":"gate","object_type":"Line","style_id":"line.gate","source_group":"COLOR_Gate","vsmr_group_ids":[],"geometry_role":"linework"},"geometry":{"type":"LineString","coordinates":[[3.093255985785728,50.57254496129231],[3.093281191134116,50.57257253827434]]}},{"type":"Feature","id":"LFQQ-eb1b177fc71247f8f6dc","properties":{"airport":"LFQQ","name":"COLOR_Gate","layer":"Guidance lines","category":"gate","object_type":"Line","style_id":"line.gate","source_group":"COLOR_Gate","vsmr_group_ids":[],"geometry_role":"linework"},"geometry":{"type":"LineString","coordinates":[[3.093290999916822,50.57254852213003],[3.093316204588152,50.572579657171]]}},{"type":"Feature","id":"LFQQ-e08e6d9baace57d5e67b","properties":{"airport":"LFQQ","name":"COLOR_Gate","layer":"Guidance lines","category":"gate","object_type":"Line","style_id":"line.gate","source_group":"COLOR_Gate","vsmr_group_ids":[],"geometry_role":"linework"},"geometry":{"type":"LineString","coordinates":[[3.093328814526326,50.57255564124797],[3.093347017788564,50.57257877007017]]}},{"type":"Feature","id":"LFQQ-97b917677c319d148239","properties":{"airport":"LFQQ","name":"COLOR_Gate","layer":"Guidance lines","category":"gate","object_type":"Line","style_id":"line.gate","source_group":"COLOR_Gate","vsmr_group_ids":[],"geometry_role":"linework"},"geometry":{"type":"LineString","coordinates":[[3.092908306668671,50.57272416751828],[3.096542150897634,50.57323838858027]]}},{"type":"Feature","id":"LFQQ-cd8983437e479c5bfc41","properties":{"airport":"LFQQ","name":"COLOR_Gate","layer":"Guidance lines","category":"gate","object_type":"Line","style_id":"line.gate","source_group":"COLOR_Gate","vsmr_group_ids":[],"geometry_role":"linework"},"geometry":{"type":"LineString","coordinates":[[3.0937429736029,50.57283643135186],[3.093723923498946,50.57287808611749]]}},{"type":"Feature","id":"LFQQ-a508fe46ed06c2ce9ac9","properties":{"airport":"LFQQ","name":"COLOR_Gate","layer":"Guidance lines","category":"gate","object_type":"Line","style_id":"line.gate","source_group":"COLOR_Gate","vsmr_group_ids":[],"geometry_role":"linework"},"geometry":{"type":"LineString","coordinates":[[3.093954567020187,50.57277194708605],[3.093973616841907,50.57273029228352]]}},{"type":"Feature","id":"LFQQ-cebc75454fc4c3b672b2","properties":{"airport":"LFQQ","name":"COLOR_Gate","layer":"Guidance lines","category":"gate","object_type":"Line","style_id":"line.gate","source_group":"COLOR_Gate","vsmr_group_ids":[],"geometry_role":"linework"},"geometry":{"type":"LineString","coordinates":[[3.094612585595815,50.57278274301792],[3.094570248188115,50.57290905248353],[3.094475038417068,50.57289560852756]]}},{"type":"Feature","id":"LFQQ-bea5198813e67b4a16d3","properties":{"airport":"LFQQ","name":"COLOR_Gate","layer":"Guidance lines","category":"gate","object_type":"Line","style_id":"line.gate","source_group":"COLOR_Gate","vsmr_group_ids":[],"geometry_role":"linework"},"geometry":{"type":"LineString","coordinates":[[3.09457659810163,50.57289427168435],[3.096237487207059,50.57312952842901],[3.096140121093727,50.57341574247531],[3.094750041503351,50.57322215784225],[3.09470982166699,50.57333637399112]]}},{"type":"Feature","id":"LFQQ-4ca78994ad006a6ae344","properties":{"airport":"LFQQ","name":"COLOR_Gate","layer":"Guidance lines","category":"gate","object_type":"Line","style_id":"line.gate","source_group":"COLOR_Gate","vsmr_group_ids":[],"geometry_role":"linework"},"geometry":{"type":"LineString","coordinates":[[3.0948474188964,50.57291982086507],[3.094879171956681,50.57282172937313]]}},{"type":"Feature","id":"LFQQ-0690deaf9acbf15a0d02","properties":{"airport":"LFQQ","name":"COLOR_Gate","layer":"Guidance lines","category":"gate","object_type":"Line","style_id":"line.gate","source_group":"COLOR_Gate","vsmr_group_ids":[],"geometry_role":"linework"},"geometry":{"type":"LineString","coordinates":[[3.095133048581944,50.5729574640626],[3.095166917110705,50.57285802888645]]}},{"type":"Feature","id":"LFQQ-d2f8ee042230d89603b9","properties":{"airport":"LFQQ","name":"COLOR_Gate","layer":"Guidance lines","category":"gate","object_type":"Line","style_id":"line.gate","source_group":"COLOR_Gate","vsmr_group_ids":[],"geometry_role":"linework"},"geometry":{"type":"LineString","coordinates":[[3.095399637150744,50.57298973043707],[3.095433503744334,50.57289970139698]]}},{"type":"Feature","id":"LFQQ-7cd8c6dbf9ba6ac0a2e3","properties":{"airport":"LFQQ","name":"COLOR_Gate","layer":"Guidance lines","category":"gate","object_type":"Line","style_id":"line.gate","source_group":"COLOR_Gate","vsmr_group_ids":[],"geometry_role":"linework"},"geometry":{"type":"LineString","coordinates":[[3.095689498762138,50.57303409134022],[3.095721249761028,50.57293868705603]]}},{"type":"Feature","id":"LFQQ-4d6bee846c098ce44f38","properties":{"airport":"LFQQ","name":"COLOR_Gate","layer":"Guidance lines","category":"gate","object_type":"Line","style_id":"line.gate","source_group":"COLOR_Gate","vsmr_group_ids":[],"geometry_role":"linework"},"geometry":{"type":"LineString","coordinates":[[3.095962435904804,50.57307038819059],[3.095994185715305,50.57298035874806]]}},{"type":"Feature","id":"LFQQ-7d57aee6f09998875ea5","properties":{"airport":"LFQQ","name":"COLOR_Gate","layer":"Guidance lines","category":"gate","object_type":"Line","style_id":"line.gate","source_group":"COLOR_Gate","vsmr_group_ids":[],"geometry_role":"linework"},"geometry":{"type":"LineString","coordinates":[[3.095794528377782,50.57336730345728],[3.095759391390962,50.57346188191046]]}},{"type":"Feature","id":"LFQQ-6b68d82c81d04fed66db","properties":{"airport":"LFQQ","name":"COLOR_Gate","layer":"Guidance lines","category":"gate","object_type":"Line","style_id":"line.gate","source_group":"COLOR_Gate","vsmr_group_ids":[],"geometry_role":"linework"},"geometry":{"type":"LineString","coordinates":[[3.09544891861905,50.57331910062249],[3.095416590903126,50.57341278677913]]}},{"type":"Feature","id":"LFQQ-000aa2991078916b3fd7","properties":{"airport":"LFQQ","name":"COLOR_Gate","layer":"Guidance lines","category":"gate","object_type":"Line","style_id":"line.gate","source_group":"COLOR_Gate","vsmr_group_ids":[],"geometry_role":"linework"},"geometry":{"type":"LineString","coordinates":[[3.095104714518069,50.573272681604],[3.095070981225549,50.57336547530067]]}},{"type":"Feature","id":"LFQQ-5dc4503804b3cd2798ff","properties":{"airport":"LFQQ","name":"COLOR_Gate","layer":"Guidance lines","category":"gate","object_type":"Line","style_id":"line.gate","source_group":"COLOR_Gate","vsmr_group_ids":[],"geometry_role":"linework"},"geometry":{"type":"LineString","coordinates":[[3.093337319738001,50.57314050158816],[3.093378087561398,50.57301469497922],[3.094225243583311,50.57313342915435],[3.094221026899269,50.57314413606193],[3.094416308012469,50.57317627132652],[3.094385383501097,50.57326906500792]]}},{"type":"Feature","id":"LFQQ-d98a554758ffc5fa03d3","properties":{"airport":"LFQQ","name":"COLOR_Gate","layer":"Guidance lines","category":"gate","object_type":"Line","style_id":"line.gate","source_group":"COLOR_Gate","vsmr_group_ids":[],"geometry_role":"linework"},"geometry":{"type":"LineString","coordinates":[[3.093732122859436,50.57306468885665],[3.09369697904178,50.57317354280762]]}},{"type":"Feature","id":"LFQQ-c2c645b75fdf44a70ed3","properties":{"airport":"LFQQ","name":"COLOR_Gate","layer":"Guidance lines","category":"gate","object_type":"Line","style_id":"line.gate","source_group":"COLOR_Gate","vsmr_group_ids":[],"geometry_role":"linework"},"geometry":{"type":"LineString","coordinates":[[3.092445408126014,50.57315069442283],[3.092625213294928,50.57358538867332]]}},{"type":"Feature","id":"LFQQ-58ea4104374b353b4577","properties":{"airport":"LFQQ","name":"COLOR_Gate","layer":"Guidance lines","category":"gate","object_type":"Line","style_id":"line.gate","source_group":"COLOR_Gate","vsmr_group_ids":[],"geometry_role":"linework"},"geometry":{"type":"LineString","coordinates":[[3.092476396230337,50.57328464639421],[3.092499132689872,50.5733279848905]]}},{"type":"Feature","id":"LFQQ-f2d5ecba276cdffb2afd","properties":{"airport":"LFQQ","name":"COLOR_Gate","layer":"Guidance lines","category":"gate","object_type":"Line","style_id":"line.gate","source_group":"COLOR_Gate","vsmr_group_ids":[],"geometry_role":"linework"},"geometry":{"type":"LineString","coordinates":[[3.092931257547409,50.57353551089296],[3.093022279574724,50.57334116033084]]}},{"type":"Feature","id":"LFQQ-51e38c98f87dcbe3962f","properties":{"airport":"LFQQ","name":"COLOR_Gate","layer":"Guidance lines","category":"gate","object_type":"Line","style_id":"line.gate","source_group":"COLOR_Gate","vsmr_group_ids":[],"geometry_role":"linework"},"geometry":{"type":"LineString","coordinates":[[3.097467687044497,50.56877449118092],[3.097127131505408,50.56872868838695],[3.097465309225576,50.56775610825354],[3.097810829158241,50.56780664699444],[3.097467687044497,50.56877449118092]]}},{"type":"Feature","id":"LFQQ-943dab7a4254d7c78ff0","properties":{"airport":"LFQQ","name":"COLOR_Gate","layer":"Guidance lines","category":"gate","object_type":"Line","style_id":"line.gate","source_group":"COLOR_Gate","vsmr_group_ids":[],"geometry_role":"linework"},"geometry":{"type":"LineString","coordinates":[[3.097925076277006,50.56884082347199],[3.098280643628868,50.56781929548765],[3.098566507757217,50.56785877728498],[3.098198516641397,50.56888030642712],[3.097925076277006,50.56884082347199]]}},{"type":"Feature","id":"LFQQ-003f3fd632c638623ccd","properties":{"airport":"LFQQ","name":"COLOR_Gate","layer":"Guidance lines","category":"gate","object_type":"Line","style_id":"line.gate","source_group":"COLOR_Gate","vsmr_group_ids":[],"geometry_role":"linework"},"geometry":{"type":"LineString","coordinates":[[3.102731267659005,50.56989079477754],[3.107412209626264,50.57055365732579]]}},{"type":"Feature","id":"LFQQ-c5459e4d4bdcd9bb0d6e","properties":{"airport":"LFQQ","name":"COLOR_Gate","layer":"Guidance lines","category":"gate","object_type":"Line","style_id":"line.gate","source_group":"COLOR_Gate","vsmr_group_ids":[],"geometry_role":"linework"},"geometry":{"type":"LineString","coordinates":[[3.102001410959607,50.57006430405948],[3.105116588917058,50.57050452510108],[3.106164509210618,50.57065211069719],[3.106604885800752,50.57071424981224],[3.106944393515834,50.57080531729422],[3.10943780519596,50.57116004858081]]}},{"type":"Feature","id":"LFQQ-a31471dc36affe1c64d8","properties":{"airport":"LFQQ","name":"COLOR_Gate","layer":"Guidance lines","category":"gate","object_type":"Line","style_id":"line.gate","source_group":"COLOR_Gate","vsmr_group_ids":[],"geometry_role":"linework"},"geometry":{"type":"LineString","coordinates":[[3.114626902709001,50.57108951136878],[3.11478776982455,50.57060380474098],[3.115036369423776,50.57063685928292],[3.114870769871105,50.57112256665168],[3.114626902709001,50.57108951136878]]}},{"type":"Feature","id":"LFQQ-0e58844fcf9fcdaca2d3","properties":{"airport":"LFQQ","name":"COLOR_Gate","layer":"Guidance lines","category":"gate","object_type":"Line","style_id":"line.gate","source_group":"COLOR_Gate","vsmr_group_ids":[],"geometry_role":"linework"},"geometry":{"type":"LineString","coordinates":[[3.115379808944778,50.57117363676599],[3.115625824736656,50.5704202638768],[3.116042525186482,50.57047434853259],[3.115794148007678,50.57122772325309],[3.115379808944778,50.57117363676599]]}},{"type":"Feature","id":"LFQQ-b0fea4b18468ccdca3af","properties":{"airport":"LFQQ","name":"COLOR_Gate","layer":"Guidance lines","category":"gate","object_type":"Line","style_id":"line.gate","source_group":"COLOR_Gate","vsmr_group_ids":[],"geometry_role":"linework"},"geometry":{"type":"LineString","coordinates":[[3.094039544396143,50.57321902289388],[3.094075337599524,50.57311476915409]]}},{"type":"Feature","id":"LFQQ-b12834e973fb1e53a20d","properties":{"airport":"LFQQ","name":"COLOR_Taxiway","layer":"Guidance lines","category":"Taxiways","object_type":"Line","style_id":"line.taxiway.c0b631","source_group":"COLOR_Taxiway","vsmr_group_ids":[],"geometry_role":"linework"},"geometry":{"type":"LineString","coordinates":[[3.086122995988567,50.56333238538986],[3.085354848132285,50.56322504228559],[3.085265704851587,50.5632141853937],[3.085186044472394,50.56320573957258],[3.08510638100757,50.5632057277522],[3.085039992982772,50.56321053731799],[3.084954634765797,50.56322257319842],[3.083647175540272,50.5634818486674],[3.08358837206872,50.5634914781316],[3.083525775991418,50.56349869719994],[3.083448008656606,50.56349868458861],[3.08338162435533,50.56349264945956],[3.083309553650686,50.56347697441624],[3.083237485414467,50.56345527499885],[3.083165421603389,50.56342273171986],[3.083114223781407,50.56338657723968],[3.083078195674089,50.56336126905011],[3.083036486708428,50.56331306741146],[3.083011846138264,50.56327089292963],[3.082996689480655,50.5632287200114],[3.082991015556624,50.56318895841124],[3.082996724197125,50.56314437922832],[3.083011915521043,50.56310221136953],[3.083030898896475,50.56306365872846],[3.083068852715642,50.56301788006614],[3.083118188360952,50.56296848863668],[3.083197874308312,50.5629130778826],[3.083285141166852,50.56287212676756],[3.083372402984923,50.56284322429853],[3.083478628637177,50.56282275893588],[3.083586745636011,50.56281554734161],[3.083685375495351,50.56281676820425],[3.08376693136265,50.56282642029782],[3.083848484374314,50.56284330154224],[3.083924343899656,50.56286861587548],[3.083996406223883,50.56290356851903],[3.084064670450795,50.56295056916243],[3.084113970656512,50.56298913270169],[3.08416517048445,50.56302046728997],[3.084223959715173,50.56304577868263],[3.084290342043807,50.56305542794093],[3.085094521192999,50.56317242199761]]}},{"type":"Feature","id":"LFQQ-467fdffde36710999fd0","properties":{"airport":"LFQQ","name":"COLOR_Taxiway","layer":"Guidance lines","category":"Taxiways","object_type":"Line","style_id":"line.taxiway.c0b631","source_group":"COLOR_Taxiway","vsmr_group_ids":[],"geometry_role":"linework"},"geometry":{"type":"LineString","coordinates":[[3.083195621525172,50.56377817341941],[3.083125468172525,50.56371189416654]]}},{"type":"Feature","id":"LFQQ-6ece3c8718db1c706683","properties":{"airport":"LFQQ","name":"COLOR_Taxiway","layer":"Guidance lines","category":"Taxiways","object_type":"Line","style_id":"line.taxiway.c0b631","source_group":"COLOR_Taxiway","vsmr_group_ids":[],"geometry_role":"linework"},"geometry":{"type":"LineString","coordinates":[[3.083104581832168,50.56376490486868],[3.08320892266688,50.56372034199376]]}},{"type":"Feature","id":"LFQQ-48cb7cc36011a8dc9bf5","properties":{"airport":"LFQQ","name":"COLOR_Taxiway","layer":"Guidance lines","category":"Taxiways","object_type":"Line","style_id":"line.taxiway.c0b631","source_group":"COLOR_Taxiway","vsmr_group_ids":[],"geometry_role":"linework"},"geometry":{"type":"LineString","coordinates":[[3.087091230300893,50.56547448372498],[3.087022995524684,50.5654077726109]]}},{"type":"Feature","id":"LFQQ-a46ab3f788a984b1b246","properties":{"airport":"LFQQ","name":"COLOR_Taxiway","layer":"Guidance lines","category":"Taxiways","object_type":"Line","style_id":"line.taxiway.c0b631","source_group":"COLOR_Taxiway","vsmr_group_ids":[],"geometry_role":"linework"},"geometry":{"type":"LineString","coordinates":[[3.087003725421651,50.56546335515489],[3.087108750122767,50.56541890093471]]}},{"type":"Feature","id":"LFQQ-e300c646abac2c293cc2","properties":{"airport":"LFQQ","name":"COLOR_Taxiway","layer":"Guidance lines","category":"Taxiways","object_type":"Line","style_id":"line.taxiway.c0b631","source_group":"COLOR_Taxiway","vsmr_group_ids":[],"geometry_role":"linework"},"geometry":{"type":"LineString","coordinates":[[3.089355721405525,50.56577030585128],[3.088194072003474,50.56560555435207],[3.088051895256299,50.56558546716678],[3.087971779913519,50.565573988841],[3.087924388098506,50.5655660984171],[3.087878125399655,50.56555605778641],[3.087834120912261,50.56554171676543],[3.087795759074135,50.56552594288961],[3.087755143055346,50.56550156739936],[3.087717913048189,50.56547504198217],[3.087685198600159,50.56544278291622],[3.087657003279001,50.56539332175602],[3.087642346482664,50.56535246363151]]}},{"type":"Feature","id":"LFQQ-ea57e67623fc5d08d659","properties":{"airport":"LFQQ","name":"COLOR_Taxiway","layer":"Guidance lines","category":"Taxiways","object_type":"Line","style_id":"line.taxiway.c0b631","source_group":"COLOR_Taxiway","vsmr_group_ids":[],"geometry_role":"linework"},"geometry":{"type":"LineString","coordinates":[[3.088331858441493,50.56562530175497],[3.08829657324337,50.56562301815733],[3.088240354602367,50.56562453087332],[3.08819310590881,50.56562946364717],[3.088147650581508,50.56563705583843],[3.088106380321398,50.56564920718137],[3.088062118621793,50.56566477713247],[3.08802084620273,50.56568376643221],[3.087974188032943,50.56571263214429],[3.087943080156028,50.56573960034329],[3.087914760800807,50.56576975222775],[3.087894459466254,50.5658048346681],[3.087877538072368,50.56584564568089],[3.087873018432485,50.56588001406605],[3.087875262732991,50.56591295125875],[3.087887652330299,50.56594588971995],[3.087916878010974,50.56601360605169],[3.08810029318872,50.56644832108527]]}},{"type":"Feature","id":"LFQQ-32762063901f7e62679a","properties":{"airport":"LFQQ","name":"COLOR_Taxiway","layer":"Guidance lines","category":"Taxiways","object_type":"Line","style_id":"line.taxiway.c0b631","source_group":"COLOR_Taxiway","vsmr_group_ids":[],"geometry_role":"linework"},"geometry":{"type":"LineString","coordinates":[[3.090660482504268,50.57258953885619],[3.090825535808213,50.5729903783361],[3.090862379453407,50.5730756037557],[3.090894802698176,50.57314771775367],[3.090913303579164,50.57318156718983],[3.090945517987964,50.5732204541678],[3.090980958169633,50.57324569801118]]}},{"type":"Feature","id":"LFQQ-1f4c3424ce9dacbc6538","properties":{"airport":"LFQQ","name":"COLOR_Taxiway","layer":"Guidance lines","category":"Taxiways","object_type":"Line","style_id":"line.taxiway.c0b631","source_group":"COLOR_Taxiway","vsmr_group_ids":[],"geometry_role":"linework"},"geometry":{"type":"LineString","coordinates":[[3.091080645246407,50.57329424690089],[3.091147972992085,50.57331935348274],[3.091234330144654,50.57334353221941],[3.091313370437505,50.57335934351259],[3.091385092751773,50.57337143553431],[3.09145242527531,50.57337701968831],[3.091525613573631,50.57337981545346],[3.091600267597814,50.57337424464323],[3.092215078346725,50.57327111114877]]}},{"type":"Feature","id":"LFQQ-ca6af19b8ac49c9fd95b","properties":{"airport":"LFQQ","name":"COLOR_Taxiway","layer":"Guidance lines","category":"Taxiways","object_type":"Line","style_id":"line.taxiway.c0b631","source_group":"COLOR_Taxiway","vsmr_group_ids":[],"geometry_role":"linework"},"geometry":{"type":"LineString","coordinates":[[3.092337973111909,50.57356302632093],[3.091566527636909,50.57369403482835],[3.091506510503645,50.57370146627476],[3.09145820454829,50.57370518028517],[3.09140258136545,50.57370145651324],[3.091348422177735,50.57369680324145],[3.091297192355811,50.57368471316158],[3.091244499611303,50.5736689043942],[3.091191808697611,50.5736456585511],[3.091137655559177,50.57361590510967],[3.091108385555057,50.57359173184027],[3.09108204381215,50.57356476995723],[3.091058630168726,50.57353594908007],[3.091039609210458,50.57350155083191],[3.090998648376813,50.57339742797568]]}},{"type":"Feature","id":"LFQQ-0f65c5e151079128c12c","properties":{"airport":"LFQQ","name":"COLOR_Taxiway","layer":"Guidance lines","category":"Taxiways","object_type":"Line","style_id":"line.taxiway.c0b631","source_group":"COLOR_Taxiway","vsmr_group_ids":[],"geometry_role":"linework"},"geometry":{"type":"LineString","coordinates":[[3.092385354236753,50.57355437986786],[3.092506995207509,50.57353507762888],[3.092558315048386,50.57351456241314],[3.092596331090021,50.57349283906849],[3.092638153274236,50.573446975405],[3.09291950865435,50.5730945465267],[3.092953028520493,50.57305327521245],[3.092989792924175,50.57301287566909],[3.093035039648662,50.5729715789575],[3.093074628811909,50.57294374928555],[3.093121286436054,50.57291592015943],[3.093170769634332,50.57289706957825],[3.093228733756814,50.57288450448154],[3.093310729689018,50.5728773282281]]}},{"type":"Feature","id":"LFQQ-353601b5fdeb2ced0c46","properties":{"airport":"LFQQ","name":"COLOR_Taxiway","layer":"Guidance lines","category":"Taxiways","object_type":"Line","style_id":"line.taxiway.c0b631","source_group":"COLOR_Taxiway","vsmr_group_ids":[],"geometry_role":"linework"},"geometry":{"type":"LineString","coordinates":[[3.092260051682121,50.57326277907222],[3.092728110703362,50.57318126321238],[3.092799080454098,50.57316517259788],[3.092854843925938,50.57314478828758],[3.092883572121641,50.57312654794139],[3.092913991266184,50.57310186912574],[3.092932582889465,50.57307611623677],[3.092946107862307,50.57303855882666],[3.092952874565424,50.57299885465707],[3.092946122389506,50.57296666108376],[3.092929231779975,50.57293661288499],[3.092908961635412,50.57290763749737],[3.092890381180697,50.57287866223761],[3.092876870611554,50.57284539497903],[3.092875188796786,50.57280676317646],[3.092890403401503,50.57276920582778],[3.092913456590261,50.57273031725951],[3.092938307795854,50.57269793124314],[3.092965774187115,50.57266554543858],[3.093002392631252,50.5726389736102],[3.093053392253498,50.5726248598683],[3.093109619806851,50.5726232034592],[3.09315538467005,50.57263068128011],[3.09322337810801,50.57264231315498],[3.093322754260557,50.57265394745065],[3.09341559276552,50.57266392023129],[3.093500586777169,50.57266807909986],[3.093575120872945,50.57266725433403],[3.09364573249961,50.57266476829749],[3.093708499591634,50.57265646838471],[3.093756881620018,50.57265481107299],[3.09381833837902,50.5726614593466],[3.094043562109825,50.57269330460991],[3.094095864381838,50.57270576530117],[3.09414031954331,50.57272653004506],[3.094171697127361,50.57275559847418],[3.094192612535107,50.57279214031675],[3.094201758113901,50.57283615548892],[3.094203056880076,50.57288681381399],[3.094206972457418,50.57292833723581],[3.094230504710744,50.57295657464901],[3.094267113625784,50.57298232159824],[3.094318106877165,50.57300557816628],[3.094382178434025,50.57301720915843],[3.096141300285711,50.57326712556809]]}},{"type":"Feature","id":"LFQQ-58b1d7efc408ee813641","properties":{"airport":"LFQQ","name":"COLOR_Taxiway","layer":"Guidance lines","category":"Taxiways","object_type":"Line","style_id":"line.taxiway.c0b631","source_group":"COLOR_Taxiway","vsmr_group_ids":[],"geometry_role":"linework"},"geometry":{"type":"LineString","coordinates":[[3.094290585194932,50.57299289822656],[3.093450656594001,50.57287252014061],[3.093425549719082,50.57287106862491],[3.093403866812152,50.57286816777712],[3.093382183369571,50.57286816609944],[3.093412998517244,50.57285874616091],[3.093443813784782,50.57284860142644],[3.093470064647945,50.57283555715288],[3.093494035109141,50.5728116408134],[3.093519148144952,50.57278047661678],[3.093547685799052,50.57274423913213],[3.093585353371313,50.57270727754747],[3.09361731202016,50.57268481138312],[3.093646986280489,50.57267249214232],[3.093684648988502,50.5726608982869],[3.093710898189435,50.5726558267044]]}},{"type":"Feature","id":"LFQQ-06abb790707d2c4dd53b","properties":{"airport":"LFQQ","name":"COLOR_Taxiway","layer":"Guidance lines","category":"Taxiways","object_type":"Line","style_id":"line.taxiway.c0b631","source_group":"COLOR_Taxiway","vsmr_group_ids":[],"geometry_role":"linework"},"geometry":{"type":"LineString","coordinates":[[3.093897626530964,50.57311785324772],[3.093843502978244,50.5731312161298],[3.093786373890903,50.57313789533162],[3.093742777012096,50.57313407298376],[3.093372958918907,50.57308248686903]]}},{"type":"Feature","id":"LFQQ-497ad61e8263aec4599c","properties":{"airport":"LFQQ","name":"COLOR_Taxiway","layer":"Guidance lines","category":"Taxiways","object_type":"Line","style_id":"line.taxiway.c0b631","source_group":"COLOR_Taxiway","vsmr_group_ids":[],"geometry_role":"linework"},"geometry":{"type":"LineString","coordinates":[[3.095277691543312,50.57327643922121],[3.095216055686674,50.57326115899594],[3.09516644875605,50.57323346739594],[3.095134883927979,50.57319527436218],[3.09512286249555,50.57315994687392],[3.095130385127867,50.57312271105914],[3.095152940662567,50.57309025007149],[3.095178501256828,50.57306829180812],[3.095220599114448,50.57304442501848],[3.095262695175205,50.57303201554751],[3.09532433421206,50.57302438112535],[3.095382964608817,50.57302915859707],[3.095437083072108,50.57304634784591],[3.095473160944457,50.5730654455426],[3.095504728313536,50.57308740727903],[3.095516751138692,50.57311509650214],[3.095525766965237,50.57314469509731],[3.095522755311471,50.5731781120782],[3.095498696228964,50.57321343735968],[3.095473135446194,50.57323730523011],[3.095438555128465,50.57325639868147],[3.095390445021986,50.57327167220573],[3.095349853028659,50.57327835317886],[3.095298738451289,50.57327835006228],[3.095277691543312,50.57327643922121]]}},{"type":"Feature","id":"LFQQ-d104f466e50649094099","properties":{"airport":"LFQQ","name":"COLOR_Taxiway","layer":"Guidance lines","category":"Taxiways","object_type":"Line","style_id":"line.taxiway.c0b631","source_group":"COLOR_Taxiway","vsmr_group_ids":[],"geometry_role":"linework"},"geometry":{"type":"LineString","coordinates":[[3.095309448410049,50.57320433061449],[3.095284598352097,50.57319934513031],[3.095258442045756,50.5731835609832],[3.095245365346593,50.57316611631794],[3.095242751746536,50.57315116427856],[3.095244061613831,50.57313870446131],[3.095259759878799,50.57311876959454],[3.095284612143225,50.5731088032089],[3.09531469602651,50.57309966779562],[3.095339546897991,50.5730988386606],[3.095367012637673,50.57310465495376],[3.095389245640552,50.57311711620248],[3.095406245926871,50.57313622240313],[3.095406242816838,50.57315698889615],[3.095399700398531,50.57317526301412],[3.095374847118777,50.57319187470291],[3.095356534884348,50.57319934952778],[3.095334299210886,50.57320433213317],[3.095309448410049,50.57320433061449]]}},{"type":"Feature","id":"LFQQ-b687361b9ef8a37dacba","properties":{"airport":"LFQQ","name":"COLOR_Taxiway","layer":"Guidance lines","category":"Taxiways","object_type":"Line","style_id":"line.taxiway.c0b631","source_group":"COLOR_Taxiway","vsmr_group_ids":[],"geometry_role":"linework"},"geometry":{"type":"LineString","coordinates":[[3.092876525048736,50.57331081416158],[3.092943076673127,50.5732263094138]]}},{"type":"Feature","id":"LFQQ-b08717fc010b12bf64a6","properties":{"airport":"LFQQ","name":"COLOR_Taxiway","layer":"Guidance lines","category":"Taxiways","object_type":"Line","style_id":"line.taxiway.c0b631","source_group":"COLOR_Taxiway","vsmr_group_ids":[],"geometry_role":"linework"},"geometry":{"type":"LineString","coordinates":[[3.089408169520576,50.56577621621374],[3.095904346427536,50.56669837216018],[3.108290289753353,50.56846162758455],[3.114947941462443,50.56940504807607],[3.11522333678443,50.56944610413175],[3.115358261328307,50.56946369750829],[3.115465462994731,50.56948246769664],[3.115552336642327,50.56950945721957],[3.115622577085808,50.5695387963229],[3.11569651669886,50.56957752600545],[3.115755672000118,50.5696209528632],[3.115801892551364,50.56967377222551],[3.115842568868579,50.5697277661268],[3.115870311045115,50.56979350033764],[3.115881420599611,50.56986393205162],[3.115873789591705,50.56991377976035],[3.115870594707189,50.56994940352077],[3.115885026860961,50.56998298962991],[3.115910677197695,50.570018610071],[3.11595395259654,50.5700450681678],[3.11601325260934,50.5700694887706],[3.116179934871113,50.570140716121],[3.116242441117671,50.57016818968407],[3.116274501389489,50.57020177370315],[3.116316180463341,50.57024757033074],[3.116439894178173,50.57041655443701],[3.11700610395228,50.57126160018155]]}},{"type":"Feature","id":"LFQQ-92d97d7e7580b9a229fe","properties":{"airport":"LFQQ","name":"COLOR_Taxiway","layer":"Guidance lines","category":"Taxiways","object_type":"Line","style_id":"line.taxiway.c0b631","source_group":"COLOR_Taxiway","vsmr_group_ids":[],"geometry_role":"linework"},"geometry":{"type":"LineString","coordinates":[[3.090487773368495,50.56533281084876],[3.090363527025042,50.56567244590715],[3.090335374629367,50.56570924693051],[3.090297290730493,50.56574078921241],[3.090259207322346,50.56577022839998],[3.09021284814347,50.56579335746209],[3.090174767643916,50.56581122968042],[3.090125099905094,50.5658248945051],[3.090075432401644,50.56583750777702],[3.090014177645837,50.56584591362191],[3.089967823812545,50.56584801176965],[3.089952924809094,50.56584695865902]]}},{"type":"Feature","id":"LFQQ-92aa46c24453d3899d5d","properties":{"airport":"LFQQ","name":"COLOR_Taxiway","layer":"Guidance lines","category":"Taxiways","object_type":"Line","style_id":"line.taxiway.c0b631","source_group":"COLOR_Taxiway","vsmr_group_ids":[],"geometry_role":"linework"},"geometry":{"type":"LineString","coordinates":[[3.090465163005294,50.56539495787593],[3.090461810769725,50.56543811191521],[3.090459570835427,50.56548692564369],[3.090461786259231,50.56553432492777],[3.090474024908665,50.56558384759457],[3.090489606461653,50.56562700357261],[3.09051298378495,50.5656722827097],[3.090539703149091,50.56571473239894],[3.090575333159973,50.56575506067592],[3.090608904085792,50.56578995733251],[3.090650103892878,50.56582674886533],[3.090694646111511,50.5658592960167],[3.090741416232448,50.56589042846866],[3.090795983410224,50.5659187318816],[3.090853892266894,50.56594562070062],[3.090904006595721,50.56596543423287],[3.090949667131653,50.56598029517587],[3.091003124198686,50.56599444940274],[3.091046558304398,50.56600506539938],[3.091091106366297,50.56601497403545]]}},{"type":"Feature","id":"LFQQ-a2ccbaa0b8afa69932ba","properties":{"airport":"LFQQ","name":"COLOR_Taxiway","layer":"Guidance lines","category":"Taxiways","object_type":"Line","style_id":"line.taxiway.c0b631","source_group":"COLOR_Taxiway","vsmr_group_ids":[],"geometry_role":"linework"},"geometry":{"type":"LineString","coordinates":[[3.095793216572638,50.56702703419553],[3.095807780629019,50.56699929039082],[3.095827944763421,50.56697083550488],[3.095857069210135,50.5669402469304],[3.095887312894372,50.56691463823373],[3.095918676459137,50.56688974099711],[3.095956760075798,50.56686413272601],[3.096000443270999,50.56684137036007],[3.096051966606277,50.56681718561427],[3.096110209310836,50.56679726961107],[3.096172931111969,50.56678375641738],[3.09623789241035,50.5667738003056],[3.096297252698155,50.56677166925644],[3.096370052710293,50.56677167307787],[3.096421572455303,50.56677380995437],[3.096461891780362,50.56677950323324]]}},{"type":"Feature","id":"LFQQ-d1d9587f83a39ae6c289","properties":{"airport":"LFQQ","name":"COLOR_Taxiway","layer":"Guidance lines","category":"Taxiways","object_type":"Line","style_id":"line.taxiway.c0b631","source_group":"COLOR_Taxiway","vsmr_group_ids":[],"geometry_role":"linework"},"geometry":{"type":"LineString","coordinates":[[3.096092851275987,50.56613721676155],[3.095953501327207,50.56654974703881],[3.095847057178112,50.56686489148426],[3.09576141930354,50.56712567555682],[3.095675205840351,50.56738093118017],[3.0956672141524,50.56740568825549],[3.09565601000527,50.56743343219554],[3.095649286108151,50.56745975359717],[3.095648161978362,50.5674882095167],[3.095653757540635,50.56751951142642],[3.095662713468674,50.56754867933033],[3.095681750288195,50.56757286802035],[3.095858045623545,50.56775685098887],[3.095895002247366,50.56778673187046],[3.095930840056107,50.56780807587512],[3.095976758008867,50.56783013182503],[3.096021556456798,50.56784863069209],[3.096070835622806,50.5678628613907],[3.096117875529896,50.56787140075091],[3.09650763765583,50.56792691049305],[3.09655803757183,50.56793829547212],[3.096593876424836,50.5679553708938],[3.096621874798335,50.56797458012415],[3.096645392106576,50.56800232594362],[3.096662188633226,50.56803505122858],[3.096666665137993,50.56806493030123],[3.09645797542744,50.56865353132152],[3.096669775659693,50.56805650849131],[3.096675378079681,50.56803801238162],[3.096685461138269,50.56801524809667],[3.096702264355307,50.56799248414147],[3.096721307703605,50.56796900889573],[3.096751550869177,50.56794909118551],[3.096807555938199,50.56791850372414],[3.096981170749646,50.56782887552949],[3.09701477428594,50.56780540084529],[3.097040538049902,50.56777836879957],[3.097055101482522,50.56775204761264],[3.097100299668516,50.56762210190366],[3.097213457683115,50.56730055420876],[3.097245443771512,50.56720511823577],[3.097255526757459,50.56717879688929],[3.097264489416174,50.56715532109326],[3.097273451363638,50.56713824790496],[3.097288013737804,50.56711761796196],[3.097304816197388,50.56709627671503],[3.097329458997509,50.56707209021379],[3.097354101237797,50.56705288350405],[3.097376503358196,50.56703438808881],[3.097404505141947,50.56701944990701],[3.097436987227729,50.56700166631008],[3.097471708722788,50.56698957399381],[3.097508670015594,50.5669796159595],[3.097550111316945,50.56696965809691],[3.097593792403952,50.56696183450991],[3.097630753212046,50.56695614481981],[3.097669953792768,50.56695330081693],[3.09770019394447,50.56695401343719]]}},{"type":"Feature","id":"LFQQ-d6c78d6de65e7481f9da","properties":{"airport":"LFQQ","name":"COLOR_Taxiway","layer":"Guidance lines","category":"Taxiways","object_type":"Line","style_id":"line.taxiway.c0b631","source_group":"COLOR_Taxiway","vsmr_group_ids":[],"geometry_role":"linework"},"geometry":{"type":"LineString","coordinates":[[3.096067005656342,50.56621409185999],[3.096065986850622,50.56624823365399],[3.096066994733739,50.56629461508606],[3.096070030860609,50.56634164081379],[3.096077124897068,50.5663796481604],[3.09609030390809,50.56641830003237],[3.096103483712698,50.56645115423865],[3.096120720501274,50.56648207612209],[3.096146888380178,50.56651830219144],[3.09617426654947,50.5665524455137],[3.096200631180908,50.56658207947378],[3.096226996275655,50.56660849249991],[3.096260460213616,50.56663812682668],[3.096302037960441,50.56666518483485],[3.096341587825844,50.56668902179796],[3.096387222889831,50.56671221487983],[3.096431843930154,50.56673476372634],[3.096477479603115,50.56675409167258],[3.09651804517056,50.56676762168648],[3.096563681588804,50.56678179612777],[3.0966123609329,50.5667933939784],[3.096652927159418,50.56680241465214],[3.096691465084029,50.56681143521662]]}},{"type":"Feature","id":"LFQQ-5e803bbe7fd60404ff83","properties":{"airport":"LFQQ","name":"COLOR_Taxiway","layer":"Guidance lines","category":"Taxiways","object_type":"Line","style_id":"line.taxiway.c0b631","source_group":"COLOR_Taxiway","vsmr_group_ids":[],"geometry_role":"linework"},"geometry":{"type":"LineString","coordinates":[[3.096016080819834,50.56636369042149],[3.095993763201521,50.56640620544732],[3.09596231816013,50.56644743158535],[3.095931888308492,50.56648092754525],[3.09589740242896,50.56650926978849],[3.095858860877809,50.56652988156294],[3.095824375818101,50.56655178193637],[3.09578279184014,50.56657110515903],[3.095744250991308,50.56658591924514],[3.095701653758807,50.5665981563381],[3.095658042406098,50.56660974918896],[3.095605303863365,50.56661812055226],[3.095564735926615,50.5666232716805],[3.09550996971363,50.56662648942177],[3.095453175295861,50.56662841863645],[3.095420721580406,50.56662777251965],[3.095387254870743,50.56662454952297],[3.095427820480194,50.56663485896676],[3.095468386179894,50.56664452419975],[3.095515036384973,50.56665805489613],[3.095558643500791,50.56667545050675],[3.095606306425378,50.56669928819382],[3.095651940194761,50.56672892340924],[3.095688446768425,50.56675598133323],[3.095725966281182,50.56679205790412],[3.095756386305641,50.56683006661736],[3.095776664282339,50.56687000731165],[3.095791872029121,50.56690543841771],[3.095799980508629,50.56694086913763],[3.095800989158453,50.56698016456948],[3.095797941254563,50.56701817142131]]}},{"type":"Feature","id":"LFQQ-340f0a59e9867774b808","properties":{"airport":"LFQQ","name":"COLOR_Taxiway","layer":"Guidance lines","category":"Taxiways","object_type":"Line","style_id":"line.taxiway.c0b631","source_group":"COLOR_Taxiway","vsmr_group_ids":[],"geometry_role":"linework"},"geometry":{"type":"LineString","coordinates":[[3.095678253310628,50.5673754966026],[3.095662389020286,50.56739765957803],[3.09564176636826,50.56741982227287],[3.095612420595648,50.56743845837353],[3.0955822824116,50.5674525609037],[3.095547386310071,50.56746364078568],[3.095505353213688,50.56747119415808],[3.095458562514772,50.56747370998824],[3.095420496259784,50.56747068534714],[3.095382430309572,50.56746564579631],[3.094490705205155,50.56733304624583],[3.094452639372809,50.5673285101163],[3.094415365660252,50.56732951501704],[3.094376504195286,50.56734009055335],[3.094343986195833,50.56735620750379],[3.094305915229614,50.56738139109466],[3.094279740652668,50.56740304943745],[3.094263875871479,50.56742420477138],[3.093963589745614,50.56827619133503],[3.094081181291175,50.56794382173176],[3.09406790076088,50.56796976651042],[3.094043386849099,50.56799506183579],[3.094011724913286,50.56801711342003],[3.093968829940552,50.56803656960729],[3.093910618072766,50.56804759229396],[3.093358117776592,50.56813122570606]]}},{"type":"Feature","id":"LFQQ-177e4faff4825f98fc3a","properties":{"airport":"LFQQ","name":"COLOR_Taxiway","layer":"Guidance lines","category":"Taxiways","object_type":"Line","style_id":"line.taxiway.c0b631","source_group":"COLOR_Taxiway","vsmr_group_ids":[],"geometry_role":"linework"},"geometry":{"type":"LineString","coordinates":[[3.093584226300456,50.56795435740689],[3.093578099729246,50.56796148955168],[3.093604643247769,50.56795695263522],[3.093584228010549,50.56794527953982],[3.093584226300456,50.56795435740689],[3.093464787256761,50.56793878619688]]}},{"type":"Feature","id":"LFQQ-6e5fec71856f0c8c33cf","properties":{"airport":"LFQQ","name":"COLOR_Taxiway","layer":"Guidance lines","category":"Taxiways","object_type":"Line","style_id":"line.taxiway.c0b631","source_group":"COLOR_Taxiway","vsmr_group_ids":[],"geometry_role":"linework"},"geometry":{"type":"LineString","coordinates":[[3.094765694089758,50.56822229823649],[3.094548687806156,50.56782659093089]]}},{"type":"Feature","id":"LFQQ-60d5bf4270561e7291ba","properties":{"airport":"LFQQ","name":"COLOR_Taxiway","layer":"Guidance lines","category":"Taxiways","object_type":"Line","style_id":"line.taxiway.c0b631","source_group":"COLOR_Taxiway","vsmr_group_ids":[],"geometry_role":"linework"},"geometry":{"type":"LineString","coordinates":[[3.095249271962603,50.56811359734531],[3.094889350476249,50.56748472626165]]}},{"type":"Feature","id":"LFQQ-6691f6fdee5b2239aa20","properties":{"airport":"LFQQ","name":"COLOR_Taxiway","layer":"Guidance lines","category":"Taxiways","object_type":"Line","style_id":"line.taxiway.c0b631","source_group":"COLOR_Taxiway","vsmr_group_ids":[],"geometry_role":"linework"},"geometry":{"type":"LineString","coordinates":[[3.09557043636004,50.56833444223039],[3.095358716617882,50.56794209998308]]}},{"type":"Feature","id":"LFQQ-21fde43bffe9f13bd0a9","properties":{"airport":"LFQQ","name":"COLOR_Taxiway","layer":"Guidance lines","category":"Taxiways","object_type":"Line","style_id":"line.taxiway.c0b631","source_group":"COLOR_Taxiway","vsmr_group_ids":[],"geometry_role":"linework"},"geometry":{"type":"LineString","coordinates":[[3.096378712322061,50.56844770248809],[3.096165220120743,50.56805424038347]]}},{"type":"Feature","id":"LFQQ-6f01186a857c7da0daa3","properties":{"airport":"LFQQ","name":"COLOR_Taxiway","layer":"Guidance lines","category":"Taxiways","object_type":"Line","style_id":"line.taxiway.c0b631","source_group":"COLOR_Taxiway","vsmr_group_ids":[],"geometry_role":"linework"},"geometry":{"type":"LineString","coordinates":[[3.094848605692502,50.56842336929227],[3.09510108717902,50.56771494999209],[3.095111680171903,50.56768804803117],[3.095136391384639,50.56766226790459],[3.095155807302252,50.56764209217299],[3.095199930380244,50.56762191794103],[3.09548054756811,50.56752665474421],[3.095516569812617,50.56751070185183],[3.095553115918999,50.56748973925838],[3.09559437820107,50.5674620382581],[3.09562620944571,50.56743808039963],[3.095654505225789,50.5674073836483]]}},{"type":"Feature","id":"LFQQ-32ef1845669c54c4c0ba","properties":{"airport":"LFQQ","name":"COLOR_Taxiway","layer":"Guidance lines","category":"Taxiways","object_type":"Line","style_id":"line.taxiway.c0b631","source_group":"COLOR_Taxiway","vsmr_group_ids":[],"geometry_role":"linework"},"geometry":{"type":"LineString","coordinates":[[3.095662156468129,50.56754888845259],[3.09567343999648,50.56758995764557],[3.095675488117753,50.56762124807812],[3.095675483423068,50.56765384215829],[3.095669323178634,50.56767013884028],[3.095377559512027,50.56849941313884]]}},{"type":"Feature","id":"LFQQ-fc2ec353ff1f609cf77e","properties":{"airport":"LFQQ","name":"COLOR_Taxiway","layer":"Guidance lines","category":"Taxiways","object_type":"Line","style_id":"line.taxiway.c0b631","source_group":"COLOR_Taxiway","vsmr_group_ids":[],"geometry_role":"linework"},"geometry":{"type":"LineString","coordinates":[[3.095851788912216,50.56775159087892],[3.095885190136722,50.56778474626982],[3.095896670078739,50.56780861744031],[3.095901886239383,50.56783381438989],[3.09589875055571,50.56786166314898],[3.095889351901455,50.56788487006604],[3.095656062591166,50.568537587987]]}},{"type":"Feature","id":"LFQQ-54aa3c2651c97a302774","properties":{"airport":"LFQQ","name":"COLOR_Taxiway","layer":"Guidance lines","category":"Taxiways","object_type":"Line","style_id":"line.taxiway.c0b631","source_group":"COLOR_Taxiway","vsmr_group_ids":[],"geometry_role":"linework"},"geometry":{"type":"LineString","coordinates":[[3.094649818059088,50.56823546243047],[3.09465198785601,50.56822582264615],[3.094622716356685,50.56823270636406],[3.094644395899326,50.56824579057335],[3.094649818059088,50.56823546243047],[3.094765812618165,50.56825130711077]]}},{"type":"Feature","id":"LFQQ-f995ae5b9dda2b5439f1","properties":{"airport":"LFQQ","name":"COLOR_Taxiway","layer":"Guidance lines","category":"Taxiways","object_type":"Line","style_id":"line.taxiway.c0b631","source_group":"COLOR_Taxiway","vsmr_group_ids":[],"geometry_role":"linework"},"geometry":{"type":"LineString","coordinates":[[3.094860184609187,50.56790083329581],[3.094756109597459,50.56792286055711]]}},{"type":"Feature","id":"LFQQ-d2adf084ea1b14cc258d","properties":{"airport":"LFQQ","name":"COLOR_Taxiway","layer":"Guidance lines","category":"Taxiways","object_type":"Line","style_id":"line.taxiway.c0b631","source_group":"COLOR_Taxiway","vsmr_group_ids":[],"geometry_role":"linework"},"geometry":{"type":"LineString","coordinates":[[3.09463685688909,50.56794764095986],[3.094646616450569,50.56793042746493]]}},{"type":"Feature","id":"LFQQ-a21d342aa16c41c58e8b","properties":{"airport":"LFQQ","name":"COLOR_Taxiway","layer":"Guidance lines","category":"Taxiways","object_type":"Line","style_id":"line.taxiway.c0b631","source_group":"COLOR_Taxiway","vsmr_group_ids":[],"geometry_role":"linework"},"geometry":{"type":"LineString","coordinates":[[3.094658543811188,50.56791527981378],[3.094671554896917,50.56790219792354]]}},{"type":"Feature","id":"LFQQ-74f9531a2efa7355b3ed","properties":{"airport":"LFQQ","name":"COLOR_Taxiway","layer":"Guidance lines","category":"Taxiways","object_type":"Line","style_id":"line.taxiway.c0b631","source_group":"COLOR_Taxiway","vsmr_group_ids":[],"geometry_role":"linework"},"geometry":{"type":"LineString","coordinates":[[3.094688902516938,50.56788773918477],[3.094706249674268,50.56787603471637]]}},{"type":"Feature","id":"LFQQ-bb86f8f71a2dc52b2e69","properties":{"airport":"LFQQ","name":"COLOR_Taxiway","layer":"Guidance lines","category":"Taxiways","object_type":"Line","style_id":"line.taxiway.c0b631","source_group":"COLOR_Taxiway","vsmr_group_ids":[],"geometry_role":"linework"},"geometry":{"type":"LineString","coordinates":[[3.094721427889993,50.56786915007489],[3.094733351503369,50.56787672509972],[3.094751784840366,50.56785193793642],[3.094712756496369,50.56786157526509],[3.094721427889993,50.56786915007489]]}},{"type":"Feature","id":"LFQQ-3d7511d8999ed4b67a2b","properties":{"airport":"LFQQ","name":"COLOR_Taxiway","layer":"Guidance lines","category":"Taxiways","object_type":"Line","style_id":"line.taxiway.c0b631","source_group":"COLOR_Taxiway","vsmr_group_ids":[],"geometry_role":"linework"},"geometry":{"type":"LineString","coordinates":[[3.095091054636683,50.56814528891746],[3.09509539216448,50.56813771496414],[3.095063953206103,50.56814115582281],[3.095086716998494,50.56815355144457],[3.095091054636683,50.56814528891746],[3.09522330962998,50.56816526558416]]}},{"type":"Feature","id":"LFQQ-9e1c9b5ff9b180870f9c","properties":{"airport":"LFQQ","name":"COLOR_Taxiway","layer":"Guidance lines","category":"Taxiways","object_type":"Line","style_id":"line.taxiway.c0b631","source_group":"COLOR_Taxiway","vsmr_group_ids":[],"geometry_role":"linework"},"geometry":{"type":"LineString","coordinates":[[3.095312286619676,50.56762336984772],[3.095208212490801,50.56764539752174]]}},{"type":"Feature","id":"LFQQ-fec547acc910053205a2","properties":{"airport":"LFQQ","name":"COLOR_Taxiway","layer":"Guidance lines","category":"Taxiways","object_type":"Line","style_id":"line.taxiway.c0b631","source_group":"COLOR_Taxiway","vsmr_group_ids":[],"geometry_role":"linework"},"geometry":{"type":"LineString","coordinates":[[3.095458272380616,50.5683492281316],[3.095462293833846,50.56833965332594],[3.095434152726222,50.56834603500698],[3.09545324630454,50.56835624953253],[3.095458272380616,50.5683492281316],[3.095572840559,50.56836583168719]]}},{"type":"Feature","id":"LFQQ-5ed7e4fcacf57a575850","properties":{"airport":"LFQQ","name":"COLOR_Taxiway","layer":"Guidance lines","category":"Taxiways","object_type":"Line","style_id":"line.taxiway.c0b631","source_group":"COLOR_Taxiway","vsmr_group_ids":[],"geometry_role":"linework"},"geometry":{"type":"LineString","coordinates":[[3.095565853656124,50.56803708801079],[3.095670377035735,50.56801283733648]]}},{"type":"Feature","id":"LFQQ-432aabffe06e32bfc159","properties":{"airport":"LFQQ","name":"COLOR_Taxiway","layer":"Guidance lines","category":"Taxiways","object_type":"Line","style_id":"line.taxiway.c0b631","source_group":"COLOR_Taxiway","vsmr_group_ids":[],"geometry_role":"linework"},"geometry":{"type":"LineString","coordinates":[[3.096367827838007,50.56815203320586],[3.096470340527104,50.56813161175284]]}},{"type":"Feature","id":"LFQQ-f4d2b914475d7cf0b314","properties":{"airport":"LFQQ","name":"COLOR_Taxiway","layer":"Guidance lines","category":"Taxiways","object_type":"Line","style_id":"line.taxiway.c0b631","source_group":"COLOR_Taxiway","vsmr_group_ids":[],"geometry_role":"linework"},"geometry":{"type":"LineString","coordinates":[[3.096301466355937,50.56839204423144],[3.096382874148025,50.5683741750823]]}},{"type":"Feature","id":"LFQQ-83c15dfb6fd5ce94d989","properties":{"airport":"LFQQ","name":"COLOR_Taxiway","layer":"Guidance lines","category":"Taxiways","object_type":"Line","style_id":"line.taxiway.c0b631","source_group":"COLOR_Taxiway","vsmr_group_ids":[],"geometry_role":"linework"},"geometry":{"type":"LineString","coordinates":[[3.096263266793204,50.56846289756552],[3.096268292915862,50.56845459945389],[3.096238141928356,50.56846034288728],[3.096261255511483,50.5684724725054],[3.096263266793204,50.56846289756552],[3.096380850460907,50.56848013883343]]}},{"type":"Feature","id":"LFQQ-9259380f0e99f8b197c1","properties":{"airport":"LFQQ","name":"COLOR_Taxiway","layer":"Guidance lines","category":"Taxiways","object_type":"Line","style_id":"line.taxiway.c0b631","source_group":"COLOR_Taxiway","vsmr_group_ids":[],"geometry_role":"linework"},"geometry":{"type":"LineString","coordinates":[[3.097178579093918,50.56739815421578],[3.097175125465894,50.56743157080467],[3.09717339781737,50.56745567460498],[3.09717857025311,50.56747703963806],[3.097192367228392,50.56750004850663],[3.097212201645561,50.56752196201394],[3.097242386180752,50.56754004127259],[3.097272570981671,50.56755592926464],[3.097311381140857,50.56756633947701],[3.098648873349223,50.56775599739909],[3.098685096766249,50.56776366799335],[3.098711832597418,50.56777572079381],[3.098732530636741,50.56779379936451],[3.098743741327397,50.56781297326471],[3.098749776554355,50.56783981641434],[3.098748049662046,50.56786446805504],[3.098741298279812,50.56788296623709],[3.098736984913688,50.56789501804771],[3.098722321863734,50.56790597389686],[3.098697308689062,50.56792131193257],[3.09867315823029,50.56793336309642],[3.09863952084757,50.56794103141822],[3.098609333687499,50.56794486513452],[3.098580009386851,50.56794431634751],[3.098155674545187,50.56788349394395],[3.098128075738786,50.56787746695281],[3.098099615112171,50.56786431830425],[3.098083229147526,50.56785171793101],[3.098068568361061,50.56783692634848],[3.098058220180628,50.56781994366272],[3.098053047585596,50.56779529173789],[3.097977128368163,50.56801715424197],[3.097984026635041,50.56803358898253],[3.097994374430282,50.5680549542007],[3.098009035193405,50.56807029360014],[3.098033183117386,50.56808727680322],[3.098061644241563,50.56809659073853],[3.098509267800682,50.56816179680311],[3.098536867232642,50.56816289337129],[3.098573092106123,50.56815686861983],[3.098603279654963,50.56814974802927],[3.098624842583706,50.56813988805165],[3.098642955998394,50.56812454980238],[3.098660206815849,50.56811030715155],[3.098736984914148,50.56789501804705],[3.098585915858523,50.56831853455557],[3.098575564917498,50.56833168178772],[3.098559176266023,50.56834811570557],[3.098535025490763,50.5683612624705],[3.098511737650067,50.56836893109464],[3.09847809987766,50.56837714718426],[3.098452225037049,50.56837933755509],[3.098428937980666,50.56837769330194],[3.09803047353133,50.56832234949767],[3.097994249605691,50.56831632214706],[3.097962338696596,50.56830426898091],[3.097939052623586,50.56829276395371],[3.097922666889976,50.56827687666333],[3.097910593443653,50.56826263298561],[3.097905420083493,50.56824619830998],[3.097901971360566,50.56823359841426],[3.097977345718901,50.56801704475136],[3.09782484703546,50.56845421223831],[3.09783088278508,50.56847119476131],[3.097841230994549,50.56848817745496],[3.097855029450267,50.56850242120915],[3.097871415503681,50.5685155694289],[3.097889526790252,50.56852597863104],[3.097917988231396,50.56853419697723],[3.098354403768104,50.56859447296582],[3.098381140937942,50.56859611737048],[3.098411328513322,50.56859283154111],[3.098444966329494,50.56858625892554],[3.098469117092484,50.56857530344061],[3.098490680546726,50.56856160878294],[3.098507932055627,50.56854188799469],[3.098585574825621,50.56831838166357],[3.098441229812379,50.56873429992477],[3.098434328293302,50.56875237760157],[3.098422251980033,50.56876826383685],[3.0984050009354,50.56878141081118],[3.098386024972479,50.56879346209536],[3.098367049428223,50.56880058302418],[3.098343761489786,50.56880660817784],[3.098315298694325,50.56881098968624],[3.098285111220405,50.56881208423801],[3.097869393554153,50.5687545479961],[3.097835756898213,50.56874742506894],[3.09781160798912,50.56873756343029],[3.097784872043323,50.56872331916001],[3.097765899047049,50.56870414485204],[3.097754688506074,50.56868497085218],[3.097752965489184,50.56866524941807],[3.097759005617782,50.56863840669097],[3.097824955466844,50.56845416596308],[3.09777664255787,50.56858947450503],[3.097762840988822,50.56860645622592],[3.097742139250199,50.56862562892869],[3.097705049680324,50.56864918348321],[3.097674861080284,50.56866232981804],[3.097636910468611,50.56867109330571],[3.097592922545027,50.56867821308039],[3.097551522767101,50.56867875916733],[3.09703154465953,50.5686027041499],[3.096997908473853,50.56859393753651],[3.096958235880942,50.56857640558128],[3.09692718861998,50.5685555871303],[3.096901316909626,50.56852983857702],[3.096887520027449,50.56850463840902],[3.096878897837527,50.56848162974481],[3.096884076077604,50.5684536913993],[3.096973100995701,50.56820952015541],[3.096973960374769,50.56823636318222],[3.096983444686225,50.56826265878757],[3.096999829290179,50.56828566782193],[3.097023113984072,50.56830703371582],[3.097057611284728,50.56832620886442],[3.097090384375769,50.5683388101331],[3.097128332838102,50.56834757692034],[3.097626843409165,50.56842210156621],[3.097658755316262,50.56842484197106],[3.097690667682051,50.56842319983929],[3.097724305366389,50.56841827087492],[3.097756218300385,50.56841115056271],[3.097785544133307,50.56840019542248],[3.097810261455036,50.56838606996202],[3.09783096258075,50.56837182757291],[3.097845626272431,50.56835758495891],[3.097861152768899,50.56834005546771],[3.097870641571483,50.56832526482064],[3.097977619527417,50.56801684875106],[3.097956914059576,50.56807765555399],[3.097944837714712,50.56809408956723],[3.097925861199933,50.56811326238443],[3.097898259593532,50.56813517394015],[3.097868934059491,50.56814612910506],[3.09783529594132,50.56815872753328],[3.097790445833393,50.56816803861131],[3.097753358728725,50.56817077619911],[3.097718859736882,50.56816694009484],[3.097222796612025,50.56809600169713],[3.097186573052473,50.56808942627886],[3.09715293751166,50.56807792062909],[3.097125339549645,50.56806477180111],[3.097108953689396,50.56805326692818],[3.09708911884427,50.56803354466497],[3.097074458532005,50.56801710952825],[3.097064973807939,50.56799464865956],[3.097059801622379,50.56797109235334],[3.097058940649726,50.56795794474181],[3.09697352575379,50.56820938806431],[3.097140602546691,50.56771798364559],[3.097144050286325,50.56773715734401],[3.097152672766634,50.56775742690434],[3.09717078232125,50.56777934034047],[3.097196653944914,50.56780344538625],[3.097231150809159,50.56782371610773],[3.097270823423333,50.56783631763341],[3.097320846238563,50.5678450849017],[3.0977786553791,50.56791110001758],[3.097816604030521,50.56791603186756],[3.097844203352289,50.56791658076883],[3.097868352798072,50.56791658171615],[3.097895952593182,50.56791220027076],[3.097925277596607,50.56790507980481],[3.097953740325901,50.56789576803924],[3.097977890799042,50.56788481265588],[3.097996866435984,50.56787330925837],[3.09801497984094,50.56785906674487],[3.098030505901497,50.56784372850553],[3.098039994707158,50.56782729440263],[3.098052934853492,50.56779552160224],[3.098054661346621,50.56777908720667],[3.098052075198345,50.56776539172499],[3.098046039501563,50.56774786140619],[3.09803396704291,50.56772430488731],[3.098015857005121,50.5677034872121],[3.097991709651404,50.56768266929158],[3.097968424112427,50.56766897300791],[3.097942550844359,50.5676585635048],[3.097924439279771,50.56765418027645]]}},{"type":"Feature","id":"LFQQ-85bc8c3d0c692626d3ac","properties":{"airport":"LFQQ","name":"COLOR_Taxiway","layer":"Guidance lines","category":"Taxiways","object_type":"Line","style_id":"line.taxiway.c0b631","source_group":"COLOR_Taxiway","vsmr_group_ids":[],"geometry_role":"linework"},"geometry":{"type":"LineString","coordinates":[[3.097177461478338,50.56740386726756],[3.097165914361855,50.56750378386842],[3.097140773180758,50.56771860983468]]}},{"type":"Feature","id":"LFQQ-fcff84c21ed8c1fd6f18","properties":{"airport":"LFQQ","name":"COLOR_Taxiway","layer":"Guidance lines","category":"Taxiways","object_type":"Line","style_id":"line.taxiway.c0b631","source_group":"COLOR_Taxiway","vsmr_group_ids":[],"geometry_role":"linework"},"geometry":{"type":"LineString","coordinates":[[3.102082816899676,50.57046447474243],[3.102162999302833,50.57047720627985]]}},{"type":"Feature","id":"LFQQ-74d8eb0aec6d83256656","properties":{"airport":"LFQQ","name":"COLOR_Taxiway","layer":"Guidance lines","category":"Taxiways","object_type":"Line","style_id":"line.taxiway.c0b631","source_group":"COLOR_Taxiway","vsmr_group_ids":[],"geometry_role":"linework"},"geometry":{"type":"LineString","coordinates":[[3.10209395368497,50.57043901175401],[3.102167454158398,50.57045032870221]]}},{"type":"Feature","id":"LFQQ-98e0ce6c61b43c671b29","properties":{"airport":"LFQQ","name":"COLOR_Taxiway","layer":"Guidance lines","category":"Taxiways","object_type":"Line","style_id":"line.taxiway.c0b631","source_group":"COLOR_Taxiway","vsmr_group_ids":[],"geometry_role":"linework"},"geometry":{"type":"LineString","coordinates":[[3.102098408740634,50.57040647572609],[3.102183045480991,50.57041920731192]]}},{"type":"Feature","id":"LFQQ-b1dd2a3e3974dd33b6e7","properties":{"airport":"LFQQ","name":"COLOR_Taxiway","layer":"Guidance lines","category":"Taxiways","object_type":"Line","style_id":"line.taxiway.c0b631","source_group":"COLOR_Taxiway","vsmr_group_ids":[],"geometry_role":"linework"},"geometry":{"type":"LineString","coordinates":[[3.102243181749296,50.57047013326923],[3.102450319945211,50.56985477951521],[3.102477046857914,50.56981234136742],[3.102517137230296,50.56976990319485],[3.10255500028261,50.56974019647131],[3.102603999498614,50.569711904312],[3.102666362094681,50.56968644138352],[3.102857904233471,50.56964683207554]]}},{"type":"Feature","id":"LFQQ-f1a8a7d6c4ce0804942f","properties":{"airport":"LFQQ","name":"COLOR_Taxiway","layer":"Guidance lines","category":"Taxiways","object_type":"Line","style_id":"line.taxiway.c0b631","source_group":"COLOR_Taxiway","vsmr_group_ids":[],"geometry_role":"linework"},"geometry":{"type":"LineString","coordinates":[[3.102892789772769,50.56964131093697],[3.102888514881388,50.56963750976999],[3.10287141553437,50.56964565521535],[3.102893644791864,50.56964674119467],[3.102892789772769,50.56964131093697],[3.103003080716207,50.5696190464257]]}},{"type":"Feature","id":"LFQQ-54d84de42623d3213bb2","properties":{"airport":"LFQQ","name":"COLOR_Taxiway","layer":"Guidance lines","category":"Taxiways","object_type":"Line","style_id":"line.taxiway.c0b631","source_group":"COLOR_Taxiway","vsmr_group_ids":[],"geometry_role":"linework"},"geometry":{"type":"LineString","coordinates":[[3.103120712423642,50.56973988709355],[3.103111567738392,50.56976529873786]]}},{"type":"Feature","id":"LFQQ-8290ee48fd33353b5f4f","properties":{"airport":"LFQQ","name":"COLOR_Taxiway","layer":"Guidance lines","category":"Taxiways","object_type":"Line","style_id":"line.taxiway.c0b631","source_group":"COLOR_Taxiway","vsmr_group_ids":[],"geometry_role":"linework"},"geometry":{"type":"LineString","coordinates":[[3.10310356620032,50.56979216246929],[3.103088706043156,50.56983354714971]]}},{"type":"Feature","id":"LFQQ-1c08ea307a48a441a584","properties":{"airport":"LFQQ","name":"COLOR_Taxiway","layer":"Guidance lines","category":"Taxiways","object_type":"Line","style_id":"line.taxiway.c0b631","source_group":"COLOR_Taxiway","vsmr_group_ids":[],"geometry_role":"linework"},"geometry":{"type":"LineString","coordinates":[[3.103080704415075,50.56985678065179],[3.103066987357446,50.56989889138273]]}},{"type":"Feature","id":"LFQQ-aac7846710a0700dd810","properties":{"airport":"LFQQ","name":"COLOR_Taxiway","layer":"Guidance lines","category":"Taxiways","object_type":"Line","style_id":"line.taxiway.c0b631","source_group":"COLOR_Taxiway","vsmr_group_ids":[],"geometry_role":"linework"},"geometry":{"type":"LineString","coordinates":[[3.103057842588524,50.56992357699121],[3.103042982349644,50.56996713982738]]}},{"type":"Feature","id":"LFQQ-e1c2062b25f83eba53aa","properties":{"airport":"LFQQ","name":"COLOR_Taxiway","layer":"Guidance lines","category":"Taxiways","object_type":"Line","style_id":"line.taxiway.c0b631","source_group":"COLOR_Taxiway","vsmr_group_ids":[],"geometry_role":"linework"},"geometry":{"type":"LineString","coordinates":[[3.103178723683777,50.56987310690966],[3.103173044347975,50.56986995070852],[3.103159556277795,50.56988708464419],[3.103185822842478,50.56987581220954],[3.103178723683777,50.56987310690966],[3.103253263505452,50.56982035219743]]}},{"type":"Feature","id":"LFQQ-879c91927d8917faf15e","properties":{"airport":"LFQQ","name":"COLOR_Taxiway","layer":"Guidance lines","category":"Taxiways","object_type":"Line","style_id":"line.taxiway.c0b631","source_group":"COLOR_Taxiway","vsmr_group_ids":[],"geometry_role":"linework"},"geometry":{"type":"LineString","coordinates":[[3.103143260853585,50.56989612081352],[3.103105727663369,50.56992623339081],[3.103079059356646,50.5699513271733],[3.103053378777303,50.56997955766032],[3.103028685966167,50.57001406155415],[3.102840003651735,50.57055438465051]]}},{"type":"Feature","id":"LFQQ-36e4c429264d5b0f088a","properties":{"airport":"LFQQ","name":"COLOR_Taxiway","layer":"Guidance lines","category":"Taxiways","object_type":"Line","style_id":"line.taxiway.c0b631","source_group":"COLOR_Taxiway","vsmr_group_ids":[],"geometry_role":"linework"},"geometry":{"type":"LineString","coordinates":[[3.102684928126693,50.57054560218435],[3.102769873831863,50.57055752146674]]}},{"type":"Feature","id":"LFQQ-650c80ff7ff1e97b25d7","properties":{"airport":"LFQQ","name":"COLOR_Taxiway","layer":"Guidance lines","category":"Taxiways","object_type":"Line","style_id":"line.taxiway.c0b631","source_group":"COLOR_Taxiway","vsmr_group_ids":[],"geometry_role":"linework"},"geometry":{"type":"LineString","coordinates":[[3.102693817679207,50.57052364523556],[3.10277580012462,50.57053493717729]]}},{"type":"Feature","id":"LFQQ-1d616a432e0588c157ba","properties":{"airport":"LFQQ","name":"COLOR_Taxiway","layer":"Guidance lines","category":"Taxiways","object_type":"Line","style_id":"line.taxiway.c0b631","source_group":"COLOR_Taxiway","vsmr_group_ids":[],"geometry_role":"linework"},"geometry":{"type":"LineString","coordinates":[[3.102700731697046,50.57049290551468],[3.102784689571738,50.5705041974505]]}},{"type":"Feature","id":"LFQQ-c5b7146f2577f434458e","properties":{"airport":"LFQQ","name":"COLOR_Taxiway","layer":"Guidance lines","category":"Taxiways","object_type":"Line","style_id":"line.taxiway.c0b631","source_group":"COLOR_Taxiway","vsmr_group_ids":[],"geometry_role":"linework"},"geometry":{"type":"LineString","coordinates":[[3.103663348351093,50.56999141975535],[3.103656072122774,50.56999090633774],[3.103657689502344,50.57000836486976],[3.103670624591583,50.56999244664964],[3.103663348351093,50.56999141975535],[3.103690834311981,50.56991593688764]]}},{"type":"Feature","id":"LFQQ-54c6663d30ca43fac570","properties":{"airport":"LFQQ","name":"COLOR_Taxiway","layer":"Guidance lines","category":"Taxiways","object_type":"Line","style_id":"line.taxiway.c0b631","source_group":"COLOR_Taxiway","vsmr_group_ids":[],"geometry_role":"linework"},"geometry":{"type":"LineString","coordinates":[[3.103652839170488,50.57002736393053],[3.103441644733049,50.5706397064825]]}},{"type":"Feature","id":"LFQQ-b211fd90789c03782555","properties":{"airport":"LFQQ","name":"COLOR_Taxiway","layer":"Guidance lines","category":"Taxiways","object_type":"Line","style_id":"line.taxiway.c0b631","source_group":"COLOR_Taxiway","vsmr_group_ids":[],"geometry_role":"linework"},"geometry":{"type":"LineString","coordinates":[[3.103275041884412,50.57063067210346],[3.103372242619893,50.57064324696594]]}},{"type":"Feature","id":"LFQQ-32fdd049a2e58ace7d05","properties":{"airport":"LFQQ","name":"COLOR_Taxiway","layer":"Guidance lines","category":"Taxiways","object_type":"Line","style_id":"line.taxiway.c0b631","source_group":"COLOR_Taxiway","vsmr_group_ids":[],"geometry_role":"linework"},"geometry":{"type":"LineString","coordinates":[[3.103290341552085,50.57060723570925],[3.103372242154026,50.57061923905042]]}},{"type":"Feature","id":"LFQQ-c7a0bcc119ed902a2ba0","properties":{"airport":"LFQQ","name":"COLOR_Taxiway","layer":"Guidance lines","category":"Taxiways","object_type":"Line","style_id":"line.taxiway.c0b631","source_group":"COLOR_Taxiway","vsmr_group_ids":[],"geometry_role":"linework"},"geometry":{"type":"LineString","coordinates":[[3.103298441073798,50.57057808319579],[3.103385741639135,50.57058951487293]]}},{"type":"Feature","id":"LFQQ-2a9c29c13a3bced17d99","properties":{"airport":"LFQQ","name":"COLOR_Taxiway","layer":"Guidance lines","category":"Taxiways","object_type":"Line","style_id":"line.taxiway.c0b631","source_group":"COLOR_Taxiway","vsmr_group_ids":[],"geometry_role":"linework"},"geometry":{"type":"LineString","coordinates":[[3.103886181289535,50.57071568460346],[3.103964819689167,50.57072706349309]]}},{"type":"Feature","id":"LFQQ-238d085a7bbc1e1eaee4","properties":{"airport":"LFQQ","name":"COLOR_Taxiway","layer":"Guidance lines","category":"Taxiways","object_type":"Line","style_id":"line.taxiway.c0b631","source_group":"COLOR_Taxiway","vsmr_group_ids":[],"geometry_role":"linework"},"geometry":{"type":"LineString","coordinates":[[3.103893148494468,50.57069166033396],[3.10397178686898,50.57070367143596]]}},{"type":"Feature","id":"LFQQ-6cb2e9d0147f025a856c","properties":{"airport":"LFQQ","name":"COLOR_Taxiway","layer":"Guidance lines","category":"Taxiways","object_type":"Line","style_id":"line.taxiway.c0b631","source_group":"COLOR_Taxiway","vsmr_group_ids":[],"geometry_role":"linework"},"geometry":{"type":"LineString","coordinates":[[3.10389812465625,50.57066131393653],[3.103980744634489,50.57067269276871]]}},{"type":"Feature","id":"LFQQ-35e591d8f895a7db0d33","properties":{"airport":"LFQQ","name":"COLOR_Taxiway","layer":"Guidance lines","category":"Taxiways","object_type":"Line","style_id":"line.taxiway.c0b631","source_group":"COLOR_Taxiway","vsmr_group_ids":[],"geometry_role":"linework"},"geometry":{"type":"LineString","coordinates":[[3.104039475968825,50.57072390143467],[3.104253193548019,50.57011124942028]]}},{"type":"Feature","id":"LFQQ-b61560e2f5edd75ca83a","properties":{"airport":"LFQQ","name":"COLOR_Taxiway","layer":"Guidance lines","category":"Taxiways","object_type":"Line","style_id":"line.taxiway.c0b631","source_group":"COLOR_Taxiway","vsmr_group_ids":[],"geometry_role":"linework"},"geometry":{"type":"LineString","coordinates":[[3.104266132490017,50.57007647737002],[3.104256178419589,50.57007584531039],[3.104258169854506,50.57009228287878],[3.104274095776087,50.57007774167685],[3.104266132490017,50.57007647737002],[3.104292010165519,50.57000313999055]]}},{"type":"Feature","id":"LFQQ-5517652681507fd32762","properties":{"airport":"LFQQ","name":"COLOR_Taxiway","layer":"Guidance lines","category":"Taxiways","object_type":"Line","style_id":"line.taxiway.c0b631","source_group":"COLOR_Taxiway","vsmr_group_ids":[],"geometry_role":"linework"},"geometry":{"type":"LineString","coordinates":[[3.104479906486781,50.57080160966265],[3.104561753728585,50.57081283178298]]}},{"type":"Feature","id":"LFQQ-922af142e1f934594c76","properties":{"airport":"LFQQ","name":"COLOR_Taxiway","layer":"Guidance lines","category":"Taxiways","object_type":"Line","style_id":"line.taxiway.c0b631","source_group":"COLOR_Taxiway","vsmr_group_ids":[],"geometry_role":"linework"},"geometry":{"type":"LineString","coordinates":[[3.10449013632258,50.57077798090554],[3.104570123447643,50.57079097519634]]}},{"type":"Feature","id":"LFQQ-a9275ade0147d6d4a938","properties":{"airport":"LFQQ","name":"COLOR_Taxiway","layer":"Guidance lines","category":"Taxiways","object_type":"Line","style_id":"line.taxiway.c0b631","source_group":"COLOR_Taxiway","vsmr_group_ids":[],"geometry_role":"linework"},"geometry":{"type":"LineString","coordinates":[[3.104498505661202,50.57074667289881],[3.104578492731349,50.57075966719152]]}},{"type":"Feature","id":"LFQQ-be8647be398392abcdfb","properties":{"airport":"LFQQ","name":"COLOR_Taxiway","layer":"Guidance lines","category":"Taxiways","object_type":"Line","style_id":"line.taxiway.c0b631","source_group":"COLOR_Taxiway","vsmr_group_ids":[],"geometry_role":"linework"},"geometry":{"type":"LineString","coordinates":[[3.104633370244863,50.57082582619082],[3.104849246090362,50.57019801015677]]}},{"type":"Feature","id":"LFQQ-41fcf6c65326c3d3ad2d","properties":{"airport":"LFQQ","name":"COLOR_Taxiway","layer":"Guidance lines","category":"Taxiways","object_type":"Line","style_id":"line.taxiway.c0b631","source_group":"COLOR_Taxiway","vsmr_group_ids":[],"geometry_role":"linework"},"geometry":{"type":"LineString","coordinates":[[3.104858544964373,50.57016315783742],[3.104848314232711,50.57016256733114],[3.104852965385854,50.57017910723],[3.104870635917432,50.57016552044334],[3.104858544964373,50.57016315783742],[3.104887373038421,50.57008695511395]]}},{"type":"Feature","id":"LFQQ-0abdaf7d740c1ed8128a","properties":{"airport":"LFQQ","name":"COLOR_Taxiway","layer":"Guidance lines","category":"Taxiways","object_type":"Line","style_id":"line.taxiway.c0b631","source_group":"COLOR_Taxiway","vsmr_group_ids":[],"geometry_role":"linework"},"geometry":{"type":"LineString","coordinates":[[3.105022492577678,50.57018609084324],[3.105011193432858,50.57018609109011],[3.105014960722039,50.57020283607195],[3.105031281018893,50.57019007756568],[3.105022492577678,50.57018609084324],[3.105045086852429,50.57011273098084]]}},{"type":"Feature","id":"LFQQ-467525d6432d1b1fb932","properties":{"airport":"LFQQ","name":"COLOR_Taxiway","layer":"Guidance lines","category":"Taxiways","object_type":"Line","style_id":"line.taxiway.c0b631","source_group":"COLOR_Taxiway","vsmr_group_ids":[],"geometry_role":"linework"},"geometry":{"type":"LineString","coordinates":[[3.105023750074984,50.57022356786763],[3.105634786056117,50.57100071923449]]}},{"type":"Feature","id":"LFQQ-7be9f85f8f3e1f0cc918","properties":{"airport":"LFQQ","name":"COLOR_Taxiway","layer":"Guidance lines","category":"Taxiways","object_type":"Line","style_id":"line.taxiway.c0b631","source_group":"COLOR_Taxiway","vsmr_group_ids":[],"geometry_role":"linework"},"geometry":{"type":"LineString","coordinates":[[3.105682498799014,50.57106530602434],[3.105715144321179,50.57110756647324]]}},{"type":"Feature","id":"LFQQ-dcdaab07fcc6f4aac1f0","properties":{"airport":"LFQQ","name":"COLOR_Taxiway","layer":"Guidance lines","category":"Taxiways","object_type":"Line","style_id":"line.taxiway.c0b631","source_group":"COLOR_Taxiway","vsmr_group_ids":[],"geometry_role":"linework"},"geometry":{"type":"LineString","coordinates":[[3.105746534309428,50.5711482322032],[3.105774157395986,50.57118172158297]]}},{"type":"Feature","id":"LFQQ-11d93abb69fa8775b02f","properties":{"airport":"LFQQ","name":"COLOR_Taxiway","layer":"Guidance lines","category":"Taxiways","object_type":"Line","style_id":"line.taxiway.c0b631","source_group":"COLOR_Taxiway","vsmr_group_ids":[],"geometry_role":"linework"},"geometry":{"type":"LineString","coordinates":[[3.106134496282555,50.57135793296174],[3.106118170216836,50.57129892689127]]}},{"type":"Feature","id":"LFQQ-bfe6b890b5c500e4a786","properties":{"airport":"LFQQ","name":"COLOR_Taxiway","layer":"Guidance lines","category":"Taxiways","object_type":"Line","style_id":"line.taxiway.c0b631","source_group":"COLOR_Taxiway","vsmr_group_ids":[],"geometry_role":"linework"},"geometry":{"type":"LineString","coordinates":[[3.106098078282999,50.57124709746107],[3.105781031501731,50.57033272159317]]}},{"type":"Feature","id":"LFQQ-812f2342330e073adbf1","properties":{"airport":"LFQQ","name":"COLOR_Taxiway","layer":"Guidance lines","category":"Taxiways","object_type":"Line","style_id":"line.taxiway.c0b631","source_group":"COLOR_Taxiway","vsmr_group_ids":[],"geometry_role":"linework"},"geometry":{"type":"LineString","coordinates":[[3.105789823351,50.57038295655305],[3.105759689719989,50.57034866987617]]}},{"type":"Feature","id":"LFQQ-5db9ae17b64c91d33183","properties":{"airport":"LFQQ","name":"COLOR_Taxiway","layer":"Guidance lines","category":"Taxiways","object_type":"Line","style_id":"line.taxiway.c0b631","source_group":"COLOR_Taxiway","vsmr_group_ids":[],"geometry_role":"linework"},"geometry":{"type":"LineString","coordinates":[[3.105722022712936,50.570304814811],[3.105694401246482,50.57028647574484],[3.105675568255355,50.57027132597219]]}},{"type":"Feature","id":"LFQQ-df4d4be438509296b3ad","properties":{"airport":"LFQQ","name":"COLOR_Taxiway","layer":"Guidance lines","category":"Taxiways","object_type":"Line","style_id":"line.taxiway.c0b631","source_group":"COLOR_Taxiway","vsmr_group_ids":[],"geometry_role":"linework"},"geometry":{"type":"LineString","coordinates":[[3.105621580954225,50.57023544517521],[3.105596470870073,50.57022268771259],[3.105565083444555,50.57020913302603]]}},{"type":"Feature","id":"LFQQ-d0a2fc7d58673bb6966f","properties":{"airport":"LFQQ","name":"COLOR_Taxiway","layer":"Guidance lines","category":"Taxiways","object_type":"Line","style_id":"line.taxiway.c0b631","source_group":"COLOR_Taxiway","vsmr_group_ids":[],"geometry_role":"linework"},"geometry":{"type":"LineString","coordinates":[[3.105499797728282,50.57018202369431],[3.105437023505362,50.57016288809704]]}},{"type":"Feature","id":"LFQQ-23de28c2edf74333abd3","properties":{"airport":"LFQQ","name":"COLOR_Taxiway","layer":"Guidance lines","category":"Taxiways","object_type":"Line","style_id":"line.taxiway.c0b631","source_group":"COLOR_Taxiway","vsmr_group_ids":[],"geometry_role":"linework"},"geometry":{"type":"LineString","coordinates":[[3.105783681996834,50.57028939416092],[3.105775927488419,50.57028877874124],[3.105776898277948,50.57030971039478],[3.105794344472597,50.57029062513244],[3.105783681996834,50.57028939416092],[3.105810817506673,50.57021736378819]]}},{"type":"Feature","id":"LFQQ-01f392119ad204ae85b8","properties":{"airport":"LFQQ","name":"COLOR_Taxiway","layer":"Guidance lines","category":"Taxiways","object_type":"Line","style_id":"line.taxiway.c0b631","source_group":"COLOR_Taxiway","vsmr_group_ids":[],"geometry_role":"linework"},"geometry":{"type":"LineString","coordinates":[[3.106099498036334,50.57026013163102],[3.106152838640408,50.57028271474286]]}},{"type":"Feature","id":"LFQQ-58910ca7706084fc69ed","properties":{"airport":"LFQQ","name":"COLOR_Taxiway","layer":"Guidance lines","category":"Taxiways","object_type":"Line","style_id":"line.taxiway.c0b631","source_group":"COLOR_Taxiway","vsmr_group_ids":[],"geometry_role":"linework"},"geometry":{"type":"LineString","coordinates":[[3.106204308600322,50.57031599594211],[3.106226768315949,50.57033144796537],[3.106243613710229,50.57035046618725]]}},{"type":"Feature","id":"LFQQ-be9ed7d7885e0b179e77","properties":{"airport":"LFQQ","name":"COLOR_Taxiway","layer":"Guidance lines","category":"Taxiways","object_type":"Line","style_id":"line.taxiway.c0b631","source_group":"COLOR_Taxiway","vsmr_group_ids":[],"geometry_role":"linework"},"geometry":{"type":"LineString","coordinates":[[3.106273562035708,50.57039563478513],[3.10627824234337,50.57041346473227],[3.1062847944835,50.57043486064325]]}},{"type":"Feature","id":"LFQQ-368623ed8893d8dd7c85","properties":{"airport":"LFQQ","name":"COLOR_Taxiway","layer":"Guidance lines","category":"Taxiways","object_type":"Line","style_id":"line.taxiway.c0b631","source_group":"COLOR_Taxiway","vsmr_group_ids":[],"geometry_role":"linework"},"geometry":{"type":"LineString","coordinates":[[3.106313798082283,50.57036948266927],[3.106305376230867,50.57037067161396],[3.106313799494334,50.57038671842371],[3.106324091614909,50.57037007666424],[3.106313798082283,50.57036948266927],[3.106307239917572,50.57027438905535]]}},{"type":"Feature","id":"LFQQ-d5a4f644fccc485b77f6","properties":{"airport":"LFQQ","name":"COLOR_Taxiway","layer":"Guidance lines","category":"Taxiways","object_type":"Line","style_id":"line.taxiway.c0b631","source_group":"COLOR_Taxiway","vsmr_group_ids":[],"geometry_role":"linework"},"geometry":{"type":"LineString","coordinates":[[3.106313801009442,50.57040454857544],[3.10606256653148,50.57112180326409]]}},{"type":"Feature","id":"LFQQ-bce17241cba20a5c9df8","properties":{"airport":"LFQQ","name":"COLOR_Taxiway","layer":"Guidance lines","category":"Taxiways","object_type":"Line","style_id":"line.taxiway.c0b631","source_group":"COLOR_Taxiway","vsmr_group_ids":[],"geometry_role":"linework"},"geometry":{"type":"LineString","coordinates":[[3.106041983153358,50.5711735111709],[3.106016722022331,50.57124126629832]]}},{"type":"Feature","id":"LFQQ-9dc367ea2685fc87420c","properties":{"airport":"LFQQ","name":"COLOR_Taxiway","layer":"Guidance lines","category":"Taxiways","object_type":"Line","style_id":"line.taxiway.c0b631","source_group":"COLOR_Taxiway","vsmr_group_ids":[],"geometry_role":"linework"},"geometry":{"type":"LineString","coordinates":[[3.106008302026091,50.57126920037555],[3.105983976686069,50.57133814418903]]}},{"type":"Feature","id":"LFQQ-42ba632aa89834bc5292","properties":{"airport":"LFQQ","name":"COLOR_Taxiway","layer":"Guidance lines","category":"Taxiways","object_type":"Line","style_id":"line.taxiway.c0b631","source_group":"COLOR_Taxiway","vsmr_group_ids":[],"geometry_role":"linework"},"geometry":{"type":"LineString","coordinates":[[3.106711042780599,50.57116453106702],[3.106812773543952,50.57114857372427]]}},{"type":"Feature","id":"LFQQ-e2e1d0aea54ade5eaf6b","properties":{"airport":"LFQQ","name":"COLOR_Taxiway","layer":"Guidance lines","category":"Taxiways","object_type":"Line","style_id":"line.taxiway.c0b631","source_group":"COLOR_Taxiway","vsmr_group_ids":[],"geometry_role":"linework"},"geometry":{"type":"LineString","coordinates":[[3.106959735197738,50.57130810416574],[3.106915766920479,50.57120440743688]]}},{"type":"Feature","id":"LFQQ-f5f810b2b4386434b9a3","properties":{"airport":"LFQQ","name":"COLOR_Taxiway","layer":"Guidance lines","category":"Taxiways","object_type":"Line","style_id":"line.taxiway.c0b631","source_group":"COLOR_Taxiway","vsmr_group_ids":[],"geometry_role":"linework"},"geometry":{"type":"LineString","coordinates":[[3.106903204526774,50.57117409608008],[3.106601992924733,50.57044593879441]]}},{"type":"Feature","id":"LFQQ-eec76ea2ae065cfe14dd","properties":{"airport":"LFQQ","name":"COLOR_Taxiway","layer":"Guidance lines","category":"Taxiways","object_type":"Line","style_id":"line.taxiway.c0b631","source_group":"COLOR_Taxiway","vsmr_group_ids":[],"geometry_role":"linework"},"geometry":{"type":"LineString","coordinates":[[3.106586036645096,50.57040907159647],[3.106573433962738,50.57041276644156],[3.106594763254551,50.57042569609635],[3.10659863959512,50.57040845541634],[3.106586036645096,50.57040907159647],[3.10654918998901,50.57032718029388]]}},{"type":"Feature","id":"LFQQ-2b29800198cc0c1ed2c7","properties":{"airport":"LFQQ","name":"COLOR_Taxiway","layer":"Guidance lines","category":"Taxiways","object_type":"Line","style_id":"line.taxiway.c0b631","source_group":"COLOR_Taxiway","vsmr_group_ids":[],"geometry_role":"linework"},"geometry":{"type":"LineString","coordinates":[[3.106706330870557,50.57034433607881],[3.106773342222504,50.57036522656904]]}},{"type":"Feature","id":"LFQQ-0f8f464fb540941356bc","properties":{"airport":"LFQQ","name":"COLOR_Taxiway","layer":"Guidance lines","category":"Taxiways","object_type":"Line","style_id":"line.taxiway.c0b631","source_group":"COLOR_Taxiway","vsmr_group_ids":[],"geometry_role":"linework"},"geometry":{"type":"LineString","coordinates":[[3.106840353637041,50.57038689081849],[3.106900055181889,50.57041087673603]]}},{"type":"Feature","id":"LFQQ-d0b25e170ba1054c4324","properties":{"airport":"LFQQ","name":"COLOR_Taxiway","layer":"Guidance lines","category":"Taxiways","object_type":"Line","style_id":"line.taxiway.c0b631","source_group":"COLOR_Taxiway","vsmr_group_ids":[],"geometry_role":"linework"},"geometry":{"type":"LineString","coordinates":[[3.106952447898954,50.57044801769596],[3.106975597804187,50.57046039779058],[3.106992656242828,50.57047587336417]]}},{"type":"Feature","id":"LFQQ-a92c1980679fb573e75d","properties":{"airport":"LFQQ","name":"COLOR_Taxiway","layer":"Guidance lines","category":"Taxiways","object_type":"Line","style_id":"line.taxiway.c0b631","source_group":"COLOR_Taxiway","vsmr_group_ids":[],"geometry_role":"linework"},"geometry":{"type":"LineString","coordinates":[[3.107034084026912,50.57051456233059],[3.107068201604315,50.57055170395914]]}},{"type":"Feature","id":"LFQQ-b1389557cf687ab7c1b6","properties":{"airport":"LFQQ","name":"COLOR_Taxiway","layer":"Guidance lines","category":"Taxiways","object_type":"Line","style_id":"line.taxiway.c0b631","source_group":"COLOR_Taxiway","vsmr_group_ids":[],"geometry_role":"linework"},"geometry":{"type":"LineString","coordinates":[[3.107138112757002,50.57063102692577],[3.107127602614366,50.57062824605634],[3.107123225267621,50.57064604648094],[3.107149498995714,50.57063658904733],[3.107138112757002,50.57063102692577],[3.107195035717747,50.57057651136823]]}},{"type":"Feature","id":"LFQQ-5edab104c6ffff006b5e","properties":{"airport":"LFQQ","name":"COLOR_Taxiway","layer":"Guidance lines","category":"Taxiways","object_type":"Line","style_id":"line.taxiway.c0b631","source_group":"COLOR_Taxiway","vsmr_group_ids":[],"geometry_role":"linework"},"geometry":{"type":"LineString","coordinates":[[3.107542758598336,50.5707773059495],[3.107528745270078,50.57077619403121],[3.107534877986473,50.57079399404524],[3.107557647932242,50.57077953034108],[3.107542758598336,50.5707773059495],[3.107565522652758,50.57070888518302],[3.107304516839735,50.57061043860719]]}},{"type":"Feature","id":"LFQQ-bcd00d65b7c02c179220","properties":{"airport":"LFQQ","name":"COLOR_Taxiway","layer":"Guidance lines","category":"Taxiways","object_type":"Line","style_id":"line.taxiway.c0b631","source_group":"COLOR_Taxiway","vsmr_group_ids":[],"geometry_role":"linework"},"geometry":{"type":"LineString","coordinates":[[3.107119722527603,50.57065160919836],[3.107431067217092,50.57155791795423]]}},{"type":"Feature","id":"LFQQ-05a37ffe3a23ccddf246","properties":{"airport":"LFQQ","name":"COLOR_Taxiway","layer":"Guidance lines","category":"Taxiways","object_type":"Line","style_id":"line.taxiway.c0b631","source_group":"COLOR_Taxiway","vsmr_group_ids":[],"geometry_role":"linework"},"geometry":{"type":"LineString","coordinates":[[3.107280418636063,50.57151676117226],[3.107502318221009,50.57088981853266]]}},{"type":"Feature","id":"LFQQ-74a60b0fe9c97bb52bbb","properties":{"airport":"LFQQ","name":"COLOR_Taxiway","layer":"Guidance lines","category":"Taxiways","object_type":"Line","style_id":"line.taxiway.c0b631","source_group":"COLOR_Taxiway","vsmr_group_ids":[],"geometry_role":"linework"},"geometry":{"type":"LineString","coordinates":[[3.107043072251097,50.57148863382778],[3.107250642836716,50.57145803128466]]}},{"type":"Feature","id":"LFQQ-b2f840a1c7b4b364ed96","properties":{"airport":"LFQQ","name":"COLOR_Taxiway","layer":"Guidance lines","category":"Taxiways","object_type":"Line","style_id":"line.taxiway.c0b631","source_group":"COLOR_Taxiway","vsmr_group_ids":[],"geometry_role":"linework"},"geometry":{"type":"LineString","coordinates":[[3.107509195585048,50.57086491015168],[3.107538070816454,50.57082436319816]]}},{"type":"Feature","id":"LFQQ-81b21c9148ba7179b102","properties":{"airport":"LFQQ","name":"COLOR_Taxiway","layer":"Guidance lines","category":"Taxiways","object_type":"Line","style_id":"line.taxiway.c0b631","source_group":"COLOR_Taxiway","vsmr_group_ids":[],"geometry_role":"linework"},"geometry":{"type":"LineString","coordinates":[[3.107572266109151,50.57078574675482],[3.107622421667338,50.57075243915439]]}},{"type":"Feature","id":"LFQQ-37122ad0bc58f485b7ad","properties":{"airport":"LFQQ","name":"COLOR_Taxiway","layer":"Guidance lines","category":"Taxiways","object_type":"Line","style_id":"line.taxiway.c0b631","source_group":"COLOR_Taxiway","vsmr_group_ids":[],"geometry_role":"linework"},"geometry":{"type":"LineString","coordinates":[[3.107682458074503,50.57072926751788],[3.107743255065625,50.57071140535216]]}},{"type":"Feature","id":"LFQQ-075d64f347e9cedfd5da","properties":{"airport":"LFQQ","name":"COLOR_Taxiway","layer":"Guidance lines","category":"Taxiways","object_type":"Line","style_id":"line.taxiway.c0b631","source_group":"COLOR_Taxiway","vsmr_group_ids":[],"geometry_role":"linework"},"geometry":{"type":"LineString","coordinates":[[3.107817732738174,50.57070223089909],[3.107856491889482,50.57070078105237],[3.107883851516187,50.57070174516198]]}},{"type":"Feature","id":"LFQQ-32b66345f2a70e608aa9","properties":{"airport":"LFQQ","name":"COLOR_Taxiway","layer":"Guidance lines","category":"Taxiways","object_type":"Line","style_id":"line.taxiway.c0b631","source_group":"COLOR_Taxiway","vsmr_group_ids":[],"geometry_role":"linework"},"geometry":{"type":"LineString","coordinates":[[3.107701627472612,50.57123205301688],[3.107714136034758,50.57123392169805],[3.107707511610369,50.57121289301007],[3.107685439876249,50.57122924987405],[3.107701627472612,50.57123205301688],[3.107694271433394,50.57124840921944],[3.107692803137789,50.57127784986005],[3.107697956853344,50.57130682289531],[3.107717826371295,50.57133626257702],[3.107746525042134,50.57136289799318],[3.107781109315939,50.57138299077775],[3.107820107962331,50.5713998121755],[3.107854691275345,50.57141102604692],[3.107894424416862,50.57141616461997],[3.107932685337773,50.57141569551629],[3.107968002831762,50.57141288998957],[3.107996440081777,50.57140936978679],[3.108004531348854,50.57138880772483],[3.108194786847269,50.57083803991528]]}},{"type":"Feature","id":"LFQQ-f94f0d04e1882b7c4e80","properties":{"airport":"LFQQ","name":"COLOR_Taxiway","layer":"Guidance lines","category":"Taxiways","object_type":"Line","style_id":"line.taxiway.c0b631","source_group":"COLOR_Taxiway","vsmr_group_ids":[],"geometry_role":"linework"},"geometry":{"type":"LineString","coordinates":[[3.108199199072654,50.57081794534368],[3.108187426390585,50.57081607668029],[3.10819478622179,50.57083289950023],[3.108215386369757,50.5708193464801],[3.108199199072654,50.57081794534368],[3.108223471701921,50.57075205336258]]}},{"type":"Feature","id":"LFQQ-3b393ac72ae4d939f53f","properties":{"airport":"LFQQ","name":"COLOR_Taxiway","layer":"Guidance lines","category":"Taxiways","object_type":"Line","style_id":"line.taxiway.c0b631","source_group":"COLOR_Taxiway","vsmr_group_ids":[],"geometry_role":"linework"},"geometry":{"type":"LineString","coordinates":[[3.107940215582941,50.57137060052],[3.107852252686634,50.5713592804802]]}},{"type":"Feature","id":"LFQQ-e3f94d6150e64e0898a4","properties":{"airport":"LFQQ","name":"COLOR_Taxiway","layer":"Guidance lines","category":"Taxiways","object_type":"Line","style_id":"line.taxiway.c0b631","source_group":"COLOR_Taxiway","vsmr_group_ids":[],"geometry_role":"linework"},"geometry":{"type":"LineString","coordinates":[[3.107980640090342,50.57145439743929],[3.107965192420319,50.57149818498122]]}},{"type":"Feature","id":"LFQQ-7ab2a58452770685b2ce","properties":{"airport":"LFQQ","name":"COLOR_Taxiway","layer":"Guidance lines","category":"Taxiways","object_type":"Line","style_id":"line.taxiway.c0b631","source_group":"COLOR_Taxiway","vsmr_group_ids":[],"geometry_role":"linework"},"geometry":{"type":"LineString","coordinates":[[3.10801390593674,50.57130944656646],[3.108099491448237,50.57132152155567]]}},{"type":"Feature","id":"LFQQ-90a0fe5e5a3163cb4fbf","properties":{"airport":"LFQQ","name":"COLOR_Taxiway","layer":"Guidance lines","category":"Taxiways","object_type":"Line","style_id":"line.taxiway.c0b631","source_group":"COLOR_Taxiway","vsmr_group_ids":[],"geometry_role":"linework"},"geometry":{"type":"LineString","coordinates":[[3.108580926047584,50.57127650919972],[3.108593818750669,50.57127767827971],[3.108583686152209,50.57125662321021],[3.108563428780629,50.57127475548154],[3.108580926047584,50.57127650919972],[3.108574482044633,50.57129405587139],[3.108555146618233,50.57132037638307],[3.108532127272203,50.57134435757283],[3.108498977797138,50.5713665846499],[3.108458460130037,50.57138120868417],[3.108416100417959,50.57139407817526],[3.108378344214555,50.57139934400374],[3.108334141484699,50.57140285551233],[3.108295463630579,50.57140227257451],[3.108250338620631,50.57139467141262],[3.108215343438938,50.57138648485747],[3.108181268452166,50.57137244946419],[3.108158244427479,50.57135958327927],[3.108331850027914,50.5708620746786]]}},{"type":"Feature","id":"LFQQ-19598ab70ed0517d6646","properties":{"airport":"LFQQ","name":"COLOR_Taxiway","layer":"Guidance lines","category":"Taxiways","object_type":"Line","style_id":"line.taxiway.c0b631","source_group":"COLOR_Taxiway","vsmr_group_ids":[],"geometry_role":"linework"},"geometry":{"type":"LineString","coordinates":[[3.108339213920011,50.57083633966982],[3.108326321414427,50.57083575543238],[3.108332769890281,50.57085388633992],[3.108352106572037,50.57083809365713],[3.108339213920011,50.57083633966982],[3.108361307237586,50.57077258681721]]}},{"type":"Feature","id":"LFQQ-719a799d2a0d340a7b9b","properties":{"airport":"LFQQ","name":"COLOR_Taxiway","layer":"Guidance lines","category":"Taxiways","object_type":"Line","style_id":"line.taxiway.c0b631","source_group":"COLOR_Taxiway","vsmr_group_ids":[],"geometry_role":"linework"},"geometry":{"type":"LineString","coordinates":[[3.108120451388321,50.57146364207986],[3.108107621376508,50.57149787747055]]}},{"type":"Feature","id":"LFQQ-c82ef353538ff3a7316b","properties":{"airport":"LFQQ","name":"COLOR_Taxiway","layer":"Guidance lines","category":"Taxiways","object_type":"Line","style_id":"line.taxiway.c0b631","source_group":"COLOR_Taxiway","vsmr_group_ids":[],"geometry_role":"linework"},"geometry":{"type":"LineString","coordinates":[[3.108223117881528,50.57141255664185],[3.108311246554867,50.57142342043786]]}},{"type":"Feature","id":"LFQQ-ec4cf5b90d5d0e236e71","properties":{"airport":"LFQQ","name":"COLOR_Taxiway","layer":"Guidance lines","category":"Taxiways","object_type":"Line","style_id":"line.taxiway.c0b631","source_group":"COLOR_Taxiway","vsmr_group_ids":[],"geometry_role":"linework"},"geometry":{"type":"LineString","coordinates":[[3.107963866220549,50.57138485532408],[3.108039160645084,50.57139463309908]]}},{"type":"Feature","id":"LFQQ-d681d47e5e69ed67a1a7","properties":{"airport":"LFQQ","name":"COLOR_Taxiway","layer":"Guidance lines","category":"Taxiways","object_type":"Line","style_id":"line.taxiway.c0b631","source_group":"COLOR_Taxiway","vsmr_group_ids":[],"geometry_role":"linework"},"geometry":{"type":"LineString","coordinates":[[3.108333494199853,50.5714386347648],[3.108416489431161,50.57145004216073]]}},{"type":"Feature","id":"LFQQ-bb21a3b50fb3424cb169","properties":{"airport":"LFQQ","name":"COLOR_Taxiway","layer":"Guidance lines","category":"Taxiways","object_type":"Line","style_id":"line.taxiway.c0b631","source_group":"COLOR_Taxiway","vsmr_group_ids":[],"geometry_role":"linework"},"geometry":{"type":"LineString","coordinates":[[3.108354037335905,50.57150710325615],[3.108338642122881,50.5715527504054]]}},{"type":"Feature","id":"LFQQ-d0af86f5436122903b32","properties":{"airport":"LFQQ","name":"COLOR_Taxiway","layer":"Guidance lines","category":"Taxiways","object_type":"Line","style_id":"line.taxiway.c0b631","source_group":"COLOR_Taxiway","vsmr_group_ids":[],"geometry_role":"linework"},"geometry":{"type":"LineString","coordinates":[[3.108573845871458,50.57087076028805],[3.108561011802911,50.57086967413891],[3.108567859028937,50.57088869308093],[3.108588391345504,50.57087347656456],[3.108573845871458,50.57087076028805],[3.108596082937087,50.57080609347953]]}},{"type":"Feature","id":"LFQQ-56b5f61119573a71db3e","properties":{"airport":"LFQQ","name":"COLOR_Taxiway","layer":"Guidance lines","category":"Taxiways","object_type":"Line","style_id":"line.taxiway.c0b631","source_group":"COLOR_Taxiway","vsmr_group_ids":[],"geometry_role":"linework"},"geometry":{"type":"LineString","coordinates":[[3.108649067074745,50.5714761084143],[3.108655912725131,50.57148208554584],[3.108675589030576,50.57146197838266],[3.108639654260956,50.57146741437603],[3.108649067074745,50.5714761084143],[3.108631955788057,50.57148263022175],[3.108602010694292,50.57149132633543],[3.108566076051391,50.57149784911959],[3.108520729110169,50.57149948170584],[3.108471103642554,50.57149731063445],[3.10843602274109,50.5714891613078],[3.108398374142332,50.5714739477917],[3.108378694178033,50.57146579766429],[3.108368426088035,50.57145927728316],[3.108566815449254,50.57089334881797]]}},{"type":"Feature","id":"LFQQ-626c99e90a3aeeb33856","properties":{"airport":"LFQQ","name":"COLOR_Taxiway","layer":"Guidance lines","category":"Taxiways","object_type":"Line","style_id":"line.taxiway.c0b631","source_group":"COLOR_Taxiway","vsmr_group_ids":[],"geometry_role":"linework"},"geometry":{"type":"LineString","coordinates":[[3.109189847165252,50.57095610430591],[3.109176563050404,50.57095723002118],[3.109183650391878,50.5709741038779],[3.109202246450491,50.57096060339374],[3.109189847165252,50.57095610430591],[3.109210207289839,50.57089254338706]]}},{"type":"Feature","id":"LFQQ-cd190156b57ce095b5f2","properties":{"airport":"LFQQ","name":"COLOR_Taxiway","layer":"Guidance lines","category":"Taxiways","object_type":"Line","style_id":"line.taxiway.c0b631","source_group":"COLOR_Taxiway","vsmr_group_ids":[],"geometry_role":"linework"},"geometry":{"type":"LineString","coordinates":[[3.109283714326856,50.57089816386021],[3.109361650436622,50.57090997125441]]}},{"type":"Feature","id":"LFQQ-cc1fcc7b982d6c02a418","properties":{"airport":"LFQQ","name":"COLOR_Taxiway","layer":"Guidance lines","category":"Taxiways","object_type":"Line","style_id":"line.taxiway.c0b631","source_group":"COLOR_Taxiway","vsmr_group_ids":[],"geometry_role":"linework"},"geometry":{"type":"LineString","coordinates":[[3.108951709852004,50.57163783832886],[3.109183061382736,50.57097817075281]]}},{"type":"Feature","id":"LFQQ-1121df6dbcde2681c6af","properties":{"airport":"LFQQ","name":"COLOR_Taxiway","layer":"Guidance lines","category":"Taxiways","object_type":"Line","style_id":"line.taxiway.c0b631","source_group":"COLOR_Taxiway","vsmr_group_ids":[],"geometry_role":"linework"},"geometry":{"type":"LineString","coordinates":[[3.10871890797217,50.57148360594288],[3.108731322700995,50.57147916987809],[3.108701834496517,50.57146537244315],[3.108704941591738,50.5714900133747],[3.10871890797217,50.57148360594288],[3.108732877312195,50.57149937549629],[3.108762366065754,50.57151711549671],[3.108801166129755,50.57153337652036],[3.108840741712646,50.57154618772889],[3.108877212475776,50.57155160676893],[3.108909802778612,50.57155209779982],[3.10895015245819,50.57155110991809],[3.108983518106674,50.57154716548735]]}},{"type":"Feature","id":"LFQQ-0c00598e9e2e802b9edf","properties":{"airport":"LFQQ","name":"COLOR_Taxiway","layer":"Guidance lines","category":"Taxiways","object_type":"Line","style_id":"line.taxiway.c0b631","source_group":"COLOR_Taxiway","vsmr_group_ids":[],"geometry_role":"linework"},"geometry":{"type":"LineString","coordinates":[[3.108681753035183,50.57129216880196],[3.108697722995917,50.57129349091733],[3.108691470889724,50.57127055993165],[3.108665782897531,50.57128952372276],[3.108681753035183,50.57129216880196],[3.108676894016036,50.57130231175444],[3.108674119406454,50.57132303826747],[3.10867412203641,50.57134288266648],[3.108683151714615,50.57136757742628],[3.108699125382604,50.57139668167742],[3.108718570135471,50.57142093488671],[3.108749124510561,50.57144651044998],[3.108792176335387,50.57146679349016],[3.108846336862889,50.5714813430845],[3.108906745706317,50.57149015949131],[3.108948406092997,50.57148971620138],[3.108992843418876,50.57148618583294],[3.109006729925781,50.57148398012817]]}},{"type":"Feature","id":"LFQQ-1ac5115aa5e1a30cee07","properties":{"airport":"LFQQ","name":"COLOR_Taxiway","layer":"Guidance lines","category":"Taxiways","object_type":"Line","style_id":"line.taxiway.c0b631","source_group":"COLOR_Taxiway","vsmr_group_ids":[],"geometry_role":"linework"},"geometry":{"type":"LineString","coordinates":[[3.108842173565702,50.57150162868351],[3.108919246985169,50.57151309008584]]}},{"type":"Feature","id":"LFQQ-7080fdf2f56e8bb7d1a1","properties":{"airport":"LFQQ","name":"COLOR_Taxiway","layer":"Guidance lines","category":"Taxiways","object_type":"Line","style_id":"line.taxiway.c0b631","source_group":"COLOR_Taxiway","vsmr_group_ids":[],"geometry_role":"linework"},"geometry":{"type":"LineString","coordinates":[[3.10886299421069,50.57143106974574],[3.108940067755457,50.57144429508233]]}},{"type":"Feature","id":"LFQQ-3d7709bbc1e2d557947a","properties":{"airport":"LFQQ","name":"COLOR_Taxiway","layer":"Guidance lines","category":"Taxiways","object_type":"Line","style_id":"line.taxiway.c0b631","source_group":"COLOR_Taxiway","vsmr_group_ids":[],"geometry_role":"linework"},"geometry":{"type":"LineString","coordinates":[[3.108953965807526,50.5715258767693],[3.109026178925711,50.57153733838954]]}},{"type":"Feature","id":"LFQQ-0d7b3c557baa52e2196f","properties":{"airport":"LFQQ","name":"COLOR_Taxiway","layer":"Guidance lines","category":"Taxiways","object_type":"Line","style_id":"line.taxiway.c0b631","source_group":"COLOR_Taxiway","vsmr_group_ids":[],"geometry_role":"linework"},"geometry":{"type":"LineString","coordinates":[[3.108976175150731,50.57145664068828],[3.109046999285947,50.57146677940299]]}},{"type":"Feature","id":"LFQQ-af68c57cbd548b8a8c55","properties":{"airport":"LFQQ","name":"COLOR_Taxiway","layer":"Guidance lines","category":"Taxiways","object_type":"Line","style_id":"line.taxiway.c0b631","source_group":"COLOR_Taxiway","vsmr_group_ids":[],"geometry_role":"linework"},"geometry":{"type":"LineString","coordinates":[[3.108125593207312,50.57133409079691],[3.108205443478207,50.57134511155581]]}},{"type":"Feature","id":"LFQQ-a1de7942a9af3fc226ef","properties":{"airport":"LFQQ","name":"COLOR_Taxiway","layer":"Guidance lines","category":"Taxiways","object_type":"Line","style_id":"line.taxiway.c0b631","source_group":"COLOR_Taxiway","vsmr_group_ids":[],"geometry_role":"linework"},"geometry":{"type":"LineString","coordinates":[[3.108134510129732,50.57131280466127],[3.108212219620015,50.57132423648399]]}},{"type":"Feature","id":"LFQQ-3199146263e1130f82f7","properties":{"airport":"LFQQ","name":"COLOR_Taxiway","layer":"Guidance lines","category":"Taxiways","object_type":"Line","style_id":"line.taxiway.c0b631","source_group":"COLOR_Taxiway","vsmr_group_ids":[],"geometry_role":"linework"},"geometry":{"type":"LineString","coordinates":[[3.108136404064361,50.5713013689448],[3.108216009078322,50.57131460629927]]}},{"type":"Feature","id":"LFQQ-6715669f00b74c0a0d15","properties":{"airport":"LFQQ","name":"COLOR_Taxiway","layer":"Guidance lines","category":"Taxiways","object_type":"Line","style_id":"line.taxiway.c0b631","source_group":"COLOR_Taxiway","vsmr_group_ids":[],"geometry_role":"linework"},"geometry":{"type":"LineString","coordinates":[[3.108982682697692,50.57143554289839],[3.109053758849436,50.57144637265515]]}},{"type":"Feature","id":"LFQQ-a7cca89658fc3579c36f","properties":{"airport":"LFQQ","name":"COLOR_Taxiway","layer":"Guidance lines","category":"Taxiways","object_type":"Line","style_id":"line.taxiway.c0b631","source_group":"COLOR_Taxiway","vsmr_group_ids":[],"geometry_role":"linework"},"geometry":{"type":"LineString","coordinates":[[3.108984576522169,50.57142470904208],[3.109061338628061,50.57143553848058]]}},{"type":"Feature","id":"LFQQ-ece0db0185cbea1e959d","properties":{"airport":"LFQQ","name":"COLOR_Taxiway","layer":"Guidance lines","category":"Taxiways","object_type":"Line","style_id":"line.taxiway.c0b631","source_group":"COLOR_Taxiway","vsmr_group_ids":[],"geometry_role":"linework"},"geometry":{"type":"LineString","coordinates":[[3.102901247362617,50.56769482292345],[3.102983883007504,50.56771620627026],[3.103044329488405,50.5677351596927],[3.103104776101819,50.56776091695497],[3.103168283476059,50.56779639400318],[3.103222609202556,50.56783138507896],[3.103274639712816,50.56787415202789],[3.103319784140133,50.5679227509118],[3.103352686420993,50.56797523785201],[3.10337351255487,50.56802045413025],[3.103388051350597,50.56807196917083],[3.103391877722237,50.56810404460933],[3.103391113317457,50.56814146599661],[3.103389583664014,50.56817402747261],[3.103385758224189,50.56818957925346],[3.102998939267803,50.56928927435627],[3.103385722753322,50.56818934756011],[3.103391078601307,50.56817914168622],[3.103401790312106,50.56816018791577],[3.103415562586407,50.56813977613999],[3.103430865130739,50.56811839236687],[3.103450758495854,50.56809506458382],[3.103474477585386,50.56807076477772],[3.103502787524119,50.56804549293614],[3.103533392864781,50.56801876307294],[3.103571649727299,50.56799543507527],[3.103609906628146,50.56797356502327],[3.103647398405789,50.56795363891587],[3.103692615225437,50.56793480363194],[3.103740053785478,50.56791779340399],[3.1037928483977,50.56790321305522],[3.103843347604076,50.56789106267244],[3.103900733145974,50.56788085614792],[3.103950467361181,50.56787502361421],[3.104000201619512,50.56787064903373],[3.104048405678177,50.56786870441469],[3.104103496124921,50.56786918963997],[3.104147874673078,50.56787307693314],[3.104177715501486,50.56787647843678]]}},{"type":"Feature","id":"LFQQ-a00a73ac2e1b5d35b0e0","properties":{"airport":"LFQQ","name":"COLOR_Taxiway","layer":"Guidance lines","category":"Taxiways","object_type":"Line","style_id":"line.taxiway.c0b631","source_group":"COLOR_Taxiway","vsmr_group_ids":[],"geometry_role":"linework"},"geometry":{"type":"LineString","coordinates":[[3.102995606660512,50.5693007975728],[3.102976204686345,50.56935146061085],[3.102964348091419,50.56940075433769],[3.102960036836306,50.56944251705239],[3.102962193105829,50.5694842797449],[3.102969739063488,50.56953015023115],[3.102992376037084,50.56958149772581],[3.103017168848587,50.56962805279284],[3.103040783492268,50.56966133102813],[3.103075277698699,50.56969898575037],[3.103117317426638,50.56973527114362],[3.103164746797868,50.56976744868351],[3.103222955556841,50.56980031076536],[3.103284398111685,50.56982974963193],[3.10334907443824,50.56985371136551],[3.10342345216148,50.56987424981489],[3.103512920906892,50.56988931104136],[3.104975087553172,50.57009557097986],[3.106188091298481,50.57026624209468],[3.106686912223506,50.57033761063029],[3.106769915306613,50.57035403881928],[3.106829203823509,50.57037183710703],[3.106890648739404,50.5703944277311],[3.106947782135758,50.57041907238984],[3.106995214249035,50.57044508668859],[3.107037256822418,50.57047247044327],[3.107073909996914,50.57050259295552],[3.107122420706483,50.57053271501747],[3.107167697236988,50.57055872937395],[3.107228065094561,50.57058405850982],[3.107291666517669,50.57060527969175],[3.107388210756452,50.5706292305905],[3.107504631200257,50.57064702611207],[3.10901944716828,50.57086031213997]]}},{"type":"Feature","id":"LFQQ-b321d39e39467236ba5c","properties":{"airport":"LFQQ","name":"COLOR_Taxiway","layer":"Guidance lines","category":"Taxiways","object_type":"Line","style_id":"line.taxiway.c0b631","source_group":"COLOR_Taxiway","vsmr_group_ids":[],"geometry_role":"linework"},"geometry":{"type":"LineString","coordinates":[[3.106151407236213,50.57026157578223],[3.106229811248715,50.57026804035129],[3.106300069072374,50.57026997818469],[3.106369308122447,50.57026544893269],[3.10642734655193,50.57025962660502],[3.106493530336043,50.57024863030697],[3.106550549788023,50.57023440075335],[3.106614696351484,50.57021499725324],[3.106682915371017,50.57019106660771],[3.106747060537096,50.5701567887326],[3.106789823660299,50.57013091880991],[3.106834622756731,50.57009987511571],[3.106870257817154,50.57006883173622],[3.106898765410819,50.57003908201532],[3.106923728685966,50.57000663205282],[3.10694510833148,50.56997494254539],[3.106958342794965,50.56994972042346],[3.107071679538256,50.5696307096497],[3.106726208493464,50.57061339659877],[3.106720101312943,50.57063797171708],[3.106717048704737,50.57066125331612],[3.106716033635528,50.57069617558001],[3.106718072867631,50.57072657078855]]}},{"type":"Feature","id":"LFQQ-c68b158d871276d5ca6a","properties":{"airport":"LFQQ","name":"COLOR_Taxiway","layer":"Guidance lines","category":"Taxiways","object_type":"Line","style_id":"line.taxiway.c0b631","source_group":"COLOR_Taxiway","vsmr_group_ids":[],"geometry_role":"linework"},"geometry":{"type":"LineString","coordinates":[[3.106904913042243,50.57010212943102],[3.10689680820726,50.5701416132498],[3.106892308293918,50.5701931136453],[3.106892312060765,50.5702331693717],[3.10690132553709,50.57027494143272],[3.106915744596137,50.57031499661758],[3.106932866113381,50.5703504739059],[3.106952690196376,50.57038251774568],[3.106975216808632,50.57041055592015],[3.106990595722674,50.57042941075687],[3.107008616701683,50.57044829346975],[3.107023033582272,50.57046431519722]]}},{"type":"Feature","id":"LFQQ-b20c38b43f2fc8a4df11","properties":{"airport":"LFQQ","name":"COLOR_Taxiway","layer":"Guidance lines","category":"Taxiways","object_type":"Line","style_id":"line.taxiway.c0b631","source_group":"COLOR_Taxiway","vsmr_group_ids":[],"geometry_role":"linework"},"geometry":{"type":"LineString","coordinates":[[3.10675883487544,50.56824347863162],[3.106820578044878,50.56825937463191],[3.106873143329143,50.56827421106046],[3.106919033977185,50.5682901076079],[3.106971600108452,50.56831289314301],[3.107025000821324,50.56833726845788],[3.107069223815671,50.56836217406445],[3.107113446865033,50.56838707965924],[3.107146823493434,50.5684125156389],[3.107186041188446,50.56844325081638],[3.107224425207069,50.56847981543954],[3.107253813379605,50.56851313486145],[3.107282185583351,50.56855446927578],[3.107306386336233,50.56859845355159],[3.107328084182692,50.56864349780645],[3.107343941578529,50.56868854229543],[3.107352289758016,50.56873305715682],[3.107352293670567,50.56877068311531],[3.107352297310755,50.56880565936341],[3.107348128168683,50.56883109681744],[3.107343125108697,50.56886077385975],[3.107074102466074,50.56961777307573],[3.107342939572271,50.56886075709428],[3.107350447369135,50.5688469782635],[3.107362125568562,50.56881995068328],[3.107384649897644,50.56878815315995],[3.107401334258557,50.56876165530659],[3.107427196237575,50.56873250734568],[3.107461401517904,50.56870123924476],[3.107492269515502,50.56867156109852],[3.10753314951191,50.5686397627152],[3.107575147999377,50.56861314074731],[3.107616028887592,50.56859035138734],[3.107661910515449,50.56856645328475],[3.10770854981735,50.56854484986967],[3.107760047862178,50.56852571494201],[3.107812517764721,50.56850843148898],[3.107876648245826,50.56849299901255],[3.107945305650628,50.56847763153137],[3.10801584394901,50.56846723896291],[3.108085360462816,50.5684613916819],[3.108164078106579,50.56845814121698],[3.108230528416633,50.5684581379407],[3.108283689075249,50.56846138192834]]}},{"type":"Feature","id":"LFQQ-c7f957a6be0d1509ef89","properties":{"airport":"LFQQ","name":"COLOR_Taxiway","layer":"Guidance lines","category":"Taxiways","object_type":"Line","style_id":"line.taxiway.c0b631","source_group":"COLOR_Taxiway","vsmr_group_ids":[],"geometry_role":"linework"},"geometry":{"type":"LineString","coordinates":[[3.106943729687801,50.56827008149428],[3.10702909138675,50.5682802067398],[3.107088187389102,50.56828139600678],[3.107152911339521,50.56828020183163],[3.107214820897362,50.56827602874947],[3.107272039705873,50.56826589785284],[3.107332072040576,50.56825040463379],[3.107388351922911,50.56823193254955],[3.107444631243974,50.56820809825327],[3.107497157637129,50.56817711450895],[3.107541241684821,50.56814553529594],[3.107571255388164,50.56811514826721],[3.107600330969307,50.56808416545213],[3.107621902592075,50.56805556615993],[3.107635032175036,50.56802935040775],[3.107723944041605,50.56778086546486],[3.107634859452759,50.56802931715933],[3.107631690394963,50.5680565524216],[3.107630755957296,50.56808932133116],[3.107634511663762,50.56812209003191],[3.107644834295611,50.56816141221528],[3.107664537119863,50.56819954239037],[3.10768893021071,50.56823826816655],[3.107713322355954,50.56826805697376],[3.107745218728937,50.56829724965857],[3.107776176611055,50.5683216760172],[3.107812762660305,50.5683455063248],[3.107853100762483,50.56836814485911],[3.107891392593929,50.56838456345218],[3.107935481901793,50.56840005212694],[3.107976756810984,50.56841256193148],[3.108016155401274,50.56842268862344]]}},{"type":"Feature","id":"LFQQ-a033b7a74a3c56a75147","properties":{"airport":"LFQQ","name":"COLOR_Taxiway","layer":"Guidance lines","category":"Taxiways","object_type":"Line","style_id":"line.taxiway.c0b631","source_group":"COLOR_Taxiway","vsmr_group_ids":[],"geometry_role":"linework"},"geometry":{"type":"LineString","coordinates":[[3.089263495366159,50.56377916176032],[3.090123498299526,50.56390542478081],[3.090214859255567,50.56392688306986],[3.090290329818426,50.56395086301006],[3.090375731324493,50.56397610561538],[3.090461129102602,50.56401648840908],[3.09054652325581,50.56407201140981],[3.090621986150404,50.56412879505132],[3.090683542767088,50.56419693246991],[3.090727225238168,50.56425749798976],[3.090747075943867,50.56430544419079],[3.090766926718032,50.56435339045404],[3.090774859660574,50.56440259720748],[3.090780805509648,50.56445558887282],[3.090778809976169,50.56449343947999],[3.090770856029128,50.56453002779605],[3.090498995223301,50.5652971048903],[3.090770399418878,50.56452983185806],[3.09078957630234,50.5644940229243],[3.09081213592463,50.56445749811341],[3.090847100066851,50.56441381236429],[3.090879806274394,50.56438158584596],[3.090913639436665,50.564351508083],[3.09095536611208,50.56431784998936],[3.091001602484351,50.56428562475021],[3.091056858654211,50.56425483278624],[3.091109883827323,50.56423055989148],[3.091170776317234,50.5642047819755],[3.091249709069308,50.56417900576734],[3.091339916073454,50.5641568116722],[3.091435759227048,50.56414034777574],[3.09152483585762,50.564129612889],[3.091622930965656,50.5641260409458],[3.09174931904304,50.56413798512176],[3.092616358342937,50.56425623728812]]}},{"type":"Feature","id":"LFQQ-7c1fa658ae8d8e7f742a","properties":{"airport":"LFQQ","name":"COLOR_Taxiway","layer":"Guidance lines","category":"Taxiways","object_type":"Line","style_id":"line.taxiway.c0b631","source_group":"COLOR_Taxiway","vsmr_group_ids":[],"geometry_role":"linework"},"geometry":{"type":"LineString","coordinates":[[3.094717072855839,50.56455919496298],[3.095676055552332,50.5646931381292],[3.0958025136316,50.56471657478239],[3.095913162906043,50.56474837798658],[3.096021175796415,50.56479356905514],[3.096121283861113,50.56484712714261],[3.096208218599881,50.56490403146344],[3.096279343789419,50.56497599651747],[3.096329392201453,50.56504796041797],[3.096360999886043,50.56510820871119],[3.096379432980294,50.5651801709467],[3.096387328674712,50.56524376507164],[3.096382053567981,50.56528894981543],[3.096106115073867,50.56610053667917],[3.096381642441368,50.56528888602467],[3.096405698011784,50.56524788135436],[3.096425954583204,50.56521893705645],[3.096455071844146,50.56518918917099],[3.096480391151977,50.56516346127393],[3.0965183693545,50.56513049767783],[3.096555080997605,50.56510316226839],[3.096590526207312,50.56508065099935],[3.096638630372983,50.56505009997325],[3.096713316459818,50.56501794214081],[3.096780406822204,50.56499302022162],[3.096839901689117,50.56497372616517],[3.096903193539238,50.5649576483842],[3.096976611579545,50.56494317909376],[3.09704749767292,50.56493192579131],[3.097131041309089,50.56492549723526],[3.097212052909697,50.56492308868677],[3.097300658670186,50.56492711271317],[3.097400154192627,50.56493902504214],[3.098212785136343,50.56505483882983]]}},{"type":"Feature","id":"LFQQ-5042c57c51b8c5191fdd","properties":{"airport":"LFQQ","name":"COLOR_Taxiway","layer":"Guidance lines","category":"Taxiways","object_type":"Line","style_id":"line.taxiway.c0b631","source_group":"COLOR_Taxiway","vsmr_group_ids":[],"geometry_role":"linework"},"geometry":{"type":"LineString","coordinates":[[3.106807935015514,50.56627779061165],[3.107638326767195,50.56639511674511],[3.107716906705831,50.56641130076275],[3.107782744754364,50.56643153219191],[3.10784008792018,50.56645176397481],[3.107884689651388,50.56648009008344],[3.107939910303459,50.56650976464691],[3.107984513591822,50.56655023137113],[3.108024870251755,50.56659744309193],[3.108054608640287,50.56664735323668],[3.108073729441649,50.56670670662934],[3.108080107519875,50.56676336271561],[3.1080737404548,50.56679843604334],[3.107734176785657,50.56775317012644],[3.108074118717301,50.56679873035797],[3.108090250405526,50.56676413879695],[3.108107392021673,50.56674171801555],[3.108130584083943,50.56671545350104],[3.108155793482952,50.56669239174328],[3.108179994304079,50.56666868944624],[3.108219322396462,50.56664498639613],[3.108261676012836,50.56662192371932],[3.108311089005653,50.56659886067419],[3.108365544731422,50.56657835960716],[3.108434119350505,50.56655849833919],[3.108502712796288,50.56654817263969],[3.108575322783431,50.56654176315756],[3.108641882526568,50.56654047851432],[3.108694324098233,50.56654367856832],[3.109281687373511,50.56662763265547]]}},{"type":"Feature","id":"LFQQ-b59d038bbf9fde823acf","properties":{"airport":"LFQQ","name":"COLOR_Taxiway","layer":"Guidance lines","category":"Taxiways","object_type":"Line","style_id":"line.taxiway.c0b631","source_group":"COLOR_Taxiway","vsmr_group_ids":[],"geometry_role":"linework"},"geometry":{"type":"LineString","coordinates":[[3.11490885156904,50.56939976736395],[3.115035358185723,50.56941111611727],[3.11512991662708,50.56941191747827],[3.115218083329578,50.56940298034231],[3.115306249329759,50.56939160836144],[3.11540080189032,50.56937130807224],[3.115485130559348,50.56934613928283],[3.115554125857023,50.56932259533976],[3.115606509816613,50.56929986481549],[3.115667835464893,50.56926658252018],[3.115731715538383,50.56922924191426],[3.115781538534632,50.56918784488458],[3.11582752664755,50.56914157867194],[3.11587447345621,50.56909277709276],[3.11590385049751,50.56904894760816],[3.11594599234742,50.56895885573379],[3.115748270700125,50.56953167368794],[3.115740609992956,50.5695535876236],[3.115739338349226,50.56957550082817],[3.115747011952599,50.56959903623286],[3.115752127350724,50.5696136443836],[3.115761076027144,50.56962744049895]]}},{"type":"Feature","id":"LFQQ-569b2a39de116424835d","properties":{"airport":"LFQQ","name":"COLOR_Taxiway","layer":"Guidance lines","category":"Taxiways","object_type":"Line","style_id":"line.taxiway.c0b631","source_group":"COLOR_Taxiway","vsmr_group_ids":[],"geometry_role":"linework"},"geometry":{"type":"LineString","coordinates":[[3.114774238876268,50.5674107200092],[3.11559441316833,50.56752802319642],[3.11571185922469,50.56755491237708],[3.11579850159341,50.56758058213223],[3.115883220950599,50.56761358909466],[3.115952539727098,50.56765026630802],[3.116025712619244,50.56769917145598],[3.116096963770842,50.56775908240454],[3.116152813250663,50.56781899514322],[3.116185558934608,50.56787524207236],[3.116218308463237,50.56794371747952],[3.116235655665751,50.56801097192169],[3.116235671682079,50.56806477713999],[3.116235263653588,50.56810132244726],[3.116228658686855,50.56814503757006],[3.115957171701262,50.56892549724753],[3.11622834989874,50.56814484414105],[3.116242901457937,50.56811962263468],[3.116270682977142,50.56807590505441],[3.116302436287424,50.56803639029241],[3.116343452854207,50.56799183045245],[3.116387117918751,50.56795231422849],[3.116444018302595,50.5679127963732],[3.116506213539596,50.5678757998059],[3.116580320545688,50.56783880172258],[3.116666655126872,50.56780659729989],[3.116776499187219,50.56777716080486],[3.116874435469763,50.56776117622579],[3.116955167905819,50.56775191897358],[3.11703590137389,50.567746024296],[3.117123254842009,50.56774769465563],[3.11719340378958,50.56775357042872],[3.117254288577171,50.56776112866045]]}},{"type":"Feature","id":"LFQQ-57b76e98525f417fb33f","properties":{"airport":"LFQQ","name":"COLOR_Taxiway","layer":"Guidance lines","category":"Taxiways","object_type":"Line","style_id":"line.taxiway.c0b631","source_group":"COLOR_Taxiway","vsmr_group_ids":[],"geometry_role":"linework"},"geometry":{"type":"LineString","coordinates":[[3.118843191384457,50.56798778460823],[3.11966573543315,50.5681034350997],[3.119721825745885,50.56811395206695],[3.119802139408365,50.56813580029529],[3.119869705312057,50.56815522146569],[3.11993217522474,50.56818193006899],[3.120020147273486,50.56823049494798],[3.120992068479163,50.56879626158484],[3.121043067471951,50.56882297142027],[3.121091514531236,50.56884320457234],[3.121146333948281,50.5688601981446],[3.121204975649177,50.56887233329197],[3.121273813501475,50.56888041859753],[3.121346472330448,50.56888040690099],[3.121421678024021,50.56887391766058],[3.121486684689252,50.56886419150073],[3.121551688420909,50.56884717857138],[3.121605218391565,50.56882692894004],[3.121654922539763,50.56880263171691],[3.121703349349885,50.56877185758449],[3.121741576002888,50.56873541764493],[3.121772767170437,50.56869884064216],[3.121799517425148,50.56865349667754],[3.121812247201061,50.56861139357208],[3.121821152510971,50.56856848147578],[3.121822406913712,50.56851909357802],[3.121808365231735,50.56847051784712],[3.121789227435148,50.56842842003373],[3.121762441802236,50.56838713310032],[3.121735658535951,50.56835151359846],[3.121694852964689,50.56831427711528],[3.121632374957082,50.56827056710357],[3.121567350926442,50.56823495376744],[3.121502331889507,50.56821148491576],[3.12143986389571,50.56819206379438],[3.121382497664724,50.56817992851042],[3.121311110422267,50.56816941472767],[3.12124482420675,50.56816456751771],[3.121175989843881,50.56816295919886],[3.121109707493332,50.56816782754372],[3.121051074486123,50.5681759331971],[3.12099626687893,50.56818727675227],[3.120941460115003,50.5682010491932],[3.120900675691445,50.56821643868485],[3.12084758428983,50.56822969158114],[3.120790226085683,50.56823779695011],[3.12074178792618,50.56823861417725],[3.120700996072185,50.56823457238567],[3.119874949225541,50.56811811088426]]}},{"type":"Feature","id":"LFQQ-9960ef6f9c256127fa6f","properties":{"airport":"LFQQ","name":"COLOR_Taxiway","layer":"Guidance lines","category":"Taxiways","object_type":"Line","style_id":"line.taxiway.c0b631","source_group":"COLOR_Taxiway","vsmr_group_ids":[],"geometry_role":"linework"},"geometry":{"type":"LineString","coordinates":[[3.11687189539823,50.57128491024598],[3.116848271548234,50.57135599713877]]}},{"type":"Feature","id":"LFQQ-04957c210382aef64a68","properties":{"airport":"LFQQ","name":"COLOR_Taxiway","layer":"Guidance lines","category":"Taxiways","object_type":"Line","style_id":"line.taxiway.c0b631","source_group":"COLOR_Taxiway","vsmr_group_ids":[],"geometry_role":"linework"},"geometry":{"type":"LineString","coordinates":[[3.116717398422617,50.57124388070707],[3.116707938074872,50.5712368735856],[3.116690601922298,50.57124989107074],[3.116722130262757,50.57125289077584],[3.116717398422617,50.57124388070707],[3.116826159184733,50.5712148331028]]}},{"type":"Feature","id":"LFQQ-801f588ae0d408e20d3b","properties":{"airport":"LFQQ","name":"COLOR_Taxiway","layer":"Guidance lines","category":"Taxiways","object_type":"Line","style_id":"line.taxiway.c0b631","source_group":"COLOR_Taxiway","vsmr_group_ids":[],"geometry_role":"linework"},"geometry":{"type":"LineString","coordinates":[[3.116619633021662,50.57114277319922],[3.116608608668512,50.57117681472744]]}},{"type":"Feature","id":"LFQQ-3c1707af31a8d4571edb","properties":{"airport":"LFQQ","name":"COLOR_Taxiway","layer":"Guidance lines","category":"Taxiways","object_type":"Line","style_id":"line.taxiway.c0b631","source_group":"COLOR_Taxiway","vsmr_group_ids":[],"geometry_role":"linework"},"geometry":{"type":"LineString","coordinates":[[3.116570763224074,50.5711347696555],[3.116556586994703,50.57117181510571]]}},{"type":"Feature","id":"LFQQ-c81e8c9b649a2106c922","properties":{"airport":"LFQQ","name":"COLOR_Taxiway","layer":"Guidance lines","category":"Taxiways","object_type":"Line","style_id":"line.taxiway.c0b631","source_group":"COLOR_Taxiway","vsmr_group_ids":[],"geometry_role":"linework"},"geometry":{"type":"LineString","coordinates":[[3.116430417469596,50.57096959142251],[3.116408369464614,50.57104067801677]]}},{"type":"Feature","id":"LFQQ-2bcb55860551e88a5216","properties":{"airport":"LFQQ","name":"COLOR_Taxiway","layer":"Guidance lines","category":"Taxiways","object_type":"Line","style_id":"line.taxiway.c0b631","source_group":"COLOR_Taxiway","vsmr_group_ids":[],"geometry_role":"linework"},"geometry":{"type":"LineString","coordinates":[[3.116020626242124,50.57115859761145],[3.11601274669363,50.57116660798919],[3.116044272652654,50.57116159841015],[3.116022199726747,50.57114858560303],[3.116020626242124,50.57115859761145],[3.115903970040246,50.57114159100883]]}},{"type":"Feature","id":"LFQQ-d433fe86e18d7aea0730","properties":{"airport":"LFQQ","name":"COLOR_Taxiway","layer":"Guidance lines","category":"Taxiways","object_type":"Line","style_id":"line.taxiway.c0b631","source_group":"COLOR_Taxiway","vsmr_group_ids":[],"geometry_role":"linework"},"geometry":{"type":"LineString","coordinates":[[3.115635980507401,50.57111859438299],[3.115651733597014,50.57108054763749]]}},{"type":"Feature","id":"LFQQ-729ab23999dc0b5858a9","properties":{"airport":"LFQQ","name":"COLOR_Taxiway","layer":"Guidance lines","category":"Taxiways","object_type":"Line","style_id":"line.taxiway.c0b631","source_group":"COLOR_Taxiway","vsmr_group_ids":[],"geometry_role":"linework"},"geometry":{"type":"LineString","coordinates":[[3.115590263687911,50.57111159125562],[3.115602864367251,50.57107454604895]]}},{"type":"Feature","id":"LFQQ-477bdd87aac657cc24d3","properties":{"airport":"LFQQ","name":"COLOR_Taxiway","layer":"Guidance lines","category":"Taxiways","object_type":"Line","style_id":"line.taxiway.c0b631","source_group":"COLOR_Taxiway","vsmr_group_ids":[],"geometry_role":"linework"},"geometry":{"type":"LineString","coordinates":[[3.115727333202609,50.57084626200705],[3.115743086693661,50.57081021760782]]}},{"type":"Feature","id":"LFQQ-d85cd52b65599e4f37b3","properties":{"airport":"LFQQ","name":"COLOR_Taxiway","layer":"Guidance lines","category":"Taxiways","object_type":"Line","style_id":"line.taxiway.c0b631","source_group":"COLOR_Taxiway","vsmr_group_ids":[],"geometry_role":"linework"},"geometry":{"type":"LineString","coordinates":[[3.11567846375596,50.57083825809364],[3.115691065108301,50.5708042164284]]}},{"type":"Feature","id":"LFQQ-eb08c8ae1d09eb6d2003","properties":{"airport":"LFQQ","name":"COLOR_Taxiway","layer":"Guidance lines","category":"Taxiways","object_type":"Line","style_id":"line.taxiway.c0b631","source_group":"COLOR_Taxiway","vsmr_group_ids":[],"geometry_role":"linework"},"geometry":{"type":"LineString","coordinates":[[3.11581553169316,50.5705719278604],[3.115828131986049,50.57053488265842]]}},{"type":"Feature","id":"LFQQ-78f210882ced29a67924","properties":{"airport":"LFQQ","name":"COLOR_Taxiway","layer":"Guidance lines","category":"Taxiways","object_type":"Line","style_id":"line.taxiway.c0b631","source_group":"COLOR_Taxiway","vsmr_group_ids":[],"geometry_role":"linework"},"geometry":{"type":"LineString","coordinates":[[3.115768239487249,50.5705659261546],[3.115779264005367,50.57053088349722]]}},{"type":"Feature","id":"LFQQ-0e6558907fc5fde129ce","properties":{"airport":"LFQQ","name":"COLOR_Taxiway","layer":"Guidance lines","category":"Taxiways","object_type":"Line","style_id":"line.taxiway.c0b631","source_group":"COLOR_Taxiway","vsmr_group_ids":[],"geometry_role":"linework"},"geometry":{"type":"LineString","coordinates":[[3.116968743465836,50.57120519689143],[3.116210824539956,50.57110691606267],[3.116141549070774,50.57131728379023],[3.116438234179975,50.57041587429538]]}},{"type":"Feature","id":"LFQQ-93b202000bb3a52d1a2a","properties":{"airport":"LFQQ","name":"COLOR_Taxiway","layer":"Guidance lines","category":"Taxiways","object_type":"Line","style_id":"line.taxiway.c0b631","source_group":"COLOR_Taxiway","vsmr_group_ids":[],"geometry_role":"linework"},"geometry":{"type":"LineString","coordinates":[[3.116274720909631,50.57133619420242],[3.116482958635494,50.57071788565927]]}},{"type":"Feature","id":"LFQQ-f57b8686e9e4645a50e8","properties":{"airport":"LFQQ","name":"COLOR_Taxiway","layer":"Guidance lines","category":"Taxiways","object_type":"Line","style_id":"line.taxiway.c0b631","source_group":"COLOR_Taxiway","vsmr_group_ids":[],"geometry_role":"linework"},"geometry":{"type":"LineString","coordinates":[[3.115872373262851,50.56993435791846],[3.115860804172186,50.56995641504208],[3.115841221994866,50.5699807352094],[3.11581896759874,50.57000166247211],[3.115790479160372,50.57001863171046],[3.115741511009458,50.57003503774251],[3.115707677803861,50.57004409010927],[3.115653365671029,50.57005540691404],[3.115614190399243,50.57006615645908],[3.115576795135677,50.5700740781278],[3.115539401885741,50.57008935171795],[3.115495777378374,50.57011084686148],[3.11547174264651,50.5701346019446],[3.115453050096442,50.57015722537226],[3.115378469356298,50.57038497183052],[3.11534288250793,50.57049468915286],[3.115173236525528,50.57101153027763],[3.115155530130818,50.57103340614204],[3.115131918270171,50.57105028288819],[3.115103384798006,50.57106153543657],[3.115076818677982,50.57107028787991],[3.115044347272198,50.57107466617075],[3.115014826083224,50.57107216947037],[3.114631046350871,50.57102346247104],[3.114589715450669,50.57101534216105],[3.114562160482781,50.57100597046567],[3.114538539378409,50.57098784876789],[3.114517870464668,50.57097035172648],[3.11450704115446,50.57095035378516],[3.114503100932351,50.5709341049556],[3.114623573045656,50.57057592033279],[3.114631439461515,50.57055404555991],[3.114647177918333,50.57053216997719],[3.114664886313263,50.5705177938212],[3.114683578859154,50.57050404253459],[3.114705224386685,50.57049404075202],[3.114733759397639,50.57048966297015],[3.114771152083786,50.57049153394468],[3.115170673156931,50.57054586357864],[3.115211018224058,50.57054835907294],[3.115242505840312,50.57054585576153],[3.115277927953974,50.57053772727362],[3.115298589749389,50.57052897542453],[3.115321217376561,50.5705120987358],[3.115335973422946,50.57049709781964],[3.115349744070388,50.57047709724319]]}},{"type":"Feature","id":"LFQQ-9035a453b35c83fbf668","properties":{"airport":"LFQQ","name":"COLOR_Taxiway","layer":"Guidance lines","category":"Taxiways","object_type":"Line","style_id":"line.taxiway.c0b631","source_group":"COLOR_Taxiway","vsmr_group_ids":[],"geometry_role":"linework"},"geometry":{"type":"LineString","coordinates":[[3.114624785408167,50.57057205148809],[3.114628891539222,50.57059635439445],[3.114641197305668,50.57062022245114],[3.114665802756724,50.57064452320749],[3.114693822410801,50.57065970985078],[3.114727306562972,50.5706670841314],[3.115131156933317,50.57072042151346],[3.115167372972045,50.57072258752282],[3.115203586686612,50.57071607377027],[3.115238432369811,50.57070435229819],[3.115262344126946,50.57068916011037],[3.115279422854078,50.57067440265168],[3.115290350755762,50.57065573997284]]}},{"type":"Feature","id":"LFQQ-df76cb4cfca88bf34aa5","properties":{"airport":"LFQQ","name":"COLOR_Taxiway","layer":"Guidance lines","category":"Taxiways","object_type":"Line","style_id":"line.taxiway.c0b631","source_group":"COLOR_Taxiway","vsmr_group_ids":[],"geometry_role":"linework"},"geometry":{"type":"LineString","coordinates":[[3.114570162761781,50.57073567054027],[3.114568803175837,50.57076301192576],[3.114579059897489,50.5707903521055],[3.114599565541132,50.57081465330105],[3.114628952904894,50.57083374570869],[3.114665854385665,50.5708437235747],[3.115090205781688,50.57089749294903],[3.115123687782579,50.57089618736858],[3.115158534299431,50.57088706984303],[3.115184497860313,50.57087838726521],[3.11520362711867,50.57086536554487],[3.11522070642372,50.57085234405117],[3.115230951969912,50.57083715335115]]}},{"type":"Feature","id":"LFQQ-ed646fe07e798d6ab714","properties":{"airport":"LFQQ","name":"COLOR_Taxiway","layer":"Guidance lines","category":"Taxiways","object_type":"Line","style_id":"line.taxiway.c0b631","source_group":"COLOR_Taxiway","vsmr_group_ids":[],"geometry_role":"linework"},"geometry":{"type":"LineString","coordinates":[[3.115389346591371,50.57035063563085],[3.11538457109739,50.5703784113959],[3.11538731206954,50.57040662031138],[3.115399619238464,50.57043439418056],[3.115417392521289,50.57046086546784],[3.115437896988154,50.5704799586552],[3.115474801214508,50.57050035197318],[3.115523320006452,50.57051466814824],[3.115615570012986,50.5705272434341],[3.116083061307582,50.5705876717616],[3.116122693447811,50.57058853510781],[3.116155490483798,50.57058245544282],[3.116186920532662,50.57057507396546],[3.116210833408941,50.57056508943879],[3.116232012548943,50.57055336927582],[3.116260022479658,50.57053383652194],[3.11627914949445,50.57051473879818],[3.116292810441164,50.57049694367922],[3.116355473258099,50.57030258823989]]}},{"type":"Feature","id":"LFQQ-34b449db0d500e8475b2","properties":{"airport":"LFQQ","name":"COLOR_Taxiway","layer":"Guidance lines","category":"Taxiways","object_type":"Line","style_id":"line.taxiway.c0b631","source_group":"COLOR_Taxiway","vsmr_group_ids":[],"geometry_role":"linework"},"geometry":{"type":"LineString","coordinates":[[3.116355764306245,50.57030266347572],[3.116120216547666,50.57102830715532],[3.116107918888815,50.57104728542753],[3.116088592630202,50.57107240408276],[3.116066628023288,50.57109082533999],[3.116036753728111,50.5711075730768],[3.116009513887887,50.57111762280515],[3.115971727971312,50.5711259993188],[3.115935698840273,50.57113158489508],[3.115904062261337,50.57113214668675],[3.115868030416709,50.57112824382213],[3.115346805923342,50.57106015799295],[3.115297589350405,50.57104565170735],[3.115267706480207,50.57103170142668],[3.115245731734384,50.57101384328826],[3.115229907056856,50.57099040304978],[3.11521408163886,50.57096417210492],[3.115206164789504,50.57093570772452],[3.115207035728544,50.5709066842455]]}},{"type":"Feature","id":"LFQQ-4f520bddee2ad0c9ca84","properties":{"airport":"LFQQ","name":"COLOR_Taxiway","layer":"Guidance lines","category":"Taxiways","object_type":"Line","style_id":"line.taxiway.c0b631","source_group":"COLOR_Taxiway","vsmr_group_ids":[],"geometry_role":"linework"},"geometry":{"type":"LineString","coordinates":[[3.115294842844103,50.57064099887677],[3.115295728009044,50.57066444075216],[3.115299249096566,50.57068620790952],[3.115312438403792,50.57071355543557],[3.115330021225571,50.57073922804254],[3.115350237992791,50.57075597008441],[3.115380122094684,50.57077494362247],[3.115417913365577,50.57078666042921],[3.115500522903287,50.57079781407747],[3.115971573573657,50.57085915647431],[3.116005734815273,50.57086173962223],[3.11604703730568,50.57085894412274],[3.116086580417285,50.57085000923253],[3.116116456468359,50.57083995919466],[3.116141059284663,50.57082823532208],[3.116164781492161,50.57081037199091],[3.116190260121448,50.57078860145427],[3.116207828309652,50.57076236669908]]}},{"type":"Feature","id":"LFQQ-622d898791b07f6a37fc","properties":{"airport":"LFQQ","name":"COLOR_Taxiway","layer":"Guidance lines","category":"Taxiways","object_type":"Line","style_id":"line.taxiway.c0b631","source_group":"COLOR_Taxiway","vsmr_group_ids":[],"geometry_role":"linework"},"geometry":{"type":"LineString","coordinates":[[3.114832380183736,50.57111526295268],[3.114850748676403,50.57106564450354]]}},{"type":"Feature","id":"LFQQ-571a0ec78bd149dc78fc","properties":{"airport":"LFQQ","name":"COLOR_Taxiway","layer":"Guidance lines","category":"Taxiways","object_type":"Line","style_id":"line.taxiway.c0b631","source_group":"COLOR_Taxiway","vsmr_group_ids":[],"geometry_role":"linework"},"geometry":{"type":"LineString","coordinates":[[3.114691429672234,50.57101604486993],[3.114712861880842,50.5709664261596]]}},{"type":"Feature","id":"LFQQ-2f9354dd426d1c796473","properties":{"airport":"LFQQ","name":"COLOR_Taxiway","layer":"Guidance lines","category":"Taxiways","object_type":"Line","style_id":"line.taxiway.c0b631","source_group":"COLOR_Taxiway","vsmr_group_ids":[],"geometry_role":"linework"},"geometry":{"type":"LineString","coordinates":[[3.114892074210758,50.57094111254056],[3.114907378203471,50.57088857587905]]}},{"type":"Feature","id":"LFQQ-13de387d24ee922e2316","properties":{"airport":"LFQQ","name":"COLOR_Taxiway","layer":"Guidance lines","category":"Taxiways","object_type":"Line","style_id":"line.taxiway.c0b631","source_group":"COLOR_Taxiway","vsmr_group_ids":[],"geometry_role":"linework"},"geometry":{"type":"LineString","coordinates":[[3.114752655385113,50.57083994873541],[3.114771022317029,50.57078449316545]]}},{"type":"Feature","id":"LFQQ-0655a1af188b8a971d6e","properties":{"airport":"LFQQ","name":"COLOR_Taxiway","layer":"Guidance lines","category":"Taxiways","object_type":"Line","style_id":"line.taxiway.c0b631","source_group":"COLOR_Taxiway","vsmr_group_ids":[],"geometry_role":"linework"},"geometry":{"type":"LineString","coordinates":[[3.114953298436147,50.57076307066569],[3.114967070751056,50.57071150705096]]}},{"type":"Feature","id":"LFQQ-3fc469e556d08f101410","properties":{"airport":"LFQQ","name":"COLOR_Taxiway","layer":"Guidance lines","category":"Taxiways","object_type":"Line","style_id":"line.taxiway.c0b631","source_group":"COLOR_Taxiway","vsmr_group_ids":[],"geometry_role":"linework"},"geometry":{"type":"LineString","coordinates":[[3.114807753901363,50.57066579905555],[3.114826121927123,50.57061520780583]]}},{"type":"Feature","id":"LFQQ-967922182e25fd2934a5","properties":{"airport":"LFQQ","name":"COLOR_Taxiway","layer":"Guidance lines","category":"Taxiways","object_type":"Line","style_id":"line.taxiway.c0b631","source_group":"COLOR_Taxiway","vsmr_group_ids":[],"geometry_role":"linework"},"geometry":{"type":"LineString","coordinates":[[3.11567161250865,50.57043902537232],[3.115654776700842,50.57048767085843]]}},{"type":"Feature","id":"LFQQ-83a362894100e293ea79","properties":{"airport":"LFQQ","name":"COLOR_Taxiway","layer":"Guidance lines","category":"Taxiways","object_type":"Line","style_id":"line.taxiway.c0b631","source_group":"COLOR_Taxiway","vsmr_group_ids":[],"geometry_role":"linework"},"geometry":{"type":"LineString","coordinates":[[3.115924419396214,50.57066664837316],[3.115944318281314,50.57061702967683]]}},{"type":"Feature","id":"LFQQ-6af7a0a148e9fb989bd9","properties":{"airport":"LFQQ","name":"COLOR_Taxiway","layer":"Guidance lines","category":"Taxiways","object_type":"Line","style_id":"line.taxiway.c0b631","source_group":"COLOR_Taxiway","vsmr_group_ids":[],"geometry_role":"linework"},"geometry":{"type":"LineString","coordinates":[[3.115567541626219,50.57076008454105],[3.115584377638543,50.57071143911329]]}},{"type":"Feature","id":"LFQQ-79404365091b5a6a1522","properties":{"airport":"LFQQ","name":"COLOR_Taxiway","layer":"Guidance lines","category":"Taxiways","object_type":"Line","style_id":"line.taxiway.c0b631","source_group":"COLOR_Taxiway","vsmr_group_ids":[],"geometry_role":"linework"},"geometry":{"type":"LineString","coordinates":[[3.115840246040509,50.57092836028271],[3.115858613346285,50.57087874174512]]}},{"type":"Feature","id":"LFQQ-e989f30f193da37a1ce5","properties":{"airport":"LFQQ","name":"COLOR_Taxiway","layer":"Guidance lines","category":"Taxiways","object_type":"Line","style_id":"line.taxiway.c0b631","source_group":"COLOR_Taxiway","vsmr_group_ids":[],"geometry_role":"linework"},"geometry":{"type":"LineString","coordinates":[[3.115475709815083,50.57103249888063],[3.115494077905872,50.57098385320128]]}},{"type":"Feature","id":"LFQQ-a691bfe5b0d9a283c11f","properties":{"airport":"LFQQ","name":"COLOR_Taxiway","layer":"Guidance lines","category":"Taxiways","object_type":"Line","style_id":"line.taxiway.c0b631","source_group":"COLOR_Taxiway","vsmr_group_ids":[],"geometry_role":"linework"},"geometry":{"type":"LineString","coordinates":[[3.115748418949897,50.57121244938948],[3.115766785955514,50.57116088501674]]}},{"type":"Feature","id":"LFQQ-e7a1c66a931c4fb259f1","properties":{"airport":"LFQQ","name":"COLOR_Taxiway","layer":"Guidance lines","category":"Taxiways","object_type":"Line","style_id":"line.taxiway.c0b631","source_group":"COLOR_Taxiway","vsmr_group_ids":[],"geometry_role":"linework"},"geometry":{"type":"LineString","coordinates":[[3.096823261697053,50.56682912269129],[3.096891927752354,50.5668444594185],[3.096936466001363,50.56685920276936],[3.096983787101721,50.56687689377944],[3.097030179058797,50.56689753185076],[3.097077496019727,50.56692583285277],[3.09712202902525,50.56695413339934],[3.097158207259358,50.56698950595349],[3.097186959413316,50.56703018234937],[3.097213854924095,50.56707262681144],[3.097234253739651,50.56711683858578],[3.097241248423543,50.56715060781396],[3.097241233557955,50.56718843067262],[3.097238546245202,50.56721647865731],[3.097231173428405,50.56724962561453]]}},{"type":"Feature","id":"LFQQ-e33d15ccad7dce327e1b","properties":{"airport":"LFQQ","name":"COLOR_TaxiwayBlue","layer":"Guidance lines","category":"Taxiway Blue","object_type":"Line","style_id":"line.taxiwayblue.004080","source_group":"COLOR_TaxiwayBlue","vsmr_group_ids":[],"geometry_role":"linework"},"geometry":{"type":"LineString","coordinates":[[3.098057964475271,50.56881476563701],[3.098037800012432,50.56880885533951],[3.098022288476736,50.56879949678211],[3.09801530748655,50.56878570467934],[3.098016857200447,50.56876944938062],[3.098029264719819,50.56875664178899],[3.098048652499341,50.56874925237958],[3.098072694086142,50.56874875896469],[3.098094409434222,50.56875269888437],[3.098109145632484,50.5687645203698],[3.098116126690555,50.56877880503769],[3.098115352212814,50.5687911196521],[3.098101393639816,50.56880392730112],[3.09808821018263,50.56881180908879],[3.098071924196231,50.56881525774361],[3.098057964475271,50.56881476563701]]}},{"type":"Feature","id":"LFQQ-5b8d95590a7110405378","properties":{"airport":"LFQQ","name":"COLOR_TaxiwayBlue","layer":"Guidance lines","category":"Taxiway Blue","object_type":"Line","style_id":"line.taxiwayblue.004080","source_group":"COLOR_TaxiwayBlue","vsmr_group_ids":[],"geometry_role":"linework"},"geometry":{"type":"LineString","coordinates":[[3.098127128877517,50.56860262602999],[3.098109831687137,50.56859666277487],[3.098095005262909,50.56858850222109],[3.098085120395684,50.56857626095969],[3.098082648185707,50.56856150834498],[3.098088083140134,50.56854832488899],[3.098105872751118,50.56853388546126],[3.098128110710872,50.5685269791711],[3.098152326001504,50.56852666443591],[3.098173576557399,50.56853105811198],[3.098193839344108,50.56854235734132],[3.09820125352146,50.56855742366688],[3.098200760656211,50.56857249027104],[3.098188407380429,50.56858944061607],[3.098166663924273,50.5686001135487],[3.098148379166685,50.56860356694973],[3.098136518588206,50.56860356736456],[3.098127128877517,50.56860262602999]]}},{"type":"Feature","id":"LFQQ-c4635176c788d3f1fe97","properties":{"airport":"LFQQ","name":"COLOR_Void_LFQQ","layer":"Airfield surfaces","category":"void_lfqq","object_type":"Area","style_id":"polygon.void_lfqq","source_group":"COLOR_Void_LFQQ","vsmr_group_ids":[],"geometry_role":"filled_region"},"geometry":{"type":"Polygon","coordinates":[[[3.089789980545912,50.57595320449658],[3.088556071025192,50.57303409870181],[3.087403991060764,50.5703657568651],[3.086066801047667,50.56707070699531],[3.084171579942394,50.56642879127569],[3.083534974004489,50.56633217390921],[3.082377543992316,50.56611138037638],[3.081531258948633,50.56579873289761],[3.081082696975008,50.56584459436767],[3.078749465963151,50.56503793848017],[3.077649968908489,50.56481251406776],[3.077649861260299,50.56499632735217],[3.075508583248436,50.5648165921471],[3.075733297838492,50.56410896742573],[3.075212990439147,50.5615641434803],[3.077000883251306,50.55970348526512],[3.077348431370031,50.55912915367117],[3.082997272306702,50.55982523546695],[3.082636079284831,50.55880041230273],[3.08732874390238,50.55911160281488],[3.087907426253718,50.55911628573375],[3.088775452339347,50.55910262545829],[3.089715816201846,50.55906599144074],[3.090554850669589,50.55921774372468],[3.091994216915781,50.55957634679143],[3.092857719317004,50.55986906296138],[3.093328607502768,50.55928644860366],[3.094318591559899,50.55963189744895],[3.095217547684819,50.55992704424894],[3.094469101504227,50.56076449497383],[3.096036783428222,50.56139464856771],[3.096678123853329,50.56164746046913],[3.096914354198554,50.56171515215856],[3.099426403089696,50.56241701025264],[3.099996523815685,50.56250757866491],[3.101665328059218,50.56274908518765],[3.103559847189992,50.56302452722545],[3.104486748853135,50.56312427646587],[3.105189123311309,50.56211408586604],[3.105308841215639,50.56214001186878],[3.105523788943576,50.56218494983708],[3.105662552608075,50.5622108752765],[3.105994496490836,50.56223507091822],[3.107037471627772,50.56237505811641],[3.107084429680498,50.56349421291226],[3.108623619668682,50.56388407494777],[3.109378866014905,50.5634964646135],[3.10955365872515,50.56340427574526],[3.109711962802717,50.56333932295696],[3.110038466222438,50.56322827161555],[3.11063194043607,50.56306483660521],[3.110926528255209,50.56293722918399],[3.111267986361879,50.56284364400788],[3.112285692381975,50.56283082982802],[3.113236441165457,50.56285203508833],[3.114080071606962,50.56293278323015],[3.114642514182175,50.56309435656229],[3.11557324147711,50.56340900562401],[3.115586635106096,50.56342176370487],[3.116236173175646,50.56376195102643],[3.116858970540246,50.56421697229055],[3.117430123722755,50.56482924232467],[3.117751683747323,50.56546292198563],[3.117905826853142,50.56598603588194],[3.117885805119691,50.56622846417943],[3.119351300773781,50.56641555433302],[3.119532116636143,50.56649209000366],[3.119719645036172,50.56661966197439],[3.120114740593363,50.56672168880512],[3.120797767825236,50.56684068849663],[3.121942840487806,50.56703192058628],[3.122304452326539,50.56711693009105],[3.123054463433159,50.56728694107518],[3.12361698097029,50.56742720513075],[3.124119240437127,50.56757172942108],[3.124253242273993,50.56777160309699],[3.124199720144465,50.56788644552626],[3.123885129473851,50.56820122558055],[3.123677657299411,50.56847345688345],[3.123529469357613,50.56867439360012],[3.122980681912966,50.56950809374628],[3.122545687917802,50.57023969455906],[3.121356624208207,50.57158898060517],[3.120780986703124,50.57241416157492],[3.117781629937331,50.57205495107648],[3.117527344194708,50.57278651810411],[3.116549573308811,50.57270580546661],[3.113422125835157,50.57242536191904],[3.113275406903433,50.57286303079989],[3.11294739753041,50.57368390293481],[3.110884754239782,50.57370954039633],[3.110724018428122,50.57362023332042],[3.110569972730064,50.57346712939796],[3.11028867946886,50.57323322232104],[3.110228394286694,50.57310563229137],[3.110174809816892,50.57301206662111],[3.109973903103567,50.57298230346127],[3.10971273014109,50.57299932629812],[3.109598883042761,50.5729823183089],[3.107383406079676,50.57209828470559],[3.105032878969385,50.5720727881483],[3.103793983240459,50.57243004111849],[3.103445749196858,50.5724853273976],[3.10320466621596,50.57245129910875],[3.103191270989971,50.57248957689678],[3.103117602246566,50.57257038490702],[3.102876256906653,50.57264223034299],[3.102594997190675,50.57258693440939],[3.102461068039526,50.57249336347702],[3.102353926193051,50.57239979302928],[3.096381087254112,50.57151197257722],[3.096173487800005,50.57154172841557],[3.096032832690085,50.57168206970811],[3.096032809822138,50.57180115647736],[3.096688417925924,50.57270862811004],[3.096902639730978,50.57312545011782],[3.096889203253927,50.57335937102378],[3.096266071495495,50.57506482104272],[3.094109734102131,50.57452449273267],[3.094424333692249,50.57522628317719],[3.092622731539947,50.57550681279966],[3.089789980545912,50.57595320449658]]]}},{"type":"Feature","id":"LFQQ-3ae8153c4a8785c39b92","properties":{"airport":"LFQQ","name":"COLOR_GrasSurface","layer":"Terrain","category":"Grass","object_type":"Area","style_id":"polygon.grassurface.00512f","source_group":"COLOR_GrasSurface","vsmr_group_ids":[],"geometry_role":"filled_region"},"geometry":{"type":"Polygon","coordinates":[[[3.084257426897399,50.56285864240875],[3.084301132203793,50.56268236931274],[3.084341265751458,50.5624585977393],[3.084368727155669,50.56229780354722],[3.084381419004121,50.56215174740929],[3.084386567552388,50.56201742312664],[3.084380440781918,50.56178370633137],[3.084346496498773,50.56151659847162],[3.084318717076291,50.5613260869199],[3.08427856327157,50.56116699789014],[3.084266719067892,50.56108755606903],[3.08424199728583,50.56104041758959],[3.084319324157436,50.56089705315425],[3.084421383243678,50.56075565510598],[3.084538898452083,50.56062015044049],[3.084647130147549,50.56051803270897],[3.084773909307139,50.56042377260412],[3.084906871713724,50.5603275488623],[3.085076931301436,50.56023918420558],[3.085144957681185,50.56019205420196],[3.085225343319271,50.56017634942756],[3.085290265528,50.56018421130464],[3.086229751461789,50.56248781521195],[3.086526743782665,50.56318879802197],[3.084257426897399,50.56285864240875]]]}},{"type":"Feature","id":"LFQQ-4f63259e93c471fca6f0","properties":{"airport":"LFQQ","name":"COLOR_GrasSurface","layer":"Terrain","category":"Grass","object_type":"Area","style_id":"polygon.grassurface.00512f","source_group":"COLOR_GrasSurface","vsmr_group_ids":[],"geometry_role":"filled_region"},"geometry":{"type":"Polygon","coordinates":[[[3.084220331278602,50.56285274707759],[3.084050288869469,50.56282719809499],[3.083976091719625,50.56280362254892],[3.083892624290456,50.56276040594936],[3.083802976402403,50.56270540461459],[3.083747342025798,50.56263665861312],[3.083722622594895,50.56257969989291],[3.083731916887371,50.56250703255104],[3.084195556723934,50.56122687844172],[3.084245050084204,50.56111886315663],[3.084263588180303,50.56116796512629],[3.084282124382696,50.56122492310515],[3.084316099443141,50.56136240664069],[3.084328425500136,50.56152934794778],[3.084350034873946,50.56166290209659],[3.084359274051849,50.56181020304538],[3.084368515624356,50.56194768405165],[3.084359191339312,50.56214801152331],[3.08433132014434,50.56233262553763],[3.084321967085033,50.56246433553471],[3.084275542929733,50.56265876694588],[3.084256965681873,50.5627667851262],[3.084220331278602,50.56285274707759]]]}},{"type":"Feature","id":"LFQQ-1e0646398cf08756e624","properties":{"airport":"LFQQ","name":"COLOR_GrasSurface","layer":"Terrain","category":"Grass","object_type":"Area","style_id":"polygon.grassurface.00512f","source_group":"COLOR_GrasSurface","vsmr_group_ids":[],"geometry_role":"filled_region"},"geometry":{"type":"Polygon","coordinates":[[[3.091267636809081,50.56270669865179],[3.091069331755323,50.56327894499198],[3.090926440210107,50.5636252553889],[3.090871042401107,50.56366599616214],[3.090786489823807,50.56370673563749],[3.090675699717977,50.56373080624656],[3.090579488265772,50.56374191366308],[3.09045412320492,50.56374375979291],[3.0873547174905,50.56329837690372],[3.087273088183446,50.56328355528322],[3.087270180501491,50.56324096006886],[3.087249780968568,50.56319465966111],[3.087217717099988,50.56316317406011],[3.087150668618441,50.56312983391283],[3.086993247958674,50.56306685565957],[3.086952435665449,50.56304833303773],[3.086882464727845,50.56305388355145],[3.085741423004658,50.56030463709125],[3.085776415794723,50.56025834129394],[3.085881396100432,50.5601083420871],[3.085928041724955,50.56009908628582],[3.085995071460776,50.5601972454883],[3.08600965691626,50.56015279983786],[3.086030077069768,50.56008798316665],[3.086059238211849,50.56004539065467],[3.086120466424989,50.56000465276261],[3.086199185878524,50.55996391623234],[3.086242919161839,50.55993984441197],[3.086283729230264,50.55995466338138],[3.086409074153345,50.56000282437655],[3.08656356700044,50.5600750629315],[3.086659763221049,50.56010840569225],[3.086779285863612,50.56011952669537],[3.086849249185808,50.56013249575801],[3.086860899167727,50.56018990730017],[3.086849232471998,50.56021953769514],[3.086852143486107,50.56024176138689],[3.087516827836028,50.56021403104974],[3.08746434336312,50.56026773417073],[3.087438093338686,50.56033810675638],[3.08744974432722,50.56039551835074],[3.087505124848029,50.56045108114083],[3.087563423861086,50.56048997651792],[3.08765671091237,50.56050294690723],[3.08773542457186,50.5604992485499],[3.087863706277358,50.56044925447701],[3.087930771591521,50.56036962461016],[3.087910377499365,50.56029184072016],[3.087878319434083,50.56023257569308],[3.087831679501427,50.56020479307033],[3.087776292354978,50.56018626966147],[3.087755908380969,50.56005477886641],[3.087938996588924,50.55989905499519],[3.088460824789274,50.55987316191234],[3.08870568346395,50.56000096190098],[3.088705657372222,50.56017319352099],[3.088621107096781,50.56022874690582],[3.088562791481664,50.56029911753003],[3.088562789763678,50.5603102292601],[3.088548205232216,50.5603639350115],[3.088600666842731,50.56044727625392],[3.088726017639494,50.56048061920136],[3.088854289106502,50.56047877500647],[3.088938833648349,50.5604639644259],[3.089014639600665,50.56039915046641],[3.089055465809818,50.56031025902405],[3.089003002924222,50.56023062190869],[3.088959281361912,50.56018246854128],[3.088900981859326,50.56014727796552],[3.088877681616431,50.56000097228601],[3.089096345261741,50.55984912490567],[3.089262512928808,50.55984728237426],[3.089437427169639,50.55983988420809],[3.089594848241577,50.55984730047197],[3.089749353900784,50.55985842029004],[3.089848470788161,50.55986583318106],[3.089930095915618,50.55987694904229],[3.090067088885606,50.56006585558553],[3.089944630358128,50.5602103021541],[3.089840404662074,50.56022213752791],[3.089761687698287,50.56026472842569],[3.089700460635327,50.56031843194054],[3.089688788144214,50.56040732521028],[3.089738337034085,50.56048881384915],[3.089822875242478,50.56052215345193],[3.089942399676888,50.5605314193543],[3.090053181473684,50.5605147573298],[3.09015522211568,50.56045920375801],[3.090178551895368,50.56039438650469],[3.090172729176401,50.56032956777649],[3.090117345563386,50.56027956224843],[3.090196074102274,50.56013696537048],[3.090309773016497,50.56009622774833],[3.09046136974207,50.56005549172416],[3.090528420868202,50.56004808691788],[3.090994844250519,50.56017774416424],[3.091082283717506,50.56034997973637],[3.090971487772447,50.56050739140163],[3.090881111621384,50.56053701889128],[3.090784904704151,50.56056849799091],[3.090761579411394,50.56059812822942],[3.090738251716079,50.56064998190033],[3.09073241534725,50.56070368828698],[3.09078779886846,50.56076480515949],[3.090889828555838,50.56081110837635],[3.09097728570618,50.56082222380267],[3.091082236293021,50.56081667229068],[3.091178445273504,50.56076852538467],[3.091225096086456,50.56070370883432],[3.091225102996289,50.56063333455585],[3.091190124351688,50.56058703430803],[3.091152228092517,50.56056480933857],[3.091251362146163,50.56041295290879],[3.091537064017025,50.56034629306577],[3.092134830369941,50.56051434586724],[3.092263096446861,50.56058472410767],[3.092368039771971,50.56066991719374],[3.09246423670515,50.56076992560885],[3.092519619254637,50.560882896541],[3.092537104418673,50.56097919880583],[3.092525435160434,50.56109772379321],[3.092493361536317,50.56117550515405],[3.092370910728504,50.56128661905899],[3.092099782185287,50.56134402111518],[3.091884054144336,50.56128104711051],[3.091868800173909,50.56123235686325],[3.091833820350551,50.56118790875272],[3.091772603885394,50.56113234798542],[3.091711383942599,50.56111753020468],[3.091626841545196,50.56110456353686],[3.091556874299599,50.56110641299782],[3.091475241741786,50.56115270888465],[3.091399438234674,50.56121382055943],[3.091381940801152,50.56127308241513],[3.091379020912961,50.56132123310768],[3.091408169247587,50.56137123694445],[3.091492708404522,50.56142309481682],[3.09158599737507,50.56143420997078],[3.091661795882601,50.56143050879799],[3.091734681857317,50.56139532425654],[3.091982478134574,50.56146200304537],[3.092104906663369,50.56165275844043],[3.091822096353398,50.56192683841317],[3.091699648047284,50.5619694290425],[3.091583032384857,50.56198794437005],[3.09146641976064,50.56197312433393],[3.091341064897291,50.561919412748],[3.091253610882261,50.56185459084312],[3.091198226017127,50.56178791828022],[3.091125346752284,50.56174717234448],[3.091017479687743,50.56174531599241],[3.090892117900472,50.56176938616976],[3.090813398121757,50.56182308950154],[3.089507159412599,50.56192963773533],[3.089463437802746,50.56186666894764],[3.089396397456652,50.561775919551],[3.089343933242839,50.56169072677886],[3.089250647677066,50.56165553441284],[3.089125291307662,50.56163700772239],[3.089026168126738,50.56165181760001],[3.088973682023095,50.56172218880611],[3.088944515995222,50.56180922889729],[3.089081485154777,50.56216851580098],[3.089410950816009,50.56194630005331],[3.090830739378827,50.56185562350353],[3.090848654584246,50.5619111006915],[3.090860309282972,50.56197406760846],[3.09086905474059,50.56197962384137],[3.090927356485202,50.56202962906533],[3.091078954709576,50.56203148732586],[3.091259707354228,50.56202593873375],[3.09138798097953,50.56205001914966],[3.091469608136983,50.56208335747552],[3.091484178632953,50.56215188043199],[3.091507493651409,50.56224077527597],[3.091522064158769,50.56231300220084],[3.09145208827766,50.56238707787821],[3.091373365490111,50.56246670904677],[3.091315050350374,50.56254634105569],[3.09128297382308,50.56262412218666],[3.091267636809081,50.56270669865179]]]}},{"type":"Feature","id":"LFQQ-cfb100a8e37536a6b11f","properties":{"airport":"LFQQ","name":"COLOR_GrasSurface","layer":"Terrain","category":"Grass","object_type":"Area","style_id":"polygon.grassurface.00512f","source_group":"COLOR_GrasSurface","vsmr_group_ids":[],"geometry_role":"filled_region"},"geometry":{"type":"Polygon","coordinates":[[[3.091421288710823,50.56388178795385],[3.091339468759109,50.56385379825331],[3.091273384496906,50.56382081150156],[3.091197861536701,50.56376383580732],[3.091156956852221,50.56369686621515],[3.091143408820785,50.56363905280819],[3.091157577947916,50.56356408921408],[3.091195354034255,50.56344314862164],[3.091337753352312,50.56304843612052],[3.091436912488794,50.56273059222376],[3.091606842972459,50.56278157416293],[3.091596252739388,50.56279353259825],[3.091551288512866,50.56279572802415],[3.091527073525231,50.56283527534988],[3.091464800714903,50.56299786013621],[3.091430203852767,50.56309453219325],[3.091385227973207,50.56321756927848],[3.091392130823498,50.56337356515009],[3.091360991109091,50.56348122292433],[3.091381742395081,50.56349880069087],[3.091450921639014,50.56347024071183],[3.09150280810168,50.56342630020746],[3.091565066268323,50.56343289385592],[3.091627316287962,50.5635295694063],[3.091658439195952,50.56360207552915],[3.091717256288189,50.56341092808845],[3.091852181958006,50.56303302818074],[3.091841811501812,50.56296271992549],[3.091776102671915,50.5628682413748],[3.091596254088529,50.5627781527218],[3.091437154617052,50.56273200695698],[3.091490731578259,50.5626142628203],[3.091559915983744,50.56251319782981],[3.091774378989338,50.56227371949079],[3.091936954263521,50.56209136417003],[3.092193177665656,50.5620435125009],[3.092452577958822,50.56211382797724],[3.092449114426421,50.56217534768368],[3.092507908631645,50.56223247480357],[3.092615127002007,50.56227202597667],[3.092698136587753,50.56227861944493],[3.09281227674282,50.56225884793797],[3.092881455009655,50.56221051258353],[3.092888372911207,50.56220392133601],[3.09291950581684,50.56214020516305],[3.092919510911245,50.56206330559371],[3.092871091848746,50.56201716468793],[3.092795002288733,50.56198200879648],[3.092729287279978,50.5619710215365],[3.092667030549567,50.56196662566059],[3.092584017697595,50.56201276328986],[3.092324620493299,50.56191388539723],[3.092213954396912,50.56174909748593],[3.092456086407174,50.56145468965666],[3.092753536940558,50.56140196690483],[3.092985261577557,50.56150963170013],[3.092985259141665,50.56154917988675],[3.093030218353359,50.56160850323921],[3.093133976731688,50.56164585670988],[3.093237737250845,50.56164805613779],[3.093362251329872,50.56162169335744],[3.093452180189591,50.56156017585659],[3.093490228851152,50.56149646015961],[3.093462562594227,50.56143494026384],[3.093403768019178,50.5613822081899],[3.093296551661886,50.56134046063376],[3.093172039966832,50.56133826072492],[3.093037150599496,50.56136242587694],[3.092826176461316,50.56128771848787],[3.092729345293252,50.56110974900071],[3.092860776568576,50.56107240143456],[3.093040629340731,50.56101967507446],[3.093275818043724,50.56099990651436],[3.093535214127017,50.56103506598401],[3.094067838517229,50.56118447948796],[3.094565879400344,50.56135366416592],[3.095226483082441,50.56158436753381],[3.095665739073221,50.56177991394298],[3.096268204168633,50.56202027610084],[3.096302791670196,50.56206641566605],[3.096327003139525,50.56211694954941],[3.09634775601914,50.56218066619014],[3.096337380393541,50.56224658002658],[3.096278583105063,50.56239598476252],[3.096174822189743,50.56260031742782],[3.095880828278368,50.56257175537343],[3.095794359367596,50.56274313066384],[3.096104906808919,50.56279458202475],[3.095482314045575,50.56432158362803],[3.095420053616962,50.56439408873292],[3.095375087860603,50.56441605981055],[3.095285156495668,50.56442704497474],[3.095202143037321,50.56442704447698],[3.091488089021586,50.56389970943202],[3.091421288710823,50.56388178795385]]]}},{"type":"Feature","id":"LFQQ-fbfcfacc177b7a73f7a4","properties":{"airport":"LFQQ","name":"COLOR_GrasSurface","layer":"Terrain","category":"Grass","object_type":"Area","style_id":"polygon.grassurface.00512f","source_group":"COLOR_GrasSurface","vsmr_group_ids":[],"geometry_role":"filled_region"},"geometry":{"type":"Polygon","coordinates":[[[3.084098745379393,50.56492192102889],[3.083716639794241,50.56484636661367],[3.083551066064834,50.5647951068535],[3.083410967629101,50.56474384962029],[3.08330908968494,50.56466292976009],[3.08321922508402,50.56457230676327],[3.083277544938485,50.56454409166349],[3.083358092978763,50.56446296393719],[3.083385870974507,50.56442416262195],[3.083546971125586,50.56424074150011],[3.083663635590534,50.564082009398],[3.083777525143943,50.56391269410747],[3.083866412650917,50.56378570794795],[3.083930310632623,50.56365342767057],[3.083994190972461,50.56358993645002],[3.08411219677581,50.56354458597622],[3.0846203865901,50.56346510612035],[3.084944446669751,50.56342069355268],[3.085180123122944,50.56340200237516],[3.086682493095771,50.56360797328828],[3.087444437449403,50.56539279375021],[3.084098745379393,50.56492192102889]]]}},{"type":"Feature","id":"LFQQ-9c5cdd1c75ca494366ec","properties":{"airport":"LFQQ","name":"COLOR_GrasSurface","layer":"Terrain","category":"Grass","object_type":"Area","style_id":"polygon.grassurface.00512f","source_group":"COLOR_GrasSurface","vsmr_group_ids":[],"geometry_role":"filled_region"},"geometry":{"type":"Polygon","coordinates":[[[3.083201313478621,50.56453292352786],[3.083172210984246,50.56447911551103],[3.083148411784036,50.56439167996801],[3.08318285573205,50.56427062274268],[3.083206732255648,50.56407222012015],[3.083214702995296,50.56396124864898],[3.083262375052778,50.56386205127386],[3.083286215713004,50.56379479788403],[3.083315346565314,50.56374099625137],[3.083344472458791,50.56370569000773],[3.083394769167729,50.56368888142224],[3.083521827581739,50.56367208099794],[3.083720358708117,50.56363511113786],[3.083922194254194,50.56359984685769],[3.083852677295884,50.56374945993276],[3.083791775412488,50.56383520489125],[3.083707040645844,50.56395961947521],[3.083595823693237,50.56412942898715],[3.08350579798325,50.56423702904469],[3.083370759700694,50.56439338505099],[3.083325744398329,50.56445391075901],[3.08326749700472,50.56450266530401],[3.083201313478621,50.56453292352786]]]}},{"type":"Feature","id":"LFQQ-a47b289c2d568b37e9a1","properties":{"airport":"LFQQ","name":"COLOR_GrasSurface","layer":"Terrain","category":"Grass","object_type":"Area","style_id":"polygon.grassurface.00512f","source_group":"COLOR_GrasSurface","vsmr_group_ids":[],"geometry_role":"filled_region"},"geometry":{"type":"Polygon","coordinates":[[[3.087237214597365,50.56396427201701],[3.087497819366929,50.56382546403506],[3.087453009149552,50.56370621146307],[3.090324934088255,50.56411752366346],[3.090454161163256,50.5641928544512],[3.090532601303,50.56431922607973],[3.090566204357659,50.5645007703859],[3.090543764717952,50.56471434914522],[3.090448457657988,50.56506853174742],[3.090361573804457,50.56526075031151],[3.090268170558019,50.56555073095839],[3.090209318662822,50.56562726094263],[3.090116844754851,50.56568243123439],[3.089996351020061,50.56573226053111],[3.089819820605235,50.56574827000814],[3.088177551190956,50.56550753612915],[3.088191402414904,50.56547989445528],[3.088169653214623,50.56541832543334],[3.08779383580595,50.56528385612868],[3.087237214597365,50.56396427201701]]]}},{"type":"Feature","id":"LFQQ-2dd10a2b226949feafb5","properties":{"airport":"LFQQ","name":"COLOR_GrasSurface","layer":"Terrain","category":"Grass","object_type":"Area","style_id":"polygon.grassurface.00512f","source_group":"COLOR_GrasSurface","vsmr_group_ids":[],"geometry_role":"filled_region"},"geometry":{"type":"Polygon","coordinates":[[[3.090776208792061,50.56570126573754],[3.090716213081302,50.56557928766663],[3.090680226448168,50.56541156980902],[3.090704253371619,50.5652031961726],[3.090764285890775,50.56498465959771],[3.090852320351536,50.56477374772846],[3.09094434890901,50.56461620018545],[3.091072382493085,50.56444594829363],[3.091212410404531,50.5643392255821],[3.091360434711823,50.56427824399292],[3.091544457329367,50.56428079255831],[3.095642543403656,50.56486988461486],[3.095734555033851,50.56495374240495],[3.095954584432112,50.56504522347014],[3.096090603559654,50.56518752727898],[3.096122608723613,50.56528917298853],[3.095850572691472,50.56608455263657],[3.095870576197544,50.56612775237159],[3.095806566522143,50.56624718676818],[3.095646540683543,50.56636662104385],[3.095529656903528,50.5664050571886],[3.095261612791662,50.56644063193028],[3.094869548967196,50.5664533347815],[3.094565500631987,50.5664253791298],[3.091730946580629,50.56601054290233],[3.09129088794134,50.56592666900856],[3.090926845456863,50.5658072207191],[3.090776208792061,50.56570126573754]]]}},{"type":"Feature","id":"LFQQ-c4db6a31f75c01ff67ee","properties":{"airport":"LFQQ","name":"COLOR_GrasSurface","layer":"Terrain","category":"Grass","object_type":"Area","style_id":"polygon.grassurface.00512f","source_group":"COLOR_GrasSurface","vsmr_group_ids":[],"geometry_role":"filled_region"},"geometry":{"type":"Polygon","coordinates":[[[3.096423678398903,50.5665569645039],[3.096319659615177,50.56645786008011],[3.096291654418215,50.56635113165682],[3.096267649771864,50.56622661515291],[3.096283652080123,50.56615800390687],[3.096299654780927,50.56613767460968],[3.096371667012146,50.56615546227322],[3.096599693928235,50.56547443284308],[3.096639697564219,50.56536262198642],[3.096707706569526,50.56531433975936],[3.096823721550828,50.56524318677167],[3.096955739544445,50.56520760975373],[3.097075755657093,50.56517965611057],[3.097275783103119,50.56516694836437],[3.097331788831374,50.56511104243347],[3.107644433061465,50.56657168256618],[3.107828478202073,50.56663011005467],[3.1079365182253,50.5667164977787],[3.107960543033763,50.56679781187995],[3.107956577488691,50.56693503402282],[3.107776666663833,50.56741024593732],[3.107620750002451,50.56785496195217],[3.107560780516694,50.56802268394152],[3.107504791120534,50.5681090887741],[3.107388783776643,50.56817262913725],[3.107248761384662,50.56819551325902],[3.107076726954701,50.56819552988696],[3.097290775734816,50.56680972737858],[3.097006726485154,50.56674874320138],[3.096766685200725,50.56668521687712],[3.096578653197277,50.5666318542882],[3.096423678398903,50.5665569645039]]]}},{"type":"Feature","id":"LFQQ-fc66d513ec29bda4b333","properties":{"airport":"LFQQ","name":"COLOR_GrasSurface","layer":"Terrain","category":"Grass","object_type":"Area","style_id":"polygon.grassurface.00512f","source_group":"COLOR_GrasSurface","vsmr_group_ids":[],"geometry_role":"filled_region"},"geometry":{"type":"Polygon","coordinates":[[[3.095574258587235,50.56451025992801],[3.095557498165045,50.56439314185893],[3.095565880000271,50.56429199446472],[3.095762829789368,50.56382618484932],[3.096408787176888,50.56226596541016],[3.096446497994216,50.5622127298012],[3.096551252292592,50.56219143517588],[3.096672767523649,50.56218078756986],[3.09676914174893,50.56218344882937],[3.096844565462764,50.56220208071363],[3.098394951289085,50.56263592558473],[3.099094728379939,50.56281424591667],[3.099459285446693,50.56289674973961],[3.100029168551319,50.56297658361295],[3.101419002208161,50.56318121423321],[3.102416309104847,50.56334352957308],[3.103141241961231,50.56345261852137],[3.103597990957017,50.56350848610627],[3.104155310063661,50.56357233038608],[3.104570158319429,50.56361755059793],[3.105085575250603,50.56365477658311],[3.105703373791708,50.56374814759982],[3.10672585343762,50.56394236517764],[3.107589109509246,50.56411529662466],[3.108073909752576,50.56422830742965],[3.108304397126063,50.56429748878544],[3.108304415408498,50.56436669455157],[3.108312813807175,50.56443323765913],[3.108354730872194,50.56448380662909],[3.108434357999126,50.56452106273566],[3.10849721656252,50.56453170300784],[3.108606165044356,50.56452636766679],[3.108664826140597,50.56451039067757],[3.108824081422019,50.56458490252014],[3.108920476150139,50.56464078889596],[3.108920499223682,50.56472330360373],[3.108949841864439,50.56475790331603],[3.108876422968196,50.56485047823924],[3.108767507946695,50.5649835788516],[3.108687916933714,50.56508473479255],[3.108641845731581,50.5651725781081],[3.108516177292466,50.56534028293618],[3.108403095422578,50.56556654503835],[3.108357045846266,50.56573690297031],[3.108302602149415,50.56585935005118],[3.10823559318208,50.56600575454048],[3.108218843151478,50.56605100644722],[3.108160189282476,50.56610158625038],[3.108042867778464,50.56615217208663],[3.107929733852037,50.56619211034723],[3.107875259007662,50.56620010122554],[3.107720212010721,50.56621076402467],[3.095574258587235,50.56451025992801]]]}},{"type":"Feature","id":"LFQQ-3f7d61b618c93acaac69","properties":{"airport":"LFQQ","name":"COLOR_GrasSurface","layer":"Terrain","category":"Grass","object_type":"Area","style_id":"polygon.grassurface.00512f","source_group":"COLOR_GrasSurface","vsmr_group_ids":[],"geometry_role":"filled_region"},"geometry":{"type":"Polygon","coordinates":[[[3.107842680170034,50.56826803589053],[3.107749315250359,50.5681593585422],[3.107722069794367,50.56807043555149],[3.107741487644435,50.56795927635086],[3.108168982726349,50.56682295944021],[3.108242858179404,50.56676860822066],[3.108359516388277,50.56673154366609],[3.108495620888068,50.56670188752587],[3.108623958359777,50.56671175461738],[3.115490670626733,50.56770121595068],[3.115570620112904,50.56774155822381],[3.115819257773564,50.56780169860004],[3.115897173168001,50.56787849123749],[3.115952540526399,50.56794747695428],[3.115981275573101,50.56804380500972],[3.115981325824204,50.56816096680495],[3.115965009871655,50.56834842867098],[3.115923518016483,50.56854479538136],[3.115882590038836,50.56869450903353],[3.11580886467806,50.56883511567703],[3.115714654096564,50.56900176177004],[3.115630661316033,50.56909810909222],[3.11552821684155,50.56918274333077],[3.115412961774919,50.56922671438826],[3.115232614822967,50.56927360901892],[3.115064552239777,50.56928795638515],[3.114886236426102,50.56928928722913],[3.114283623433356,50.56921648302351],[3.110551834917352,50.56869643928798],[3.108168881457416,50.56835780539578],[3.107921706449055,50.56831387462546],[3.107842680170034,50.56826803589053]]]}},{"type":"Feature","id":"LFQQ-5aa7cf334ee0427423e9","properties":{"airport":"LFQQ","name":"COLOR_GrasSurface","layer":"Terrain","category":"Grass","object_type":"Area","style_id":"polygon.grassurface.00512f","source_group":"COLOR_GrasSurface","vsmr_group_ids":[],"geometry_role":"filled_region"},"geometry":{"type":"Polygon","coordinates":[[[3.112339020749957,50.56953432420104],[3.11227961209672,50.56942497739509],[3.11222020634758,50.5693231723484],[3.112151903157516,50.56924399371452],[3.112071728769807,50.56917235840956],[3.112018281455993,50.56913088628542],[3.111902484786959,50.56905737031271],[3.112813863374937,50.56919676356463],[3.112816844802302,50.56923258636964],[3.112778265005265,50.56926275890918],[3.112656570925012,50.56930425602241],[3.112558623404738,50.56934197874271],[3.112496301950081,50.56939100891146],[3.112431017163104,50.56945512293941],[3.112383543342909,50.56951923441301],[3.112353873289815,50.56956260361058],[3.112339020749957,50.56953432420104]]]}},{"type":"Feature","id":"LFQQ-75de69d65570dda16845","properties":{"airport":"LFQQ","name":"COLOR_GrasSurface","layer":"Terrain","category":"Grass","object_type":"Area","style_id":"polygon.grassurface.00512f","source_group":"COLOR_GrasSurface","vsmr_group_ids":[],"geometry_role":"filled_region"},"geometry":{"type":"Polygon","coordinates":[[[3.096528899434507,50.56784033725322],[3.096306265708313,50.56779774534633],[3.096148008210466,50.56777048636138],[3.09601389174863,50.56771596765763],[3.095914645701929,50.56764781897302],[3.095826129249502,50.56754900325864],[3.095791259296377,50.56746381726176],[3.09579930641247,50.56735137178379],[3.095834176430163,50.56726277839696],[3.095938785791197,50.56713499946116],[3.096075582035789,50.56703447987772],[3.096225789364404,50.56697144190883],[3.09642159532497,50.56694077420613],[3.09662008370752,50.56693566190766],[3.096821254779181,50.56695269757041],[3.096976828261397,50.56701062259031],[3.097076074587015,50.56708558520175],[3.09711631179558,50.56719462275036],[3.097129726611039,50.56731899404025],[3.097017077790747,50.56762396087629],[3.096928565021912,50.56777729657036],[3.096837367130494,50.5678318164797],[3.096738121394405,50.56785396563193],[3.096641557498345,50.56785396631495],[3.096528899434507,50.56784033725322]]]}},{"type":"Feature","id":"LFQQ-f2cb1c1cd352969a5f19","properties":{"airport":"LFQQ","name":"COLOR_GrasSurface","layer":"Terrain","category":"Grass","object_type":"Area","style_id":"polygon.grassurface.00512f","source_group":"COLOR_GrasSurface","vsmr_group_ids":[],"geometry_role":"filled_region"},"geometry":{"type":"Polygon","coordinates":[[[3.10890225785085,50.56638884163537],[3.108702288375031,50.56633241648933],[3.108620813649485,50.56628773784158],[3.108506005676976,50.56621483894723],[3.108454149714932,50.56615369296047],[3.108435611240017,50.56606196748384],[3.108428190594379,50.56600552064765],[3.108631705704683,50.56548571011993],[3.108742740559913,50.56530929921918],[3.10883526636563,50.56515405805845],[3.108961121508558,50.56501762895391],[3.109049955806076,50.56490707552067],[3.109238740020497,50.56471654288593],[3.109291895170319,50.56467354216766],[3.109328905357194,50.56461473840977],[3.109373330348879,50.56458886152667],[3.109428868855972,50.5645817991897],[3.109565880459055,50.56462176697826],[3.110510154428932,50.56490153777925],[3.11100635764191,50.56502612909049],[3.111291495879951,50.5651131148603],[3.111717337634949,50.56519302513719],[3.112217250813203,50.56531055561242],[3.1127414314232,50.56540917640581],[3.113093215694913,50.56547027678772],[3.113474629731587,50.56555018723138],[3.113785682576229,50.56560423525436],[3.114044904715982,50.56567710635702],[3.114118979451868,50.56572648632062],[3.114170828442109,50.56575234996394],[3.114193055196925,50.56577821823275],[3.114048813243684,50.56621100479978],[3.114145091152289,50.56622274964784],[3.114382228202346,50.56661784493001],[3.114411845479776,50.56660372835705],[3.114178416570015,50.56622274442469],[3.114274697463812,50.56624154510647],[3.114341294836929,50.56610511985011],[3.114115411149354,50.56607457973945],[3.114218987540158,50.56581114185331],[3.114285612235559,50.56574527583797],[3.114385590403184,50.56575231585122],[3.114844773678207,50.56584161685685],[3.115185449716247,50.56588154426331],[3.11537060145193,50.56590503307942],[3.115392798216756,50.56585563758928],[3.115525519859532,50.56584881642389],[3.11574027139107,50.56582526029333],[3.115943917415114,50.56580876159925],[3.116106842923159,50.56581578938957],[3.116206827284089,50.56583693979147],[3.11626977669957,50.56584163276732],[3.116477116530674,50.56580396472375],[3.116591902068648,50.56580159242999],[3.116614167637497,50.56591213145633],[3.116632720134036,50.565999151372],[3.116658654439899,50.56603207448151],[3.116773459508411,50.56607203772786],[3.116936397550989,50.56610258435332],[3.116995672625138,50.56616842923511],[3.117099368087215,50.56620369035893],[3.117232686710116,50.56623894603814],[3.117240094628575,50.56624364868429],[3.11734008472206,50.5662718543694],[3.117399341325884,50.56629536347863],[3.117639218637418,50.56632437217744],[3.117976189808844,50.56635488448251],[3.118268735442142,50.56640186812583],[3.118502035453452,50.56644651059789],[3.118713107670836,50.56646763717304],[3.118998236285235,50.5664863967077],[3.119172281137585,50.56650752981377],[3.119387095482997,50.5666039178965],[3.119594503263348,50.56669560326738],[3.119779686469697,50.56677082908148],[3.120057440551511,50.56683897973654],[3.120428760877518,50.56691606070618],[3.12078164665236,50.56696223481449],[3.121257757939515,50.56701549626244],[3.121588248393659,50.56707590308714],[3.121980370347306,50.56717187118984],[3.122602145875151,50.56728557369558],[3.123055882568608,50.56737796675368],[3.123369597706696,50.56747394889662],[3.123638495780363,50.56755215298111],[3.123711347254936,50.56759904577267],[3.123761873437354,50.56765588708251],[3.123874363675698,50.56770542465407],[3.123915711504159,50.56776518370488],[3.123950170613465,50.56781911330593],[3.12396625828488,50.56785555395388],[3.124002975140476,50.56784679844365],[3.124028208489746,50.56782492566968],[3.124058054773091,50.56784095407156],[3.12404660622648,50.56788614804707],[3.124019089136294,50.56792697256665],[3.123970929827813,50.56799112654125],[3.123902349036567,50.56804600964166],[3.123806007380654,50.56813787302947],[3.12371655271322,50.56823265014825],[3.12363169242966,50.56833471495343],[3.123553706257201,50.56841782689999],[3.123498656848489,50.5684761511266],[3.123395414978336,50.56854469114496],[3.123287567179605,50.56858699209813],[3.123161345277194,50.56860743055014],[3.123067247127622,50.56861328362292],[3.12302133130306,50.56859142758083],[3.122794084850005,50.5685462890326],[3.122667844683145,50.56853465587478],[3.122601282720143,50.56853029781398],[3.122504894451357,50.56854489768206],[3.122459013511769,50.568584268231],[3.122417717881154,50.56861489102543],[3.122378710808362,50.56863385109661],[3.12235346728571,50.56863968794627],[3.122339693856633,50.56863531773385],[3.122325887747237,50.56857263630143],[3.122396878485925,50.56828981099505],[3.10890225785085,50.56638884163537]]]}},{"type":"Feature","id":"LFQQ-b1018bdb7fd29aaa6e8e","properties":{"airport":"LFQQ","name":"COLOR_GrasSurface","layer":"Terrain","category":"Grass","object_type":"Area","style_id":"polygon.grassurface.00512f","source_group":"COLOR_GrasSurface","vsmr_group_ids":[],"geometry_role":"filled_region"},"geometry":{"type":"Polygon","coordinates":[[[3.111219847620206,50.56488508131751],[3.111022456886248,50.56486109876106],[3.111203024806564,50.56481039071032],[3.111219847620206,50.56488508131751]]]}},{"type":"Feature","id":"LFQQ-37201bd2cad38d09c6bb","properties":{"airport":"LFQQ","name":"COLOR_GrasSurface","layer":"Terrain","category":"Grass","object_type":"Area","style_id":"polygon.grassurface.00512f","source_group":"COLOR_GrasSurface","vsmr_group_ids":[],"geometry_role":"filled_region"},"geometry":{"type":"Polygon","coordinates":[[[3.111400438036007,50.5649037305544],[3.111387812777389,50.56482370427116],[3.111412984024475,50.56474367296167],[3.11224022985745,50.56453015256117],[3.11234940903417,50.56450346133802],[3.112487999111684,50.56451677969899],[3.113903324346294,50.564719306409],[3.114067144584689,50.56481531416896],[3.11456284825588,50.56519936912074],[3.114546087104373,50.56529273761778],[3.114495706402223,50.56533009200278],[3.114428518580077,50.56534610819077],[3.111400438036007,50.5649037305544]]]}},{"type":"Feature","id":"LFQQ-121bc8fd8a2e1483ed69","properties":{"airport":"LFQQ","name":"COLOR_GrasSurface","layer":"Terrain","category":"Grass","object_type":"Area","style_id":"polygon.grassurface.00512f","source_group":"COLOR_GrasSurface","vsmr_group_ids":[],"geometry_role":"filled_region"},"geometry":{"type":"Polygon","coordinates":[[[3.110941495081347,50.56489595473497],[3.111005943826468,50.56489897878353],[3.111084718220496,50.56491413055205],[3.11262943720708,50.56513505131555],[3.114990290601498,50.5654728020391],[3.115023709805083,50.56547582899923],[3.1150117661217,50.56545460407674],[3.114662059506514,50.56519929369916],[3.114081858858249,50.56478091196631],[3.113972028616587,50.56470208646657],[3.113878926568716,50.56467329302501],[3.112413695565648,50.56447390732097],[3.112330148949822,50.56446482197208],[3.112299120182287,50.56446937500104],[3.111256121920389,50.56475911254543],[3.110886177526551,50.56486074635669],[3.110747745257942,50.56489563680795],[3.110645101891216,50.56488200405018],[3.110425486447166,50.56483199703468],[3.110160510691209,50.56475470349505],[3.110012507012836,50.5647137840487],[3.109525521576959,50.5645607051582],[3.109492096943018,50.56453644969993],[3.109501635918848,50.56450612441984],[3.109551750582467,50.56446669716567],[3.109647215101417,50.56441968356028],[3.110088723504794,50.56416794051228],[3.110344135691994,50.56420278224495],[3.110396657539105,50.56423309992088],[3.110434864885312,50.56428616243636],[3.110449206313957,50.56434984128559],[3.110454001941532,50.56441958612047],[3.110477901484077,50.5645166201852],[3.110518492723346,50.56455906879217],[3.110645009559954,50.56458786070689],[3.110807320494327,50.5645848076292],[3.110905358357454,50.56452583778957],[3.110953079558605,50.56447124834055],[3.11095783834489,50.56442424544407],[3.110943504608712,50.56438634224095],[3.11090052633765,50.56434389412512],[3.110857557326661,50.56433025383708],[3.11075252830566,50.56431662147318],[3.11067558481704,50.56425237462761],[3.110528567391246,50.56414302193997],[3.110625097546356,50.56395627826174],[3.110725872023379,50.56391358393418],[3.110994614880587,50.56383618905434],[3.11123763565569,50.5637749663337],[3.1113930319538,50.56381229256079],[3.111561040439463,50.56388963089336],[3.111582085648599,50.56403101106741],[3.111556893590379,50.56404702006332],[3.111519113458756,50.56409504198322],[3.111498135216033,50.56415373207257],[3.111502351569639,50.56420441597487],[3.111531761030046,50.56424175846927],[3.11158216142978,50.56425775729033],[3.111775339708034,50.56424972820943],[3.11191812061681,50.56423637060208],[3.111951711765313,50.56422036037325],[3.111976894558723,50.56417767531804],[3.111976874457543,50.56411898815897],[3.11195585924841,50.56406830668346],[3.111892854091658,50.56403363654718],[3.111766852933031,50.56399097211168],[3.111716399362889,50.56381758477136],[3.111947317572124,50.56365482979174],[3.112627635337126,50.56364939989832],[3.112837660982062,50.56379075234058],[3.112795727675834,50.56396148435872],[3.112694950863839,50.5639935100109],[3.112652964343998,50.56401752437575],[3.11262779102351,50.56408421781124],[3.112627813846314,50.56414824003103],[3.112690820164237,50.56418557725286],[3.112753824632579,50.56421757924511],[3.112812628627373,50.5642469142166],[3.112951212270394,50.56424422638482],[3.112997400289104,50.56422554646569],[3.113064569382271,50.56416151440834],[3.113081361644652,50.56414550639035],[3.113089746978439,50.56410815889154],[3.113085532776712,50.56406814565645],[3.113068718189009,50.56402279909696],[3.113009899663959,50.56395345038094],[3.113030838672206,50.56379339179068],[3.113240771563477,50.56368132188951],[3.11334576245238,50.56369197666953],[3.113480150714878,50.56370529446098],[3.113706935556164,50.56373993876264],[3.113853932556017,50.5637799300584],[3.114063924093056,50.56382524652289],[3.114042939036323,50.56385726090025],[3.114488135376416,50.56398523491167],[3.114530122984827,50.56396655506374],[3.114635119049489,50.56398787891765],[3.114777927908547,50.564051877978],[3.114962745455994,50.56414788111925],[3.115151760304566,50.56423588056911],[3.115143440122283,50.56442794862843],[3.114962902755387,50.56453468193803],[3.114887305255287,50.56452135628364],[3.114836910565246,50.56452136445625],[3.11475712336418,50.56453204771942],[3.114715139571198,50.56456139799955],[3.114660571006151,50.56462542901293],[3.114580773960161,50.56461210384063],[3.114534571397305,50.56459343806745],[3.114429569773309,50.56456144364641],[3.11434976043663,50.56451610723219],[3.11458899766248,50.56417195002525],[3.114597385039832,50.56414260519252],[3.114580572095276,50.56410526163615],[3.114525965758523,50.5640732593208],[3.113572575392889,50.56380131382488],[3.113492782189664,50.56379332311088],[3.113450791363968,50.56380399979516],[3.113434001375828,50.56382534303684],[3.113198801613002,50.56417890670478],[3.113207222684602,50.56423759292619],[3.113257630359856,50.564272264401],[3.114320226656189,50.56455753555726],[3.114631036043876,50.56466418975265],[3.114626850306998,50.56469886911751],[3.11463527497718,50.56476288993222],[3.114668892832919,50.56481623631977],[3.114815893954115,50.56485622637431],[3.114958671936312,50.56483752996031],[3.11503844757165,50.56479750301713],[3.115105618943035,50.56474414013462],[3.115134986462151,50.56467211031586],[3.11511816536078,50.56461609367074],[3.11528190093338,50.56450135990772],[3.115559070313128,50.56449864565078],[3.116016988137287,50.56488803586832],[3.115920475784497,50.56507211639844],[3.115710517896462,50.56512550411516],[3.115605517556839,50.5651015136039],[3.115475332053081,50.56510687072777],[3.115366156737014,50.56514156768716],[3.115307386515664,50.56520026446041],[3.115286425970085,50.56529096599448],[3.115311641342255,50.56533364325988],[3.115387251184583,50.56537364452832],[3.115500661234494,50.56542164221225],[3.115601452419512,50.56542162526337],[3.11569802720582,50.56538159502922],[3.115769400590682,50.56533356625732],[3.115794571192105,50.56526953975663],[3.116000314145499,50.56517880635159],[3.116105305861101,50.56518145581818],[3.116319509128684,50.56523210283721],[3.116357324637449,50.56527477777056],[3.116407754317041,50.5653521292511],[3.116470811488186,50.56549350095586],[3.116542268535445,50.56563487131061],[3.116567522533158,50.56576024434207],[3.116412147905874,50.56579228271938],[3.116302964043722,50.56581097483929],[3.116185373744964,50.56581366274703],[3.116067771970126,50.56578967447682],[3.115929178975725,50.56578169532833],[3.115798993567391,50.56579238787332],[3.115610014939305,50.56580842536051],[3.115450430691509,50.56581645487967],[3.115314847572976,50.56582880255601],[3.115041837615695,50.56575948880613],[3.114554640322647,50.56567687077737],[3.114147243388579,50.56560224180537],[3.113319853078873,50.56544231222087],[3.1125134633026,50.56527170442295],[3.110888082508783,50.56490646545106],[3.110941495081347,50.56489595473497]]]}},{"type":"Feature","id":"LFQQ-25aa27e5b1921fb490d6","properties":{"airport":"LFQQ","name":"COLOR_GrasSurface","layer":"Terrain","category":"Grass","object_type":"Area","style_id":"polygon.grassurface.00512f","source_group":"COLOR_GrasSurface","vsmr_group_ids":[],"geometry_role":"filled_region"},"geometry":{"type":"Polygon","coordinates":[[[3.109867844220231,50.56390018969876],[3.110211369099034,50.56375255101537],[3.109982917528074,50.56352676838591],[3.11001866059494,50.56351414893969],[3.110062363762964,50.56355577350271],[3.110102091301943,50.56358478341886],[3.110161672150578,50.56359360671145],[3.11020139132117,50.56359486334512],[3.110266933114423,50.56361377793481],[3.110324544375005,50.56367558485216],[3.110370251034642,50.56377271554872],[3.110318655185629,50.56389887315078],[3.110253133024272,50.56394555719604],[3.110054565257043,50.56403767200523],[3.109943358283174,50.56406039278639],[3.109748732177962,50.56405410866326],[3.109675244180654,50.56402888714895],[3.109613665052777,50.56397969542392],[3.109528247652205,50.56390653771177],[3.109542133274177,50.56385102949338],[3.109538142751664,50.5637866928235],[3.109502383203901,50.56374380559815],[3.109446766003856,50.56370722823572],[3.109389168369934,50.56368957376462],[3.10936930708184,50.56368326850465],[3.109365321759747,50.56363659299378],[3.109375238842702,50.56359243889968],[3.109434802238877,50.56354070997081],[3.109504295237193,50.56348897986752],[3.109575777635853,50.56344986462299],[3.109671091475514,50.56341200803492],[3.109746550256678,50.56338929188486],[3.109816054547001,50.56337792999667],[3.109925279287233,50.56337287086585],[3.109976916529016,50.56338295673559],[3.109980900908622,50.56342458616885],[3.109982899341401,50.56346621582971],[3.109998794032705,50.56349018261937],[3.110016674666178,50.56351414918056],[3.10962152363776,50.56368702353236],[3.109867844220231,50.56390018969876]]]}},{"type":"Feature","id":"LFQQ-50b1b20e1971da64df9a","properties":{"airport":"LFQQ","name":"COLOR_GrasSurface","layer":"Terrain","category":"Grass","object_type":"Area","style_id":"polygon.grassurface.00512f","source_group":"COLOR_GrasSurface","vsmr_group_ids":[],"geometry_role":"filled_region"},"geometry":{"type":"Polygon","coordinates":[[[3.116972161984064,50.57146918552674],[3.117069741172354,50.57116961119412],[3.116314191614196,50.57006638480186],[3.116215125035016,50.56989215522042],[3.116155677959194,50.56977001327523],[3.116130184614838,50.56968019989445],[3.116121649483656,50.56956343827725],[3.116115955856906,50.56947721420804],[3.116146999580198,50.56932092583956],[3.116169583954529,50.56922391864973],[3.116254318619114,50.56896163525817],[3.116262795619655,50.56894367016561],[3.117010209834254,50.5690490743945],[3.11762964244356,50.56914775992133],[3.117621178413363,50.56919267048656],[3.118257585602271,50.56929494291357],[3.118305634343297,50.56922846831449],[3.120280366427091,50.56950346972122],[3.120345423405195,50.5695160306224],[3.120379379652309,50.56954835797112],[3.120472499092448,50.56983020489321],[3.120557443122378,50.57001161929372],[3.120667876637451,50.57025769675145],[3.120767008469034,50.57052353621665],[3.120880275729585,50.57077500192201],[3.12088310694191,50.57078039039304],[3.121024693339156,50.57109472321541],[3.121134352978505,50.5713816084621],[3.121213648494718,50.57156841226205],[3.12132960710847,50.57155760890485],[3.121318282818764,50.57153785145854],[3.121261719673496,50.57154684554904],[3.121176768177119,50.57136183936257],[3.120568050582868,50.56997681263319],[3.120474590739444,50.56973612044925],[3.120429257443367,50.56958164297905],[3.120420742589924,50.56952416112074],[3.120516907875179,50.56953132632976],[3.120729035558218,50.56954385579466],[3.120918527625496,50.56953842605048],[3.12114477983892,50.56951861700748],[3.121351232201486,50.56949521904141],[3.121538406674287,50.56944667872414],[3.121617581694367,50.5694161231815],[3.121792889009711,50.56933345194279],[3.121971006914936,50.56922024184012],[3.122163238091313,50.56905852671709],[3.122284763084602,50.56889862360423],[3.122380846449087,50.56876207859955],[3.122448675461553,50.56867583791676],[3.122519345695498,50.56861294910078],[3.12258437867434,50.56858419240065],[3.122672050628577,50.56857878311734],[3.122855896712233,50.56859850050717],[3.122977525110946,50.5686236212227],[3.123090660770387,50.56863437289458],[3.123209445740687,50.5686325485367],[3.123348008970577,50.56859658840898],[3.123466758826565,50.56853368723485],[3.123577012438086,50.56845102781751],[3.123671634916658,50.56837117782499],[3.123747936940138,50.568270563624],[3.123852521681765,50.56817173897964],[3.124002333685367,50.56803338351447],[3.124121031726683,50.56788964623367],[3.124152096544002,50.56781419166421],[3.124149199475037,50.56769922538145],[3.124115228043449,50.56764354649331],[3.124007727497324,50.56759327449909],[3.123812540313569,50.56751967082274],[3.123671100491754,50.56746581392673],[3.123444805971451,50.56739401330555],[3.123181752447788,50.56733299892119],[3.122944164186403,50.56729173787521],[3.122661085718097,50.56723198986592],[3.122429140928102,50.56716737382881],[3.122222651389535,50.56710454807521],[3.121917179217657,50.56704354053132],[3.121685246213215,50.56699509047936],[3.12114786305776,50.56692155757354],[3.12087917030895,50.56688209561263],[3.120559565601531,50.56683186558348],[3.120299355991472,50.56679060396206],[3.120014646087379,50.56672577645397],[3.119850591085456,50.56667730869968],[3.119661077202849,50.56661627142631],[3.119547918828898,50.56654803294147],[3.11942061847406,50.56647620445781],[3.119253739485173,50.56643312543381],[3.11887192026767,50.56637931043466],[3.118267091896643,50.56629676306746],[3.117905078421965,50.56625731215044],[3.117633568630895,50.56622682508199],[3.117455382454442,50.56618913473439],[3.117257413905627,50.56618198577565],[3.117121650021193,50.56614608346901],[3.117053761655664,50.56611376140719],[3.116971720915782,50.56605449651263],[3.116926449201705,50.56600420669732],[3.116875528678766,50.56597008505811],[3.116830269130797,50.56594674052128],[3.116807637393733,50.56593057736691],[3.116889606201134,50.56582996658521],[3.116954622529955,50.56576528594361],[3.117039453615931,50.56574191798093],[3.11723175712149,50.56573290124351],[3.117336419629551,50.56578677282894],[3.117458032508698,50.56580112126735],[3.117540040274396,50.56578853158102],[3.117630522204005,50.56575438387037],[3.117678574132521,50.565700484109],[3.117684191164041,50.56561605408878],[3.117658708853839,50.56555138974458],[3.117579499674423,50.56549930998871],[3.117440914217693,50.56547418652229],[3.117336287478421,50.56549755857851],[3.117279749618806,50.56554786715591],[3.117271268768804,50.56555505418595],[3.117211896233456,50.56559099230775],[3.116909314669891,50.56563415970626],[3.116832939570386,50.56559465337931],[3.116725452791589,50.56554796699131],[3.116677399846446,50.56552307877664],[3.116627745679148,50.56538807843113],[3.116578121720566,50.56532058269543],[3.116617052690793,50.56523957043089],[3.116677234140037,50.56514955378484],[3.116833074697596,50.56509102208803],[3.116953515082121,50.56508650011355],[3.117052719251641,50.56512248457857],[3.117187322387818,50.56510220878376],[3.117197948658001,50.56509995669017],[3.117314827343212,50.56505268216802],[3.11736083780715,50.56496266769474],[3.117307662484605,50.56487717176976],[3.11718009686256,50.56479168947946],[3.117013605802761,50.56479622011478],[3.11691798306867,50.56484574068593],[3.11688967601353,50.56491775052285],[3.116833012483962,50.56495151293084],[3.116641747269535,50.56500780080766],[3.116521302295581,50.56500107173541],[3.116344167155085,50.56496735075464],[3.116283926741907,50.56492235839055],[3.116149240818313,50.56474912062657],[3.116177527510822,50.56462760778248],[3.116191662066627,50.56454659997949],[3.116365213983805,50.56449031586862],[3.116436055531553,50.56447680247133],[3.116581296757299,50.56448577730484],[3.11667692599213,50.56445200798842],[3.11676189919988,50.56435298604711],[3.116740595364444,50.56424048218473],[3.116630756558354,50.564181997818],[3.116517399240661,50.56417751773929],[3.116361556252087,50.56422479855193],[3.116315523193562,50.56426530945463],[3.116269525138378,50.56438682573566],[3.116064101819063,50.56446561679177],[3.11580371184452,50.56444747391944],[3.115700636643846,50.56439393307709],[3.116287513618623,50.56391776210899],[3.115516010854089,50.56348546464107],[3.114819826187394,50.56393387752755],[3.114763601689816,50.56389619786475],[3.114710483362839,50.56381686172241],[3.114682343866906,50.56372958708416],[3.114804063946781,50.56356492717478],[3.114913358216855,50.5635629257619],[3.115013267395186,50.56351926982131],[3.115069440674394,50.56343198140462],[3.115069421275671,50.56338437457687],[3.115025677580225,50.56332090598917],[3.114903869811954,50.56326538464236],[3.114778958736131,50.56325747051317],[3.114650943232493,50.56329517994786],[3.114588509783622,50.56334676406968],[3.114554186065395,50.56341222895202],[3.114554208121652,50.56346777024127],[3.114597944996713,50.56351537003498],[3.1145136930672,50.56367010565384],[3.114301370412143,50.56372766432835],[3.114101502737832,50.5636939742733],[3.114438522932603,50.56310081918879],[3.113457922058982,50.56290260767245],[3.113133395783609,50.56353543207236],[3.11305368081894,50.56353283156904],[3.112878801122416,50.56351500429059],[3.112781995775018,50.56351303459233],[3.11273202788741,50.5635011400146],[3.112516517639143,50.56338215345903],[3.112497721562149,50.56321354844441],[3.112585133110768,50.56314609291989],[3.112610079411493,50.56304690840068],[3.112585067556146,50.56296161637995],[3.112488251826673,50.56292592510121],[3.112350852521,50.56292197738933],[3.112232205995356,50.56296563370949],[3.112141670949016,50.56303110576137],[3.11213857503575,50.56310846727045],[3.112157324902769,50.56314813700106],[3.112229165440008,50.56320168463859],[3.112282265093762,50.5632413495588],[3.112297929303491,50.5633861515507],[3.112110616988473,50.56353098204489],[3.111757758763933,50.56355681763481],[3.111517281175311,50.56347155448403],[3.11143290838138,50.56329105641702],[3.111503171970347,50.56325160875128],[3.111525018305588,50.56321391708464],[3.111534361313495,50.56313853834854],[3.111487502538235,50.56308300333921],[3.111378194829431,50.56304136197897],[3.111215807581882,50.56301758007962],[3.111137748292629,50.56304139375086],[3.111081556058044,50.56309099154274],[3.111044106237,50.5631604230174],[3.11106599196487,50.56324373208132],[3.111125338601395,50.56329133113838],[3.111228407054947,50.56335082612281],[3.111290905359858,50.5634857038963],[3.111187911518882,50.56365630869992],[3.110813211766077,50.56374165303816],[3.11056962454924,50.56369606079116],[3.110450917405185,50.5635552387019],[3.110478977020776,50.56341043100765],[3.110416499556314,50.56333506135319],[3.110329050396081,50.56329143264639],[3.110232243007136,50.56327954291266],[3.110094849940512,50.56329939595907],[3.110010549906339,50.56334304586133],[3.109959935619098,50.56333992526553],[3.109828778397614,50.56332803939199],[3.109756959125405,50.56333796608964],[3.109613328044816,50.56338360640896],[3.109494685304903,50.56345304700454],[3.109382287714748,50.56352248670367],[3.10932610384691,50.56360977236154],[3.109263672074938,50.56368912422875],[3.109169996535173,50.56371095474599],[3.109101309969318,50.56375856937308],[3.109070103275569,50.56383196675322],[3.109076369331463,50.56390535989642],[3.109107610674235,50.56395494683194],[3.10918568821307,50.56398667581809],[3.109288744447476,50.56400650019693],[3.109376180776933,50.56400450649706],[3.10952922483416,50.564105653345],[3.10962292613268,50.56416911826662],[3.109635434087612,50.56422664189054],[3.109635436422844,50.5642345764104],[3.109588611809557,50.56429210697834],[3.109376298371567,50.56441313294518],[3.109348203617903,50.56444884147689],[3.109314456321866,50.56447051620584],[3.109186428740969,50.56449433426629],[3.109098993431436,50.5645042622449],[3.108974077532631,50.56448840731073],[3.108855399039958,50.56444279726372],[3.108774197524786,50.56440908472423],[3.108777289180658,50.56429601814188],[3.108708572582106,50.56423850079906],[3.108596147219926,50.56421669332954],[3.108449377509741,50.56421670925846],[3.108355704745196,50.56425440805042],[3.10820891778337,50.56418896432601],[3.108112105605976,50.56416318751671],[3.107993438853691,50.56415526545409],[3.107902871845818,50.56412750419744],[3.107949710092279,50.56411559765107],[3.107553096030207,50.56401844076422],[3.107094707267339,50.56390577287683],[3.106645015055751,50.56383440476642],[3.106207813621555,50.56375113233781],[3.10584868685577,50.56368967151817],[3.105736262953342,50.56366191046315],[3.105673798156288,50.56361232530958],[3.105709570663124,50.56346462705627],[3.105749605742076,50.56331422924873],[3.105873372812509,50.56296252799493],[3.105986223376183,50.56266867194681],[3.105978910806553,50.56253910257764],[3.105931519189702,50.56234706536872],[3.105851377506332,50.56229848348588],[3.105632834234353,50.5622823057447],[3.105567261278788,50.56222909488711],[3.105319567083473,50.56215044752078],[3.105396079875695,50.56226844277899],[3.105465310213937,50.56239569347405],[3.105490834105678,50.5625298889205],[3.105469011212985,50.56268259822016],[3.105476309637509,50.56274969636615],[3.105512745638745,50.5628098508538],[3.105509123167143,50.56290702868905],[3.10541446628493,50.5631291567494],[3.105323440532595,50.56330038218944],[3.105629414732751,50.5633558870728],[3.105549337056241,50.56362660407412],[3.105112230259084,50.56355722696545],[3.104824470781498,50.56352254337568],[3.104485720705048,50.56350868704178],[3.104241673021866,50.56349019535367],[3.103939342429265,50.5634531973328],[3.103516808494924,50.56340926563959],[3.103174428849009,50.56336208454153],[3.102671762387634,50.56328807433521],[3.102016115069777,50.5631886192288],[3.1016409410576,50.56313310842945],[3.101356827396482,50.56307527844755],[3.100945230703473,50.56301976717981],[3.10057734194064,50.56295499762808],[3.100161980300238,50.56289880947435],[3.09967753461595,50.56281553122793],[3.099382498650831,50.56277389304521],[3.099010971025027,50.56268829498261],[3.098672226821979,50.56261194994408],[3.098078514118379,50.56243380375432],[3.097557652172664,50.56228804540453],[3.097011294090009,50.56213302896335],[3.096628843260623,50.56202891127501],[3.096501359382429,50.56199189117459],[3.096634641612981,50.56167258250181],[3.096528917623618,50.56166468189615],[3.096423197155098,50.56193332568935],[3.096345458714194,50.56194517795869],[3.096336130062103,50.56194320265822],[3.096208638665403,50.56192740057794],[3.096143338094293,50.56189777099731],[3.095885246188725,50.56178912890201],[3.095456131725083,50.56161332502286],[3.095058114234477,50.56145332206852],[3.094747163762626,50.56132492335473],[3.094296285080256,50.56117281734524],[3.094032426669155,50.56108100868663],[3.093797670877849,50.56100802523011],[3.093592885413923,50.56092869598635],[3.093522958765031,50.56090331044741],[3.093512971893901,50.56084619597695],[3.093512975176256,50.56077956267156],[3.093552937356381,50.56070658412819],[3.093587904313131,50.56063995152137],[3.094292202304518,50.55980863246373],[3.094457030715558,50.55975151988994],[3.093877650209746,50.55954843831994],[3.093323203122744,50.56018937820641],[3.093173351974634,50.56033216050318],[3.09302350294359,50.56042417436563],[3.092928599473668,50.5604622481941],[3.092593273876918,50.56050526559989],[3.092587877374613,50.56043664105663],[3.09273912130769,50.56030111198527],[3.092866050111698,50.56030454652764],[3.092971375038618,50.56029082427717],[3.093044293951566,50.56025308262031],[3.093103712520631,50.56016730344902],[3.093055107560074,50.56006608118078],[3.092936284937113,50.56000088495648],[3.092801255038631,50.55999745029823],[3.092650018086129,50.56004548341231],[3.092620306566285,50.56011753832834],[3.092612197869591,50.56021875921931],[3.092431248048564,50.56033884677718],[3.092101768483353,50.56038172688154],[3.091788503780375,50.5602787795262],[3.091726401705952,50.56013123443719],[3.091834438922665,50.55998197969864],[3.091926351081109,50.55996458300977],[3.092010072917553,50.55992512677472],[3.092066791951062,50.5598444948956],[3.092091103166883,50.55977072439493],[3.092061401324158,50.55971239265489],[3.091985787886926,50.5596746467432],[3.091893969875352,50.55965234074505],[3.091758941002609,50.55964890488792],[3.09164821286503,50.5596969380508],[3.091615799861989,50.55976384566484],[3.091626595617158,50.55983761728324],[3.091656297284424,50.55989251789041],[3.091634687941229,50.55994398543591],[3.091553660386024,50.56005035037222],[3.091270089949372,50.56012239532012],[3.09078939555814,50.55999198909737],[3.09070029431044,50.55982213972408],[3.090805633442897,50.55967288619646],[3.090937965237259,50.55964201085705],[3.090997380502087,50.55961799479883],[3.091048698458372,50.55954937252378],[3.091078409965167,50.55949790543885],[3.091048708712489,50.5594481514912],[3.090989301271363,50.55939839627811],[3.090900186444066,50.55936064905175],[3.090797565787493,50.55935206655924],[3.09066253386449,50.5593846571925],[3.09058420761928,50.55947214987843],[3.090570699629234,50.55951847078658],[3.090619298719346,50.55962140967043],[3.090513958834311,50.55977237868418],[3.090197982405309,50.55982554789934],[3.089852314923451,50.55974146568932],[3.089684896081042,50.55959391397123],[3.089693020959652,50.55941377456894],[3.08981995620045,50.55935545036661],[3.089830767524306,50.55928339495135],[3.089846978593034,50.55922163353193],[3.089760567592039,50.55915815087554],[3.08965450473822,50.55912379603985],[3.089541080905533,50.5591272212807],[3.089433053986244,50.55916152767331],[3.089370932904845,50.55922157066977],[3.089368218868969,50.55931936033198],[3.089408718406133,50.55938455575664],[3.089489729433539,50.55942916605862],[3.089481605779909,50.55959214862256],[3.089260139909327,50.55972423835221],[3.088841547384265,50.55973622323081],[3.088609316785154,50.55960753828954],[3.088574233125716,50.55945313119895],[3.088666062423882,50.55938794370344],[3.088722783362547,50.55932790083853],[3.088695791246385,50.55923868745572],[3.088652591475625,50.55917863841773],[3.088541874543342,50.55914088808281],[3.088412247422185,50.55914431106569],[3.088282612558721,50.55919577104371],[3.088228587058228,50.55928497931308],[3.088236676886076,50.55935875111979],[3.088296081940791,50.55940507646802],[3.088390591069954,50.55947370695417],[3.088395967992601,50.55962639664385],[3.088204205538425,50.55975505525524],[3.087696489364742,50.55977560883987],[3.087607378456729,50.55972413422079],[3.087515567876131,50.55966751248184],[3.087461561083513,50.55963834320018],[3.087450785692714,50.55948736825976],[3.087539917761619,50.55941703440708],[3.087583133577285,50.5593810095724],[3.087545341838467,50.55928664807964],[3.087523747026928,50.55923003121909],[3.087434636879707,50.55917855626451],[3.0872888053689,50.55917854550089],[3.087172671395921,50.55922657411516],[3.08712297562928,50.55929398493538],[3.087117564616961,50.55934716857206],[3.087131057538062,50.55940035360826],[3.087185062262454,50.55943638546466],[3.087260670379941,50.55947928131127],[3.087274144741208,50.55963540292944],[3.087117488149389,50.5597589152819],[3.087033765138225,50.55978464314304],[3.086693489757033,50.55979147941734],[3.086523350986041,50.55980004401228],[3.086420726881407,50.55980861382729],[3.086296498616432,50.55981375057154],[3.086180372065517,50.55981888785845],[3.085969719810178,50.55984632003351],[3.0857833720436,50.55987546957113],[3.085526800907163,50.5599354937665],[3.085286427116132,50.56001782200656],[3.085100066312882,50.56009157683345],[3.08490559942431,50.5601773401888],[3.084794265836381,50.56024517035519],[3.084705134560601,50.56029148342071],[3.084543095457106,50.56030004593335],[3.084416166422184,50.56030003357461],[3.084351354092181,50.56028973353179],[3.084256842980404,50.56024683388731],[3.08422174506449,50.56020565569345],[3.084216364505772,50.56012159008838],[3.084167767038342,50.56006668553218],[3.084089460419712,50.56002207165409],[3.084032751075692,50.56000834091166],[3.083932828570681,50.56000833066345],[3.083832900887333,50.56002890772928],[3.083741066143124,50.56008379787964],[3.083730242294207,50.56016786189139],[3.083765335986379,50.56022448083596],[3.083808534641053,50.56026909126055],[3.083876041501394,50.56030341049672],[3.083975958977847,50.56032572370471],[3.084067785260725,50.5603051457116],[3.084302716132661,50.5603995278265],[3.084348578216212,50.56059854309932],[3.084224314303272,50.56073921083145],[3.084073066174051,50.56078723281483],[3.083913717420299,50.56082839138293],[3.083746284333064,50.5607992088415],[3.08366257521075,50.56075630988541],[3.083613977298876,50.56070312084962],[3.083541070024298,50.56066365412542],[3.083438448891227,50.56064991839705],[3.083330418533847,50.56066534741925],[3.083265592179263,50.56070479960366],[3.083219660667489,50.56078028172565],[3.083222337644749,50.56086777840225],[3.083270933992375,50.56092611452952],[3.083378953059186,50.56095529143535],[3.083454569677393,50.56096387744835],[3.083605819302937,50.56091757164197],[3.083900183495838,50.56094848290116],[3.084024368363147,50.56112863498235],[3.084005433173891,50.5612487263084],[3.083673673704674,50.56135548835714],[3.083408795277103,50.56215836652542],[3.083595095104428,50.56235225106364],[3.083436840278244,50.56274967125358],[3.082996633046937,50.56268957726675],[3.082843884974087,50.56315260365044],[3.082846551632161,50.56327612789311],[3.082887040848741,50.56335848168488],[3.082968038550207,50.5634545648473],[3.083019338864403,50.56350947006551],[3.083040935144548,50.5635472158994],[3.083027417125364,50.56359868277419],[3.082962593912546,50.56361240049678],[3.08291128228338,50.56359866991377],[3.082822167814256,50.56355405406968],[3.082676329086682,50.56353688157022],[3.077813695718639,50.56285113555467],[3.077681367791263,50.5628253807398],[3.077565248068166,50.56279105028438],[3.077497740938679,50.56276015862574],[3.077376216766574,50.56273440526165],[3.077300599587915,50.56272409958661],[3.077535810251262,50.56209450755021],[3.077473700304596,50.56207734169978],[3.077257391521151,50.56271379903679],[3.077125061278627,50.56269662180029],[3.07694682177553,50.56267085892233],[3.076765878225967,50.5626536734202],[3.076617346587678,50.56262963054742],[3.076530934433586,50.5626004509276],[3.076420228359917,50.56254038621465],[3.076350033652751,50.56248032814801],[3.07628525697365,50.56238081187393],[3.076260986579256,50.56229331161448],[3.076204315229543,50.5621869341017],[3.076163842697457,50.56209428412483],[3.07616655982498,50.56205482547215],[3.076263906959753,50.56176147141112],[3.07618829048605,50.56175288043556],[3.076131531458093,50.56185923924216],[3.076045112671946,50.5618489307526],[3.076045084139369,50.56191755549591],[3.076136900241591,50.56193815853628],[3.076109855920748,50.56202736599153],[3.076153029122601,50.56212001651659],[3.076179995780368,50.56221781104094],[3.076206975371329,50.56228472446407],[3.076236646434196,50.56237394126763],[3.07623934363416,50.56238251977902],[3.07626632188907,50.56245286437195],[3.076317614715836,50.56250434129358],[3.076417512010392,50.56257812921126],[3.076422910662597,50.56258499254758],[3.076493115450181,50.56262103200859],[3.076595734937069,50.56264335188384],[3.076952212964765,50.5626965939702],[3.077265481631712,50.56274468134696],[3.077441020945237,50.5627704433572],[3.077422107597889,50.56279102772649],[3.076987309047805,50.56273091183947],[3.076560613183723,50.56267251147784],[3.076441794016858,50.56263817962459],[3.076209559666447,50.56256436960108],[3.076139365819572,50.56250259576584],[3.076055775489555,50.5621851933131],[3.075996441733466,50.5619878874447],[3.075950599480053,50.56181974896532],[3.075980051436566,50.56179946699874],[3.076047617461721,50.56168624781005],[3.076196211999276,50.56155417059123],[3.076920075633169,50.56136385742224],[3.076963094678515,50.56138464495946],[3.077115462050575,50.56136623394011],[3.07708647398129,50.56128326914055],[3.08316975956378,50.56215808459619],[3.083518294004608,50.56109346575089],[3.083024993699583,50.5608998391229],[3.083112209203402,50.56033295415594],[3.082945495793026,50.55977525727876],[3.082209582997404,50.55794965684605],[3.085757336286969,50.55718031768725],[3.085902446361406,50.5571158036632],[3.086598881346507,50.55724490756342],[3.087975999619044,50.55746842131997],[3.089858302686297,50.55795886847735],[3.091787042338687,50.55844966590298],[3.093236336858363,50.55918793589043],[3.093865536878848,50.55947046225592],[3.095280589988016,50.55991995137976],[3.0945430140889,50.56075624168534],[3.096493971972045,50.56153509974138],[3.096811304626739,50.56165495735108],[3.098463413434978,50.56211403239088],[3.099338235754543,50.56234283233546],[3.099737054079668,50.56243543845986],[3.101195108219392,50.56264786003644],[3.10270065054608,50.56287081328044],[3.103331049752296,50.56296339332364],[3.103768471799759,50.56302874252164],[3.104137275549639,50.56305595792124],[3.104467487244247,50.56309407143879],[3.10480618073554,50.56262550268083],[3.105024825710985,50.56230404225019],[3.105166302044273,50.56209972305934],[3.105445054780667,50.56215418165919],[3.10564661638981,50.56219774995743],[3.105898328823666,50.56221257787687],[3.106288569103417,50.56224523282198],[3.106820331630689,50.56231601027269],[3.107094792041067,50.56235956942588],[3.107112098828391,50.56300245097111],[3.107120790236104,50.56347916529489],[3.10860897459343,50.56385494186793],[3.109117396613594,50.56359005203328],[3.109494724082584,50.56341294328259],[3.109824890518416,50.56328214836102],[3.109996392696655,50.5631731644329],[3.110416620769534,50.56306959745612],[3.110763958891398,50.56300689936767],[3.110944017795865,50.56284070654645],[3.111368534677852,50.56274258269685],[3.111574368856693,50.56271803773787],[3.112024649587575,50.56271525081844],[3.112335880978754,50.5627919268013],[3.113202125901147,50.56279997328491],[3.113210670622957,50.56271280133501],[3.114342857716415,50.56287607198364],[3.114321453207749,50.56297141859352],[3.115144920794828,50.56319466159394],[3.115277334400468,50.56325188196044],[3.116045094299364,50.56358136572465],[3.116551287821323,50.56394630444846],[3.116735760979432,50.56410154469948],[3.116881604967259,50.56418051726887],[3.117061804978312,50.56436299922174],[3.117516612212425,50.56483691127445],[3.117778283247186,50.56533579744095],[3.117881319566862,50.56557004979927],[3.1179629984239,50.56598137303762],[3.117908217401841,50.56621598732921],[3.118585854488425,50.56628395934045],[3.119203456265105,50.56635738763017],[3.119456509481606,50.56640092210597],[3.119619539750231,50.56652074887334],[3.119855470917294,50.56662421613693],[3.120619788738328,50.56676917615081],[3.121288872487413,50.56685892714106],[3.121837887293211,50.56696777005617],[3.122670009652768,50.56715282161503],[3.123813606798229,50.56742673063842],[3.124135313824308,50.56751109980641],[3.124225418937079,50.56757918007721],[3.124272679455957,50.56771809699057],[3.124328443618205,50.56773442798848],[3.124367049336347,50.56774531494964],[3.124210097075439,50.56790981463682],[3.124051516706303,50.5680896440157],[3.12383290952025,50.56829945208996],[3.123670077496545,50.56854465904552],[3.123374403795942,50.56898603081508],[3.123100160966696,50.56941105262896],[3.122997276949471,50.56949824739871],[3.122582431877676,50.57023782386225],[3.122376680820924,50.57045307360406],[3.121913785119514,50.57096988473808],[3.121679322711626,50.57123628268521],[3.121515189599064,50.57140767411709],[3.121459511257028,50.57148405119601],[3.12137452059426,50.57158651050048],[3.12134520530934,50.57160700504102],[3.121167308950397,50.57188301382689],[3.120973016054105,50.57220947242245],[3.120785616293336,50.5724432984202],[3.117771137965279,50.57205573540307],[3.117830400047621,50.57196129135016],[3.116768261004343,50.5718068509456],[3.116818581003811,50.57168419995074],[3.11714603768614,50.5717321311661],[3.11712089133338,50.57182278414827],[3.11819561448921,50.5719532235083],[3.11826686903915,50.57172125644347],[3.117246710613795,50.57156414647153],[3.117192174532104,50.57164414044644],[3.1168647219181,50.57160420769129],[3.116877296448657,50.57156154727551],[3.116608611018472,50.57151360472677],[3.116616981951739,50.5714576143218],[3.116646352825452,50.57142561544071],[3.116972161984064,50.57146918552674]]]}},{"type":"Feature","id":"LFQQ-e587d28c451ce910069c","properties":{"airport":"LFQQ","name":"COLOR_GrasSurface","layer":"Terrain","category":"Grass","object_type":"Area","style_id":"polygon.grassurface.00512f","source_group":"COLOR_GrasSurface","vsmr_group_ids":[],"geometry_role":"filled_region"},"geometry":{"type":"Polygon","coordinates":[[[3.116576134572679,50.57160127210423],[3.116649351093945,50.57161889542378],[3.116692284985467,50.57166057369062],[3.116704929194827,50.5717102738822],[3.116677196427404,50.57179204737697],[3.116497947921766,50.57176321973023],[3.116576134572679,50.57160127210423]]]}},{"type":"Feature","id":"LFQQ-9dd13d649c5155dfd914","properties":{"airport":"LFQQ","name":"COLOR_GrasSurface","layer":"Terrain","category":"Grass","object_type":"Area","style_id":"polygon.grassurface.00512f","source_group":"COLOR_GrasSurface","vsmr_group_ids":[],"geometry_role":"filled_region"},"geometry":{"type":"Polygon","coordinates":[[[3.116277914494348,50.56891763039368],[3.11640950847524,50.56851960753603],[3.116435839688989,50.56846938800197],[3.116435820087149,50.56842475251044],[3.116421166310537,50.5683949981016],[3.11636258826842,50.5683596718827],[3.116453294609718,50.56821087092435],[3.116570363064068,50.56808438297502],[3.116710864799315,50.56797834866304],[3.116889461918069,50.5679411206737],[3.117024144048677,50.56791877874269],[3.117152984150104,50.56792805458847],[3.119422415382602,50.56825494450091],[3.119640226633278,50.56828055847316],[3.119871593935175,50.56837350140056],[3.120849880063021,50.56892751963534],[3.121010973525631,50.56900931723375],[3.121136898454455,50.56903346793476],[3.121277455653655,50.56904087707402],[3.121377006261552,50.56902597706895],[3.121503784809072,50.56900017005899],[3.12162381833605,50.56896294750687],[3.121746760435971,50.56889038784387],[3.121814071787363,50.56882527963107],[3.121863821349053,50.56877319393349],[3.121890142736703,50.56871553399774],[3.121934045165675,50.56868018779106],[3.12223272176213,50.56869313913799],[3.122279571867186,50.5686931285008],[3.122323499100776,50.56870241757561],[3.122335239787359,50.56875262978292],[3.122323545955257,50.5687861090123],[3.122188940827353,50.56894608305743],[3.122074819701084,50.56908373448479],[3.121928472836057,50.56919349584829],[3.121761629291138,50.56930512136334],[3.121544993925391,50.56939443994508],[3.121307846441101,50.56945772536068],[3.121006261422783,50.56948940755842],[3.120795437472406,50.56949875197567],[3.120572891794819,50.56949136023182],[3.120206851128622,50.56945796097713],[3.119612388195663,50.56938183195976],[3.118419574489615,50.56921651158862],[3.116277914494348,50.56891763039368]]]}},{"type":"Feature","id":"LFQQ-495a78a743efdceb2a47","properties":{"airport":"LFQQ","name":"COLOR_GrasSurface","layer":"Terrain","category":"Grass","object_type":"Area","style_id":"polygon.grassurface.00512f","source_group":"COLOR_GrasSurface","vsmr_group_ids":[],"geometry_role":"filled_region"},"geometry":{"type":"Polygon","coordinates":[[[3.113728603024604,50.57193360490168],[3.113334140470942,50.57186286845792],[3.113471158632719,50.57138905729781],[3.113514036726674,50.5714026654837],[3.113449808533111,50.57162050981491],[3.113685624575784,50.57165587212265],[3.113732761360619,50.57159323744105],[3.113844239883132,50.57161500376988],[3.113728603024604,50.57193360490168]]]}},{"type":"Feature","id":"LFQQ-efd69b503cf19f5f176f","properties":{"airport":"LFQQ","name":"COLOR_GrasSurface","layer":"Terrain","category":"Grass","object_type":"Area","style_id":"polygon.grassurface.00512f","source_group":"COLOR_GrasSurface","vsmr_group_ids":[],"geometry_role":"filled_region"},"geometry":{"type":"Polygon","coordinates":[[[3.113869858592047,50.57133998369051],[3.112099116407465,50.5711006242305],[3.111889255408966,50.57174054508005],[3.113295588450067,50.57195545414357],[3.113329896375467,50.57197995545075],[3.113338487146962,50.57202352120594],[3.113329932534703,50.57207798131947],[3.113295651578509,50.57212699939461],[3.113235641297005,50.57216240672984],[3.112832646350852,50.57221692560466],[3.112506808406665,50.57223058799282],[3.111554950599571,50.57208368316979],[3.111910436465635,50.57099173219959],[3.111966159477939,50.57095632629729],[3.112094769318416,50.57092907924581],[3.112326287418967,50.57093993903408],[3.11366398609136,50.57112218064084],[3.113831215762151,50.57119022835945],[3.113908405594836,50.5712392292499],[3.113947003698629,50.57127189846248],[3.113955586637029,50.57129368058499],[3.113925583989203,50.57131546869361],[3.113869858592047,50.57133998369051]]]}},{"type":"Feature","id":"LFQQ-1a8b7ef915a2c16ec6e6","properties":{"airport":"LFQQ","name":"COLOR_GrasSurface","layer":"Terrain","category":"Grass","object_type":"Area","style_id":"polygon.grassurface.00512f","source_group":"COLOR_GrasSurface","vsmr_group_ids":[],"geometry_role":"filled_region"},"geometry":{"type":"Polygon","coordinates":[[[3.113697072892798,50.57236109711879],[3.113873324032121,50.57193635832645],[3.114012821112488,50.5719597870097],[3.113893975424378,50.57229853242466],[3.113857072632435,50.57235325567565],[3.11382015489253,50.57236889493713],[3.113754513717275,50.57237151069443],[3.113697072892798,50.57236109711879]]]}},{"type":"Feature","id":"LFQQ-1f24a738668327b906d2","properties":{"airport":"LFQQ","name":"COLOR_GrasSurface","layer":"Terrain","category":"Grass","object_type":"Area","style_id":"polygon.grassurface.00512f","source_group":"COLOR_GrasSurface","vsmr_group_ids":[],"geometry_role":"filled_region"},"geometry":{"type":"Polygon","coordinates":[[[3.116220263483942,50.57253004771121],[3.116265389186736,50.57252222306753],[3.116310512607636,50.57250918717171],[3.11635152313537,50.5724727016815],[3.116380210968399,50.57240234566541],[3.116539966249983,50.57183951002945],[3.116601510665347,50.57185252707166],[3.11662203966135,50.57188900168919],[3.116408994095361,50.57255085933843],[3.116363891079859,50.5726107959422],[3.116306455103883,50.57261341162338],[3.116261325984742,50.5726134195402],[3.116212088561723,50.5726004001688],[3.116220263483942,50.57253004771121]]]}},{"type":"Feature","id":"LFQQ-06b039fb77debca33845","properties":{"airport":"LFQQ","name":"COLOR_GrasSurface","layer":"Terrain","category":"Grass","object_type":"Area","style_id":"polygon.grassurface.00512f","source_group":"COLOR_GrasSurface","vsmr_group_ids":[],"geometry_role":"filled_region"},"geometry":{"type":"Polygon","coordinates":[[[3.116515659602008,50.57254041857987],[3.11674921551286,50.57187595129943],[3.116905127709113,50.57190719045882],[3.116745352272792,50.57241530923959],[3.116675621366762,50.57244658880136],[3.116642815194763,50.57248046733179],[3.116634628261352,50.57252215827128],[3.116610026151883,50.57255342974447],[3.116585420569951,50.57257688447455],[3.116527981229926,50.5725716834868],[3.116515659602008,50.57254041857987]]]}},{"type":"Feature","id":"LFQQ-3a5f5ad0f85fd032f694","properties":{"airport":"LFQQ","name":"COLOR_GrasSurface","layer":"Terrain","category":"Grass","object_type":"Area","style_id":"polygon.grassurface.00512f","source_group":"COLOR_GrasSurface","vsmr_group_ids":[],"geometry_role":"filled_region"},"geometry":{"type":"Polygon","coordinates":[[[3.117791360193731,50.5720581517949],[3.117541460361564,50.57283466801348],[3.116465015376515,50.57270779452517],[3.116485514959186,50.57267652380825],[3.116551151714118,50.57266348425497],[3.116719378016266,50.57270253826425],[3.117347123821583,50.57278319838679],[3.117420968645459,50.57277536805975],[3.117449667075931,50.57273106761476],[3.117576709296095,50.5724261892519],[3.117630045293833,50.57242878492465],[3.117752951463875,50.57205355564536],[3.117791360193731,50.5720581517949]]]}},{"type":"Feature","id":"LFQQ-3e40ddb1e48fcc938518","properties":{"airport":"LFQQ","name":"COLOR_GrasSurface","layer":"Terrain","category":"Grass","object_type":"Area","style_id":"polygon.grassurface.00512f","source_group":"COLOR_GrasSurface","vsmr_group_ids":[],"geometry_role":"filled_region"},"geometry":{"type":"Polygon","coordinates":[[[3.11300051105287,50.57058833249076],[3.112955433334852,50.57071730832831],[3.112896233763947,50.57079075778626],[3.112856788577729,50.57089823796608],[3.112941408341645,50.57092688555025],[3.113429351292349,50.57100025490787],[3.113592772060847,50.57058287045489],[3.113680088679722,50.57028371945789],[3.113682906367745,50.57027655405041],[3.113733639341807,50.57019056645001],[3.113716700782192,50.57014578789681],[3.113598241370672,50.57012610246487],[3.113166722100356,50.57007959555897],[3.113130082070046,50.5701440857877],[3.113090641916982,50.57026410483875],[3.113048378202274,50.57037516797644],[3.113000445184719,50.57040741734439],[3.112980725321457,50.57046832237656],[3.112946889066259,50.57048803096409],[3.112867942530211,50.57054715337017],[3.112746799161994,50.57090541879827],[3.112724248343961,50.57093766437883],[3.112698868786705,50.57094662421855],[3.112684762691453,50.57093408757753],[3.112693211380562,50.57090005277205],[3.112814354495821,50.57053999620991],[3.112422318315142,50.57049168907964],[3.112326524856477,50.57076576196094],[3.112597286488752,50.57080333954243],[3.112608602861251,50.57090185611969],[3.11260015093795,50.57092693469629],[3.112583234214508,50.57094126703069],[3.112555031122906,50.57094127105027],[3.112467598466211,50.57093232728206],[3.112205299589592,50.57090191314046],[3.112100945352521,50.570892971512],[3.112036077827269,50.57089118926339],[3.111971218879077,50.57091448436423],[3.111928919844182,50.57093061137397],[3.112420355962002,50.56956755812319],[3.112473909211337,50.56947977986955],[3.112550028348051,50.56940453704802],[3.112662816925809,50.56934899251733],[3.112753051320365,50.56931494599159],[3.112868672588265,50.56929522559011],[3.113060432739563,50.56925758149405],[3.11313375409447,50.56924682323314],[3.115236320148653,50.56954554651258],[3.115349141270258,50.56957418753647],[3.115433772833376,50.56963328428974],[3.11547046292624,50.5696977627892],[3.115490240530514,50.5697837390368],[3.115473353486031,50.56986613896638],[3.115263362816219,50.5704187327924],[3.115201337749915,50.57047068914062],[3.115139297992284,50.57048682060573],[3.115065977128224,50.57050295389132],[3.114981370020344,50.5705065503018],[3.114882657884819,50.57050119275588],[3.114544200919425,50.57044213668532],[3.114307563309158,50.57111926223448],[3.114268103448978,50.57118196188221],[3.114191968101292,50.57121600743653],[3.114031224991489,50.57125543996187],[3.113994560084259,50.57125365441245],[3.11394942117269,50.57121783657588],[3.113940958148089,50.57121246416045],[3.113864788953398,50.57115873873524],[3.113678623595109,50.57109428271788],[3.113492162612554,50.5710535059852],[3.113325754584177,50.57102845375338],[3.112990122208625,50.57098909664113],[3.112863200616409,50.57096941174489],[3.112826528172308,50.57094613095412],[3.112818050035215,50.57089776848723],[3.112818032212592,50.57084761358889],[3.11292509077097,50.57053233904522],[3.113012520476846,50.57053411740161],[3.11300051105287,50.57058833249076]]]}},{"type":"Feature","id":"LFQQ-fcd47f59d596d8369ff0","properties":{"airport":"LFQQ","name":"COLOR_GrasSurface","layer":"Terrain","category":"Grass","object_type":"Area","style_id":"polygon.grassurface.00512f","source_group":"COLOR_GrasSurface","vsmr_group_ids":[],"geometry_role":"filled_region"},"geometry":{"type":"Polygon","coordinates":[[[3.109226746385292,50.57177087166582],[3.109401136885952,50.57129052272741],[3.109438746798836,50.57116370943188],[3.109446651032004,50.5710646194601],[3.109446650056364,50.57106126050055],[3.109428123170039,50.57100416051438],[3.109393716730142,50.57090003715247],[3.109393699779781,50.57084125561139],[3.107444416741798,50.57057180779556],[3.107330699274076,50.57052143486391],[3.107243422636958,50.57046098244113],[3.10712704931398,50.57036022546866],[3.107060917551354,50.57025778409556],[3.107060887534885,50.57013182373101],[3.107095327877643,50.56998516674607],[3.107264452733403,50.56953337182534],[3.107386007076973,50.56920250394899],[3.107478373163093,50.56904918785197],[3.107541809398318,50.56894673351247],[3.107636974555132,50.56883923762339],[3.107732143830473,50.56875021593302],[3.107808813437016,50.56870150342123],[3.107941010206328,50.56864942619131],[3.108120810016928,50.56862757431114],[3.108324033214578,50.56862486950346],[3.108633024423917,50.56862861021034],[3.108977676012625,50.56865876518292],[3.109227252154318,50.56868138177457],[3.111786014114293,50.56904253891228],[3.111875168684499,50.56910668799469],[3.111982152696668,50.56917838291876],[3.112077269174083,50.56929914372385],[3.112172377201996,50.56939348501741],[3.112249653528993,50.56947273200594],[3.112291292222427,50.56959727408887],[3.112273506953169,50.56971805038724],[3.11220820799363,50.56991054250406],[3.111466144879813,50.57208834020204],[3.109226746385292,50.57177087166582]]]}},{"type":"Feature","id":"LFQQ-11bde471b268dc1c65fc","properties":{"airport":"LFQQ","name":"COLOR_GrasSurface","layer":"Terrain","category":"Grass","object_type":"Area","style_id":"polygon.grassurface.00512f","source_group":"COLOR_GrasSurface","vsmr_group_ids":[],"geometry_role":"filled_region"},"geometry":{"type":"Polygon","coordinates":[[[3.103246943709226,50.56960877485445],[3.103192750695529,50.56949694862919],[3.103192729256798,50.56935644471439],[3.103206241279339,50.56914998922089],[3.103278429752319,50.56886324220136],[3.103373194625427,50.56860803531861],[3.103445403806662,50.56846465937872],[3.10356275055534,50.56827826890377],[3.103666559539788,50.56813202305578],[3.103792952266333,50.56805459401041],[3.104050271100833,50.56801156542272],[3.104515265466725,50.56802300257889],[3.104790651993068,50.56804018684585],[3.105057015124559,50.56808604529877],[3.106185670096042,50.56824939393961],[3.106506216200042,50.56832391779889],[3.106772596627279,50.56842998752625],[3.106948684522524,50.56852172826084],[3.107079631123986,50.568627810201],[3.107138362465496,50.56880558468442],[3.107142933706761,50.56904358017101],[3.107043683118413,50.56933893395979],[3.106939911111426,50.56960848138066],[3.106858682294533,50.56975472760066],[3.106696205921877,50.56997266706254],[3.106560783030556,50.57004723254443],[3.106371180290108,50.57010746556851],[3.106168022842684,50.57012182052211],[3.1056262558448,50.5700931922723],[3.105341824776302,50.57005880659276],[3.104484016655806,50.5699413092464],[3.104195070602502,50.56989831927441],[3.103879032414922,50.56982952380482],[3.103590080986518,50.56975212335276],[3.103350792475472,50.56968332119493],[3.103246943709226,50.56960877485445]]]}},{"type":"Feature","id":"LFQQ-85e52237dac9994845cc","properties":{"airport":"LFQQ","name":"COLOR_GrasSurface","layer":"Terrain","category":"Grass","object_type":"Area","style_id":"polygon.grassurface.00512f","source_group":"COLOR_GrasSurface","vsmr_group_ids":[],"geometry_role":"filled_region"},"geometry":{"type":"Polygon","coordinates":[[[3.101765540547805,50.57070379958674],[3.100856822670079,50.57057779922873],[3.100700143523942,50.57051478453805],[3.100548685915088,50.57043850177168],[3.10045467560637,50.57036553348217],[3.100407666582556,50.57028592945905],[3.100376319386398,50.57014662031123],[3.100397196314224,50.57001062627901],[3.100830523049498,50.56878667332806],[3.10086184811436,50.56871038335785],[3.10083050915761,50.56865731425179],[3.100746950036168,50.56862083181004],[3.100579836084592,50.56858766950245],[3.100454501520284,50.56857108981848],[3.100407500351927,50.56855782398767],[3.100370941910793,50.56852797318161],[3.100417927019836,50.56838202740386],[3.100477545946971,50.568212182526],[3.100576748998445,50.56803306617867],[3.100649848667743,50.56793355633759],[3.100728172219087,50.56785394760868],[3.100811718265828,50.56778097238989],[3.100968371949033,50.56769472634766],[3.101093695864079,50.56763833357116],[3.101276464672966,50.56760183941697],[3.101454011457621,50.56756866208035],[3.102169450609782,50.56767808313999],[3.102435786033098,50.56774108932377],[3.102827457987207,50.56783725639475],[3.103015465883658,50.56791353353809],[3.103125145970211,50.56801303366104],[3.103166936449389,50.56809927039225],[3.103166957557084,50.56823526321683],[3.103125226653292,50.56853378669482],[3.103078258349246,50.56873612058615],[3.102952979713001,50.56909103710888],[3.102791156066438,50.56952888011548],[3.102088136231851,50.56980408994697],[3.101816681250178,50.57063996206285],[3.101765540547805,50.57070379958674]]]}},{"type":"Feature","id":"LFQQ-c8006d55819b912550ee","properties":{"airport":"LFQQ","name":"COLOR_GrasSurface","layer":"Terrain","category":"Grass","object_type":"Area","style_id":"polygon.grassurface.00512f","source_group":"COLOR_GrasSurface","vsmr_group_ids":[],"geometry_role":"filled_region"},"geometry":{"type":"Polygon","coordinates":[[[3.100526223669025,50.56793683329994],[3.100529691535678,50.56786841783498],[3.100512308876027,50.56777131291562],[3.100456703142409,50.56764772617032],[3.100387203337918,50.56756607187577],[3.100331603149105,50.56749545171301],[3.100258632259054,50.56744690163725],[3.100154389795833,50.56739393871886],[3.101241948439815,50.56753734525098],[3.101116867069753,50.56757045515526],[3.100957041344139,50.56761901507844],[3.100859757996182,50.56766757208955],[3.100748577441699,50.56772937127432],[3.100686039423255,50.56777571973267],[3.10062002735926,50.56782868914036],[3.100581811545646,50.56787724350535],[3.100526223669025,50.56793683329994]]]}},{"type":"Feature","id":"LFQQ-9de2eb17b28e3c184f8f","properties":{"airport":"LFQQ","name":"COLOR_GrasSurface","layer":"Terrain","category":"Grass","object_type":"Area","style_id":"polygon.grassurface.00512f","source_group":"COLOR_GrasSurface","vsmr_group_ids":[],"geometry_role":"filled_region"},"geometry":{"type":"Polygon","coordinates":[[[3.100480245764601,50.56875850465694],[3.100515568213866,50.56867379312851],[3.100637263234387,50.56865026329335],[3.100700759758566,50.56867042510153],[3.100764258929747,50.56871411194038],[3.100774846076386,50.56875780087487],[3.100658480251031,50.56913756814745],[3.100616152966054,50.56916445567653],[3.100579115632354,50.56917789999649],[3.100542071784964,50.56913085106455],[3.100446821936176,50.56906027926031],[3.100288078703477,50.56899979191446],[3.100081717275471,50.56896283128837],[3.099907104861324,50.56893931217724],[3.099637250086178,50.56890571386959],[3.099436183066664,50.56889227723775],[3.099266865857051,50.56891244668372],[3.099081675725861,50.56894605932765],[3.099187488498425,50.56878138086174],[3.099420303823723,50.56881834185559],[3.099605453920238,50.56829742550914],[3.099176867891631,50.5682369458027],[3.098965268291969,50.56893598037931],[3.098928232359248,50.56897631003734],[3.09887002913189,50.56897967236851],[3.098854153805317,50.56895278698983],[3.098880607378169,50.56891245754819],[3.098933508760664,50.56874442006202],[3.098727150692571,50.56871753975124],[3.098668957787296,50.56889565945598],[3.098748326796481,50.56890910036708],[3.09870071031968,50.56898639823082],[3.098647798636964,50.56899648176969],[3.098557847166312,50.56898640181975],[3.098436147299988,50.56895615828247],[3.098869951140617,50.56774629121277],[3.097441349825432,50.56755475825653],[3.097330235484843,50.56751443098842],[3.097272031508504,50.56746066011832],[3.097261446958088,50.56739344586587],[3.097309062193523,50.56726573788666],[3.097367260268302,50.56716491557944],[3.097488951821916,50.56709769969614],[3.097674136046491,50.56704392579366],[3.097806412385193,50.56705736678289],[3.100039245199215,50.56737657721094],[3.10011332452427,50.56743034586598],[3.10027206766716,50.56755804681562],[3.10034615141062,50.56765214376965],[3.100399071769695,50.56775296293694],[3.100436121138948,50.56787394694015],[3.100446717103154,50.5680150962299],[3.100436145468586,50.568122639295],[3.100372666611715,50.56827387362502],[3.100340929539704,50.56837469612363],[3.100325063900062,50.56845535380307],[3.100309194966655,50.56850240442395],[3.100134589271573,50.56853265721358],[3.100073329162008,50.56869993764457],[3.10004350042167,50.5688257179552],[3.100561642595436,50.5688980649726],[3.100610459572697,50.56877745262516],[3.100480245764601,50.56875850465694]]]}},{"type":"Feature","id":"LFQQ-00111268398ef51c8640","properties":{"airport":"LFQQ","name":"COLOR_GrasSurface","layer":"Terrain","category":"Grass","object_type":"Area","style_id":"polygon.grassurface.00512f","source_group":"COLOR_GrasSurface","vsmr_group_ids":[],"geometry_role":"filled_region"},"geometry":{"type":"Polygon","coordinates":[[[3.099841733460771,50.57021698369501],[3.100309521750475,50.57028145474046],[3.100338535461888,50.57032060690305],[3.100349419603337,50.57037588165941],[3.100331294033691,50.57043346069007],[3.100284159022637,50.57049564714379],[3.10018987970986,50.57052789448769],[3.10011735605412,50.57054171591321],[3.100070215068425,50.57054402067255],[3.098525422605916,50.57032987537531],[3.09843839089184,50.57029072420085],[3.098413004841598,50.57024235904713],[3.098398497667636,50.57019859986326],[3.098383992026288,50.57018478140193],[3.098445638062124,50.57018708308745],[3.098539905053177,50.56991761482762],[3.098463753809966,50.5698991915802],[3.098489135350095,50.56986464410878],[3.098525397400298,50.5698669463838],[3.098616053000525,50.56987845986306],[3.098663194112239,50.56988767121405],[3.098819121552039,50.56990609229781],[3.099091088189809,50.56993832871779],[3.099218005886422,50.56995214384899],[3.099279653651434,50.56998668891531],[3.099297787804094,50.57003044773603],[3.099279659815444,50.57007190456093],[3.099199883051349,50.5700673006348],[3.099112869396967,50.57029070655862],[3.099366707451863,50.57032524605284],[3.099410217982961,50.57026996956349],[3.099798228443342,50.57032983851227],[3.099841733460771,50.57021698369501]]]}},{"type":"Feature","id":"LFQQ-9353276dec0ffe252a52","properties":{"airport":"LFQQ","name":"COLOR_GrasSurface","layer":"Terrain","category":"Grass","object_type":"Area","style_id":"polygon.grassurface.00512f","source_group":"COLOR_GrasSurface","vsmr_group_ids":[],"geometry_role":"filled_region"},"geometry":{"type":"Polygon","coordinates":[[[3.099134567138011,50.56943164025813],[3.099225221609301,50.56944085018257],[3.099250599326608,50.56936714947173],[3.099207083729603,50.56934181634977],[3.099196201961096,50.56929575413683],[3.099188947884197,50.56927041992571],[3.099301358240361,50.56927041668769],[3.099337618448956,50.56925429373332],[3.099348494108529,50.56921744340069],[3.099333988008068,50.56919671567154],[3.09929409865205,50.56917138244406],[3.099239706640136,50.56917138401857],[3.09919982033144,50.56918750705116],[3.099159932658035,50.569185205054],[3.099149052280197,50.56915756779862],[3.099098281839485,50.56909308157348],[3.09905839024168,50.56903320122795],[3.099116406129874,50.56900325896689],[3.099174423274742,50.56899174165143],[3.09932671855411,50.56896640283175],[3.099464510406817,50.56895718618603],[3.099656694368782,50.5689525737582],[3.099932282616344,50.56898941450703],[3.100055572825107,50.56901244133916],[3.100128098637722,50.56904928880147],[3.100305782036457,50.56908152582422],[3.100400066713302,50.56913679720004],[3.100468970664947,50.56921279772684],[3.100519742710914,50.56927498014664],[3.100519750092749,50.56935098338556],[3.10051613311715,50.56944541173976],[3.100494388060095,50.56956747828258],[3.100429131054636,50.56971257775857],[3.100403759474359,50.56983234124565],[3.100320373412424,50.57000277574875],[3.100186199677202,50.56995671822484],[3.10008466328249,50.56992447817099],[3.100004884822571,50.56989914663906],[3.099885219183434,50.56988302894879],[3.099932355611235,50.5698369648348],[3.099674894201223,50.56980703294248],[3.099609621318284,50.56978630695006],[3.099558862449536,50.56988303975271],[3.099413814499166,50.56987613490217],[3.099399313399664,50.56992450095769],[3.099334039443664,50.56988995606837],[3.099337662234332,50.56984389348186],[3.099402932125943,50.56982546653263],[3.099446448056922,50.56984849641725],[3.099522595024433,50.5698116440768],[3.099511714873053,50.56979091630665],[3.099569730993901,50.56975636763053],[3.099664012487533,50.56976788020437],[3.099754660210521,50.56968726789914],[3.099718396616573,50.56966423787615],[3.099780037070534,50.56961126398659],[3.099678499223024,50.56954677990653],[3.099431910188033,50.56941320655606],[3.0993775215742,50.56946157382765],[3.09927598909048,50.56945927371029],[3.09922160638634,50.56959285646185],[3.099029416039802,50.56953988999787],[3.098942398607423,50.56969880787387],[3.099051185729993,50.56972644242029],[3.099207112917994,50.56974946926678],[3.09921798864859,50.56971031585519],[3.099261501724293,50.56969649585179],[3.099308643464784,50.56971722257078],[3.099308647352974,50.56977019440492],[3.099286894148077,50.56982316688567],[3.099257887858067,50.56986692708567],[3.099218001464419,50.56988995949055],[3.099127346919028,50.56989226521933],[3.098500010753094,50.56980706569496],[3.09851451275895,50.5697586997126],[3.098634177084738,50.56976100002217],[3.098663178786178,50.56962972119429],[3.098742954005169,50.56962050675476],[3.098753829663443,50.56957444399054],[3.098503621408129,50.56953299362134],[3.098420213132722,50.56942014222081],[3.09849634060313,50.56904703349073],[3.098601498708773,50.56904933436924],[3.098692151975586,50.56904702915963],[3.098877083959612,50.56903550906995],[3.098942356010417,50.56906084186425],[3.098993124220653,50.56909538753526],[3.098993126432963,50.56912763135504],[3.09901851570229,50.56921975581573],[3.099094673977876,50.56935333510749],[3.099134567138011,50.56943164025813]]]}},{"type":"Feature","id":"LFQQ-6605461f254321759fca","properties":{"airport":"LFQQ","name":"COLOR_GrasSurface","layer":"Terrain","category":"Grass","object_type":"Area","style_id":"polygon.grassurface.00512f","source_group":"COLOR_GrasSurface","vsmr_group_ids":[],"geometry_role":"filled_region"},"geometry":{"type":"Polygon","coordinates":[[[3.097704230848282,50.56892340172366],[3.097530251574494,50.56926343726691],[3.09771762989949,50.56929743777243],[3.097690864319418,50.56936119446693],[3.096017851099677,50.56911893551558],[3.096071386958184,50.56901692546747],[3.096961426332665,50.56915718371426],[3.09706179837776,50.56883840197025],[3.097704230848282,50.56892340172366]]]}},{"type":"Feature","id":"LFQQ-7b0d765db02627d8729a","properties":{"airport":"LFQQ","name":"COLOR_GrasSurface","layer":"Terrain","category":"Grass","object_type":"Area","style_id":"polygon.grassurface.00512f","source_group":"COLOR_GrasSurface","vsmr_group_ids":[],"geometry_role":"filled_region"},"geometry":{"type":"Polygon","coordinates":[[[3.098058942744417,50.56971822213366],[3.098165999777875,50.56938668787501],[3.098038849992615,50.56936968867485],[3.098192747624173,50.56897864798584],[3.098232900875777,50.5690041496273],[3.098192755861304,50.56914441396485],[3.098259677761346,50.56917841587819],[3.098226229300185,50.56940793873549],[3.098319919257817,50.56942918887598],[3.098326614703635,50.56949294492955],[3.098406921448049,50.5695269465156],[3.098340011762237,50.56973096787186],[3.098413625693928,50.56974371758653],[3.098413629521606,50.56981172431224],[3.098025483658096,50.56974797566324],[3.098058942744417,50.56971822213366]]]}},{"type":"Feature","id":"LFQQ-de9f59c0f3dbd3fe0d1c","properties":{"airport":"LFQQ","name":"COLOR_GrasSurface","layer":"Terrain","category":"Grass","object_type":"Area","style_id":"polygon.grassurface.00512f","source_group":"COLOR_GrasSurface","vsmr_group_ids":[],"geometry_role":"filled_region"},"geometry":{"type":"Polygon","coordinates":[[[3.094773148907042,50.5684856180164],[3.095609638508827,50.56860888474221],[3.095576178191231,50.56873639715881],[3.094739686616244,50.56859612844667],[3.094773148907042,50.5684856180164]]]}},{"type":"Feature","id":"LFQQ-6ed84fa7b18cb7cc5674","properties":{"airport":"LFQQ","name":"COLOR_GrasSurface","layer":"Terrain","category":"Grass","object_type":"Area","style_id":"polygon.grassurface.00512f","source_group":"COLOR_GrasSurface","vsmr_group_ids":[],"geometry_role":"filled_region"},"geometry":{"type":"Polygon","coordinates":[[[3.09194346670117,50.57325465878866],[3.091829658338816,50.57326498044126],[3.091707720973471,50.5732727203653],[3.091585785649613,50.57325722788543],[3.091463852799456,50.57321592164145],[3.091362240069466,50.57320301107592],[3.091268755226599,50.57320300754515],[3.09120372664532,50.57315912184135],[3.091008641785193,50.57302488313778],[3.088214952110697,50.56633845454813],[3.088243406024263,50.5662997359901],[3.08825154473293,50.56623262111919],[3.088271872740227,50.56618099523264],[3.088296264632313,50.56612936963759],[3.08832878021412,50.56610355814431],[3.088401938298271,50.56605709837116],[3.088442580397137,50.56603903145101],[3.088475100664576,50.56598224363619],[3.088523877329143,50.56592029411186],[3.088580777730414,50.56588415865354],[3.088662061097351,50.56585060602991],[3.088735215780423,50.56582221556665],[3.088796177513045,50.5658015683942],[3.088873393290956,50.5657912475877],[3.092801806153724,50.56634629032786],[3.09455303748871,50.56660360516624],[3.094735915698346,50.56663458331474],[3.094914730238141,50.56666814248927],[3.095191080732309,50.56671977149038],[3.095329256006771,50.56678172481498],[3.095447111416683,50.56687207293175],[3.09555277535726,50.56696242095531],[3.095585287117784,50.56708374513193],[3.095573094638597,50.56717409284045],[3.09552026149136,50.56728509135872],[3.095463364436772,50.56734188119496],[3.095394275154657,50.56737285723919],[3.095199200300487,50.56737543747845],[3.09404501757901,50.56720763631877],[3.094008435766571,50.56734961059552],[3.093923087082271,50.56744253828511],[3.093910894503864,50.56745286353705],[3.093760520982569,50.56753288336454],[3.09361827648339,50.56758192678267],[3.093480096600814,50.5676129006267],[3.093219997147858,50.5675922444242],[3.093017586865383,50.56755450629307],[3.092822475275159,50.56813014472444],[3.092737117462581,50.56830567482206],[3.092615193840502,50.5683056715241],[3.092444459707551,50.56886324100129],[3.093110978872891,50.56895618751835],[3.093139431391652,50.56889939808441],[3.093277611878325,50.56892779628986],[3.09268607110498,50.57074258182257],[3.09267386787921,50.57089488205189],[3.092686055404679,50.5709774861851],[3.092738887986128,50.57103944046008],[3.092840493169255,50.57110139612471],[3.092999000889325,50.57114786488271],[3.093206282750181,50.57117368375479],[3.094366910713617,50.57134649322912],[3.094841518069014,50.57141341775392],[3.095038256242186,50.57143684787401],[3.095247291097891,50.57143684906325],[3.095407141435178,50.57142513537426],[3.095585436015658,50.57141342144347],[3.095616175876335,50.57149151674925],[3.095634620021386,50.5715110405443],[3.095751433400116,50.57160475472579],[3.095806766243303,50.57164380231945],[3.095954320894621,50.571835134974],[3.096175655264133,50.57210846663408],[3.096403141269506,50.57244427343286],[3.096636779752526,50.57278007983409],[3.096735156714143,50.57300264959472],[3.096747457896656,50.57320569636989],[3.096765906597343,50.57336188633231],[3.096661390035857,50.57361960085553],[3.096587613141983,50.5737992203711],[3.096519984294981,50.57397884014949],[3.096495392172722,50.57406084050302],[3.096384720392982,50.57408817426137],[3.096175672078363,50.57402569795854],[3.096034257434688,50.57397884075221],[3.096028108715394,50.57395150729011],[3.096126483280108,50.57392417395478],[3.096329380875213,50.57388512597864],[3.096433903627367,50.57384998280389],[3.096489238932965,50.57382264932643],[3.096563017377678,50.57369769652871],[3.09650767967274,50.57359226823101],[3.096630637681914,50.57311979263339],[3.096618340261152,50.57307684047843],[3.096298627014276,50.57299874700313],[3.09636010803489,50.57283474765395],[3.094743121443466,50.57260045921176],[3.094663189938551,50.57278398096507],[3.094491039620391,50.5727644554267],[3.094497188888925,50.57272931288126],[3.093335178138603,50.57256529468792],[3.09335977531362,50.57248329565256],[3.093132291821297,50.57245986204518],[3.093089249563439,50.57253795588899],[3.092997023837163,50.57256919160947],[3.092628094582597,50.5730416566465],[3.092548159824964,50.57312755907041],[3.09247437589278,50.57317441417701],[3.092117765072386,50.57322516593222],[3.09194346670117,50.57325465878866]]]}},{"type":"Feature","id":"LFQQ-577100538afbbbd44b89","properties":{"airport":"LFQQ","name":"COLOR_GrasSurface","layer":"Terrain","category":"Grass","object_type":"Area","style_id":"polygon.grassurface.00512f","source_group":"COLOR_GrasSurface","vsmr_group_ids":[],"geometry_role":"filled_region"},"geometry":{"type":"Polygon","coordinates":[[[3.095255902904519,50.57373083202144],[3.095931359191482,50.57382275574557],[3.095942080789751,50.57387382377718],[3.095883112198301,50.5739248918515],[3.09516477006998,50.57373083154225],[3.095255902904519,50.57373083202144]]]}},{"type":"Feature","id":"LFQQ-8b35279e770188715e2a","properties":{"airport":"LFQQ","name":"COLOR_GrasSurface","layer":"Terrain","category":"Grass","object_type":"Area","style_id":"polygon.grassurface.00512f","source_group":"COLOR_GrasSurface","vsmr_group_ids":[],"geometry_role":"filled_region"},"geometry":{"type":"Polygon","coordinates":[[[3.091000797432246,50.5738550127121],[3.093154687012538,50.57350391344554],[3.093407462338609,50.57349723004597],[3.093770825623949,50.57352399270894],[3.094250044479987,50.57359757843967],[3.094566013980931,50.57367116068026],[3.094702934108486,50.57373470711336],[3.094713465571088,50.57378152985022],[3.094713464598007,50.57382500800085],[3.095008373965173,50.57383169967784],[3.095577131030318,50.5739922382833],[3.095561332009906,50.57409257286989],[3.09564559343954,50.5741226736786],[3.095698256576891,50.57407919549519],[3.095761452466472,50.57404909526624],[3.095945774891455,50.57409926314311],[3.096306583423367,50.57420153339092],[3.096217059522715,50.57442226946961],[3.095969548242983,50.57490053193966],[3.094252738908907,50.57440887774371],[3.094310669844695,50.57433864465736],[3.094368599770991,50.57429516731872],[3.09439493332333,50.57421490042032],[3.0943844031456,50.57413797753625],[3.094347540895188,50.57409784349235],[3.094426536584318,50.57401088841984],[3.094573989438865,50.57404099038074],[3.094584523586579,50.57397410120839],[3.094516064248301,50.57392727791624],[3.094584527404565,50.57382694483653],[3.094531865827286,50.57381691085104],[3.094447604747392,50.57389383246588],[3.094236960139636,50.57381021818765],[3.094310689311024,50.57372660766228],[3.094168504757453,50.57367309433545],[3.094073713791357,50.57367643739016],[3.094026316679661,50.5737199146425],[3.093863066079843,50.57370987860075],[3.093836731138835,50.57380686748768],[3.09387359322344,50.57383362380839],[3.093562868108861,50.57425836506909],[3.091983032924488,50.57381685478859],[3.091930374393832,50.57377337496184],[3.091861913691185,50.57377337267839],[3.09180398201417,50.57381015989803],[3.091867173502072,50.57384695119647],[3.092014624658757,50.57388374520515],[3.0931415723275,50.57421487816902],[3.093068171122726,50.57428202137762],[3.092573154934246,50.57414488540743],[3.092457292932154,50.57421846024923],[3.092583660131298,50.57454287676643],[3.092999686812123,50.57466997715335],[3.093052348490721,50.57468670072538],[3.093083947112401,50.57466997917477],[3.093126079764308,50.57462650218488],[3.093136628434126,50.57434556776036],[3.093178760946145,50.57429874627859],[3.093268286627573,50.57430209276546],[3.093489467190838,50.5743221641903],[3.094142472661434,50.57452618760065],[3.094442629338647,50.57523521818546],[3.092320267739781,50.57557630972253],[3.089675647903678,50.57602487087494],[3.085962365968222,50.56711065901535],[3.084065401484308,50.56645932961338],[3.083535667618496,50.56637515244299],[3.083232969514973,50.56630301499673],[3.082296479432911,50.56615269179729],[3.081520855245095,50.56585216057263],[3.081293794367275,50.56592423853058],[3.081114046978441,50.56594825155743],[3.079188684487901,50.56528899190512],[3.078611719040762,50.56507859850921],[3.077987436608933,50.56493429322158],[3.077760412547463,50.56491623200274],[3.077779292419089,50.5650183848421],[3.077713049248501,50.56508447170231],[3.075934681446522,50.56495800092052],[3.075584677099816,50.56494592425069],[3.075452256902029,50.56490984868631],[3.075338780265982,50.56481969684373],[3.075442967080957,50.56452528217731],[3.075575504288166,50.56429096117797],[3.075708003457243,50.56414076378058],[3.075679705352703,50.56395448625334],[3.075179387052513,50.56156890144009],[3.075220470712727,50.5615142215328],[3.076819740057282,50.55979597721927],[3.076942764310167,50.55963976879416],[3.077037357248489,50.55962175782245],[3.077084718883742,50.55944751041726],[3.077207809142808,50.55911704606586],[3.077238303953544,50.55903190165136],[3.083187462063406,50.55981985075128],[3.083149417931621,50.56060699786292],[3.083158795797005,50.5609134480586],[3.083518201280739,50.56103967290043],[3.083603298380286,50.56117187637702],[3.083224669919922,50.56222338696843],[3.078953130060078,50.56161859745154],[3.077057586124283,50.56127877771737],[3.076957821978719,50.56131572522332],[3.076762456966811,50.56137113881644],[3.076521370692367,50.56143182490452],[3.076346790064273,50.56147668003235],[3.076234553921613,50.56151890522326],[3.076180513945999,50.56154001810701],[3.076097367884982,50.56159016885097],[3.075976779885656,50.5617248012467],[3.075931026467122,50.56180664126194],[3.075935137115584,50.56191489231106],[3.076022270416878,50.56226870078568],[3.076080364474902,50.56249313199176],[3.076126055292352,50.56256178627962],[3.076225786545248,50.56261196778757],[3.076350460459401,50.56265159238819],[3.076433575406425,50.56268064895224],[3.076869962989754,50.56275200727612],[3.077285578255817,50.56280223884137],[3.077410259626185,50.56282602094053],[3.077505842529438,50.56286035942041],[3.081922412888272,50.56346550001477],[3.082441947075503,50.56354476805986],[3.082649762763521,50.56357383444112],[3.082757824232434,50.56360024914393],[3.082874198888366,50.56362666469871],[3.082899129917207,50.56365571036841],[3.082853383634245,50.56374547429508],[3.082849223351547,50.56375867515347],[3.082795139948751,50.56393556678993],[3.082674511948482,50.5642576654229],[3.082674509783194,50.5642655862291],[3.082603794303023,50.56446359817754],[3.082793801584551,50.56464878304493],[3.082698123246899,50.56492599932382],[3.085705990706922,50.56534792188231],[3.087230274799808,50.56556311455411],[3.087350811806604,50.56558952581284],[3.087425624252862,50.56562649473286],[3.087512903925551,50.56567930598389],[3.087616807576234,50.5657479598908],[3.091000797432246,50.5738550127121]]]}},{"type":"Feature","id":"LFQQ-a575367f7fc6bb3d88ea","properties":{"airport":"LFQQ","name":"COLOR_GrasSurface","layer":"Terrain","category":"Grass","object_type":"Area","style_id":"polygon.grassurface.00512f","source_group":"COLOR_GrasSurface","vsmr_group_ids":[],"geometry_role":"filled_region"},"geometry":{"type":"Polygon","coordinates":[[[3.094079582760507,50.57124909951353],[3.093805860029146,50.57120935996292],[3.093047254282326,50.57111000690102],[3.092922125490138,50.5710553670616],[3.09281263841789,50.57100569440668],[3.092757898606386,50.57092622068956],[3.092750086353782,50.5708119789027],[3.092961283853131,50.5702308428048],[3.093047314352015,50.57017124076292],[3.094400261986501,50.57035504433284],[3.094400260095633,50.57041464814501],[3.094290774207678,50.57037987789276],[3.09310205592439,50.57021594519342],[3.092992551249063,50.57047422727647],[3.092890856682216,50.57085668538477],[3.092914312640251,50.57094609234851],[3.092969053652654,50.57100569777766],[3.093141108506658,50.57103550341131],[3.094095227571314,50.57116962755388],[3.094079582760507,50.57124909951353]]]}},{"type":"Feature","id":"LFQQ-423cb3bb94ae5d379103","properties":{"airport":"LFQQ","name":"COLOR_GrasSurface","layer":"Terrain","category":"Grass","object_type":"Area","style_id":"polygon.grassurface.00512f","source_group":"COLOR_GrasSurface","vsmr_group_ids":[],"geometry_role":"filled_region"},"geometry":{"type":"Polygon","coordinates":[[[3.094329724268814,50.57126367802448],[3.09432506544197,50.57118670116235],[3.094362361480967,50.57109788223968],[3.094376348519194,50.57103274828011],[3.094357705585618,50.57093800754127],[3.094320415349718,50.57086991237081],[3.094297109628406,50.57080773862669],[3.094469599482885,50.5703784481146],[3.094530199407024,50.57036068505241],[3.095858719690288,50.57055609491006],[3.095737520227122,50.57096170099188],[3.095882027179466,50.57113637818808],[3.095802780889456,50.57121039409459],[3.095667595733766,50.57126960674394],[3.095588348829288,50.57132881942422],[3.095397224046748,50.5713850712599],[3.095276023069993,50.5713909921788],[3.095117529293889,50.57139395224957],[3.094954374498156,50.57136730563297],[3.094329724268814,50.57126367802448]]]}},{"type":"Feature","id":"LFQQ-9389f00893b6da7fb63d","properties":{"airport":"LFQQ","name":"COLOR_GrasSurface","layer":"Terrain","category":"Grass","object_type":"Area","style_id":"polygon.grassurface.00512f","source_group":"COLOR_GrasSurface","vsmr_group_ids":[],"geometry_role":"filled_region"},"geometry":{"type":"Polygon","coordinates":[[[3.095853777914779,50.57154236474387],[3.095768228523528,50.57150840620487],[3.095721889446332,50.57145407247444],[3.095721889717435,50.57139068312836],[3.095761099992682,50.57132729385668],[3.095853778213919,50.57127975190514],[3.096003488883621,50.5712842795574],[3.096078344380082,50.57132729354706],[3.096081908927959,50.57133182135656],[3.096110425547165,50.57138615494399],[3.096121119418214,50.57143143298131],[3.096110426006797,50.57148123887773],[3.096032005965417,50.5715333088776],[3.095939327401374,50.57154915637433],[3.095853777914779,50.57154236474387]]]}},{"type":"Feature","id":"LFQQ-6df3e9999b88eb6fdd91","properties":{"airport":"LFQQ","name":"COLOR_GrasSurface","layer":"Terrain","category":"Grass","object_type":"Area","style_id":"polygon.grassurface.00512f","source_group":"COLOR_GrasSurface","vsmr_group_ids":[],"geometry_role":"filled_region"},"geometry":{"type":"Polygon","coordinates":[[[3.095928403422812,50.57102514396949],[3.095897194061037,50.5709755894158],[3.096011627179898,50.57060558224795],[3.096068843145763,50.57047674084442],[3.096339311596019,50.5696508368024],[3.095996019672012,50.56957155112952],[3.095990818058272,50.56949556812524],[3.095938804090839,50.56938654904526],[3.095819172784497,50.56932047683656],[3.094830915565938,50.56923127430954],[3.094617659469496,50.56922466483401],[3.094472020321755,50.56925109198457],[3.094399200599502,50.56926100188642],[3.094269166158288,50.56925439278344],[3.094607258764379,50.56913877058112],[3.094981756517547,50.56914207799553],[3.096510953929685,50.56939645801388],[3.096084448208705,50.57060227854697],[3.095928403422812,50.57102514396949]]]}},{"type":"Feature","id":"LFQQ-9a39d993dd4051e59bd7","properties":{"airport":"LFQQ","name":"COLOR_GrasSurface","layer":"Terrain","category":"Grass","object_type":"Area","style_id":"polygon.grassurface.00512f","source_group":"COLOR_GrasSurface","vsmr_group_ids":[],"geometry_role":"filled_region"},"geometry":{"type":"Polygon","coordinates":[[[3.096438147893625,50.57081371127613],[3.096464155609646,50.57077737117451],[3.096776250157631,50.57080049387431],[3.097166338849839,50.56977636828492],[3.097020696952977,50.56971690454559],[3.096755422902631,50.56968717392873],[3.096687804577272,50.56970369247422],[3.096323712464573,50.57069147780334],[3.096375728192418,50.57070138832311],[3.096328914713484,50.57085005201455],[3.096230084474072,50.57087648168605],[3.096126051415724,50.57118702447261],[3.09617806798012,50.57121345327379],[3.096261294150655,50.57129274023634],[3.097135171229894,50.57143148375767],[3.097800981457965,50.57150745671289],[3.098024651067639,50.57150745239361],[3.098144289021623,50.57152396815057],[3.098274333659001,50.57160986022282],[3.098269134289107,50.57165611143682],[3.098206715918534,50.5716825419846],[3.097196699509646,50.57152881522775],[3.09648927720505,50.57139998101609],[3.096359236299286,50.57136694563075],[3.096260405263271,50.57132399906268],[3.096182380602059,50.57127774870412],[3.096099154594474,50.57122489103719],[3.096047138388631,50.57116212235891],[3.096005525328414,50.57109604999528],[3.096530861518183,50.56966227504008],[3.0966244862881,50.56961602374319],[3.096759723179885,50.56960280855242],[3.096806537700225,50.5696655775715],[3.097264264868114,50.56972503931277],[3.097846827439936,50.5698175332237],[3.097872832619106,50.56977458554718],[3.098252538565212,50.56982743648148],[3.098346166010628,50.56986377449132],[3.098372177331326,50.56994306088733],[3.098335773734409,50.57006529569512],[3.098330572983459,50.57007851027767],[3.098190153795382,50.57047494698029],[3.098413819810311,50.57051788921989],[3.098351413371694,50.57073262519368],[3.098887173455451,50.57080198825841],[3.098959983212795,50.5706268949842],[3.099043201124436,50.57053439159993],[3.0991212233457,50.57053108578551],[3.099485332452225,50.57058393264678],[3.100015894016128,50.57065659421468],[3.100114723366152,50.57065659059671],[3.100291570872871,50.57060042234144],[3.100385197529578,50.57058720419007],[3.10352317427111,50.57101899477115],[3.103476374663381,50.57110819543175],[3.103668837258222,50.57113791512117],[3.104001873485618,50.57192084867358],[3.104261953154079,50.57190100881045],[3.104475214933076,50.57186465365659],[3.10469887766659,50.57181508285143],[3.104792502174376,50.57178534322981],[3.104912131272983,50.5717357797846],[3.105000551910715,50.57169612949043],[3.104953765284602,50.57184149254979],[3.104636478223397,50.57192410701976],[3.104449226234542,50.57197037140406],[3.104209956101196,50.57201003188905],[3.103975884759906,50.57203317346887],[3.103700196267971,50.57203319205711],[3.103455716421244,50.57202329719953],[3.103242442190728,50.57198366742773],[3.103143609769641,50.57197706635845],[3.103133192589302,50.57188786944252],[3.103200795793497,50.5717722388243],[3.103190384801648,50.57172268531101],[3.103034327114076,50.57166323002959],[3.098140473957938,50.57092603536141],[3.098098863912908,50.5709755903481],[3.098057252170057,50.57098880558434],[3.097994836544309,50.57105487899472],[3.096438147893625,50.57081371127613]]]}},{"type":"Feature","id":"LFQQ-1aa2944f3c36b2b284bf","properties":{"airport":"LFQQ","name":"COLOR_GrasSurface","layer":"Terrain","category":"Grass","object_type":"Area","style_id":"polygon.grassurface.00512f","source_group":"COLOR_GrasSurface","vsmr_group_ids":[],"geometry_role":"filled_region"},"geometry":{"type":"Polygon","coordinates":[[[3.098355783237443,50.57165162828916],[3.098390313212123,50.57161403060161],[3.098454441980998,50.57157643226556],[3.101133156717764,50.57196797532339],[3.102174066451411,50.57211831128685],[3.10229246482074,50.57213710337193],[3.10236645650432,50.5720963693947],[3.102450319408041,50.57209009865133],[3.102450310921929,50.57203057025778],[3.102553908116832,50.57203683061426],[3.102608174675798,50.57204935982496],[3.102790702262983,50.57205248239902],[3.102918914514079,50.57172036886976],[3.102987983842516,50.5717548284999],[3.102987995299811,50.57183002231121],[3.102968279752816,50.57194281422605],[3.102938691765216,50.57201487674082],[3.102933759625159,50.57202114320638],[3.10288443798109,50.57208694070982],[3.102741377178146,50.57209634829136],[3.102726578590091,50.57210261531493],[3.102553925856222,50.5721590204734],[3.10248980000793,50.5721966209723],[3.102302343053431,50.57222169581478],[3.102095151316184,50.57223110605962],[3.101922490982454,50.57223424804766],[3.098706041977914,50.57173934641895],[3.09872083951559,50.57170801530368],[3.098355783237443,50.57165162828916]]]}},{"type":"Feature","id":"LFQQ-ddb3e736eed8e616d032","properties":{"airport":"LFQQ","name":"COLOR_GrasSurface","layer":"Terrain","category":"Grass","object_type":"Area","style_id":"polygon.grassurface.00512f","source_group":"COLOR_GrasSurface","vsmr_group_ids":[],"geometry_role":"filled_region"},"geometry":{"type":"Polygon","coordinates":[[[3.102677305798904,50.5725224523215],[3.102563832912917,50.57246293051505],[3.102544089023114,50.57238460456715],[3.102563810024965,50.57229687703263],[3.102627934489963,50.57224361083362],[3.102716727106702,50.57220600856989],[3.10284992150917,50.57219033512674],[3.102992990497166,50.57223105633589],[3.103062065035596,50.57229684662157],[3.103076874995374,50.57236577339378],[3.103052222137419,50.572453501158],[3.102948634881346,50.57252556858775],[3.102805573910217,50.5725475091085],[3.102677305798904,50.5725224523215]]]}},{"type":"Feature","id":"LFQQ-337296d0040b4c4d0f21","properties":{"airport":"LFQQ","name":"COLOR_GrasSurface","layer":"Terrain","category":"Grass","object_type":"Area","style_id":"polygon.grassurface.00512f","source_group":"COLOR_GrasSurface","vsmr_group_ids":[],"geometry_role":"filled_region"},"geometry":{"type":"Polygon","coordinates":[[[3.10514871694024,50.57189879867749],[3.104324935932032,50.57216830495541],[3.103999366352956,50.57227485257359],[3.103688594145388,50.57238139849516],[3.103511003293224,50.57240647511027],[3.103363007297706,50.57240648492622],[3.103284067869192,50.57235322779821],[3.103244591194703,50.5722811696092],[3.103190316357418,50.57221851158518],[3.103140977343204,50.57217151861433],[3.103091640545816,50.5721401909682],[3.103081769084088,50.57210572775979],[3.103121228632337,50.57206812838335],[3.103150823345557,50.57203992886469],[3.103284023459236,50.57206811806471],[3.103436953529044,50.57208064045803],[3.103609615234657,50.57208689518122],[3.103797075042274,50.5720868825065],[3.10401906611188,50.57208373405393],[3.104196656966522,50.57207118919407],[3.104413710366756,50.57204610891122],[3.104581431492723,50.57201789889415],[3.104926731922713,50.57192388064858],[3.105045119850574,50.57188940769215],[3.105128977103375,50.57186120349105],[3.10514871694024,50.57189879867749]]]}},{"type":"Feature","id":"LFQQ-cc97384702397cf283bc","properties":{"airport":"LFQQ","name":"COLOR_GrasSurface","layer":"Terrain","category":"Grass","object_type":"Area","style_id":"polygon.grassurface.00512f","source_group":"COLOR_GrasSurface","vsmr_group_ids":[],"geometry_role":"filled_region"},"geometry":{"type":"Polygon","coordinates":[[[3.109628819044818,50.57289826519978],[3.107205987693153,50.5719374741668],[3.108200576690714,50.57191481319322],[3.108591310949442,50.57191928316735],[3.108690729671837,50.57177037738254],[3.110083216856796,50.5719642308651],[3.110466865070773,50.57201832737304],[3.110836305022124,50.57206791263692],[3.111205741151633,50.57209944892009],[3.111369162626605,50.57216259538026],[3.111411816063947,50.57224380565339],[3.1115113292228,50.57239720042552],[3.111639263008006,50.57255510359766],[3.111774284076132,50.57265886191863],[3.111859564810906,50.57273555481057],[3.111532841213749,50.57297924669796],[3.112151054616399,50.57330403204828],[3.112300233976764,50.57325437960284],[3.112435255926025,50.57334460255618],[3.112669710504596,50.57334457082091],[3.11271937866634,50.57317310574635],[3.112705094916857,50.57297457763427],[3.112662450359251,50.57292946303934],[3.113216607916793,50.57291584923405],[3.113237850885957,50.57273085226767],[3.112825728927417,50.57258652563115],[3.112811523009116,50.57259555172033],[3.112491848896775,50.57268132479725],[3.11243507176322,50.57284376566276],[3.112243232039333,50.57279867151973],[3.111809764029627,50.57253703292957],[3.11166053156678,50.57242425270483],[3.111525507661903,50.57230695858936],[3.111546788885027,50.57221220386487],[3.111710187252343,50.57220315805252],[3.111958863700817,50.57226629253609],[3.112370932283492,50.57229330796634],[3.112761684826315,50.57230678914766],[3.113003249113069,50.57233382680421],[3.113344291092006,50.57239243381894],[3.113472186270854,50.57242399935658],[3.113017983259851,50.57371000174326],[3.111011688916752,50.57368014830647],[3.110841131821964,50.57353578546104],[3.110578224684724,50.57341399422342],[3.11051424974282,50.57330571429016],[3.110372099292389,50.57311171638727],[3.110315223087063,50.57298087586516],[3.110194410232783,50.57285906726355],[3.110151738311686,50.57271017726607],[3.110066451539262,50.57259738832268],[3.109895914584524,50.57248912161472],[3.109803555419428,50.57248010873393],[3.111181811329329,50.57250700804535],[3.111245650827676,50.57220018474633],[3.110776745226129,50.57214159014582],[3.110329152553224,50.57207396712606],[3.11010891263648,50.57205143448753],[3.109846058292869,50.57206500235644],[3.109625825792832,50.57206502864002],[3.109242196596202,50.57206958536927],[3.109036170433352,50.57206058492387],[3.108730688458676,50.57206513099874],[3.108617015401869,50.57204709562121],[3.108453607807393,50.57201101760436],[3.108325725264478,50.57198847147266],[3.108190744479569,50.57198848579077],[3.108034463818377,50.57203813385025],[3.108006063101818,50.5721013043663],[3.108006079436252,50.57216447191771],[3.108062931229185,50.57223214551829],[3.108695284045755,50.57249377174217],[3.109029208770127,50.57257043797645],[3.109235275664735,50.57271479754643],[3.109732589377925,50.57274181144681],[3.109895990130014,50.57274179198307],[3.110030984318102,50.57277787153807],[3.110023908546373,50.57287262385048],[3.10993866255217,50.57289519398108],[3.109817898395395,50.57293130421136],[3.109628819044818,50.57289826519978]]]}},{"type":"Feature","id":"LFQQ-de85c96c6f1378255dfe","properties":{"airport":"LFQQ","name":"COLOR_HardSurface3","layer":"Airfield surfaces","category":"Hard Surface 3","object_type":"Area","style_id":"polygon.hardsurface3.8a807f","source_group":"COLOR_HardSurface3","vsmr_group_ids":[],"geometry_role":"filled_region"},"geometry":{"type":"Polygon","coordinates":[[[3.095964102253883,50.56714125714587],[3.095942102885936,50.5671576204838],[3.095922222526677,50.56718523634073],[3.095893646258925,50.56721285164776],[3.095868796298735,50.56724362341352],[3.095851399032168,50.56728070806654],[3.095838970698006,50.56731858206108],[3.095829028192767,50.56734777657228],[3.095826539652213,50.56737460435674],[3.095821566706318,50.56740064293685],[3.095822805570929,50.56742352565871],[3.095830252684215,50.56746771329379],[3.095840186020768,50.56750085428129],[3.095848877984357,50.56752768273977],[3.095868749813879,50.56755924619924],[3.095891105291488,50.5675971222764],[3.095918431671008,50.56762316280325],[3.095948243461204,50.56764368003764],[3.095979296539333,50.56767129889261],[3.096032709865275,50.56770523151274],[3.096069523402254,50.56772458641465],[3.096119212431465,50.5677427375869],[3.096170144127806,50.56775852162781],[3.096222318318693,50.56777272760913],[3.096301822646195,50.56778851318799],[3.096352756092036,50.56779167222329],[3.0964285337798,50.56780587939157],[3.096496857820945,50.56781929705804],[3.096583816546965,50.56783034850459],[3.096659595606932,50.56783429779845],[3.096721710527439,50.56783035575439],[3.096771402750076,50.56782483493264],[3.096809914675045,50.56781694634569],[3.096850912257314,50.56780037824968],[3.096886941952222,50.56777355214687],[3.096913033023905,50.56774909270588],[3.096946579637772,50.56770964155649],[3.09696397691483,50.56766703335813],[3.096971434040787,50.56763941674176],[3.096975163628526,50.56761732333662],[3.096987588499578,50.56760075375651],[3.09699628848451,50.5675684028518],[3.097003747147657,50.5675281613109],[3.097016239294654,50.56748703876954],[3.097037946407801,50.56743508612811],[3.097051305174714,50.56739850714012],[3.09706132489127,50.56736563896666],[3.097067170091634,50.56734337338395],[3.09707051110484,50.56732322823445],[3.097075521785411,50.56729990232596],[3.09731839812559,50.56733490322196],[3.097309215897812,50.56734497544796],[3.0973041858919,50.56735160651129],[3.097292878767404,50.56738893771421],[3.097292875569382,50.56741621859253],[3.097292872878294,50.56743919196445],[3.097313214035193,50.56747221714826],[3.097335816443998,50.56749949909118],[3.09737424363161,50.567519602597],[3.097414932425044,50.56753109117171],[3.097455621248975,50.56754257974522],[3.097534739579382,50.56755550589007],[3.098890236633143,50.56774032257068],[3.098446956110774,50.56896430889039],[3.094443059563103,50.56838622960648],[3.094434551791756,50.5684150317306],[3.094363697293347,50.56840962610913],[3.094375038666088,50.56838442454204],[3.092802437696363,50.56812520357791],[3.09290128213072,50.56785646308606],[3.093008274770788,50.56754346484957],[3.093116710826063,50.56755851598167],[3.093277495264086,50.56758069648394],[3.093373467352882,50.5675941629824],[3.093429556200888,50.5675957508791],[3.093493125481768,50.56758783907202],[3.093559188678021,50.56757438560781],[3.093620266290849,50.5675601400253],[3.093691316650424,50.56753876999147],[3.093754889328966,50.56751264919905],[3.093814722988792,50.56748494470227],[3.09387081868626,50.56745011467831],[3.093915697124825,50.56741211700669],[3.093946865781541,50.56736936813166],[3.093965568091122,50.56733770194505],[3.093986760683902,50.56731949466411],[3.093999230698483,50.56728861968373],[3.094010456547314,50.56724586922984],[3.094024312878776,50.56718726794756],[3.094232986443943,50.56721283462517],[3.094436840018964,50.5672433642059],[3.094536567465125,50.56725721154947],[3.094649703538574,50.56727372131115],[3.094720936724424,50.56728809880038],[3.094779599954218,50.56729661990559],[3.094852510197161,50.56730620657956],[3.094913687379082,50.56731685705385],[3.094979055475418,50.56732431387885],[3.095049451553105,50.56733496490579],[3.095132248273225,50.56734890539905],[3.095177503146633,50.56735423151522],[3.095224434665804,50.56735636380498],[3.09527052820457,50.56735796371957],[3.095314107604858,50.56735903113765],[3.095354335743059,50.5673537105366],[3.09540210757363,50.56734147027365],[3.095444014137689,50.56732124487201],[3.095465807213014,50.56729995358756],[3.095484248825611,50.5672733389065],[3.095501014118105,50.56724778876891],[3.095515264700079,50.56722543237697],[3.095521972925595,50.56720147856634],[3.095531195092205,50.56717912186063],[3.095532035788298,50.5671620877954],[3.095534553103934,50.56714185993872],[3.095540423988672,50.56711311523463],[3.095542104795665,50.56708277331718],[3.095964102253883,50.56714125714587]]]}},{"type":"Feature","id":"LFQQ-d41d821881e8c95ab841","properties":{"airport":"LFQQ","name":"COLOR_HardSurface3","layer":"Airfield surfaces","category":"Hard Surface 3","object_type":"Area","style_id":"polygon.hardsurface3.8a807f","source_group":"COLOR_HardSurface3","vsmr_group_ids":[],"geometry_role":"filled_region"},"geometry":{"type":"Polygon","coordinates":[[[3.115460536393464,50.56984659689108],[3.116266284143285,50.56995954038932],[3.116294771510391,50.57000192526588],[3.116319699534635,50.57004431055518],[3.1163508581036,50.57009178173065],[3.116382905306612,50.57013473141451],[3.116429852200624,50.57019926601754],[3.116479704237303,50.57026877675005],[3.116516202482948,50.57031737755151],[3.1166043383909,50.57045357453157],[3.116758649544715,50.57067852219766],[3.117081493239573,50.57116618783008],[3.116982521790896,50.57147095000612],[3.114301243835014,50.57110172331159],[3.114539911326724,50.57043540202142],[3.114598163361439,50.57044068140021],[3.114699412892479,50.57045740774809],[3.114813144658224,50.57047325186196],[3.114868624329581,50.57048381664929],[3.114924103175878,50.57049085791775],[3.114983742816944,50.57049789873114],[3.115022577282547,50.57049965643591],[3.115064183513707,50.57049348596284],[3.115093306706365,50.57048467415651],[3.115125203482785,50.57047498117147],[3.115177903563744,50.57046264335631],[3.11520425218393,50.57045118918369],[3.11523337282295,50.57043268770062],[3.115251393878957,50.57039833162009],[3.115276350224707,50.57036661741549],[3.115299912850837,50.5703093579311],[3.115460536393464,50.56984659689108]]]}},{"type":"Feature","id":"LFQQ-f3546e4abadd7d618b31","properties":{"airport":"LFQQ","name":"COLOR_HardSurface3","layer":"Airfield surfaces","category":"Hard Surface 3","object_type":"Area","style_id":"polygon.hardsurface3.8a807f","source_group":"COLOR_HardSurface3","vsmr_group_ids":[],"geometry_role":"filled_region"},"geometry":{"type":"Polygon","coordinates":[[[3.101745464296264,50.57070742655928],[3.101942676896374,50.57020758136728],[3.101953532889339,50.57015702216295],[3.101955342674541,50.57012254988548],[3.101966198495563,50.57008003414153],[3.101984290665245,50.57005935091587],[3.102038905710371,50.56990728738998],[3.102069663624967,50.56978433682896],[3.10231390265141,50.5696809216008],[3.102585278138192,50.56957865487924],[3.102704683073791,50.56953499016199],[3.10274448473314,50.5695143068431],[3.102762576422047,50.5694959216172],[3.102784286472704,50.5694534058103],[3.102845385021844,50.56927175948144],[3.103237131480316,50.56932757265161],[3.103235657952976,50.56937872614313],[3.103238943366537,50.56941576151947],[3.103235658526318,50.5694449725414],[3.103233194953132,50.56947261867553],[3.103234837745195,50.56950026479653],[3.1032405869585,50.56953104065622],[3.103247157433224,50.5695602516397],[3.103270153484388,50.56959259231972],[3.103298898352613,50.56961137072975],[3.103339141223909,50.56963588697536],[3.103383490582494,50.56966248970907],[3.103428661171723,50.56968074641637],[3.103481696666679,50.56969917328693],[3.103566927448451,50.56972341149098],[3.103699226100165,50.56975815272492],[3.103830252832249,50.56978966200041],[3.103951103061653,50.56982117124882],[3.10409357935006,50.56985348812815],[3.104209341537956,50.56987691765335],[3.10432255968895,50.56989549936133],[3.104482589069117,50.56991794654671],[3.104684854408435,50.56994864585744],[3.104926555404053,50.56998176797993],[3.105111012044994,50.57001085098628],[3.105286564274947,50.57003508618353],[3.105363976897619,50.57004247986281],[3.105460657539232,50.57005378912231],[3.105548433307526,50.57006267463514],[3.105628576275328,50.57006832842802],[3.105713807491892,50.57007075020771],[3.105834657865301,50.57007559486908],[3.105944059419616,50.57008124767121],[3.106019114142473,50.57008690133031],[3.106108162234413,50.57009417045414],[3.10617303989174,50.57009497654877],[3.106225196681507,50.57009820685631],[3.106274809091187,50.57009901334536],[3.106332053792906,50.57009416386613],[3.106390164011623,50.57008708996948],[3.106446135307102,50.57006931315652],[3.106508466637519,50.5700458804281],[3.106568252991146,50.57001356020915],[3.106620406305793,50.56997720042891],[3.106672559499017,50.5699400326621],[3.106710719902535,50.5699077130861],[3.106733615184785,50.56987700992108],[3.106767958947458,50.56984145861301],[3.106813748242674,50.56976631692955],[3.106854448376097,50.56968309576014],[3.10690267635275,50.56959664412378],[3.10723417934021,50.56964624246462],[3.107231112041375,50.56965988541484],[3.107223135987418,50.56968405301733],[3.107210864615719,50.56971562688936],[3.107202275283034,50.56974447205292],[3.107195526098483,50.56976279268094],[3.107188163275352,50.56978189292028],[3.107176504432441,50.56980099332112],[3.107171596607734,50.56982165266558],[3.107166688648895,50.56984075281688],[3.107151344342849,50.56989016874333],[3.107133260178383,50.56994496353645],[3.107105435117508,50.56999445601843],[3.107092916161176,50.57004218037476],[3.107081789090571,50.57009432356548],[3.107075978872604,50.57012453685443],[3.107077137182372,50.57015609223005],[3.107078294895298,50.5701810429848],[3.107082919803534,50.57021626746819],[3.107088699985587,50.57024929038886],[3.107096789712755,50.57026837013795],[3.107112968500285,50.57029845732487],[3.107127991582144,50.57032560916495],[3.107149947157541,50.57035129305389],[3.107166182971075,50.57037265741631],[3.1071823605899,50.57039026913351],[3.107213559744499,50.5704181541417],[3.107235514687243,50.57043723331523],[3.107278268196496,50.57046511785594],[3.107321021303711,50.57048786545036],[3.107353375295336,50.57050767805297],[3.107378796417044,50.57052455553176],[3.107404217733596,50.57054290070278],[3.107426172127918,50.57055464138604],[3.109398916942803,50.57083200929604],[3.109411381618195,50.57083794564011],[3.109414500569772,50.57085872515341],[3.109414505086898,50.57089038942034],[3.109414509050328,50.57091809566205],[3.109419187561346,50.57094975968683],[3.109433213182251,50.57097548616186],[3.109447239264447,50.57100418117843],[3.109455033141131,50.57103089751033],[3.109462826533722,50.57105464534829],[3.109458157330198,50.57108729945519],[3.109465121296922,50.57110944577611],[3.10946356975059,50.57115595270789],[3.109452670208941,50.57120147065203],[3.109441767896028,50.57122719844825],[3.109233340365594,50.57177246900455],[3.108717631781257,50.57170026235297],[3.108607012147364,50.57168740433461],[3.108192580164313,50.57165575996586],[3.107975613108171,50.57163417921598],[3.107902386212165,50.57162626638361],[3.107564295911969,50.57158175290139],[3.107324360884023,50.57154515073893],[3.105131628929694,50.57121103884777],[3.104830934381813,50.57115167381321],[3.101745464296264,50.57070742655928]]]}},{"type":"Feature","id":"LFQQ-13fb5d9d4c7c7441e1d0","properties":{"airport":"LFQQ","name":"COLOR_HardSurface3","layer":"Airfield surfaces","category":"Hard Surface 3","object_type":"Area","style_id":"polygon.hardsurface3.8a807f","source_group":"COLOR_HardSurface3","vsmr_group_ids":[],"geometry_role":"filled_region"},"geometry":{"type":"Polygon","coordinates":[[[3.092208830426104,50.57319408426553],[3.092359515456218,50.57316764550551],[3.092453846914562,50.57314975970182],[3.092488151736905,50.57313186852744],[3.092520006646176,50.57311319911733],[3.092548187278163,50.5730906393398],[3.092577594944945,50.57305874355258],[3.092598426026665,50.57303307107951],[3.092611905553759,50.57301362203286],[3.09265234143792,50.57296772301757],[3.092988606264944,50.57255210532004],[3.093078037669805,50.57252721651956],[3.093113582968869,50.57243074632546],[3.093385527651602,50.57247278109332],[3.093347533899737,50.57256380508485],[3.094503938924935,50.57272148265691],[3.094530889668792,50.57271992855311],[3.094532113607122,50.57272615271076],[3.094518637679049,50.57273004180019],[3.094510057876521,50.57275649349712],[3.096417565702174,50.5730336343261],[3.096457993248845,50.57302196639646],[3.096483726999055,50.57296128309124],[3.096486177462627,50.57295817118717],[3.096504563082794,50.57288192729536],[3.096537636000158,50.5729029353181],[3.096508220590031,50.5730134110234],[3.096514343358123,50.57303130556201],[3.096542517389491,50.57304375523211],[3.096624592020842,50.57306243184899],[3.096519422696014,50.57357922735584],[3.096568418505443,50.57362435453521],[3.096556167027911,50.57363213397338],[3.096507166350135,50.57362357321749],[3.096454491194658,50.57361034419731],[3.096464295408798,50.57358155839816],[3.094713094779571,50.57333881558061],[3.09333619008425,50.57314187545438],[3.093079122326969,50.57317113583601],[3.092936987173343,50.57332050168125],[3.093163611199248,50.57335864304477],[3.093183218484963,50.57332596828287],[3.09328121962005,50.57333531242008],[3.093219935305547,50.57349479929395],[3.092391776523975,50.57363010233819],[3.092208830426104,50.57319408426553]]]}},{"type":"Feature","id":"LFQQ-05b45c43d87b9c4aa0a6","properties":{"airport":"LFQQ","name":"COLOR_HardSurface2","layer":"Airfield surfaces","category":"Hard Surface 2","object_type":"Area","style_id":"polygon.hardsurface2.595e5b","source_group":"COLOR_HardSurface2","vsmr_group_ids":[],"geometry_role":"filled_region"},"geometry":{"type":"Polygon","coordinates":[[[3.089342267828212,50.56587062415915],[3.089411888430016,50.56567596740327],[3.089576395041989,50.56570106539446],[3.08970988126954,50.56571899414386],[3.089788844403372,50.56573213971632],[3.089825505919614,50.56573811504635],[3.089868750932625,50.56573334271621],[3.089925157767128,50.56572618327052],[3.089982505021633,50.56571782963025],[3.090034213617538,50.56570290689885],[3.090087803011061,50.56568559579681],[3.090109234617111,50.56567188196689],[3.090146843469983,50.56565038925039],[3.09018257273463,50.56562650780782],[3.090215484102641,50.56559366910653],[3.090234291903118,50.56556978586412],[3.090252164626079,50.56552679433756],[3.0903104890119,50.56537453210277],[3.090333070638849,50.56529810163283],[3.090713785542472,50.56535188287979],[3.090708130401556,50.56540980406448],[3.090713754192249,50.56547548906383],[3.090722199609335,50.56553580015816],[3.090735346803029,50.56559073755304],[3.090757896337708,50.565639704604],[3.090790788900881,50.56568031288618],[3.090823684547548,50.56570897854802],[3.090858699295829,50.56573344845623],[3.090915792496236,50.56576602346297],[3.090970555836499,50.56579563737519],[3.091029981687319,50.56582081046568],[3.091102226847013,50.56584376415888],[3.091155828339038,50.56586005411298],[3.091222247342016,50.56588152675842],[3.091309641825646,50.56590596230853],[3.091407525584065,50.5659259575434],[3.091544893967253,50.56595028865013],[3.091666083963531,50.56597250640592],[3.09175930676413,50.56599102037929],[3.09186651353649,50.56601027577917],[3.091938760725801,50.56602730725757],[3.092097759524488,50.5660494154181],[3.092569707274868,50.56612051723486],[3.093446148104979,50.56623995671734],[3.094146668697932,50.56633918430541],[3.094327684042266,50.56636328852222],[3.094462152570818,50.56638191394406],[3.094562141827752,50.56639725167376],[3.094686266994857,50.56641368603334],[3.09475005374406,50.56642135575659],[3.094879352254598,50.56643121995336],[3.095000031954032,50.56643451311403],[3.095137952235028,50.56643561715721],[3.095300010801414,50.56642467694953],[3.095418969592072,50.5664115437238],[3.095531034050005,50.56638745935538],[3.095591300888925,50.56636384944141],[3.095668887105476,50.56632114684298],[3.095725784745895,50.56628172817003],[3.095768890645945,50.56624011853891],[3.095815446979553,50.56618098821779],[3.095833846522202,50.5661506446292],[3.095854545153671,50.56611851464744],[3.095808560900826,50.56610171612901],[3.095815462485649,50.56607688789888],[3.096317856863688,50.56615578372631],[3.096316154516985,50.56620709502432],[3.09631614574716,50.56627208768634],[3.096320737048919,50.56632685701141],[3.096328778599904,50.56637286345669],[3.096346017961722,50.56641594937609],[3.096366707075604,50.56645392370019],[3.096396594129236,50.56648824724446],[3.096439128205477,50.56651892019585],[3.096485111378766,50.56654959332772],[3.096537993069313,50.56657807605072],[3.096577009145223,50.56659882458182],[3.09661326492618,50.56661929813412],[3.096673692804102,50.56664147887868],[3.0967475498256,50.56666366027319],[3.096841549798586,50.5666918135222],[3.09692480738605,50.56671399527304],[3.097018808717309,50.56673361852993],[3.097135639717683,50.56675324280064],[3.097247099147529,50.56677457270695],[3.097334994099346,50.56679127554972],[3.097434367434586,50.56680919274087],[3.097592828483708,50.56683052435123],[3.09782514855363,50.56686380060549],[3.098363293234927,50.56694195398394],[3.099123250999984,50.56705015004592],[3.099736331847913,50.56714076032598],[3.100789820713317,50.56728590523761],[3.101871033692425,50.56744021035612],[3.10270338722848,50.56755920105268],[3.104067244809212,50.56775328466833],[3.104799556862889,50.56786009222299],[3.106574085876341,50.56811089991855],[3.106963664122104,50.56816497160172],[3.107095652958725,50.56818254446343],[3.107210609186362,50.56817713149997],[3.107302147569055,50.56816360652646],[3.107372396754244,50.56814061734971],[3.107427743590019,50.56811222016652],[3.107480961383611,50.56808247088755],[3.107514028290383,50.56804658567975],[3.107533034284442,50.56800748308005],[3.10756693900933,50.56793670826625],[3.107609317029483,50.56782208439581],[3.107627477510042,50.56775900301426],[3.107827319786389,50.56779130384718],[3.107807948982448,50.56785977027058],[3.10779342182693,50.56791977443879],[3.107777682846971,50.56797362446155],[3.107765574897827,50.56800593459502],[3.107755888835155,50.56803439826263],[3.107751047355118,50.56806286171618],[3.107748628198004,50.56809132507411],[3.107757110423945,50.56812901928659],[3.107783480238318,50.56816792775552],[3.107807707014723,50.56820177480504],[3.107836777768926,50.56822946743026],[3.107876749482426,50.56826177521585],[3.107928831861115,50.56828562041374],[3.107991814564568,50.56830792654743],[3.108049951466301,50.56831946302307],[3.1096148547228,50.56854292081499],[3.111893320441377,50.56886106028071],[3.114429783288635,50.56922588858203],[3.114597906073768,50.56924449576576],[3.11472497566182,50.56925814047739],[3.114830540295914,50.5692655792036],[3.114928285601264,50.56927301865024],[3.115047532940347,50.56927424762058],[3.115133545883315,50.5692692719162],[3.115215648543266,50.56926181332925],[3.115287974621332,50.56924566436802],[3.115370074040695,50.56922578940986],[3.115440442891302,50.56920094916497],[3.115493218865413,50.56917983568875],[3.115549901171861,50.5691463054757],[3.11559680812856,50.56910905142185],[3.115641759552903,50.56906931429291],[3.115668045624622,50.56903593814602],[3.115695147487356,50.56900006003012],[3.115724506218542,50.56895557166747],[3.115748217837111,50.56891538895169],[3.116153782532058,50.56897489547843],[3.11606177710714,50.5692388087296],[3.116049362252655,50.56927899022341],[3.116037828876581,50.56934022971416],[3.116029939138798,50.56940337072855],[3.116029955242616,50.56946005331299],[3.116039004233653,50.56950094982713],[3.116065005711344,50.56956767443288],[3.11609666021766,50.56965018343431],[3.116121810631431,50.56970487162298],[3.116153460267084,50.56977016055384],[3.116183977434577,50.56982540457452],[3.116219012377863,50.56987706056071],[3.11626987229626,50.56996100225127],[3.115459859324703,50.56984772889511],[3.115466627830459,50.56981257057865],[3.115473397882398,50.56978315227359],[3.115463219971744,50.56974369080059],[3.115453043237848,50.56970853431775],[3.115434958914669,50.56967409620231],[3.115401059526153,50.56964109477099],[3.115376640812142,50.56962404037193],[3.11533961089385,50.56959971856375],[3.115302581495423,50.56957701847733],[3.115266830313368,50.56955999426886],[3.115213206762109,50.56954621542431],[3.109183651741179,50.56868978194871],[3.109100669258613,50.56868329969605],[3.109007473609895,50.56867600708514],[3.108909171456198,50.56866871467231],[3.108807039212755,50.56865980064892],[3.108734270091267,50.56865412844785],[3.108628308481121,50.56864926876113],[3.108519793333833,50.56864278738303],[3.108413831430901,50.56863630576778],[3.108292550439771,50.56863550080272],[3.108188532741256,50.56863789506239],[3.108085125441054,50.56864276516608],[3.10802001765569,50.56865006597404],[3.107949804071823,50.56866385385881],[3.107893633844614,50.56868088449941],[3.10784512387877,50.56870196907403],[3.1078029975306,50.56872710763221],[3.107748105179455,50.56875630104084],[3.107704703498966,50.56879441339068],[3.107662578651675,50.56883495824859],[3.107616624829788,50.56888523358741],[3.107582770860939,50.56892595633473],[3.107564901079645,50.56895758070025],[3.107526605453974,50.56899407107385],[3.107501074915151,50.56901758710979],[3.1074883113574,50.56904596777733],[3.107474271295267,50.56907597021349],[3.107450019518581,50.56912056855913],[3.107413003398591,50.56918706066004],[3.107384985101469,50.56924295160495],[3.107342864674103,50.56933539156129],[3.107316063080099,50.56941810047225],[3.107291813059487,50.56948378116739],[3.107267562256502,50.56954216410352],[3.107243311724659,50.56960379048439],[3.107234379364407,50.56964757733281],[3.10689988865064,50.56959893840571],[3.106929246620715,50.56954055533852],[3.106956051471115,50.56948541581472],[3.106984131788946,50.5694181133284],[3.10700965800123,50.56934351316538],[3.107035184446927,50.5692721564143],[3.10705305111715,50.5692032324697],[3.107066805702901,50.56914498743327],[3.107074458816124,50.56907282047719],[3.107082113889219,50.56902173594678],[3.107082110978028,50.56899092323934],[3.107073171386241,50.56895848914898],[3.107074443595939,50.56891145918183],[3.107078268472434,50.56885794222736],[3.107078263794496,50.56880847971341],[3.107073152393514,50.56875739566304],[3.107057828034812,50.56870793369319],[3.10705399551497,50.56868036453642],[3.107038672256028,50.5686422545791],[3.107019508288096,50.568617724125],[3.106973545017986,50.56857069592454],[3.10693141300177,50.568537452199],[3.106868854096374,50.56849528972403],[3.106793529172396,50.56845556024737],[3.106696501449879,50.56841420972577],[3.106618624821973,50.56839069739496],[3.106485851592602,50.56835015868943],[3.106388824567088,50.56831529467438],[3.106298181753913,50.5682934041373],[3.106216645440152,50.56827569741082],[3.106110579134633,50.56825286414492],[3.104985210848015,50.56808732788069],[3.104864764748601,50.56807591194318],[3.104807238080591,50.56806677838489],[3.104774879831711,50.56807248809738],[3.104740723803585,50.56807705599488],[3.104656231788321,50.56807134830931],[3.104458958972018,50.56805655966587],[3.104266605418713,50.568046286149],[3.104146160040042,50.5680440041489],[3.104043691560701,50.56803943814747],[3.103959200232547,50.56804286461825],[3.103892686044709,50.56805542541151],[3.103806397711311,50.5680873973686],[3.103738086210615,50.56812051090963],[3.103671572925355,50.56818216997769],[3.103632024804917,50.56823811967286],[3.103509987191502,50.5684645304025],[3.103403925363242,50.56863580464114],[3.103355388860705,50.56874998730505],[3.1033338172583,50.56881849689374],[3.103310447857406,50.56888929015666],[3.103294269386982,50.56896807624566],[3.103280326443403,50.56903880236688],[3.103262350190257,50.56911530464403],[3.103260553329237,50.56918038857506],[3.103251565287566,50.56922720337226],[3.103242577178948,50.56927059270098],[3.103242577732646,50.56931284016197],[3.103238211129287,50.5693312061673],[3.102844011562518,50.56927342912272],[3.103001752678967,50.56881527151671],[3.103026010250318,50.56874439654241],[3.10304177761733,50.5687012552414],[3.103051480650687,50.56867891419641],[3.103063609167678,50.5686242171912],[3.103074524650955,50.56856104598047],[3.103085440071742,50.56849556357504],[3.103088629202442,50.56843301715313],[3.103098331587237,50.56835366803845],[3.103111672585184,50.56827123741402],[3.103118949519599,50.56823040728565],[3.103128652137548,50.56818110296908],[3.103134716042186,50.56812948752606],[3.103135928567406,50.56809482042512],[3.10311652192985,50.56805399037695],[3.103095902515414,50.56802163449434],[3.103075729770459,50.56798606351931],[3.10304176867962,50.56795601884708],[3.103004168964159,50.56792289266283],[3.102959292086165,50.56790055180228],[3.102925331237552,50.56788437393177],[3.102838003527368,50.56785741084931],[3.102785849553469,50.56784893676271],[3.102681541636145,50.56782274395755],[3.102529931421283,50.5677865360733],[3.102474138901978,50.5677742099185],[3.102215795175447,50.56771334910013],[3.102190324728475,50.56769794136607],[3.10215407422036,50.56768811890667],[3.101405730867115,50.5675794899504],[3.100203139402085,50.56741169990002],[3.099982398189876,50.56738010945928],[3.097777545257525,50.5670676751423],[3.097720907237171,50.56706603754268],[3.097643672290293,50.56707584567124],[3.097574159842016,50.56709383025247],[3.097517519628776,50.56711181535919],[3.097463453132736,50.56713634148683],[3.097419684107332,50.56716413851944],[3.09738106376219,50.56719357100828],[3.097355313506602,50.5672426268781],[3.097326989454279,50.5672851416964],[3.097318245330454,50.56729940134052],[3.097318243449478,50.56731607670827],[3.097320428802837,50.56733761582332],[3.097073213493153,50.56730425359953],[3.097085249799945,50.56727437745968],[3.097089627735399,50.56725422825689],[3.097092913802777,50.56721670882255],[3.097086354135348,50.56718544218216],[3.097079794062543,50.56715764956827],[3.097065577100535,50.56712707735097],[3.097043702632858,50.56709928398114],[3.097020733604519,50.56707704900365],[3.096983544844567,50.56704856005486],[3.096950731297927,50.56702285051459],[3.09691354124497,50.56700547844206],[3.096867395707499,50.56698887793804],[3.096825829866969,50.56697497973381],[3.096782075940607,50.56696386063545],[3.096737227315274,50.56695968953878],[3.096681440401825,50.56695134902702],[3.096637685519128,50.56694856756382],[3.096585179241702,50.56694856485906],[3.096515170789087,50.5669492560222],[3.096438598780114,50.56695203121657],[3.096378434779672,50.56695619685377],[3.096322645541183,50.56696592115254],[3.096265761624126,50.56698120382249],[3.096192468480092,50.56700343363858],[3.096139958717354,50.56702774899819],[3.096099482276695,50.56704720135803],[3.09605572336684,50.56707221199666],[3.0960163398142,50.56709791768301],[3.095985707263245,50.5671236238632],[3.09596163894059,50.56714307713948],[3.095539066542177,50.56708419548648],[3.095536212386005,50.56706362698841],[3.095528597248405,50.56703579879079],[3.095520029338763,50.56701039033924],[3.095519080117162,50.56698921700242],[3.095508606572011,50.56696925298952],[3.09550384577937,50.56696078338839],[3.095497181807716,50.56694142455651],[3.095483850582093,50.56692448510834],[3.095465755915627,50.56691661963573],[3.095430521600362,50.56688395011569],[3.095405762475052,50.56686035548868],[3.095378145011876,50.56684402007603],[3.095359098626067,50.56683191985654],[3.095325766899448,50.56681437416601],[3.095291570186807,50.5667968979792],[3.095262048358225,50.56677814263628],[3.095230620787199,50.56676543667448],[3.095209670124954,50.56675031157127],[3.095182051854464,50.56674002564866],[3.095161099701711,50.56673457975486],[3.095152527051261,50.56674062871459],[3.095094432756187,50.56672368635952],[3.095063004989818,50.56671279521404],[3.09493443366565,50.56668858878533],[3.094854433874878,50.56667285476434],[3.094787767618343,50.56665833148127],[3.094713482419131,50.56664199278135],[3.094651578098382,50.56662807467609],[3.094603006808971,50.566618392114],[3.089342267828212,50.56587062415915]]]}},{"type":"Feature","id":"LFQQ-455b86148d1b56418a69","properties":{"airport":"LFQQ","name":"COLOR_Building","layer":"Buildings and structures","category":"Buildings","object_type":"Area","style_id":"polygon.building.394446","source_group":"COLOR_Building","vsmr_group_ids":[],"geometry_role":"filled_region"},"geometry":{"type":"Polygon","coordinates":[[[3.114157783291969,50.56608604204192],[3.114255406886977,50.56610329391891],[3.114245530517494,50.56612605682317],[3.114146672749423,50.5661127294968],[3.114157783291969,50.56608604204192]]]}},{"type":"Feature","id":"LFQQ-341cd6f911c573faf2be","properties":{"airport":"LFQQ","name":"COLOR_Building","layer":"Buildings and structures","category":"Buildings","object_type":"Area","style_id":"polygon.building.394446","source_group":"COLOR_Building","vsmr_group_ids":[],"geometry_role":"filled_region"},"geometry":{"type":"Polygon","coordinates":[[[3.116938239522105,50.57232731684498],[3.116815207145918,50.57237602395992],[3.116712285612722,50.57228507857471],[3.11681716524544,50.57224278077821],[3.116948119365068,50.57186609031992],[3.117791387618334,50.57198380344887],[3.117630209976081,50.57242327845815],[3.116938239522105,50.57232731684498]]]}},{"type":"Feature","id":"LFQQ-f30fc605b0606e39b7c9","properties":{"airport":"LFQQ","name":"COLOR_Building","layer":"Buildings and structures","category":"Buildings","object_type":"Area","style_id":"polygon.building.394446","source_group":"COLOR_Building","vsmr_group_ids":[],"geometry_role":"filled_region"},"geometry":{"type":"Polygon","coordinates":[[[3.116181938451534,50.57229330302487],[3.115051283352688,50.572135138301],[3.115071439868684,50.57209541825172],[3.114954431032384,50.57207750090143],[3.114940329316869,50.57212490704919],[3.113994173691401,50.57198540988848],[3.114010296234482,50.57194440940616],[3.113915479880134,50.57193289363983],[3.11406257921121,50.57151264254542],[3.114157392659442,50.57151903365462],[3.114169481198752,50.57148059630663],[3.114782757685985,50.57156505650052],[3.114808933355717,50.57144462137702],[3.115717467922217,50.57157419671567],[3.115675153279087,50.57168694779774],[3.115967672945217,50.57173045789311],[3.116001919665776,50.57162155164857],[3.11653248696671,50.57169192361506],[3.116486138821049,50.57180339457573],[3.116548677250823,50.57181107057725],[3.116401598689014,50.572226199103],[3.116181938451534,50.57229330302487]]]}},{"type":"Feature","id":"LFQQ-658f7e3fb39b6adbbcea","properties":{"airport":"LFQQ","name":"COLOR_Building","layer":"Buildings and structures","category":"Buildings","object_type":"Area","style_id":"polygon.building.394446","source_group":"COLOR_Building","vsmr_group_ids":[],"geometry_role":"filled_region"},"geometry":{"type":"Polygon","coordinates":[[[3.113507352047664,50.57151992221014],[3.113542371517888,50.57140393230603],[3.113743994395761,50.57143266576603],[3.113697287366557,50.5715477296413],[3.113507352047664,50.57151992221014]]]}},{"type":"Feature","id":"LFQQ-01dfe61277faeee6eb78","properties":{"airport":"LFQQ","name":"COLOR_Building","layer":"Buildings and structures","category":"Buildings","object_type":"Area","style_id":"polygon.building.394446","source_group":"COLOR_Building","vsmr_group_ids":[],"geometry_role":"filled_region"},"geometry":{"type":"Polygon","coordinates":[[[3.113472300117446,50.57154961956828],[3.113697303194356,50.57158948410932],[3.113673947118663,50.57164052092214],[3.113444564026642,50.57160900788239],[3.113472300117446,50.57154961956828]]]}},{"type":"Feature","id":"LFQQ-d189080d51439097ab9f","properties":{"airport":"LFQQ","name":"COLOR_Building","layer":"Buildings and structures","category":"Buildings","object_type":"Area","style_id":"polygon.building.394446","source_group":"COLOR_Building","vsmr_group_ids":[],"geometry_role":"filled_region"},"geometry":{"type":"Polygon","coordinates":[[[3.113064715727787,50.5716155597431],[3.113104140444558,50.571557097614],[3.11311580606173,50.57149678385538],[3.113294051192166,50.57151809852706],[3.11326777720498,50.57158119809362],[3.113240042144252,50.57164429790564],[3.113064715727787,50.5716155597431]]]}},{"type":"Feature","id":"LFQQ-6297ab0aa13bb432609f","properties":{"airport":"LFQQ","name":"COLOR_Building","layer":"Buildings and structures","category":"Buildings","object_type":"Area","style_id":"polygon.building.394446","source_group":"COLOR_Building","vsmr_group_ids":[],"geometry_role":"filled_region"},"geometry":{"type":"Polygon","coordinates":[[[3.112456932764229,50.57155626296962],[3.112538668784521,50.57133634440616],[3.112623407425805,50.57134561103259],[3.112544594088009,50.5715664571003],[3.112456932764229,50.57155626296962]]]}},{"type":"Feature","id":"LFQQ-d882b18632ae19f6d7a4","properties":{"airport":"LFQQ","name":"COLOR_Building","layer":"Buildings and structures","category":"Buildings","object_type":"Area","style_id":"polygon.building.394446","source_group":"COLOR_Building","vsmr_group_ids":[],"geometry_role":"filled_region"},"geometry":{"type":"Polygon","coordinates":[[[3.11237216771445,50.57147276603555],[3.112356092947852,50.57146070590393],[3.112350242608979,50.57144214918285],[3.112359000568816,50.57141987888895],[3.11238675129855,50.57139853377991],[3.112429117411368,50.57139388838227],[3.112467103598564,50.57139759449195],[3.112486102267742,50.57141522144732],[3.112491953951779,50.57143748966185],[3.112487577298879,50.57145511995085],[3.112465670439553,50.57147646425405],[3.112443758660142,50.57148389038871],[3.112408695625026,50.57148389537443],[3.11237216771445,50.57147276603555]]]}},{"type":"Feature","id":"LFQQ-da6fa566876068e6470c","properties":{"airport":"LFQQ","name":"COLOR_Building","layer":"Buildings and structures","category":"Buildings","object_type":"Area","style_id":"polygon.building.394446","source_group":"COLOR_Building","vsmr_group_ids":[],"geometry_role":"filled_region"},"geometry":{"type":"Polygon","coordinates":[[[3.112455386524253,50.57131408723244],[3.112436392148181,50.57130852266963],[3.112417392894071,50.57128903994742],[3.112413003177281,50.57126955515379],[3.112424682947652,50.57124728444828],[3.112440748193785,50.57123243613104],[3.112480191592712,50.5712259353871],[3.112525481748758,50.57122778468727],[3.112545940647593,50.57124355567565],[3.112554711624118,50.57125840045746],[3.112551796972298,50.57127881416349],[3.112544497796195,50.57129458911394],[3.112525510668605,50.57130943785678],[3.112494834577157,50.57132057675567],[3.112455386524253,50.57131408723244]]]}},{"type":"Feature","id":"LFQQ-0155a96243c71784cba0","properties":{"airport":"LFQQ","name":"COLOR_Building","layer":"Buildings and structures","category":"Buildings","object_type":"Area","style_id":"polygon.building.394446","source_group":"COLOR_Building","vsmr_group_ids":[],"geometry_role":"filled_region"},"geometry":{"type":"Polygon","coordinates":[[[3.108381287798732,50.57181771871452],[3.108194492696126,50.57190801610567],[3.107207609880998,50.57194422722264],[3.107268541640156,50.5719958084638],[3.105116037831721,50.57197020789112],[3.105197254098233,50.57191345504476],[3.105006331641169,50.57171227919808],[3.105185032746303,50.57172258242513],[3.105107860826688,50.57168905676311],[3.105237820336881,50.5716735700924],[3.10510370581935,50.57121703169192],[3.107325288577545,50.5715392565689],[3.107361899053895,50.5717817125081],[3.108381287798732,50.57181771871452]]]}},{"type":"Feature","id":"LFQQ-0b99a994ecab2b8d711b","properties":{"airport":"LFQQ","name":"COLOR_Building","layer":"Buildings and structures","category":"Buildings","object_type":"Area","style_id":"polygon.building.394446","source_group":"COLOR_Building","vsmr_group_ids":[],"geometry_role":"filled_region"},"geometry":{"type":"Polygon","coordinates":[[[3.100033982107153,50.5688367344498],[3.100088272366421,50.56869302121692],[3.100629048891081,50.56878066421187],[3.100574759337689,50.56891575506797],[3.100033982107153,50.5688367344498]]]}},{"type":"Feature","id":"LFQQ-bb29d23d55e5d78192eb","properties":{"airport":"LFQQ","name":"COLOR_Building","layer":"Buildings and structures","category":"Buildings","object_type":"Area","style_id":"polygon.building.394446","source_group":"COLOR_Building","vsmr_group_ids":[],"geometry_role":"filled_region"},"geometry":{"type":"Polygon","coordinates":[[[3.098678666138159,50.56888851116158],[3.09873974661012,50.56871461903452],[3.098950172688362,50.56874191877053],[3.098886830152725,50.56891293685217],[3.098678666138159,50.56888851116158]]]}},{"type":"Feature","id":"LFQQ-3ce81ef29cf8c9d24440","properties":{"airport":"LFQQ","name":"COLOR_Building","layer":"Buildings and structures","category":"Buildings","object_type":"Area","style_id":"polygon.building.394446","source_group":"COLOR_Building","vsmr_group_ids":[],"geometry_role":"filled_region"},"geometry":{"type":"Polygon","coordinates":[[[3.099450330607343,50.57026668259796],[3.099515933577439,50.5700669214425],[3.099884757807696,50.57012870523665],[3.099810104772223,50.57031697007064],[3.099450330607343,50.57026668259796]]]}},{"type":"Feature","id":"LFQQ-73e12200e1742c952da9","properties":{"airport":"LFQQ","name":"COLOR_Building","layer":"Buildings and structures","category":"Buildings","object_type":"Area","style_id":"polygon.building.394446","source_group":"COLOR_Building","vsmr_group_ids":[],"geometry_role":"filled_region"},"geometry":{"type":"Polygon","coordinates":[[[3.099509163431655,50.56966700051201],[3.099441407823431,50.56963257653692],[3.099466572056289,50.56961782172831],[3.099398820256698,50.5696325778362],[3.099389139773043,50.56961290607763],[3.099325255611902,50.56957479340301],[3.09936590512194,50.56954528411531],[3.099305893009781,50.56951208929644],[3.099336862218058,50.5694653672215],[3.099373642475078,50.56946782514318],[3.099468491244317,50.56940265854423],[3.099538181214672,50.56942232843404],[3.099509146089847,50.56944446041641],[3.099689183044612,50.56954773294802],[3.099509163431655,50.56966700051201]]]}},{"type":"Feature","id":"LFQQ-71a78ced3981f6478a18","properties":{"airport":"LFQQ","name":"COLOR_Building","layer":"Buildings and structures","category":"Buildings","object_type":"Area","style_id":"polygon.building.394446","source_group":"COLOR_Building","vsmr_group_ids":[],"geometry_role":"filled_region"},"geometry":{"type":"Polygon","coordinates":[[[3.099278774193588,50.5692797135545],[3.099203277827769,50.56926865022173],[3.099176173888876,50.56922684787095],[3.099193593026088,50.56918627374021],[3.099247793277735,50.56916414109508],[3.099309738943932,50.56917397532818],[3.099346521318658,50.56920840034314],[3.099344588369617,50.56924651501318],[3.099278774193588,50.5692797135545]]]}},{"type":"Feature","id":"LFQQ-14e593e7ecf647230013","properties":{"airport":"LFQQ","name":"COLOR_Building","layer":"Buildings and structures","category":"Buildings","object_type":"Area","style_id":"polygon.building.394446","source_group":"COLOR_Building","vsmr_group_ids":[],"geometry_role":"filled_region"},"geometry":{"type":"Polygon","coordinates":[[[3.099296209400626,50.56945922045659],[3.099255564545564,50.56955266384594],[3.099141351622086,50.56953791309711],[3.099147158404141,50.56952930641459],[3.099118120979936,50.56952193021685],[3.099106506555234,50.56952684855464],[3.098978743123839,50.56951209802521],[3.099017452732897,50.56941865475689],[3.099296209400626,50.56945922045659]]]}},{"type":"Feature","id":"LFQQ-ab61516f6985841f6792","properties":{"airport":"LFQQ","name":"COLOR_Building","layer":"Buildings and structures","category":"Buildings","object_type":"Area","style_id":"polygon.building.394446","source_group":"COLOR_Building","vsmr_group_ids":[],"geometry_role":"filled_region"},"geometry":{"type":"Polygon","coordinates":[[[3.09922651695671,50.56940389487468],[3.098963247167341,50.56936701708776],[3.098963249211626,50.56939775465946],[3.098550921682766,50.56933628963364],[3.098587694695001,50.56921702681008],[3.09908326034108,50.56928463713388],[3.09905616263652,50.56933258849563],[3.099243935857972,50.56935963227328],[3.09922651695671,50.56940389487468]]]}},{"type":"Feature","id":"LFQQ-21e5841175743251c011","properties":{"airport":"LFQQ","name":"COLOR_Building","layer":"Buildings and structures","category":"Buildings","object_type":"Area","style_id":"polygon.building.394446","source_group":"COLOR_Building","vsmr_group_ids":[],"geometry_role":"filled_region"},"geometry":{"type":"Polygon","coordinates":[[[3.098965192058869,50.56950472136883],[3.098883900045808,50.56968300153078],[3.098926489227349,50.56970636096429],[3.099052317596054,50.56972357058423],[3.09900973574373,50.5698120960928],[3.098820024279971,50.56977644557241],[3.098823893960767,50.56974447831713],[3.098787111518875,50.56971005314448],[3.09872129336247,50.56969775977627],[3.098816134285225,50.56948013519819],[3.09882581036764,50.56943464332768],[3.098876141489231,50.56944201905596],[3.09886452948819,50.56948505196861],[3.098965192058869,50.56950472136883]]]}},{"type":"Feature","id":"LFQQ-21e3fc16392b1e8c8fa0","properties":{"airport":"LFQQ","name":"COLOR_Building","layer":"Buildings and structures","category":"Buildings","object_type":"Area","style_id":"polygon.building.394446","source_group":"COLOR_Building","vsmr_group_ids":[],"geometry_role":"filled_region"},"geometry":{"type":"Polygon","coordinates":[[[3.098787093738118,50.56944079121666],[3.098607063956056,50.56941989408539],[3.098630290634556,50.56937194290821],[3.09879870594977,50.56940021732665],[3.098787093738118,50.56944079121666]]]}},{"type":"Feature","id":"LFQQ-70cd7e8424ec87ad63d5","properties":{"airport":"LFQQ","name":"COLOR_Building","layer":"Buildings and structures","category":"Buildings","object_type":"Area","style_id":"polygon.building.394446","source_group":"COLOR_Building","vsmr_group_ids":[],"geometry_role":"filled_region"},"geometry":{"type":"Polygon","coordinates":[[[3.098454118826794,50.56911129211554],[3.098388301733819,50.56909899853811],[3.098388302794091,50.56911867058291],[3.098314742432029,50.5691039181274],[3.098347647047641,50.56903629476229],[3.098401849429524,50.56904858862475],[3.098411527237759,50.56902891636626],[3.098490894580397,50.56903998013055],[3.098454118826794,50.56911129211554]]]}},{"type":"Feature","id":"LFQQ-3e4fbb6fd45b0e419b46","properties":{"airport":"LFQQ","name":"COLOR_Building","layer":"Buildings and structures","category":"Buildings","object_type":"Area","style_id":"polygon.building.394446","source_group":"COLOR_Building","vsmr_group_ids":[],"geometry_role":"filled_region"},"geometry":{"type":"Polygon","coordinates":[[[3.099034142697308,50.56999654441455],[3.098980812100449,50.57012423814806],[3.098945936349482,50.57012293608145],[3.09894183401479,50.57013336006694],[3.098818741924649,50.57010990956263],[3.098874123232809,50.56996267112947],[3.09895208091362,50.56997178995547],[3.098947978594875,50.56998221392359],[3.099034142697308,50.56999654441455]]]}},{"type":"Feature","id":"LFQQ-24e100ab428c30b666af","properties":{"airport":"LFQQ","name":"COLOR_Building","layer":"Buildings and structures","category":"Buildings","object_type":"Area","style_id":"polygon.building.394446","source_group":"COLOR_Building","vsmr_group_ids":[],"geometry_role":"filled_region"},"geometry":{"type":"Polygon","coordinates":[[[3.098558204289863,50.57018288305603],[3.098642301433192,50.56992879938724],[3.098808474177097,50.56994703703546],[3.098710017413555,50.57020112114948],[3.098558204289863,50.57018288305603]]]}},{"type":"Feature","id":"LFQQ-923ba2e65cce07966548","properties":{"airport":"LFQQ","name":"COLOR_Building","layer":"Buildings and structures","category":"Buildings","object_type":"Area","style_id":"polygon.building.394446","source_group":"COLOR_Building","vsmr_group_ids":[],"geometry_role":"filled_region"},"geometry":{"type":"Polygon","coordinates":[[[3.098681327480586,50.57070928609445],[3.098500790399081,50.5706780187812],[3.098396161476675,50.57066890031776],[3.098488466305516,50.57040699844383],[3.098588991521667,50.57041611698437],[3.098777733185965,50.57044086903691],[3.098681327480586,50.57070928609445]]]}},{"type":"Feature","id":"LFQQ-8103039799568ae98fc8","properties":{"airport":"LFQQ","name":"COLOR_Building","layer":"Buildings and structures","category":"Buildings","object_type":"Area","style_id":"polygon.building.394446","source_group":"COLOR_Building","vsmr_group_ids":[],"geometry_role":"filled_region"},"geometry":{"type":"Polygon","coordinates":[[[3.098416524512513,50.56925005795382],[3.098360674982732,50.56941168145712],[3.097777261322869,50.56932693927186],[3.097842422465331,50.5691672867573],[3.098416524512513,50.56925005795382]]]}},{"type":"Feature","id":"LFQQ-301fcf0e9e31bfa90f65","properties":{"airport":"LFQQ","name":"COLOR_Building","layer":"Buildings and structures","category":"Buildings","object_type":"Area","style_id":"polygon.building.394446","source_group":"COLOR_Building","vsmr_group_ids":[],"geometry_role":"filled_region"},"geometry":{"type":"Polygon","coordinates":[[[3.098100004131807,50.56944519380399],[3.098031740931795,50.56962258538078],[3.097898300072992,50.569606819791],[3.09788278423154,50.56961864608601],[3.097802098798346,50.56960287944018],[3.097811407602473,50.56957922723688],[3.097529009068836,50.56953389855355],[3.097563141305872,50.56943337680069],[3.097904501064093,50.56948067545305],[3.097929324506914,50.56942351590877],[3.098100004131807,50.56944519380399]]]}},{"type":"Feature","id":"LFQQ-c2847f15519c94afe93d","properties":{"airport":"LFQQ","name":"COLOR_Building","layer":"Buildings and structures","category":"Buildings","object_type":"Area","style_id":"polygon.building.394446","source_group":"COLOR_Building","vsmr_group_ids":[],"geometry_role":"filled_region"},"geometry":{"type":"Polygon","coordinates":[[[3.097774146072851,50.56911209861993],[3.097730705536883,50.56922641752831],[3.097761737970406,50.56922838802783],[3.097730708425352,50.56929737366972],[3.097535204159376,50.56928752160057],[3.097578643965109,50.56913969569815],[3.097597263391469,50.56914166643158],[3.097625190401594,50.56908844892227],[3.097774146072851,50.56911209861993]]]}},{"type":"Feature","id":"LFQQ-912d80a0ab713ef04373","properties":{"airport":"LFQQ","name":"COLOR_Building","layer":"Buildings and structures","category":"Buildings","object_type":"Area","style_id":"polygon.building.394446","source_group":"COLOR_Building","vsmr_group_ids":[],"geometry_role":"filled_region"},"geometry":{"type":"Polygon","coordinates":[[[3.097491888857951,50.56917529320858],[3.097426890549255,50.56917057597907],[3.09745474447582,50.56910098373928],[3.097436173538193,50.56909862493704],[3.097454742928978,50.56905616187122],[3.097568025873683,50.56907621216698],[3.097534599995817,50.56912221404336],[3.097512314664836,50.56911513723072],[3.097491888857951,50.56917529320858]]]}},{"type":"Feature","id":"LFQQ-0dcf328f9dbde9ba7a0f","properties":{"airport":"LFQQ","name":"COLOR_Building","layer":"Buildings and structures","category":"Buildings","object_type":"Area","style_id":"polygon.building.394446","source_group":"COLOR_Building","vsmr_group_ids":[],"geometry_role":"filled_region"},"geometry":{"type":"Polygon","coordinates":[[[3.096862333485377,50.56913165773168],[3.095996930033937,50.56900073479134],[3.095985787605318,50.56902786383317],[3.095995073061482,50.56903965905261],[3.09599507310071,50.56905499285814],[3.09598393061026,50.5690632495371],[3.095961645596306,50.56906914717652],[3.095937503481498,50.56906324959538],[3.095922646773934,50.5690455567658],[3.095924503834859,50.56902786390436],[3.095944931755035,50.56901960722251],[3.095957931333349,50.56901960720796],[3.09597464501115,50.56898658054657],[3.095868791330949,50.56897478540265],[3.095859505885796,50.56898893968305],[3.095814935895778,50.56897950350169],[3.095809364620137,50.56899719635216],[3.095874362577873,50.56901488918817],[3.095831649487049,50.56910807157148],[3.095766651414504,50.56909863539103],[3.09575550882859,50.56911396920746],[3.095651511868287,50.56909745580422],[3.095647797603012,50.56910689199093],[3.094482770689431,50.56893962787008],[3.094599775105347,50.5686223375855],[3.095877440413859,50.56880517027903],[3.095915759712453,50.56873119491953],[3.095824763229804,50.56871939970276],[3.095854476334301,50.56864744881592],[3.096714301750207,50.56877837256268],[3.096680875308893,50.56883381042019],[3.096586164090485,50.56882319534935],[3.096534167358664,50.56892227561037],[3.096777446125596,50.56896355733556],[3.096762590166913,50.56899658413086],[3.096584309458796,50.56897653339623],[3.09657316716369,50.56898950822662],[3.096898158649832,50.56903668692265],[3.096862333485377,50.56913165773168]]]}},{"type":"Feature","id":"LFQQ-0861e76270947547fc84","properties":{"airport":"LFQQ","name":"COLOR_Building","layer":"Buildings and structures","category":"Buildings","object_type":"Area","style_id":"polygon.building.394446","source_group":"COLOR_Building","vsmr_group_ids":[],"geometry_role":"filled_region"},"geometry":{"type":"Polygon","coordinates":[[[3.094152196445492,50.56886565551176],[3.094280904056561,50.56888661866533],[3.094267702338163,50.56891282015535],[3.094147245071281,50.56889500130525],[3.094152196445492,50.56886565551176]]]}},{"type":"Feature","id":"LFQQ-e5cdc1fc951d2c386258","properties":{"airport":"LFQQ","name":"COLOR_Building","layer":"Buildings and structures","category":"Buildings","object_type":"Area","style_id":"polygon.building.394446","source_group":"COLOR_Building","vsmr_group_ids":[],"geometry_role":"filled_region"},"geometry":{"type":"Polygon","coordinates":[[[3.094175298858695,50.56883945418993],[3.094242959513673,50.56865185139213],[3.094356816059245,50.56865918936413],[3.094290807012376,50.56881535026168],[3.09430070747065,50.56882059073416],[3.09432711050347,50.56877762038084],[3.094373313281453,50.56878181324503],[3.094341958778479,50.56886251394517],[3.094175298858695,50.56883945418993]]]}},{"type":"Feature","id":"LFQQ-f0db10f0277c1d9c6a8f","properties":{"airport":"LFQQ","name":"COLOR_Building","layer":"Buildings and structures","category":"Buildings","object_type":"Area","style_id":"polygon.building.394446","source_group":"COLOR_Building","vsmr_group_ids":[],"geometry_role":"filled_region"},"geometry":{"type":"Polygon","coordinates":[[[3.094092675493285,50.56885878360746],[3.093214822261738,50.56875186346885],[3.09264059223447,50.56867010005206],[3.092733016087221,50.56839446133726],[3.093317143396963,50.56847517649074],[3.093305591208417,50.56850347399725],[3.093506901648075,50.56852443950589],[3.093457392338683,50.56865230248888],[3.093490394016194,50.56865859156628],[3.093462338203821,50.56874138819647],[3.093564643891982,50.56875711128265],[3.093729672796663,50.56834836863267],[3.094265952082502,50.56842383765203],[3.094092675493285,50.56885878360746]]]}},{"type":"Feature","id":"LFQQ-08d4c5d4aa8b37aa3406","properties":{"airport":"LFQQ","name":"COLOR_Building","layer":"Buildings and structures","category":"Buildings","object_type":"Area","style_id":"polygon.building.394446","source_group":"COLOR_Building","vsmr_group_ids":[],"geometry_role":"filled_region"},"geometry":{"type":"Polygon","coordinates":[[[3.093095890220583,50.57249872973866],[3.093103448988055,50.57247996675417],[3.093130931248382,50.57248258551384],[3.093118562887767,50.57250440285438],[3.093095890220583,50.57249872973866]]]}},{"type":"Feature","id":"LFQQ-55a652b9917beeb73a32","properties":{"airport":"LFQQ","name":"COLOR_Building","layer":"Buildings and structures","category":"Buildings","object_type":"Area","style_id":"polygon.building.394446","source_group":"COLOR_Building","vsmr_group_ids":[],"geometry_role":"filled_region"},"geometry":{"type":"Polygon","coordinates":[[[3.093194141171078,50.57247516897689],[3.093212004520278,50.57247866020171],[3.093203759218157,50.57248913247488],[3.093186582929945,50.57248564126486],[3.093194141171078,50.57247516897689]]]}},{"type":"Feature","id":"LFQQ-76c55579bb48627e4123","properties":{"airport":"LFQQ","name":"COLOR_Building","layer":"Buildings and structures","category":"Buildings","object_type":"Area","style_id":"polygon.building.394446","source_group":"COLOR_Building","vsmr_group_ids":[],"geometry_role":"filled_region"},"geometry":{"type":"Polygon","coordinates":[[[3.093269030054793,50.57248607946842],[3.093284145226127,50.57248869791598],[3.093277961048277,50.5725004792961],[3.093262158840135,50.57249742448021],[3.093269030054793,50.57248607946842]]]}},{"type":"Feature","id":"LFQQ-41f93936fb502ffe0dcf","properties":{"airport":"LFQQ","name":"COLOR_Building","layer":"Buildings and structures","category":"Buildings","object_type":"Area","style_id":"polygon.building.394446","source_group":"COLOR_Building","vsmr_group_ids":[],"geometry_role":"filled_region"},"geometry":{"type":"Polygon","coordinates":[[[3.093167343709629,50.5725126946814],[3.093185206999536,50.57251749496804],[3.093180397191804,50.57252447649783],[3.093163220899335,50.57252054893336],[3.093167343709629,50.5725126946814]]]}},{"type":"Feature","id":"LFQQ-2a9797dcbdc8f0996166","properties":{"airport":"LFQQ","name":"COLOR_Building","layer":"Buildings and structures","category":"Buildings","object_type":"Area","style_id":"polygon.building.394446","source_group":"COLOR_Building","vsmr_group_ids":[],"geometry_role":"filled_region"},"geometry":{"type":"Polygon","coordinates":[[[3.093223682356736,50.57251793218937],[3.093244980991432,50.57252185983653],[3.093242232398858,50.57252840506162],[3.093219559727758,50.57252273197442],[3.093223682356736,50.57251793218937]]]}},{"type":"Feature","id":"LFQQ-b4b2a518bc0e2fdda480","properties":{"airport":"LFQQ","name":"COLOR_Building","layer":"Buildings and structures","category":"Buildings","object_type":"Area","style_id":"polygon.building.394446","source_group":"COLOR_Building","vsmr_group_ids":[],"geometry_role":"filled_region"},"geometry":{"type":"Polygon","coordinates":[[[3.093275898462875,50.57252622404681],[3.093288265377607,50.57252927878484],[3.093282768489722,50.57253669665642],[3.093271088678524,50.57253276922544],[3.093275898462875,50.57252622404681]]]}},{"type":"Feature","id":"LFQQ-8ed5addc315268cd20d9","properties":{"airport":"LFQQ","name":"COLOR_Building","layer":"Buildings and structures","category":"Buildings","object_type":"Area","style_id":"polygon.building.394446","source_group":"COLOR_Building","vsmr_group_ids":[],"geometry_role":"filled_region"},"geometry":{"type":"Polygon","coordinates":[[[3.094652174641317,50.57276024443575],[3.094689261097063,50.57269056912691],[3.094715531789525,50.57259145333026],[3.09637351972299,50.57282501866132],[3.096311713879747,50.57299479244325],[3.094652174641317,50.57276024443575]]]}},{"type":"Feature","id":"LFQQ-7138d8eb3c260c907bfe","properties":{"airport":"LFQQ","name":"COLOR_Building","layer":"Buildings and structures","category":"Buildings","object_type":"Area","style_id":"polygon.building.394446","source_group":"COLOR_Building","vsmr_group_ids":[],"geometry_role":"filled_region"},"geometry":{"type":"Polygon","coordinates":[[[3.09468770981588,50.57350357301671],[3.094752391384641,50.57332443809872],[3.09647531779814,50.57356747342541],[3.096410643226701,50.57375231494449],[3.09468770981588,50.57350357301671]]]}},{"type":"Feature","id":"LFQQ-9578525d18db15e4bb09","properties":{"airport":"LFQQ","name":"COLOR_Building","layer":"Buildings and structures","category":"Buildings","object_type":"Area","style_id":"polygon.building.394446","source_group":"COLOR_Building","vsmr_group_ids":[],"geometry_role":"filled_region"},"geometry":{"type":"Polygon","coordinates":[[[3.093304346412091,50.57333696616607],[3.093187569729328,50.57331642577895],[3.093316931835834,50.57316353599654],[3.093358252561036,50.57317266480602],[3.093385203193642,50.57313387173671],[3.094416431077767,50.57327765362216],[3.094357138524959,50.57345336537188],[3.093315127389702,50.5733095826413],[3.093304346412091,50.57333696616607]]]}},{"type":"Feature","id":"LFQQ-e4b30f5afa17838ed97a","properties":{"airport":"LFQQ","name":"COLOR_Building","layer":"Buildings and structures","category":"Buildings","object_type":"Area","style_id":"polygon.building.394446","source_group":"COLOR_Building","vsmr_group_ids":[],"geometry_role":"filled_region"},"geometry":{"type":"Polygon","coordinates":[[[3.09533752515174,50.57407470583613],[3.095473487782794,50.57409359480445],[3.095426749532124,50.57421232208009],[3.095295035470247,50.57419073469665],[3.09533752515174,50.57407470583613]]]}},{"type":"Feature","id":"LFQQ-5624a5863d7ce9c5d96c","properties":{"airport":"LFQQ","name":"COLOR_Building","layer":"Buildings and structures","category":"Buildings","object_type":"Area","style_id":"polygon.building.394446","source_group":"COLOR_Building","vsmr_group_ids":[],"geometry_role":"filled_region"},"geometry":{"type":"Polygon","coordinates":[[[3.093814309404905,50.57419881299062],[3.093952405186255,50.57400183558469],[3.094366662848129,50.57411247397837],[3.094211573132719,50.5743134990701],[3.093814309404905,50.57419881299062]]]}},{"type":"Feature","id":"LFQQ-905be2b4ea92f593fd90","properties":{"airport":"LFQQ","name":"COLOR_Building","layer":"Buildings and structures","category":"Buildings","object_type":"Area","style_id":"polygon.building.394446","source_group":"COLOR_Building","vsmr_group_ids":[],"geometry_role":"filled_region"},"geometry":{"type":"Polygon","coordinates":[[[3.093059838490861,50.57539230355273],[3.093057231157872,50.57533178049084],[3.093110757424891,50.57532763633397],[3.093112058896521,50.57539562108406],[3.093059838490861,50.57539230355273]]]}},{"type":"Feature","id":"LFQQ-f2279fb4f682b7aa8968","properties":{"airport":"LFQQ","name":"COLOR_Building","layer":"Buildings and structures","category":"Buildings","object_type":"Area","style_id":"polygon.building.394446","source_group":"COLOR_Building","vsmr_group_ids":[],"geometry_role":"filled_region"},"geometry":{"type":"Polygon","coordinates":[[[3.093156446538383,50.5753931348441],[3.093156450487484,50.57532515013444],[3.093202143479634,50.57532349299715],[3.093211278349335,50.57538899066497],[3.093156446538383,50.5753931348441]]]}},{"type":"Feature","id":"LFQQ-67918cb79622c0e4cb7f","properties":{"airport":"LFQQ","name":"COLOR_Building","layer":"Buildings and structures","category":"Buildings","object_type":"Area","style_id":"polygon.building.394446","source_group":"COLOR_Building","vsmr_group_ids":[],"geometry_role":"filled_region"},"geometry":{"type":"Polygon","coordinates":[[[3.093217812833429,50.57526628673394],[3.093204760042001,50.57522566145317],[3.093847069398483,50.5752273323798],[3.093854900902229,50.57526381208077],[3.093845761122296,50.57529282976309],[3.093209978328084,50.57529198808357],[3.093217812833429,50.57526628673394]]]}},{"type":"Feature","id":"LFQQ-2c578dba5f0b8338e103","properties":{"airport":"LFQQ","name":"COLOR_Building","layer":"Buildings and structures","category":"Buildings","object_type":"Area","style_id":"polygon.building.394446","source_group":"COLOR_Building","vsmr_group_ids":[],"geometry_role":"filled_region"},"geometry":{"type":"Polygon","coordinates":[[[3.105587089718937,50.5712959032568],[3.105620824416573,50.57116728832835],[3.105635824154764,50.5711637149833],[3.10564144819274,50.57115537866148],[3.105506431213623,50.57103034476633],[3.105491431641159,50.57103510894876],[3.105476429750429,50.57102081932149],[3.105478303729421,50.5710124831843],[3.105493302759239,50.57100295555428],[3.105515802703607,50.57100057273093],[3.105532678607801,50.5710065262202],[3.105538304981927,50.57101724370899],[3.105528930730213,50.57102438934768],[3.105677072910196,50.57114942254735],[3.105665825294437,50.57116966778287],[3.105750203311251,50.57118514469898],[3.105707094160801,50.57131614184573],[3.106862138792081,50.57149113482045],[3.106901492340182,50.57134584687473],[3.106914618112531,50.57134941868136],[3.106918366381626,50.57133750980579],[3.10677022365446,50.57123748608959],[3.106755224285034,50.57124344130697],[3.106742097162265,50.57123034257505],[3.106743970389059,50.5712184338385],[3.106757094531731,50.5712112878841],[3.106790847886782,50.57123033967625],[3.106923987459349,50.57131131043402],[3.106961492156477,50.57133750719849],[3.106948369138665,50.57135179836445],[3.107027123710748,50.57137084743295],[3.107025252434275,50.57139466486456],[3.107055253998827,50.57140061735756],[3.107216499114627,50.57134701842299],[3.10722774783714,50.57133749079484],[3.107261498038674,50.57133391607636],[3.107261499775584,50.57134463388115],[3.107246501901282,50.57136011609109],[3.10722962611877,50.57135773540677],[3.107079629890452,50.57140299762366],[3.107059006554693,50.57141609840972],[3.107012129892741,50.57141252866231],[3.106978396856976,50.5715256630313],[3.105579591178349,50.57130900313134],[3.105587089718937,50.5712959032568]]]}},{"type":"Feature","id":"LFQQ-7ea867ff2c8f72a57c89","properties":{"airport":"LFQQ","name":"COLOR_Building","layer":"Buildings and structures","category":"Buildings","object_type":"Area","style_id":"polygon.building.394446","source_group":"COLOR_Building","vsmr_group_ids":[],"geometry_role":"filled_region"},"geometry":{"type":"Polygon","coordinates":[[[3.105731240364777,50.57120909667988],[3.105772241665732,50.57121356056556],[3.10588938670646,50.57113022977884],[3.105889386608618,50.57112427763171],[3.10591281569359,50.57111534925485],[3.105937416425961,50.57111832515656],[3.105938588090367,50.57113022944351],[3.105935073875488,50.57113990170568],[3.10591515907364,50.57114287791694],[3.105793328118396,50.57122100062902],[3.105787470918131,50.57122992888654],[3.105772241957419,50.57123513709995],[3.105752327046858,50.571234393198],[3.105721868856568,50.57122695318315],[3.105731240364777,50.57120909667988]]]}},{"type":"Feature","id":"LFQQ-89796bd221b546d7eeeb","properties":{"airport":"LFQQ","name":"COLOR_RunwayConcrete","layer":"Airfield surfaces","category":"Runways","object_type":"Area","style_id":"polygon.runwayconcrete.555555","source_group":"COLOR_RunwayConcrete","vsmr_group_ids":[],"geometry_role":"filled_region"},"geometry":{"type":"Polygon","coordinates":[[[3.085183552581181,50.56339873472315],[3.085068438507208,50.56341053883043],[3.084838107059273,50.56343745855942],[3.084565497774647,50.56348206805406],[3.084098534387669,50.56357061417799],[3.083799389196671,50.56362979729699],[3.08358443761116,50.56366519160907],[3.083448053330271,50.56368997921015],[3.083398419298027,50.56369266719513],[3.083238551442553,50.56363432958089],[3.083117424649937,50.56358807589699],[3.083032639026755,50.56354724969529],[3.082971461016277,50.56349679457597],[3.082913830842084,50.56342152216962],[3.082871221273371,50.56336631804957],[3.082839349524391,50.56330130974481],[3.082820718853005,50.56322984197131],[3.082820025801769,50.56316853975743],[3.082846331980724,50.56307775938682],[3.082991846287928,50.56267704457689],[3.086503428268386,50.56317034806031],[3.085257823226475,50.56017393983764],[3.085345133597788,50.56013362403339],[3.085450535533667,50.56009850550318],[3.085584765366376,50.56005877980558],[3.085639317637536,50.56004598220014],[3.086971922587225,50.56323604345165],[3.122392088840005,50.56827649714732],[3.122402819362775,50.56826668937829],[3.122433903608892,50.56827369676777],[3.122404157986787,50.56839426078535],[3.122350243220415,50.56853772026672],[3.122290711094806,50.56869436340975],[3.12223285026284,50.56871021945396],[3.121933228568146,50.56869991845449],[3.121908454968034,50.56874268517874],[3.121854297512734,50.56880828340114],[3.12179783487269,50.56886391399255],[3.121707126182751,50.56893072050943],[3.121630359662271,50.56896787985266],[3.121540758474342,50.56899825544397],[3.121398862214939,50.56903295914534],[3.121319962340805,50.56904582400055],[3.121228559733722,50.56904967190523],[3.12113470115847,50.56904851993375],[3.121043903258272,50.56903249641753],[3.120984391603128,50.56901685686189],[3.120202461946704,50.56857158120288],[3.119799248487363,50.56835878317327],[3.119750317784273,50.56833830329167],[3.119714271623717,50.56832295136394],[3.119662633027418,50.5683057513025],[3.119626385237828,50.56829702313593],[3.117078342182718,50.56793457021681],[3.11699987623304,50.56794188725958],[3.116895339167955,50.56794888332684],[3.116811204211414,50.56797103949802],[3.116711224400723,50.56799962678774],[3.116666145472573,50.5680239202139],[3.116599350455176,50.56807610780088],[3.116537314681338,50.56814326299472],[3.116493932907725,50.56819739535645],[3.116455765288439,50.56825159191656],[3.116423014000198,50.56829922892199],[3.116390212074522,50.56834852187442],[3.11637927809602,50.56836495286007],[3.116154516996767,50.56897842821247],[3.115743485531763,50.56891966058053],[3.115764289387022,50.56888990532833],[3.115785382530654,50.56885067631942],[3.115809082115109,50.56880753053458],[3.115825058590911,50.56877297715748],[3.115848854503491,50.56872667344973],[3.115870357261845,50.56867402326282],[3.115883231441527,50.56861889743372],[3.115904045511575,50.56854807383196],[3.115918536575484,50.56848297340503],[3.115934185884452,50.5684184044657],[3.1159419916574,50.5683663753515],[3.115953622733703,50.56831123425178],[3.115958061131752,50.56824731700203],[3.115963742479244,50.56818341504145],[3.115959576533316,50.56811623264286],[3.115957316914584,50.56808237363921],[3.11595220871586,50.5680273346543],[3.115941780766296,50.56797977589692],[3.115929327291704,50.56794297180946],[3.1159083255738,50.56790821834793],[3.115877243546727,50.56787010683303],[3.115844498010985,50.56783089685493],[3.115814619068604,50.56780896956232],[3.115793189737175,50.567788224316],[3.115765138966209,50.5677620076877],[3.115735095590082,50.56774546816244],[3.10851790232874,50.56672251079874],[3.108480414954715,50.56672743645306],[3.108422470886731,50.56673534267895],[3.108367787423134,50.56674760110405],[3.108311109791326,50.56676953647688],[3.108264743160172,50.56678728766064],[3.108231815863163,50.56680951711446],[3.108197059748816,50.56683603576448],[3.108173881133729,50.56687239945968],[3.108154062309747,50.56690988273335],[3.108003492800646,50.56731770988978],[3.107906773052536,50.56759354871629],[3.107849748556251,50.56773728948234],[3.107827769467242,50.56778983746401],[3.107625017261377,50.56776037657554],[3.107729153185461,50.56746414878902],[3.107813171165414,50.56721510177642],[3.10786000559347,50.56707907528407],[3.107895679164248,50.56696740896716],[3.10791286616527,50.56690509999758],[3.107916282962155,50.56684908823675],[3.107917473956718,50.56681029631337],[3.107916902316084,50.56677363848279],[3.10790412467252,50.56674760909087],[3.107884528123157,50.56672257319682],[3.107861472509699,50.5666996503748],[3.107838450014389,50.56667564998094],[3.107795136263722,50.56664924229955],[3.107753386672918,50.56662716582628],[3.107721617303063,50.56661168077685],[3.107662770907027,50.56659370429494],[3.097346328217689,50.56512872177048],[3.097335383393003,50.56515337842674],[3.097315989898852,50.56517685171065],[3.097300355763566,50.56518851425574],[3.09721749898209,50.56517885661137],[3.0971596882352,50.56518244705174],[3.09706771626528,50.56519315689292],[3.096984092906143,50.56520828272576],[3.096908618125438,50.56523428986775],[3.096836436044805,50.56526357195501],[3.096762324099425,50.56530037568051],[3.096712228354013,50.56532885543586],[3.096673940648706,50.56535963851394],[3.09665411331755,50.56539711983855],[3.09638772570592,50.56617045025948],[3.095813474004929,50.56608135349468],[3.095823657515604,50.56602650434329],[3.095855765841842,50.56592126457404],[3.09601576324273,50.56547596027226],[3.096034628526885,50.56541475167943],[3.096055256865082,50.56535140921685],[3.096071958674078,50.56530526520731],[3.096083337778077,50.56526660051124],[3.096085968047559,50.56523645028958],[3.096074893746024,50.56521044079232],[3.096048518526375,50.56518531817142],[3.096022143351331,50.5651601955455],[3.096000924090243,50.56513298137256],[3.095972885910845,50.5651067599954],[3.095949903577389,50.56508167972089],[3.095923495137354,50.56505763461204],[3.095880156171478,50.56503230005253],[3.095823246085854,50.56500679595133],[3.09577804398629,50.56498682790815],[3.095751235313648,50.56497571334509],[3.095714148263657,50.56496770427868],[3.09569212853102,50.56496635123723],[3.095693396208024,50.56492540429224],[3.095673573293474,50.56490790915372],[3.095635256921578,50.56488479312888],[3.091492482956661,50.56429578987704],[3.091443054289802,50.56430271639458],[3.091398580850711,50.56431401684541],[3.091343795357289,50.56432949995739],[3.091282023593924,50.56435136331883],[3.09124420164623,50.56436705895087],[3.091206212342108,50.56438814229921],[3.091171481830042,50.56441357836552],[3.091145366998684,50.5644348105172],[3.09111379488584,50.56446783196356],[3.09108391909432,50.56450087465936],[3.091054009772161,50.56453499489634],[3.091014339817659,50.56457847413166],[3.0909628356608,50.56465220848312],[3.090910695434084,50.56474641620612],[3.090874391438834,50.5648224969173],[3.090839649816335,50.56490290908689],[3.090810465845675,50.56496829937358],[3.090782543000778,50.56504771909416],[3.090762112758161,50.56511618500114],[3.090746265362905,50.56518928819064],[3.090737839523519,50.56524200300858],[3.090729949268629,50.5652774770487],[3.09072365497824,50.56531620499968],[3.090717360678759,50.56535493295543],[3.090330593104491,50.56529510801592],[3.090363639509344,50.56521467472852],[3.090393293009159,50.56513419888942],[3.090422946372764,50.56505372303145],[3.090444151192624,50.56497206323144],[3.09047024418545,50.56489693244191],[3.09048442896628,50.56482273029826],[3.090496946975989,50.56475221866107],[3.090509435325344,50.56467799538215],[3.090521454927757,50.56461885780308],[3.090528318434,50.56456181153639],[3.090532123983956,50.5644939472632],[3.090530304758345,50.56444325996276],[3.090520137644834,50.56438815613763],[3.090508006360118,50.56434165140942],[3.090495540295877,50.56430592215852],[3.090471333653186,50.56426573383402],[3.09044197100925,50.56422763680873],[3.090407218000599,50.56419917388187],[3.09037752061381,50.56417185230064],[3.090345959481582,50.56414989717813],[3.090317724122991,50.56413013967088],[3.087140542458291,50.56367301530417],[3.087890353737077,50.5654490215694],[3.089424873723616,50.5656770769279],[3.0893576051557,50.56587369689698],[3.088843649713056,50.56580024558165],[3.088798004807041,50.56580627251998],[3.08873792493948,50.56581706812198],[3.088693090860231,50.56583877974543],[3.088634052646853,50.56585783813136],[3.088585246674029,50.56588197478799],[3.088538703645678,50.56591686454065],[3.088495696164981,50.565963348346],[3.088465825363149,50.56600504720477],[3.088446853949729,50.56603038334954],[3.088389667705749,50.56607338927695],[3.088325989883354,50.56611631372298],[3.08830653594955,50.56614448911884],[3.088266227268217,50.56618770678658],[3.088250432028221,50.56623618207464],[3.088244084057192,50.5662732263113],[3.088243057554669,50.56630621248053],[3.091041986966589,50.57302264010468],[3.091064898439388,50.57303777675293],[3.091109474181346,50.57306638442913],[3.091147506343306,50.57309656005904],[3.09119460228783,50.57312767420099],[3.091235333965541,50.5731545837134],[3.091269675742743,50.57317811325827],[3.091317719524636,50.57317871512555],[3.091364592881212,50.57317517743299],[3.091403393638779,50.57318061333324],[3.091467703069999,50.5732012183108],[3.091529492438081,50.57321931677053],[3.091568062817152,50.57323217451676],[3.091617021097322,50.57324516236787],[3.091680288395762,50.57325750443837],[3.09172430887876,50.57326218065233],[3.091769807145914,50.57326110051193],[3.09181288766047,50.57325421523948],[3.091856044990839,50.57324485599209],[3.092211172103656,50.57319317125465],[3.092391260686802,50.57363047432478],[3.090965981954106,50.57387059839419],[3.08668437346727,50.56361165719359],[3.085183552581181,50.56339873472315]]]}},{"type":"Feature","id":"LFQQ-db5816566017a15a18e4","properties":{"airport":"LFQQ","name":"COLOR_Stopbar","layer":"Surface markings","category":"Stopbars","object_type":"Area","style_id":"polygon.stopbar.7e0000","source_group":"COLOR_Stopbar","vsmr_group_ids":[],"geometry_role":"filled_region"},"geometry":{"type":"Polygon","coordinates":[[[3.089431541873529,50.56567792663471],[3.08936306362158,50.56587497330275],[3.089346456906976,50.56587201771751],[3.089416927888307,50.5656758151931],[3.089431541873529,50.56567792663471]]]}},{"type":"Feature","id":"LFQQ-1a434881f8e49c802810","properties":{"airport":"LFQQ","name":"COLOR_Stopbar","layer":"Surface markings","category":"Stopbars","object_type":"Area","style_id":"polygon.stopbar.7e0000","source_group":"COLOR_Stopbar","vsmr_group_ids":[],"geometry_role":"filled_region"},"geometry":{"type":"Polygon","coordinates":[[[3.090328008045384,50.56530386686632],[3.090332367161213,50.56529169300695],[3.090713062842751,50.56534707027145],[3.090713059904782,50.56535869120981],[3.090328008045384,50.56530386686632]]]}},{"type":"Feature","id":"LFQQ-8c673342b01c0a71694d","properties":{"airport":"LFQQ","name":"COLOR_Stopbar","layer":"Surface markings","category":"Stopbars","object_type":"Area","style_id":"polygon.stopbar.7e0000","source_group":"COLOR_Stopbar","vsmr_group_ids":[],"geometry_role":"filled_region"},"geometry":{"type":"Polygon","coordinates":[[[3.095864268813628,50.56609444098298],[3.095874556408644,50.56608434414939],[3.09631778696722,50.56614851733416],[3.096315915179055,50.56616039656718],[3.095864268813628,50.56609444098298]]]}},{"type":"Feature","id":"LFQQ-48b1883bde6b029fe8f2","properties":{"airport":"LFQQ","name":"COLOR_Stopbar","layer":"Surface markings","category":"Stopbars","object_type":"Area","style_id":"polygon.stopbar.7e0000","source_group":"COLOR_Stopbar","vsmr_group_ids":[],"geometry_role":"filled_region"},"geometry":{"type":"Polygon","coordinates":[[[3.107824310589498,50.56779586647905],[3.107623103203705,50.56776504966957],[3.107628157496309,50.56775477425673],[3.107830375767158,50.56778430661298],[3.107824310589498,50.56779586647905]]]}},{"type":"Feature","id":"LFQQ-898306639b56b37b913b","properties":{"airport":"LFQQ","name":"COLOR_Stopbar","layer":"Surface markings","category":"Stopbars","object_type":"Area","style_id":"polygon.stopbar.7e0000","source_group":"COLOR_Stopbar","vsmr_group_ids":[],"geometry_role":"filled_region"},"geometry":{"type":"Polygon","coordinates":[[[3.115743468600867,50.56892074100519],[3.115749370069201,50.56891023984731],[3.116121362370783,50.56896344996838],[3.116115461842177,50.5689769512832],[3.115743468600867,50.56892074100519]]]}},{"type":"Feature","id":"LFQQ-8846908668e838040ca9","properties":{"airport":"LFQQ","name":"COLOR_Stopbar","layer":"Surface markings","category":"Stopbars","object_type":"Area","style_id":"polygon.stopbar.7e0000","source_group":"COLOR_Stopbar","vsmr_group_ids":[],"geometry_role":"filled_region"},"geometry":{"type":"Polygon","coordinates":[[[3.085991846362948,50.56192256563227],[3.08638434572396,50.56185670397193],[3.086388221426219,50.56186901665698],[3.085997660219324,50.56193487839968],[3.085991846362948,50.56192256563227]]]}},{"type":"Feature","id":"LFQQ-2facac462336aa74f2cf","properties":{"airport":"LFQQ","name":"COLOR_Stopbar","layer":"Surface markings","category":"Stopbars","object_type":"Area","style_id":"polygon.stopbar.7e0000","source_group":"COLOR_Stopbar","vsmr_group_ids":[],"geometry_role":"filled_region"},"geometry":{"type":"Polygon","coordinates":[[[3.0876607443666,50.56492947288121],[3.087274886962732,50.56499433032178],[3.087271769487934,50.56498244681962],[3.087655288225681,50.56491907479144],[3.0876607443666,50.56492947288121]]]}},{"type":"Feature","id":"LFQQ-e2297bc527e5e7278b19","properties":{"airport":"LFQQ","name":"COLOR_Stopbar","layer":"Surface markings","category":"Stopbars","object_type":"Area","style_id":"polygon.stopbar.7e0000","source_group":"COLOR_Stopbar","vsmr_group_ids":[],"geometry_role":"filled_region"},"geometry":{"type":"Polygon","coordinates":[[[3.09239601249313,50.57362880932506],[3.092384463295133,50.57363090527632],[3.092200769357452,50.57319452189637],[3.092216443173936,50.57319242584968],[3.09239601249313,50.57362880932506]]]}},{"type":"Feature","id":"LFQQ-f7af01a33521decc3625","properties":{"airport":"LFQQ","name":"COLOR_White","layer":"Airfield surfaces","category":"white","object_type":"Area","style_id":"polygon.white","source_group":"COLOR_White","vsmr_group_ids":[],"geometry_role":"filled_region"},"geometry":{"type":"Polygon","coordinates":[[[3.082801349511015,50.56454204701431],[3.082803325741774,50.56453577620416],[3.083216964492526,50.56459100675351],[3.08321400109328,50.56459727745472],[3.082801349511015,50.56454204701431]]]}},{"type":"Feature","id":"LFQQ-f39e222fa3e323ead982","properties":{"airport":"LFQQ","name":"COLOR_White","layer":"Airfield surfaces","category":"white","object_type":"Area","style_id":"polygon.white","source_group":"COLOR_White","vsmr_group_ids":[],"geometry_role":"filled_region"},"geometry":{"type":"Polygon","coordinates":[[[3.086644363561262,50.5654758443492],[3.086702646472339,50.56529712474612],[3.086711531391919,50.56529900674881],[3.086651274001921,50.56547772620258],[3.086644363561262,50.5654758443492]]]}},{"type":"Feature","id":"LFQQ-a361e3988713b0d4aa52","properties":{"airport":"LFQQ","name":"COLOR_White","layer":"Airfield surfaces","category":"white","object_type":"Area","style_id":"polygon.white","source_group":"COLOR_White","vsmr_group_ids":[],"geometry_role":"filled_region"},"geometry":{"type":"Polygon","coordinates":[[[3.084080007523446,50.56099948717826],[3.084251066082684,50.5610291832583],[3.084249627090399,50.56103511890683],[3.084077850204563,50.56100359635521],[3.084080007523446,50.56099948717826]]]}},{"type":"Feature","id":"LFQQ-a569363f412c267cbce3","properties":{"airport":"LFQQ","name":"COLOR_White","layer":"Airfield surfaces","category":"white","object_type":"Area","style_id":"polygon.white","source_group":"COLOR_White","vsmr_group_ids":[],"geometry_role":"filled_region"},"geometry":{"type":"Polygon","coordinates":[[[3.084532250572516,50.56041618380609],[3.084675984946039,50.56048651396664],[3.084668077218427,50.5604924490009],[3.084522186569305,50.56042211862484],[3.084532250572516,50.56041618380609]]]}},{"type":"Feature","id":"LFQQ-2fc397b7f297c5ca2bc2","properties":{"airport":"LFQQ","name":"COLOR_White","layer":"Airfield surfaces","category":"white","object_type":"Area","style_id":"polygon.white","source_group":"COLOR_White","vsmr_group_ids":[],"geometry_role":"filled_region"},"geometry":{"type":"Polygon","coordinates":[[[3.086452695746842,50.55992515252433],[3.086442505676574,50.55981811584402],[3.086453446558595,50.55981765336768],[3.086466554295471,50.55992422692153],[3.086452695746842,50.55992515252433]]]}},{"type":"Feature","id":"LFQQ-65e21ab033be26a0fe8f","properties":{"airport":"LFQQ","name":"COLOR_White","layer":"Airfield surfaces","category":"white","object_type":"Area","style_id":"polygon.white","source_group":"COLOR_White","vsmr_group_ids":[],"geometry_role":"filled_region"},"geometry":{"type":"Polygon","coordinates":[[[3.108628856177469,50.56515259107165],[3.108806577805483,50.56520121866762],[3.108799143866798,50.56520688712451],[3.108625139718029,50.56515731450592],[3.108628856177469,50.56515259107165]]]}},{"type":"Feature","id":"LFQQ-474c5718f3e0ccbe7539","properties":{"airport":"LFQQ","name":"COLOR_White","layer":"Airfield surfaces","category":"white","object_type":"Area","style_id":"polygon.white","source_group":"COLOR_White","vsmr_group_ids":[],"geometry_role":"filled_region"},"geometry":{"type":"Polygon","coordinates":[[[3.095779045068927,50.563598400802],[3.095782741698729,50.5635908866624],[3.095865545885617,50.5636040364285],[3.095858152654489,50.56360967203548],[3.095779045068927,50.563598400802]]]}},{"type":"Feature","id":"LFQQ-8b81b7e2b8018c7d181c","properties":{"airport":"LFQQ","name":"COLOR_White","layer":"Airfield surfaces","category":"white","object_type":"Area","style_id":"polygon.white","source_group":"COLOR_White","vsmr_group_ids":[],"geometry_role":"filled_region"},"geometry":{"type":"Polygon","coordinates":[[[3.091276557235918,50.56267724334746],[3.091280396254641,50.56266810060659],[3.09145023064733,50.56269431673245],[3.091445432426629,50.56270041181125],[3.091276557235918,50.56267724334746]]]}},{"type":"Feature","id":"LFQQ-3395dfaee82deffb28b2","properties":{"airport":"LFQQ","name":"COLOR_White","layer":"Airfield surfaces","category":"white","object_type":"Area","style_id":"polygon.white","source_group":"COLOR_White","vsmr_group_ids":[],"geometry_role":"filled_region"},"geometry":{"type":"Polygon","coordinates":[[[3.083661050837203,50.56303494789747],[3.083865123800331,50.56306424201259],[3.083875827674678,50.56304019741388],[3.083709606851992,50.56301718003634],[3.083667564848074,50.56301088323099],[3.083673595016159,50.56299626735226],[3.083922735465889,50.56303131575895],[3.083901326172092,50.56308567775235],[3.083655286308948,50.56305115201258],[3.083661050837203,50.56303494789747]]]}},{"type":"Feature","id":"LFQQ-3655d2ace718b114ed0f","properties":{"airport":"LFQQ","name":"COLOR_White","layer":"Airfield surfaces","category":"white","object_type":"Area","style_id":"polygon.white","source_group":"COLOR_White","vsmr_group_ids":[],"geometry_role":"filled_region"},"geometry":{"type":"Polygon","coordinates":[[[3.083713583423564,50.56301506416652],[3.083702071331644,50.56304290393719],[3.083654953867394,50.56305090330956],[3.08367414277082,50.56299661542127],[3.083713583423564,50.56301506416652]]]}},{"type":"Feature","id":"LFQQ-10a44976f5af297b63bd","properties":{"airport":"LFQQ","name":"COLOR_White","layer":"Airfield surfaces","category":"white","object_type":"Area","style_id":"polygon.white","source_group":"COLOR_White","vsmr_group_ids":[],"geometry_role":"filled_region"},"geometry":{"type":"Polygon","coordinates":[[[3.083686753535553,50.56295729138327],[3.083708681605832,50.56290300377792],[3.083836874170096,50.56292146167936],[3.083844540279403,50.5629364269849],[3.08385878734535,50.56292494405307],[3.083956849094751,50.56293957058313],[3.083935468797159,50.56299525032597],[3.083841241817,50.56298097218239],[3.083833576412609,50.56296322278134],[3.083850011616787,50.56296461651803],[3.083895481396148,50.56297227744494],[3.083905896761239,50.56294791767115],[3.083744286166272,50.56292562826208],[3.083734419017954,50.56294824802226],[3.083811115275139,50.56296008836009],[3.083813850447967,50.56297609719595],[3.083686753535553,50.56295729138327]]]}},{"type":"Feature","id":"LFQQ-db10840862cef2b90bec","properties":{"airport":"LFQQ","name":"COLOR_White","layer":"Airfield surfaces","category":"white","object_type":"Area","style_id":"polygon.white","source_group":"COLOR_White","vsmr_group_ids":[],"geometry_role":"filled_region"},"geometry":{"type":"Polygon","coordinates":[[[3.083808923868923,50.56296008813422],[3.083820434803128,50.56293642450444],[3.083857687658409,50.56294060447942],[3.083851106968556,50.56296600868018],[3.083834124173845,50.56296357085073],[3.083813850625785,50.56297540117235],[3.083808923868923,50.56296008813422]]]}},{"type":"Feature","id":"LFQQ-a6c1228d519f30a08ed0","properties":{"airport":"LFQQ","name":"COLOR_White","layer":"Airfield surfaces","category":"white","object_type":"Area","style_id":"polygon.white","source_group":"COLOR_White","vsmr_group_ids":[],"geometry_role":"filled_region"},"geometry":{"type":"Polygon","coordinates":[[[3.08560056547116,50.56070000508105],[3.085533555779885,50.56054581245659],[3.085621819064766,50.56052802944338],[3.085685433478123,50.56068653463194],[3.085614999797635,50.56066658125107],[3.085649795748735,50.56066065403489],[3.08560823414046,50.56055821866231],[3.085567497482773,50.56056522357044],[3.085626025820889,50.56069623350361],[3.08560056547116,50.56070000508105]]]}},{"type":"Feature","id":"LFQQ-042e293657dc712bbf94","properties":{"airport":"LFQQ","name":"COLOR_White","layer":"Airfield surfaces","category":"white","object_type":"Area","style_id":"polygon.white","source_group":"COLOR_White","vsmr_group_ids":[],"geometry_role":"filled_region"},"geometry":{"type":"Polygon","coordinates":[[[3.085588167744835,50.56066976116557],[3.085673907573871,50.56065598830347],[3.085687329791869,50.56068584693439],[3.085600556937427,50.56069961971872],[3.085588167744835,50.56066976116557]]]}},{"type":"Feature","id":"LFQQ-ec1f12394be14d712509","properties":{"airport":"LFQQ","name":"COLOR_White","layer":"Airfield surfaces","category":"white","object_type":"Area","style_id":"polygon.white","source_group":"COLOR_White","vsmr_group_ids":[],"geometry_role":"filled_region"},"geometry":{"type":"Polygon","coordinates":[[[3.085742085954533,50.56064615110439],[3.085687366512175,50.5605155609588],[3.085712675499261,50.56050998539134],[3.08577771863416,50.56066912146935],[3.085744662404466,50.56067404017666],[3.085731755583674,50.56064910314758],[3.085742085954533,50.56064615110439]]]}},{"type":"Feature","id":"LFQQ-7660ab8b6ccd39d5366c","properties":{"airport":"LFQQ","name":"COLOR_White","layer":"Airfield surfaces","category":"white","object_type":"Area","style_id":"polygon.white","source_group":"COLOR_White","vsmr_group_ids":[],"geometry_role":"filled_region"},"geometry":{"type":"Polygon","coordinates":[[[3.085769527767575,50.56142523618448],[3.085862626030773,50.56140904187336],[3.086027054551652,50.56179953207423],[3.085935230730266,50.5618165367806],[3.085769527767575,50.56142523618448]]]}},{"type":"Feature","id":"LFQQ-84af1c7b386e2fd52c23","properties":{"airport":"LFQQ","name":"COLOR_White","layer":"Airfield surfaces","category":"white","object_type":"Area","style_id":"polygon.white","source_group":"COLOR_White","vsmr_group_ids":[],"geometry_role":"filled_region"},"geometry":{"type":"Polygon","coordinates":[[[3.08610238530213,50.56136855629003],[3.086180179577731,50.56135479075151],[3.086345885103092,50.56174852113138],[3.086271916733463,50.56175904658361],[3.08610238530213,50.56136855629003]]]}},{"type":"Feature","id":"LFQQ-dd8f9cf2a0ea7b401025","properties":{"airport":"LFQQ","name":"COLOR_White","layer":"Airfield surfaces","category":"white","object_type":"Area","style_id":"polygon.white","source_group":"COLOR_White","vsmr_group_ids":[],"geometry_role":"filled_region"},"geometry":{"type":"Polygon","coordinates":[[[3.08909382309035,50.56391375524677],[3.088476301256342,50.56382627708761],[3.088501167735178,50.56374855349943],[3.089124424320959,50.56383481739806],[3.08909382309035,50.56391375524677]]]}},{"type":"Feature","id":"LFQQ-0ff54e1c05c4c7f738d2","properties":{"airport":"LFQQ","name":"COLOR_White","layer":"Airfield surfaces","category":"white","object_type":"Area","style_id":"polygon.white","source_group":"COLOR_White","vsmr_group_ids":[],"geometry_role":"filled_region"},"geometry":{"type":"Polygon","coordinates":[[[3.088556106480951,50.5635883566877],[3.08858589616579,50.56351059503384],[3.089206251620695,50.56360100577526],[3.089176463132819,50.5636766658742],[3.088556106480951,50.5635883566877]]]}},{"type":"Feature","id":"LFQQ-ef8715ed99fde96ea7e0","properties":{"airport":"LFQQ","name":"COLOR_White","layer":"Airfield surfaces","category":"white","object_type":"Area","style_id":"polygon.white","source_group":"COLOR_White","vsmr_group_ids":[],"geometry_role":"filled_region"},"geometry":{"type":"Polygon","coordinates":[[[3.090363661825193,50.57244985381057],[3.090200428294581,50.57205720493632],[3.090288349666903,50.57204214168835],[3.09045577050004,50.57243479060092],[3.090363661825193,50.57244985381057]]]}},{"type":"Feature","id":"LFQQ-67f38d0ae7066664a027","properties":{"airport":"LFQQ","name":"COLOR_White","layer":"Airfield surfaces","category":"white","object_type":"Area","style_id":"polygon.white","source_group":"COLOR_White","vsmr_group_ids":[],"geometry_role":"filled_region"},"geometry":{"type":"Polygon","coordinates":[[[3.090702789209407,50.57239137193329],[3.090528388551892,50.57200138201424],[3.090613518591609,50.57198631834584],[3.0907809418078,50.57237896684415],[3.090702789209407,50.57239137193329]]]}},{"type":"Feature","id":"LFQQ-ec74c6d9467c6c6e22dd","properties":{"airport":"LFQQ","name":"COLOR_White","layer":"Airfield surfaces","category":"white","object_type":"Area","style_id":"polygon.white","source_group":"COLOR_White","vsmr_group_ids":[],"geometry_role":"filled_region"},"geometry":{"type":"Polygon","coordinates":[[[3.090875920640759,50.57330551801983],[3.090892897091044,50.57334649916055],[3.090930821469342,50.57334038964775],[3.090913279079401,50.5732983300592],[3.090900829421757,50.57327064977638],[3.090926867142476,50.57326525871785],[3.090968176902849,50.57336231933035],[3.090905346831463,50.57337346048875],[3.090916098383911,50.57340150018897],[3.090965907084495,50.57341731928375],[3.090972697466772,50.57343601240469],[3.090894022080686,50.57341336201184],[3.090839697515659,50.57328179096281],[3.090865169190689,50.57327675937216],[3.090875920640759,50.57330551801983]]]}},{"type":"Feature","id":"LFQQ-20861e51ef12d0fa440f","properties":{"airport":"LFQQ","name":"COLOR_White","layer":"Airfield surfaces","category":"white","object_type":"Area","style_id":"polygon.white","source_group":"COLOR_White","vsmr_group_ids":[],"geometry_role":"filled_region"},"geometry":{"type":"Polygon","coordinates":[[[3.090938750707988,50.57329365792899],[3.090851015249889,50.57330803329776],[3.090840263469063,50.57328250994149],[3.090927433127795,50.5732656182176],[3.090938750707988,50.57329365792899]]]}},{"type":"Feature","id":"LFQQ-979d67e1aae20a32d62a","properties":{"airport":"LFQQ","name":"COLOR_White","layer":"Airfield surfaces","category":"white","object_type":"Area","style_id":"polygon.white","source_group":"COLOR_White","vsmr_group_ids":[],"geometry_role":"filled_region"},"geometry":{"type":"Polygon","coordinates":[[[3.091046283222321,50.57341408731787],[3.090984036513533,50.57325699313617],[3.091007244085218,50.57325160194292],[3.091019130125969,50.57325627564201],[3.091026486239068,50.57327784458599],[3.091017995531711,50.57328107953016],[3.091075717051555,50.57340977480489],[3.091046283222321,50.57341408731787]]]}},{"type":"Feature","id":"LFQQ-20dd5532b17686733808","properties":{"airport":"LFQQ","name":"COLOR_White","layer":"Airfield surfaces","category":"white","object_type":"Area","style_id":"polygon.white","source_group":"COLOR_White","vsmr_group_ids":[],"geometry_role":"filled_region"},"geometry":{"type":"Polygon","coordinates":[[[3.095958861435184,50.56714561835724],[3.095540885532375,50.56708833646778],[3.095540101381091,50.56708186115972],[3.095964350803244,50.56714013924788],[3.095958861435184,50.56714561835724]]]}},{"type":"Feature","id":"LFQQ-72f5e9438838edc4cd20","properties":{"airport":"LFQQ","name":"COLOR_White","layer":"Airfield surfaces","category":"white","object_type":"Area","style_id":"polygon.white","source_group":"COLOR_White","vsmr_group_ids":[],"geometry_role":"filled_region"},"geometry":{"type":"Polygon","coordinates":[[[3.097074682172671,50.56730706184374],[3.097076249796142,50.56730108697028],[3.097317688942798,50.56733195427606],[3.097313769725407,50.56733942289538],[3.097074682172671,50.56730706184374]]]}},{"type":"Feature","id":"LFQQ-a082cb122b926be18f60","properties":{"airport":"LFQQ","name":"COLOR_White","layer":"Airfield surfaces","category":"white","object_type":"Area","style_id":"polygon.white","source_group":"COLOR_White","vsmr_group_ids":[],"geometry_role":"filled_region"},"geometry":{"type":"Polygon","coordinates":[[[3.103234274633997,50.56933160315158],[3.102843058157643,50.56927599075627],[3.102845608629736,50.56927004884654],[3.103236824977573,50.56932512107063],[3.103234274633997,50.56933160315158]]]}},{"type":"Feature","id":"LFQQ-dd1b809d5a32c443e128","properties":{"airport":"LFQQ","name":"COLOR_White","layer":"Airfield surfaces","category":"white","object_type":"Area","style_id":"polygon.white","source_group":"COLOR_White","vsmr_group_ids":[],"geometry_role":"filled_region"},"geometry":{"type":"Polygon","coordinates":[[[3.107231547416971,50.56965149688497],[3.106896832403025,50.56960508211522],[3.106899643503778,50.56959853164721],[3.107233420920723,50.56964494649947],[3.107231547416971,50.56965149688497]]]}},{"type":"Feature","id":"LFQQ-5345893520c18fdceafe","properties":{"airport":"LFQQ","name":"COLOR_White","layer":"Airfield surfaces","category":"white","object_type":"Area","style_id":"polygon.white","source_group":"COLOR_White","vsmr_group_ids":[],"geometry_role":"filled_region"},"geometry":{"type":"Polygon","coordinates":[[[3.116272349584455,50.5699630380434],[3.11545874596316,50.56984900172268],[3.115460280403015,50.56984412215836],[3.116267737868106,50.56995767161219],[3.116272349584455,50.5699630380434]]]}},{"type":"Feature","id":"LFQQ-c011059e80edfabd768b","properties":{"airport":"LFQQ","name":"COLOR_White","layer":"Airfield surfaces","category":"white","object_type":"Area","style_id":"polygon.white","source_group":"COLOR_White","vsmr_group_ids":[],"geometry_role":"filled_region"},"geometry":{"type":"Polygon","coordinates":[[[3.112489445333446,50.56724304509897],[3.112517461062043,50.56716235900439],[3.113142714459101,50.56725133273201],[3.113113049352869,50.56732992356067],[3.112489445333446,50.56724304509897]]]}},{"type":"Feature","id":"LFQQ-48a6293988509fc3c16b","properties":{"airport":"LFQQ","name":"COLOR_White","layer":"Airfield surfaces","category":"white","object_type":"Area","style_id":"polygon.white","source_group":"COLOR_White","vsmr_group_ids":[],"geometry_role":"filled_region"},"geometry":{"type":"Polygon","coordinates":[[[3.112571843987466,50.5670051782994],[3.112596560425063,50.56692554042542],[3.113221810991225,50.56701451382749],[3.11319214610106,50.56709310471513],[3.112571843987466,50.5670051782994]]]}},{"type":"Feature","id":"LFQQ-d6e62a7bf5ce51631587","properties":{"airport":"LFQQ","name":"COLOR_White","layer":"Airfield surfaces","category":"white","object_type":"Area","style_id":"polygon.white","source_group":"COLOR_White","vsmr_group_ids":[],"geometry_role":"filled_region"},"geometry":{"type":"Polygon","coordinates":[[[3.117418522566699,50.5677169213001],[3.11738788091902,50.56771316022792],[3.117285100053222,50.56773766287494],[3.117199105118189,50.56772575064653],[3.117214895356186,50.56767301354144],[3.11728309728597,50.56768053450784],[3.117276185740314,50.56769623048542],[3.117255428239796,50.56769309534835],[3.117244565987478,50.56771506992654],[3.117291022936186,50.56772133929239],[3.117396768629808,50.56769620830472],[3.117466949677521,50.56770875110118],[3.117445228518949,50.567759605965],[3.117406679469956,50.56775521856899],[3.117418522566699,50.5677169213001]]]}},{"type":"Feature","id":"LFQQ-39bca701febef15e8a05","properties":{"airport":"LFQQ","name":"COLOR_White","layer":"Airfield surfaces","category":"white","object_type":"Area","style_id":"polygon.white","source_group":"COLOR_White","vsmr_group_ids":[],"geometry_role":"filled_region"},"geometry":{"type":"Polygon","coordinates":[[[3.117224304873092,50.56776983319409],[3.117434373327503,50.56780085278221],[3.117428870313819,50.56781528930838],[3.117231888353575,50.56778689195642],[3.117188509580482,50.56780789699843],[3.117156138337775,50.56780309107367],[3.117224304873092,50.56776983319409]]]}},{"type":"Feature","id":"LFQQ-7d59fdfdc46731408c84","properties":{"airport":"LFQQ","name":"COLOR_White","layer":"Airfield surfaces","category":"white","object_type":"Area","style_id":"polygon.white","source_group":"COLOR_White","vsmr_group_ids":[],"geometry_role":"filled_region"},"geometry":{"type":"Polygon","coordinates":[[[3.117319358368447,50.56779737446325],[3.117309727288353,50.56782099797731],[3.117377913488979,50.56783104654374],[3.117389610245902,50.5678065477627],[3.117429557615674,50.5678122271037],[3.117414425370417,50.56785422411624],[3.117262211540657,50.56783150525378],[3.117277344713771,50.56779125802304],[3.117319358368447,50.56779737446325]]]}},{"type":"Feature","id":"LFQQ-c7f5c463a35e85892c12","properties":{"airport":"LFQQ","name":"COLOR_GrasSurface","layer":"Terrain","category":"Grass","object_type":"Area","style_id":"polygon.grassurface.00512f","source_group":"COLOR_GrasSurface","vsmr_group_ids":[],"geometry_role":"filled_region"},"geometry":{"type":"Polygon","coordinates":[[[3.089685468591361,50.57602101592914],[3.085967197366564,50.56709468774329],[3.084142530017449,50.56646587477307],[3.083867696656719,50.56641251084331],[3.083634123357017,50.56637412501442],[3.082478254503946,50.56618805644913],[3.08233765194565,50.56616128341518],[3.082124865580302,50.56609633323995],[3.081939350340333,50.56602894765215],[3.081736920044027,50.56595236347239],[3.081612611057762,50.56590610298165],[3.08151009074952,50.56587102623745],[3.081191483692343,50.56598062484191],[3.078561543821883,50.56508014478472],[3.077854005521494,50.56490633492141],[3.077768336161089,50.56490305494961],[3.07778459358006,50.56503089180587],[3.077714188308667,50.56508555757985],[3.075609098558052,50.56493934862173],[3.075523201604322,50.564930017239],[3.075472794438241,50.56491855992048],[3.075437708485997,50.56490070461605],[3.075401428908695,50.56487237520324],[3.075377798714714,50.56484500982234],[3.075368526141564,50.56480476289588],[3.075364377878951,50.56476606210025],[3.075365068107045,50.56473356531279],[3.075384048383516,50.56467748530353],[3.075419988845602,50.56456825639819],[3.075440514759991,50.56449431392773],[3.075461649378646,50.56443679458094],[3.07549002546033,50.56438678146365],[3.075530996654847,50.56433423154743],[3.07558593001185,50.56427972860203],[3.075640525842387,50.56423160918116],[3.07568087997774,50.56418309833357],[3.075703834320267,50.56412731558565],[3.075707099982787,50.56407287441179],[3.07570237639115,50.56400734724519],[3.075684504763272,50.5639147098147],[3.075606285435377,50.56355617763397],[3.075460471228908,50.56290098764043],[3.075255066519447,50.56201120358703],[3.075329834468699,50.56195517033716],[3.07532534648951,50.56191635183151],[3.075226936563722,50.56185176874192],[3.075202118503975,50.56177027722704],[3.075185960098601,50.56169281194027],[3.075168944482545,50.56162928707535],[3.075165585973934,50.56156505501209],[3.075524245462362,50.56117738826708],[3.076040699344222,50.56061997781211],[3.076647952742069,50.5599634325031],[3.076964315980115,50.55962355046232],[3.077037619217096,50.55962618661455],[3.077070464019114,50.55943571873451],[3.077086317770785,50.55938117353705],[3.077119194311955,50.55929950295238],[3.07715160267263,50.55922241917811],[3.077185829151581,50.55914586111818],[3.07722336853786,50.55907392250699],[3.077248086885429,50.55903147015235],[3.080146027238655,50.55941047877128],[3.082092502418592,50.55966942501781],[3.082940993272429,50.55977885504746],[3.082224584361735,50.5579598587188],[3.085761509764893,50.55718450277698],[3.085884074695457,50.55711263177843],[3.086586213183069,50.55723544788885],[3.087543023426325,50.5590439907537],[3.089567703614671,50.55899935623794],[3.089657749353936,50.55900274348937],[3.089789596289845,50.55902011477651],[3.090831294436527,50.55921815378319],[3.091162530000764,50.55929495877263],[3.091753229743344,50.55946729369093],[3.09210516280026,50.55957154616407],[3.092859478692549,50.55984009971657],[3.093304929706744,50.55926310123615],[3.09381320493511,50.55951905089853],[3.094009234684183,50.55957301524181],[3.094367436713441,50.55967622876024],[3.094877429118608,50.55982846495416],[3.095253972912453,50.55994442154409],[3.09452180150517,50.56075753391238],[3.095220536837324,50.56105118338005],[3.09583367565692,50.56129830304786],[3.096274070161125,50.56146871439731],[3.0965107497657,50.56155738592579],[3.096708729710078,50.56162835552746],[3.096940449573455,50.56169799852812],[3.097944282749678,50.56197018717776],[3.098971965094941,50.56224395741591],[3.099342388831625,50.56233520909993],[3.099582660328783,50.5623877268034],[3.099797149444692,50.56242882125626],[3.100360709872556,50.56252261771245],[3.100788313427181,50.56258929284634],[3.101805484207245,50.56273608819956],[3.102986646867105,50.56290870097488],[3.103404227033291,50.56297312637589],[3.103638916032165,50.56300793858842],[3.103797584122612,50.56302792542279],[3.103939118287999,50.56304152632417],[3.104175659655353,50.56306603635986],[3.104467785704483,50.56309202825397],[3.105161437902324,50.56210823484088],[3.105292502742645,50.56213153632528],[3.105421501637371,50.56215883854443],[3.105542144820894,50.5621835181862],[3.105655196474653,50.562205029591],[3.105804626862856,50.56221449375045],[3.106066276610244,50.56223441534419],[3.106212595021192,50.56224398654832],[3.106332472858808,50.56225661716927],[3.106627997088296,50.56229473357062],[3.106907428027803,50.56233050234074],[3.107077031269014,50.56235336634645],[3.107097998574506,50.56347933063281],[3.108611470608305,50.56384784438321],[3.109036715561835,50.56362687302392],[3.10940894275856,50.56344898657932],[3.109716039994661,50.56331089708894],[3.109986696202567,50.56319335832074],[3.110070847414865,50.56316364504414],[3.110188170691579,50.56313378792907],[3.110726830629373,50.56300320115311],[3.110953757339237,50.56283266168073],[3.111507294388074,50.56273013272637],[3.111620490419302,50.5627155841167],[3.111748443725693,50.5627141222877],[3.111880626766326,50.56271080079902],[3.11198322703147,50.56270888053724],[3.112319655039542,50.56277467945662],[3.11238485649032,50.56278243568168],[3.113189588509502,50.56279257277159],[3.11319373432897,50.56271367604608],[3.113587393956165,50.56276721420178],[3.113803588398514,50.56280117828423],[3.114005584956194,50.5628318227205],[3.114200707387567,50.56286181685492],[3.114335191338642,50.56288316984305],[3.114320169265916,50.56296459879432],[3.114649510086711,50.56305072078177],[3.115122015359659,50.56318280863814],[3.115222738762558,50.56322512100016],[3.115848104654588,50.56350378034094],[3.116031315435575,50.56358819049073],[3.116686553492327,50.56403449314938],[3.116873977498502,50.56416033419693],[3.117525766459166,50.56488611959801],[3.117877959518562,50.56558260104015],[3.117957778752645,50.56601440503134],[3.117918570795724,50.56620945526047],[3.118965713670034,50.56632801190648],[3.119298892758433,50.56637775971663],[3.119461217628159,50.5664113717319],[3.119609175322655,50.5665137668368],[3.119695104897091,50.56656375105532],[3.119822568169708,50.56660426888135],[3.1199222058676,50.56663774313757],[3.119909525632198,50.56669101499558],[3.119910698559734,50.56669101859201],[3.120269878455519,50.56676288961504],[3.120594640237666,50.56682896545308],[3.120823357862885,50.56686904165766],[3.121181624271685,50.56691827956677],[3.12166792556348,50.56698624924108],[3.122238094370728,50.56708942070043],[3.122646843704409,50.56718491111964],[3.123249940739681,50.56733114250346],[3.123626622850044,50.56742921045517],[3.124062079593048,50.56754406923351],[3.124177795309218,50.56757331261508],[3.124230839756572,50.5675983602553],[3.124288607880636,50.56772131503282],[3.124354805251661,50.56772851691903],[3.124372018125428,50.56773983754193],[3.124365722909199,50.5677549501795],[3.124303484679789,50.56781627722462],[3.123913291469647,50.56820838242571],[3.123810832319662,50.56833525414292],[3.12371766216577,50.56844922858654],[3.123605580738571,50.56859192748023],[3.123554531978492,50.56868314216882],[3.123330941696183,50.56901983244879],[3.123059850508385,50.56944989207483],[3.123000270903196,50.5695030317556],[3.122614938704427,50.57015488064593],[3.122549115193345,50.57026198774059],[3.122372385784757,50.5704546603296],[3.121340213083867,50.57161023874619],[3.121246486405029,50.57173794731281],[3.120773729906021,50.57244448239888],[3.118194132984151,50.5720828887441],[3.117800704206555,50.57203298526482],[3.11754407477419,50.57285204293683],[3.116701014368843,50.57274154833579],[3.116143804948219,50.5726657775902],[3.114767545391521,50.57246726492926],[3.114070570314109,50.57237697710061],[3.114046500878425,50.5723791119171],[3.114010771914957,50.57239297582466],[3.113853359056569,50.57246097191626],[3.113466873174631,50.57239942060101],[3.113011661193821,50.573718319423],[3.111005333128656,50.57369508085299],[3.106412561084599,50.57361432340436],[3.104667472742868,50.57359717977013],[3.104035682662396,50.57357636154566],[3.103762458583255,50.57356102463135],[3.103494941842835,50.57355803240984],[3.103335617430911,50.57355146416281],[3.10319984674196,50.57353470726176],[3.103119772318848,50.5735149636492],[3.102920897650174,50.57345335739379],[3.102774478823231,50.57340286897374],[3.102640599577022,50.57334954833107],[3.102557824296852,50.57330509969827],[3.10250404082052,50.57325984924852],[3.102465005524284,50.5732010447549],[3.102433780880773,50.57313601679219],[3.102359199801481,50.57292092558074],[3.102351773872689,50.57286263054553],[3.10235766615629,50.57280291209554],[3.102365347469016,50.57274553641316],[3.102355910080985,50.57269222744482],[3.102334250447298,50.57263905512467],[3.102296185027822,50.57258849153654],[3.102261725587621,50.5725490048331],[3.102210260580385,50.57250716194642],[3.102155269007969,50.57246833934281],[3.102085759291586,50.57243375697766],[3.102014389132464,50.57240665002997],[3.101936057088732,50.57239043088094],[3.100609951860744,50.57219617150133],[3.097803424218599,50.57179021422273],[3.097129050623593,50.57169415440854],[3.096632232876331,50.57163377401237],[3.096494055602907,50.57162116104094],[3.096417484721152,50.57161962411099],[3.09633988296611,50.57162529695423],[3.096274421354099,50.571633436467],[3.096227819425044,50.57164885113873],[3.096204371413711,50.57166269043465],[3.096191134578703,50.57167780317576],[3.096192068273544,50.57170204340193],[3.096235941003493,50.57178783534185],[3.096324678714153,50.57191625875586],[3.096409028266816,50.57204531169614],[3.096526468774914,50.57222575540555],[3.096820995255158,50.5726344471671],[3.096950430812471,50.5728023892307],[3.097000621460988,50.57294132894494],[3.097030960617735,50.57304755180594],[3.097041523578761,50.57316283491797],[3.096850741491572,50.57367118792066],[3.096399428227392,50.57505969193672],[3.096359254003884,50.5750893959965],[3.096309858743143,50.57509830572303],[3.096256452233048,50.57509622374314],[3.096192179820296,50.57508884030951],[3.096049249310968,50.57505289229953],[3.094464953436897,50.57461244382673],[3.094254488632453,50.57478464005321],[3.094269525233857,50.57481040191075],[3.094438395305883,50.57522373324695],[3.089685468591361,50.57602101592914]]]}},{"type":"Feature","id":"LFQQ-d1000536f96dfa627941","properties":{"airport":"LFQQ","name":"COLOR_HardSurface4","layer":"Airfield surfaces","category":"Hard Surface 4","object_type":"Area","style_id":"polygon.hardsurface4.969393","source_group":"COLOR_HardSurface4","vsmr_group_ids":[],"geometry_role":"filled_region"},"geometry":{"type":"Polygon","coordinates":[[[3.116986896815119,50.57148082303505],[3.116967622176954,50.57152955756946],[3.11662307996835,50.57148395966631],[3.116489395057829,50.57186226071151],[3.114158781746268,50.57152070444087],[3.114304542516402,50.57110633609602],[3.116986896815119,50.57148082303505]]]}},{"type":"Feature","id":"LFQQ-f37069a72dfd4ff9cbd5","properties":{"airport":"LFQQ","name":"COLOR_HardSurface4","layer":"Airfield surfaces","category":"Hard Surface 4","object_type":"Area","style_id":"polygon.hardsurface4.969393","source_group":"COLOR_HardSurface4","vsmr_group_ids":[],"geometry_role":"filled_region"},"geometry":{"type":"Polygon","coordinates":[[[3.109274001760485,50.57166725154412],[3.109225158308042,50.57182877724091],[3.109024959996933,50.57181058750919],[3.10880997628536,50.5717747040136],[3.108753441190695,50.57176740667715],[3.108718936310821,50.5717643276887],[3.108681121471202,50.57176412874006],[3.108638838633531,50.57176618868282],[3.108601315883703,50.57176647884276],[3.108557584276528,50.57176530682712],[3.108509491597649,50.57175916522527],[3.108243440646838,50.57172479451174],[3.108189206787655,50.57189357779232],[3.108099295204296,50.57188906529735],[3.107285513769817,50.57185291612218],[3.107193137934696,50.57163709641926],[3.101749706404848,50.57076157313196],[3.101808199877394,50.57057267755685],[3.105075921701543,50.57103374143485],[3.105042018578095,50.57115522051134],[3.105273557388659,50.57124635124975],[3.107439210160532,50.57155408190524],[3.107498104381552,50.57140763461349],[3.109274001760485,50.57166725154412]]]}},{"type":"Feature","id":"LFQQ-32ddc607c0f833e2a529","properties":{"airport":"LFQQ","name":"COLOR_HardSurface4","layer":"Airfield surfaces","category":"Hard Surface 4","object_type":"Area","style_id":"polygon.hardsurface4.969393","source_group":"COLOR_HardSurface4","vsmr_group_ids":[],"geometry_role":"filled_region"},"geometry":{"type":"Polygon","coordinates":[[[3.098459272707657,50.56896346991657],[3.098442755560367,50.56901686833489],[3.097615108203957,50.56889587975426],[3.097109648897767,50.56883218923063],[3.097079599090344,50.56885373476453],[3.097070848723713,50.56886625116698],[3.0970677478942,50.56887606988072],[3.097012280743687,50.56907005596106],[3.096984290879681,50.56916213423744],[3.096835105430087,50.56914300083822],[3.096532903516893,50.56903788438068],[3.096564833759003,50.56896222864302],[3.09667018413105,50.5688866525624],[3.096694938636075,50.56887987628108],[3.096702717049609,50.56886673529289],[3.096702906623425,50.56885346088526],[3.096696857242649,50.56884479037866],[3.096665271701826,50.56884057518084],[3.095951634090481,50.56873426495181],[3.095866011847546,50.568869969984],[3.094475948268423,50.56895549458028],[3.094029863967664,50.56889216943763],[3.09354592773132,50.56877851294271],[3.093294069289338,50.56874089186866],[3.093291699427572,50.56868493601555],[3.093159822811065,50.56865993288848],[3.092617809143896,50.56865475588732],[3.092520863073804,50.5686392391157],[3.092632845615364,50.56831408652874],[3.092746057016917,50.56833236511213],[3.092715122408103,50.56841273445295],[3.093249032105896,50.56850274881363],[3.093322418823798,50.5683100027037],[3.094262307392652,50.56843152187987],[3.094302008789163,50.56835727495758],[3.098459272707657,50.56896346991657]]]}},{"type":"Feature","id":"LFQQ-eb302af01f527f3e6a01","properties":{"airport":"LFQQ","name":"COLOR_DangerArea","layer":"Operational restrictions","category":"Danger Area","object_type":"Area","style_id":"polygon.dangerarea.280908","source_group":"COLOR_DangerArea","vsmr_group_ids":[],"geometry_role":"filled_region"},"geometry":{"type":"Polygon","coordinates":[[[3.0889033053578,50.56580992965917],[3.088832611371994,50.56580992284815],[3.088777906638471,50.56581574707819],[3.088729783187407,50.56582640458071],[3.088677666992747,50.56584281353315],[3.088623369312455,50.56586492997206],[3.088577661291827,50.56589081429467],[3.088539945942463,50.56591915289994],[3.088512294652705,50.56594521881551],[3.088490460500239,50.56596888066277],[3.088472740119157,50.56599882083327],[3.088458431969172,50.56602549279152],[3.088455084755106,50.56605409519424],[3.088428817223157,50.56605517265104],[3.088384409244023,50.56608285669032],[3.088352417792055,50.56610209541357],[3.088323457906206,50.5661282908282],[3.088296018871701,50.56615415201059],[3.088273152999566,50.56618046393328],[3.088257625455335,50.56620952206299],[3.088251349713209,50.5662356779256],[3.08824857725027,50.56626668360372],[3.088247158605169,50.56629836640143],[3.088248077631144,50.56632922695452],[3.088046335469088,50.56584370223015],[3.088052883334598,50.56580358332113],[3.088083426134047,50.56576113751413],[3.088133308150305,50.56573336211066],[3.088213558182664,50.56571597473033],[3.088283349415857,50.56571366557806],[3.0889033053578,50.56580992965917]]]}},{"type":"Feature","id":"LFQQ-f6b2d1d3031eaaa4ac18","properties":{"airport":"LFQQ","name":"COLOR_DangerArea","layer":"Operational restrictions","category":"Danger Area","object_type":"Area","style_id":"polygon.dangerarea.280908","source_group":"COLOR_DangerArea","vsmr_group_ids":[],"geometry_role":"filled_region"},"geometry":{"type":"Polygon","coordinates":[[[3.087883517792986,50.5654617455331],[3.087816152996665,50.56529074745578],[3.088162829673171,50.56541178720133],[3.088201368597743,50.56550653283431],[3.087883517792986,50.5654617455331]]]}},{"type":"Feature","id":"LFQQ-df7179f7ce5db2e3fe79","properties":{"airport":"LFQQ","name":"COLOR_DangerArea","layer":"Operational restrictions","category":"Danger Area","object_type":"Area","style_id":"polygon.dangerarea.280908","source_group":"COLOR_DangerArea","vsmr_group_ids":[],"geometry_role":"filled_region"},"geometry":{"type":"Polygon","coordinates":[[[3.087434404404887,50.56538617798278],[3.087575097078838,50.56573292503975],[3.087545222255323,50.56570121027326],[3.087522021072069,50.56567999497703],[3.087486530645971,50.56565098520212],[3.087451070469136,50.56562891523499],[3.087409309198934,50.56560885718256],[3.087365012397307,50.56559318945445],[3.087306480482812,50.56558004614589],[3.087165040412996,50.56555967177241],[3.082694107332538,50.56492214792781],[3.082793246621036,50.56464138420903],[3.082602662036902,50.5644467710587],[3.082878619324443,50.56365903073487],[3.083021659829124,50.56360092510549],[3.083019742090716,50.56357738043629],[3.083021315418604,50.56355755490816],[3.083024446010629,50.56354335260627],[3.083035382006738,50.56352221743715],[3.08305411799374,50.56350140562917],[3.083073895494497,50.56348553416195],[3.083094728616405,50.56347293142246],[3.083463880737036,50.56361849678133],[3.083415380598811,50.56368939495223],[3.083385361012974,50.56369835852018],[3.083355631236713,50.56371017925288],[3.083331884019,50.56372297873157],[3.083314748705812,50.56373500532894],[3.083309337179625,50.563741494128],[3.083313973967039,50.56375399280658],[3.083314612252483,50.56376998482957],[3.083308471439885,50.56378577339874],[3.083261448259615,50.56389122205096],[3.083221444043536,50.56398773294286],[3.083206911317014,50.56406983057528],[3.083194294364371,50.56415924823345],[3.083180577677305,50.56424048736145],[3.083164695561322,50.5643363220253],[3.083155660868768,50.56439838609278],[3.083162998772453,50.56446755643463],[3.083189170340366,50.56453361183622],[3.083230910698216,50.56459706845569],[3.083281652555512,50.56465217905582],[3.083349546646881,50.56470153106429],[3.08341166984009,50.56473837753799],[3.083496492475126,50.56477556895393],[3.083610348326673,50.56480997068403],[3.083747209413816,50.56484660145407],[3.083854810263946,50.56487283871384],[3.083997411567532,50.56489570704606],[3.084159624478555,50.56492250973184],[3.087434404404887,50.56538617798278]]]}},{"type":"Feature","id":"LFQQ-5628cd2d23a7106dee9a","properties":{"airport":"LFQQ","name":"COLOR_DangerArea","layer":"Operational restrictions","category":"Danger Area","object_type":"Area","style_id":"polygon.dangerarea.280908","source_group":"COLOR_DangerArea","vsmr_group_ids":[],"geometry_role":"filled_region"},"geometry":{"type":"Polygon","coordinates":[[[3.087243669723019,50.56393358395261],[3.086884035477935,50.56307695817726],[3.086890192566993,50.56305602689236],[3.08693099919471,50.56304979943199],[3.087186982859496,50.56315731771299],[3.08721164515694,50.56317064721333],[3.087231382198041,50.563186582763],[3.08724124714582,50.56320225235595],[3.087495262316537,50.56382273848298],[3.087257690526717,50.56394813868554],[3.087243669723019,50.56393358395261]]]}},{"type":"Feature","id":"LFQQ-b3a4f495b17f3291d20a","properties":{"airport":"LFQQ","name":"COLOR_DangerArea","layer":"Operational restrictions","category":"Danger Area","object_type":"Area","style_id":"polygon.dangerarea.280908","source_group":"COLOR_DangerArea","vsmr_group_ids":[],"geometry_role":"filled_region"},"geometry":{"type":"Polygon","coordinates":[[[3.083595509417731,50.56234423416026],[3.083402148960945,50.56215133875558],[3.083675194010396,50.56135662123462],[3.083986312261697,50.56123282223089],[3.084015942923082,50.56114986681522],[3.08401904117148,50.56113528531714],[3.084015089188139,50.56112194143512],[3.08388464557269,50.56095931197623],[3.083868920815893,50.56094855223975],[3.083713519969942,50.56091541718801],[3.083666471533135,50.56090885540288],[3.083637580856504,50.56090656098412],[3.083610264701047,50.56091315717152],[3.08357595013232,50.56092639200566],[3.083544010375621,50.5609378677225],[3.083543472155712,50.56093853693243],[3.083511317298355,50.56095171892569],[3.083483040202191,50.56095816074677],[3.083453337837143,50.56096129072947],[3.083419529867919,50.56095874651172],[3.083375305745855,50.56094888209378],[3.08334531372277,50.5609375685961],[3.083310636922318,50.56092546368961],[3.083280615496693,50.56091247535601],[3.083243913278628,50.5608838938463],[3.083222233616043,50.56086211239784],[3.083210543071451,50.5608329391635],[3.083204122896419,50.56080709336699],[3.083208312880719,50.56077787559652],[3.083217297635279,50.56075571131303],[3.083234755872775,50.56072784485149],[3.083262827364286,50.56070405614111],[3.083290342205771,50.5606866548547],[3.083320479829947,50.56067329948135],[3.0833622871165,50.56066401556309],[3.083404929172786,50.56065711975396],[3.083452125775992,50.56065827637061],[3.083500425699552,50.56066538321784],[3.083547452274387,50.56067561588825],[3.083593872944814,50.56069172781578],[3.083625283117437,50.56070629731282],[3.083642601884578,50.56072129654539],[3.08366628748346,50.56074035944869],[3.083679977032334,50.56075541813117],[3.083688398758271,50.56077550573353],[3.083701573442115,50.56078521867026],[3.083731547198811,50.56079754292298],[3.083968212048349,50.56083993385998],[3.084024820733728,50.5608459814937],[3.084060181664252,50.56084187936817],[3.084078721225938,50.56083357539923],[3.084097280820519,50.56079892718759],[3.08420650123771,50.56075590020077],[3.084220168034784,50.56073926984487],[3.084244656979176,50.56070636836397],[3.084270285455157,50.56067527273188],[3.084298192642159,50.56064200650629],[3.084330321187503,50.56060318498001],[3.084335822700808,50.56058718460773],[3.084336743595129,50.56057380328642],[3.084325587303298,50.56046575686771],[3.084321310375946,50.56043154989992],[3.084310836631374,50.56041066116627],[3.084291323422865,50.56039008259534],[3.084250906211488,50.56036257112003],[3.084250430970101,50.56036257124331],[3.084101001521007,50.56028449586322],[3.084030606432648,50.56028881711966],[3.083971574376145,50.56028852126256],[3.083918600085291,50.56028910799655],[3.083882059382648,50.56028480194102],[3.08384009033575,50.56027786700938],[3.083793529939971,50.56025785044136],[3.08375529284548,50.56023026638492],[3.083728555330478,50.56020732773796],[3.083710946408098,50.5601743554047],[3.083709391763145,50.56014942758921],[3.083723230555238,50.56011280993901],[3.083747847351659,50.56008316554625],[3.083772464443464,50.56005783215695],[3.083819596012691,50.56003138979969],[3.083860546584365,50.56001702112908],[3.083911498530247,50.56000631196552],[3.083962453841618,50.56000631996998],[3.084026478245196,50.56000772691419],[3.084027527526418,50.56000772792794],[3.084057499355617,50.56001368359993],[3.084130118408668,50.56004689647031],[3.084165145338145,50.56006713934973],[3.084186153989104,50.56009100915322],[3.084200145130929,50.56011971855477],[3.08420327380341,50.56015083637142],[3.084200703123201,50.56017914493845],[3.084199421778011,50.56019775104294],[3.084399256206136,50.56028905769414],[3.084419258726356,50.56029027063711],[3.084701355748058,50.56027431025054],[3.084724198087938,50.56027129432154],[3.084760479857587,50.56025143328305],[3.08483298810849,50.5602085752665],[3.084910884783441,50.56015976231466],[3.084995597137792,50.56011961118845],[3.085075356988816,50.56008294675159],[3.085152523511308,50.56005449108773],[3.085249237796808,50.56001543634775],[3.085317894811881,50.55998907024575],[3.085380445556605,50.55996874657119],[3.08547027406054,50.55994062765357],[3.085545200652151,50.55992376098839],[3.085617412859705,50.55990516612518],[3.08571142392152,50.55988312863187],[3.085793830740329,50.55986757521474],[3.085878954973311,50.55985417980964],[3.085955762389878,50.5598413898095],[3.08605478971242,50.55982767328222],[3.086146956096745,50.55981720817456],[3.086265270532074,50.55980999370654],[3.086448991616559,50.55980317027879],[3.086457692936104,50.55993565450378],[3.086247706841052,50.55994516597508],[3.086172723293321,50.55995435462754],[3.086140652503038,50.55996256227954],[3.086099274647056,50.55997963925387],[3.086066207624936,50.55999901575632],[3.086047288905784,50.56001361849328],[3.086032193559811,50.56003676757534],[3.08601915048593,50.56006882549281],[3.086008706884207,50.5601022156213],[3.085999842055376,50.56013594785945],[3.08599357683963,50.56016042140758],[3.085970131352438,50.56016538004596],[3.085939053303204,50.56009659170349],[3.08591024692618,50.56010061819956],[3.085899676526904,50.56010807900616],[3.085743950346373,50.56030428253924],[3.085665530928354,50.56010894227021],[3.085265520996017,50.56017251832512],[3.08523199443349,50.56017364996186],[3.085207260141496,50.56017547426745],[3.085181460107647,50.56018119084119],[3.085120269289114,50.56020942808887],[3.0850448504254,50.56025613134788],[3.084943093832648,50.56030721104525],[3.084845871841551,50.56036781263296],[3.084778904845662,50.5604106678853],[3.084731217344734,50.5604419041911],[3.08465709021458,50.5604939580223],[3.084601306909984,50.56054598159516],[3.08455398392943,50.5605966540322],[3.084502389809354,50.5606518139156],[3.084447265703394,50.56071819494777],[3.084413819525387,50.56076518959194],[3.084383484914284,50.56080780485586],[3.084341514338689,50.56086802720693],[3.084315749172908,50.56091148128723],[3.084287534332584,50.56096063068671],[3.084262985648958,50.56101532094495],[3.084258029944691,50.56103816867204],[3.084259471875506,50.56105860753657],[3.084260414085516,50.56107636753511],[3.084248567025003,50.56110776751445],[3.084239000645055,50.56112547989503],[3.084223517318974,50.56114723251996],[3.084195005123669,50.56122764688843],[3.084030781392895,50.56167483219318],[3.083756802783615,50.56245606170112],[3.083744751465651,50.56249921562127],[3.083738804219296,50.56253177875654],[3.083743197867501,50.56256340789459],[3.083747826540486,50.56259289000329],[3.083756583522246,50.56262919640329],[3.083765245019165,50.5626556738765],[3.083785027994463,50.56268555271768],[3.083812896191134,50.56271302801652],[3.083841059937129,50.5627386503115],[3.083874976349927,50.56276046140164],[3.083908780638036,50.56277934902942],[3.08394072083908,50.56279420798921],[3.083986103278666,50.5628107608372],[3.084045842213086,50.56282892324903],[3.083454569103492,50.56274680769965],[3.083595509417731,50.56234423416026]]]}},{"type":"Feature","id":"LFQQ-59723f8fedb1b62f2ba9","properties":{"airport":"LFQQ","name":"COLOR_DangerArea","layer":"Operational restrictions","category":"Danger Area","object_type":"Area","style_id":"polygon.dangerarea.280908","source_group":"COLOR_DangerArea","vsmr_group_ids":[],"geometry_role":"filled_region"},"geometry":{"type":"Polygon","coordinates":[[[3.086447882593346,50.55980347844471],[3.087059177348581,50.55978303027336],[3.087075150448524,50.55978039803982],[3.087092308737813,50.5597728807927],[3.087107120618335,50.55976253639319],[3.087265899823779,50.55965359874669],[3.087255677673333,50.55948588462352],[3.087183782338707,50.55945793397185],[3.087117817259508,50.55940426946947],[3.087110725519593,50.55939341408107],[3.087107793274706,50.55938280791107],[3.087101486150223,50.55929356570268],[3.087103576364165,50.55928693256361],[3.087183386440693,50.55921475001184],[3.087205206284185,50.55920377299836],[3.087231380816287,50.5591988682055],[3.087338316514643,50.55918204222248],[3.087364809889857,50.55917930713532],[3.087400840812802,50.55918518894553],[3.08746121775243,50.5591953640141],[3.087490791341247,50.5592041695011],[3.087517937746791,50.55921668806712],[3.087535162021997,50.55923747826755],[3.087546257396296,50.55925992246357],[3.08756602595017,50.55929690166859],[3.087583372855143,50.55934226356592],[3.087582682634442,50.55938212478063],[3.087566709270291,50.55941255074412],[3.087545233689617,50.55943726633679],[3.087525957908985,50.559452519432],[3.087495788183607,50.55946815694579],[3.08747262713275,50.559479174928],[3.087464469797463,50.55948844425005],[3.087462772766527,50.55949598181229],[3.087479108101692,50.55963605669783],[3.087484808157899,50.55964450525389],[3.087496962448693,50.55965150268646],[3.087604694923334,50.55971247112475],[3.087653055165445,50.55974162646872],[3.087672805554909,50.55975327596001],[3.087685135237284,50.55975887007294],[3.087704141728345,50.55976199757666],[3.087728399897518,50.5597653435473],[3.087752982257406,50.55976600520159],[3.088210916391418,50.55975124064468],[3.088396341077244,50.55961378148809],[3.088383521950384,50.55945474608968],[3.088377994105282,50.5594504524396],[3.088310428758585,50.55942706365112],[3.088247917090463,50.55937295247278],[3.088237804644343,50.55935952063421],[3.088233999650023,50.55934323851225],[3.088225476917403,50.5592617725099],[3.088230777048038,50.55925007098732],[3.088283524577122,50.55919539607279],[3.08829386723861,50.55918681933075],[3.088302414036739,50.55918139029279],[3.088385186437672,50.55915735448102],[3.0884221813825,50.55914976171801],[3.088459255636367,50.55914517868556],[3.08849172381755,50.55914222586343],[3.088531365528744,50.55914623926294],[3.088576475721145,50.55915564211055],[3.088651068685651,50.55918939818786],[3.088697417712287,50.55924616051612],[3.088705445222424,50.55926945631031],[3.088705903701219,50.5592941015142],[3.088701051779035,50.55933586011727],[3.088687788176858,50.55935885030192],[3.088663779958905,50.55938524894561],[3.088661985011274,50.55940071821153],[3.088657686754344,50.55941004403816],[3.088611856479289,50.55943323774626],[3.088596824861058,50.55944254034563],[3.088595395372411,50.55945093592766],[3.088605689929578,50.55960514778052],[3.088793709326909,50.55971212512021],[3.088819844754211,50.55972279377123],[3.088842413664832,50.55972922526378],[3.08887820765972,50.55972939587856],[3.089253615180609,50.5597167949436],[3.089475439332656,50.55959013688646],[3.08948998810854,50.55942185323563],[3.089480972668086,50.55941128613457],[3.089446269532081,50.55938675012428],[3.08941658139847,50.55935996623035],[3.089394034658675,50.55933998700718],[3.08937259097039,50.55930523159451],[3.08936243594355,50.55928479564659],[3.089362950226766,50.55925296338852],[3.089368860240145,50.55922227503847],[3.089381220384113,50.55920327834744],[3.089415988364528,50.55917344469714],[3.089456463055726,50.55914696627627],[3.089501767611174,50.55913096582122],[3.089551976802898,50.55912007688778],[3.089584580226898,50.55911905897286],[3.089628937296276,50.55911839550415],[3.089684479532626,50.55912623754187],[3.089735171596593,50.55913814102167],[3.089783797631331,50.55915644273744],[3.089812596587311,50.55918223042946],[3.089836654319178,50.55921106065482],[3.089837727651901,50.55921173915506],[3.089847298608448,50.55923581946116],[3.089848237671016,50.55926563532164],[3.089844426637367,50.559291709682],[3.08984442679636,50.55929204862583],[3.089835343722966,50.55933134740089],[3.089827836169348,50.55934826274779],[3.089810770844414,50.55936892658185],[3.089780774506921,50.5593883124771],[3.089757285262311,50.55940541099443],[3.089715023943647,50.55941870505477],[3.089698803270122,50.55942982237268],[3.089681253301604,50.55959432670888],[3.089874682950862,50.55974166295218],[3.089949672767118,50.55975514303814],[3.090031276892835,50.55977042794991],[3.090119496624655,50.55979079851508],[3.090180285059501,50.55980485886692],[3.090227985856393,50.55981925877353],[3.090238871130615,50.55982162143557],[3.090251244585556,50.55982127078017],[3.090528849556726,50.55975560824748],[3.090632948668597,50.55961215188184],[3.090623505654826,50.55960178412226],[3.090612354850766,50.5595922421779],[3.090605496736449,50.55957997920817],[3.090571636576913,50.5594985458794],[3.090569481134369,50.55948708970487],[3.090573762777509,50.55947727167218],[3.090625571637351,50.55940533751929],[3.090636217688312,50.55939289184169],[3.090650680277498,50.55938484786474],[3.090685335748551,50.55937053234369],[3.090723235855664,50.55935775552535],[3.090743813576491,50.5593512637334],[3.090770133958305,50.55934675077049],[3.090807299651768,50.55934524143306],[3.090840408432385,50.55934655957579],[3.090876083335077,50.55935295468529],[3.090942009936595,50.55936794861612],[3.090977928078296,50.55938198560278],[3.091008559130211,50.5593970330595],[3.091031793247561,50.55941711601668],[3.091050995231683,50.55943736952268],[3.091066217471072,50.55946004044278],[3.091071963550984,50.55948307130231],[3.091070238240909,50.55951733468162],[3.091066696688298,50.55954306373884],[3.091061849578325,50.55955258209415],[3.09104254866206,50.5595749617247],[3.091001791008308,50.55961020620639],[3.090983853326388,50.55962285034639],[3.090962468899079,50.5596365627601],[3.090929608010968,50.55964691286779],[3.090899116449752,50.55965436977876],[3.090855667213444,50.55965949122642],[3.090829896921083,50.55966251853452],[3.090817337766667,50.55966703049385],[3.090719213085606,50.55980475282082],[3.090714530750847,50.5598206619932],[3.090716258118735,50.55983570988276],[3.090775344687313,50.55994799452822],[3.090788767498276,50.55996673950917],[3.090797862920132,50.55997859873408],[3.090814761394112,50.5599899224185],[3.091258205193093,50.56011901093332],[3.091280790039366,50.56011937094043],[3.091306765082322,50.56011686086353],[3.091551523788265,50.56005726429905],[3.091658811918625,50.55991691110678],[3.091649223552244,50.55990190807639],[3.091628141184413,50.55988042610394],[3.091607690622729,50.55984803142416],[3.091607690962836,50.55984722046749],[3.091605777630764,50.55981479783064],[3.091612804459902,50.55977950531603],[3.091632610683783,50.5597401093716],[3.091657008843396,50.55970079064396],[3.091697290143811,50.55967845781158],[3.091753763454279,50.55965798484955],[3.091799286828369,50.55965179700104],[3.091849384952219,50.55964816548151],[3.091902336447987,50.5596485621092],[3.091947237344828,50.55966058356781],[3.091981806601145,50.55967407731498],[3.092008918460063,50.55970368095464],[3.092029119464113,50.55972562554724],[3.092038986434493,50.55976625641135],[3.092041349284609,50.55979300018658],[3.092029297570602,50.55982379878333],[3.092007413431761,50.55985498160167],[3.091931963041206,50.55995848837817],[3.091852254395981,50.55996869448672],[3.09183409715619,50.55998294326544],[3.091739646053651,50.56011583764511],[3.091738044012471,50.56013686580548],[3.091798256353084,50.56026799356578],[3.091816426741598,50.5602813540477],[3.092041706074906,50.56034853918046],[3.092087553135574,50.56036094352194],[3.092131490481296,50.56036789599266],[3.092169709609738,50.56036514797286],[3.092429353950985,50.56033836405326],[3.092444017960232,50.56033268780885],[3.092613485250733,50.56021051830933],[3.092618691988374,50.56018655679932],[3.092613532052935,50.56015686854182],[3.092622617226308,50.56014074460881],[3.092643395458543,50.5601179628319],[3.092650544007935,50.56009852905162],[3.092641281507669,50.56008179590184],[3.092651565039295,50.56006288739825],[3.092666736263292,50.5600447579586],[3.092695766469671,50.56002154915529],[3.092720559692406,50.5600106623693],[3.092748415928803,50.56000130430881],[3.092785458561864,50.55999544674032],[3.092844430739565,50.55998802603821],[3.092897386947184,50.55999427465743],[3.092939343996219,50.56000408793617],[3.092983623712553,50.56002126014877],[3.093026590771923,50.56004529582876],[3.093048358131878,50.56006844104709],[3.09307856901835,50.56010657487104],[3.093091963956189,50.5601365705388],[3.09308960873619,50.5601715956649],[3.093086020319666,50.56019816966853],[3.093073339451291,50.56021628619267],[3.09298733547589,50.56027846193621],[3.092959427069684,50.5602931782119],[3.092910225137895,50.56030173657836],[3.092865247022782,50.5603071738348],[3.092823317220572,50.56030948122174],[3.092783209294472,50.56030291587828],[3.092766806738878,50.56030445558419],[3.092600382564217,50.56041821614739],[3.092588605259885,50.56056886562026],[3.092359053784297,50.56065543147884],[3.092321047938626,50.56062238037885],[3.092295906388285,50.56059638519895],[3.092250881912217,50.56056147668427],[3.092186575870746,50.56052917235548],[3.0921141209527,50.56049762374282],[3.092039678719543,50.56047279826903],[3.092000256363523,50.56047543529372],[3.091969649152557,50.56046951087456],[3.091932852797714,50.56045831900099],[3.091527163217425,50.56034350396811],[3.09150898380415,50.56035533049753],[3.091426566802247,50.56037547657936],[3.091362538885918,50.56039544807615],[3.091315621582675,50.56040142961123],[3.091274383598048,50.56040405925167],[3.091244077305073,50.56041386237324],[3.091233605470973,50.5604257628567],[3.091219822156803,50.56045376529911],[3.091161900757047,50.56056266721301],[3.091190025181076,50.56058927965688],[3.091208962335761,50.56062816644203],[3.091209453452468,50.56066138221101],[3.091206522669991,50.56068498334608],[3.091206522788057,50.56068622554979],[3.091199191829797,50.56071231417049],[3.091186003768613,50.56073963871498],[3.091160595083318,50.56076447618713],[3.091126382020135,50.56078310933191],[3.091092778577287,50.5607979315976],[3.091043215178302,50.5608071443684],[3.090989149760739,50.5608110788176],[3.090945300727834,50.56080958362106],[3.090898864705307,50.56080325666233],[3.090848457630493,50.56078894507933],[3.090820380033505,50.56077030960072],[3.090782743293421,50.5607528759455],[3.090759742392697,50.56072290160474],[3.090739374740512,50.56068721930662],[3.090727298916531,50.56065520814897],[3.090726656457645,50.56063657310893],[3.090782091045945,50.56055574809524],[3.090827482306955,50.56053589398925],[3.090888568980794,50.56051979628396],[3.090889212813142,50.56051979536702],[3.090949123113322,50.560507024454],[3.09097153889955,50.56050509988898],[3.091083630333624,50.56035868643276],[3.09105514095265,50.56028954990986],[3.090999377902452,50.56019360923864],[3.090992727173185,50.56018549446434],[3.090981834806037,50.56017865161949],[3.090552656836754,50.56005409326255],[3.090530482307061,50.56005074188011],[3.090511973844978,50.56005240106126],[3.090248775126678,50.56011319414848],[3.090237364040622,50.56012100049893],[3.090138179263291,50.56025819468837],[3.090149323967091,50.56027536824004],[3.090150830110121,50.56027600591222],[3.090170413887421,50.56030789606808],[3.090179457190387,50.56033564962604],[3.090179962458335,50.56036436214464],[3.090174438384077,50.56039749920734],[3.090154870099144,50.56042457389355],[3.090134807250862,50.56045611244356],[3.090108942578538,50.56047882717724],[3.090084043265746,50.56049653495219],[3.090053201646268,50.56050520183796],[3.09000278608778,50.56051989473673],[3.089964242201257,50.56052479093319],[3.089923334894076,50.56052704994181],[3.089900808130541,50.56052479042381],[3.089866420087428,50.56051650701651],[3.089827282912088,50.56050709375272],[3.089793461501475,50.56049089821458],[3.089746559292958,50.5604648985563],[3.089715717322801,50.56043325024035],[3.08970801440104,50.56042496384518],[3.089686308187434,50.56034824163477],[3.089755193916894,50.56025099502164],[3.089851959132914,50.56021748360731],[3.089945362185067,50.56020422599474],[3.090053046787442,50.56006103866278],[3.089939776361423,50.55989101263153],[3.089855435347471,50.5598732995447],[3.089789656110213,50.55986451425433],[3.089696438659455,50.55985199024957],[3.089567382291742,50.55984657915538],[3.089079641427845,50.55985546577055],[3.088895189888943,50.55999842161719],[3.088913842434931,50.56015980483121],[3.088957027089603,50.56017788171008],[3.088996280809337,50.56021216463641],[3.089012981877566,50.56024584639239],[3.089037537882935,50.5602851452112],[3.089051291566147,50.56030635836941],[3.089043479200873,50.5603463317691],[3.089032688661091,50.5603762910325],[3.089005166791787,50.56040179141731],[3.088963933859319,50.56042984558729],[3.088921262382787,50.56045032914751],[3.088849631608575,50.56046505593867],[3.088801261397678,50.56046304189542],[3.088722362629999,50.56045233609136],[3.088668651813324,50.56043563771812],[3.088627603536926,50.56040823059987],[3.088572883847527,50.5603701165416],[3.088567679581269,50.56026099845158],[3.088635963380004,50.5601887284489],[3.088700635689572,50.56016345619197],[3.088690096427169,50.56000600052935],[3.088630132887615,50.55997317976583],[3.088601840447365,50.55995425662869],[3.088513947944689,50.55990634307164],[3.088495473967601,50.5598900750889],[3.088485842450996,50.5598788966091],[3.087951555636246,50.55989671094766],[3.087918815385575,50.55991353255904],[3.087886563498194,50.55993624703995],[3.08785167611787,50.55996511346122],[3.087795045410247,50.56001257381628],[3.087773841247701,50.56002953249935],[3.087769507633693,50.56004336838136],[3.087782904790957,50.56019422531526],[3.087815668752181,50.56020577690065],[3.087849048427644,50.56022196185735],[3.087873328003894,50.56023623034192],[3.087893963483939,50.56026014148302],[3.087904884577428,50.56028828900588],[3.087914593809027,50.56032182504781],[3.087910952497015,50.56035766998983],[3.087892142664563,50.56037924617694],[3.087876370829066,50.56040774594047],[3.087844225835399,50.56043896209116],[3.087802389737613,50.56045819896482],[3.087758140941905,50.56047435375114],[3.087717594535633,50.56048544064194],[3.087676515439828,50.56049071499159],[3.087626476684189,50.56049055460127],[3.087595204497149,50.5604862096173],[3.087553737485225,50.56047648005501],[3.087515856048058,50.56045606763158],[3.087479931165809,50.56042930195388],[3.087451058932684,50.56040214228627],[3.08743946630039,50.5602959817715],[3.087502533268378,50.56023176252893],[3.087571480376001,50.56019745834729],[3.087560876947766,50.56004200219633],[3.087339250041219,50.55991393183024],[3.086456794316426,50.55993536070995],[3.086447882593346,50.55980347844471]]]}},{"type":"Feature","id":"LFQQ-b0c22c2af5474c761030","properties":{"airport":"LFQQ","name":"COLOR_DangerArea","layer":"Operational restrictions","category":"Danger Area","object_type":"Area","style_id":"polygon.dangerarea.280908","source_group":"COLOR_DangerArea","vsmr_group_ids":[],"geometry_role":"filled_region"},"geometry":{"type":"Polygon","coordinates":[[[3.092585705002191,50.56056867639011],[3.092620721608306,50.56057582539368],[3.092665166692918,50.56058154492359],[3.092696789071794,50.56058335674528],[3.092732183197224,50.5605854790225],[3.092785528914908,50.56058283003861],[3.092823967880258,50.56057598799934],[3.092870994872039,50.56057001902273],[3.092907261880335,50.56056284624353],[3.092931353870898,50.56054816114314],[3.092953631256194,50.56052682144239],[3.092987769426605,50.56051145413977],[3.093021014780815,50.56049907243291],[3.09305765429174,50.5604812387339],[3.093080084148532,50.56046429541381],[3.093724734409005,50.55970158379881],[3.093755432245378,50.55968728214943],[3.093785103803648,50.55966767783666],[3.09378616272294,50.5596656593135],[3.093814773247829,50.55963129874521],[3.093852993943198,50.55961093146946],[3.093897506717924,50.55960826686161],[3.094328163319364,50.55972772950737],[3.094333382423573,50.55976185487753],[3.094321416317327,50.55979320844062],[3.0943214449548,50.55979521388822],[3.09432155005285,50.55980256880169],[3.094298669525457,50.55983135231727],[3.093527882847553,50.56072382456521],[3.093512484285428,50.56075460405665],[3.093509739514817,50.56078781577418],[3.09350372271278,50.56081176471779],[3.093505667859244,50.56084482940857],[3.093520669097696,50.56087870755855],[3.093534318077842,50.56089688178817],[3.093568824115249,50.56092078884076],[3.093512709767581,50.56098510099332],[3.093467839346262,50.56097852097362],[3.093416355173217,50.5609730016908],[3.093362849389334,50.56096799551503],[3.09330643009216,50.56096825932379],[3.093255801990609,50.56096931054191],[3.093193155570257,50.56096905412706],[3.093135922884507,50.56096958994576],[3.093092020001138,50.56097355571875],[3.093040476647353,50.56098015504874],[3.092986823710739,50.56098798229714],[3.092934299653076,50.56099865035653],[3.092888495518111,50.56101180184998],[3.092836587735399,50.56102597386834],[3.092799740434089,50.56104264730911],[3.092766282096229,50.56106287692685],[3.092744061568991,50.56107599948788],[3.092727453065438,50.56108661707174],[3.092727017319878,50.56109968328727],[3.0927534998342,50.56114885918717],[3.092783060883029,50.56118677866294],[3.092801930491804,50.5612199251112],[3.092808841639678,50.56124843753513],[3.092831624265064,50.56127880448331],[3.092853741463837,50.56130330577736],[3.092963824791151,50.56132699646577],[3.093017625666645,50.56133942004686],[3.093046365801697,50.56135145901928],[3.093064099492033,50.56136466322645],[3.093097727765659,50.56136854497966],[3.093129523720608,50.5613561141946],[3.093169278266783,50.56135378097315],[3.093210264691437,50.56135338968136],[3.093248844114054,50.56135416427627],[3.093313790910874,50.56136310231101],[3.093385656244918,50.56137750190328],[3.093426219931787,50.56139035395086],[3.093455675867778,50.56141643735379],[3.093473388758472,50.56145145524014],[3.093473385230254,50.56145223275116],[3.09347322366847,50.56148681735475],[3.093461896113017,50.56152014456527],[3.093442826444532,50.56154497243763],[3.093421308988535,50.56157403606526],[3.093397979351553,50.56159714835184],[3.093397980950494,50.56159818323377],[3.09337194299856,50.56161508986607],[3.09333996205001,50.56162234455803],[3.093221561472648,50.56164409304957],[3.093049961158649,50.56159816209295],[3.093021274899601,50.56155690704714],[3.093020731102594,50.56155484294677],[3.093004947516655,50.56149972590762],[3.093009266822069,50.56148937398741],[3.092750850201327,50.56140465391554],[3.092468830234767,50.5614622403636],[3.092200904170432,50.56176946253324],[3.092202610860242,50.5617955168301],[3.092224277940492,50.56182463879718],[3.092253454914529,50.56185294928641],[3.092318923004798,50.56190815872255],[3.092547350443482,50.56198858366574],[3.092565664072695,50.56200013148617],[3.092600516228217,50.56199715683494],[3.092635363649605,50.56198625207542],[3.092666570505245,50.56197005424345],[3.09269362702433,50.56196839068053],[3.092731103244317,50.56197333456659],[3.092790196158699,50.56198397924662],[3.0928437817541,50.56199757848841],[3.092889601301336,50.56201671756673],[3.092910378830753,50.56203082544499],[3.092927868170829,50.56206456856888],[3.092933960140178,50.56209161678019],[3.092931723332579,50.56211931835456],[3.09292377973394,50.56214824817415],[3.092907446659228,50.56218095117206],[3.092888051842595,50.56220278506862],[3.092863094678759,50.56222246810816],[3.092834260805191,50.56223569793251],[3.092789087294079,50.56224958245794],[3.092757793114052,50.56225587399867],[3.092699738427334,50.56225437441045],[3.092636149652448,50.56224784791915],[3.092588866520898,50.56223754590189],[3.092552979297045,50.56222591910492],[3.092518619826496,50.56221200690593],[3.092487143753768,50.56219592711447],[3.092465672768938,50.56218201771128],[3.092455007771633,50.56215799593763],[3.092450855742852,50.56213677666797],[3.092448206591474,50.56210917553768],[3.092224421635168,50.56203146872451],[3.092206868825482,50.56202896382494],[3.092186246928452,50.56202896400581],[3.092120817424138,50.56204039068161],[3.092041455816432,50.56206022292745],[3.091944498163666,50.56208372849802],[3.091920348550776,50.56210286861332],[3.091610406868577,50.56246365368872],[3.09156390982624,50.56251808837395],[3.091526861462943,50.56257245727661],[3.09149331376948,50.56262758860975],[3.091444217645654,50.56274299637714],[3.091147546914832,50.56357239217665],[3.091142521282522,50.56360390480698],[3.091144817433671,50.56364300071314],[3.091160368414994,50.56369065634627],[3.091175942470279,50.56372204351077],[3.091200978858382,50.56375488868269],[3.09123908901757,50.56378703286714],[3.091278241613775,50.56381638473514],[3.091323428607882,50.56383968008773],[3.091370697224003,50.56385889072977],[3.091443567146079,50.56388588871111],[3.090471573160041,50.56374600584868],[3.090562983992224,50.56374616592288],[3.090600884006571,50.5637436285533],[3.090647645534021,50.56373762170201],[3.090705358841774,50.56372465323645],[3.090750208298403,50.5637107095164],[3.090790689981129,50.56369323446232],[3.090837301581908,50.56366807937481],[3.090876397434563,50.56364293057956],[3.090910463244536,50.56361143589279],[3.09094097469778,50.56358371167066],[3.090955333785479,50.56354893420809],[3.091252837428859,50.56269822546322],[3.091276091830604,50.56262734569509],[3.091301609908894,50.56257118250267],[3.091334660855733,50.56251392099207],[3.091374648221672,50.56246461336343],[3.091534640004934,50.56227601631633],[3.091511868468577,50.56222779846439],[3.091503183331288,50.56217102467907],[3.091496495569444,50.56211798678272],[3.091491146358629,50.5620831901159],[3.091481791670325,50.56206960657673],[3.09144973783444,50.56205138899379],[3.091382235866484,50.56202715415913],[3.091340365409323,50.56201848789243],[3.09125953777144,50.56201198124381],[3.09117822603008,50.56200166555364],[3.09109522701486,50.56200052273029],[3.091047175403809,50.56200433789041],[3.091006958860634,50.56200281383729],[3.090953512530452,50.56198870623573],[3.090923915562036,50.56194820671074],[3.090903287323119,50.5619041616881],[3.090881610775882,50.56187356794226],[3.090868365214055,50.5618510064531],[3.0908541127575,50.56184368066731],[3.09084151124013,50.56183677793277],[3.090866320550356,50.56180143986635],[3.09089196898805,50.56179591806819],[3.090912405963102,50.56178156659809],[3.090929365764006,50.56176197659249],[3.09096499714727,50.56174734105267],[3.09100106235553,50.56174648937046],[3.091048880055149,50.56174811083887],[3.091049749743231,50.56174838633754],[3.091091071917074,50.56174751860248],[3.091141115487521,50.56175909122891],[3.091166801341465,50.56176791857726],[3.09118725132751,50.56178256565968],[3.091205055236057,50.56180385945487],[3.0912302310628,50.56183288218291],[3.091258930527865,50.56186050499319],[3.091290673866023,50.56189088862372],[3.091327218492108,50.56191381584229],[3.091372147280338,50.56193542182536],[3.091421970495551,50.56195538988204],[3.091476161125435,50.56196982959755],[3.091535684377642,50.56197935310972],[3.091598595331748,50.56198242984583],[3.091657136454797,50.56197843494027],[3.091724343616993,50.56196553802507],[3.091789040127222,50.56194191622317],[3.091844602874105,50.56191643407978],[3.091893272126294,50.56186975718202],[3.092077303306489,50.56164371888359],[3.091987998425958,50.56146161038549],[3.091762139898597,50.56138405080112],[3.091732412361345,50.56139770535288],[3.091691933732217,50.56140809594874],[3.091649437497406,50.56141588457474],[3.091614643102261,50.56141686563598],[3.09156961706734,50.56141716653979],[3.0914287430354,50.56137073647042],[3.09140225134326,50.56134210942349],[3.091382486776717,50.56131353264765],[3.091382485223779,50.56131320761839],[3.091367956835147,50.56128912032723],[3.091364733032942,50.56126305695574],[3.091368192421318,50.56123371628861],[3.091381456993358,50.56120590550195],[3.091418962322061,50.56117059741743],[3.091455436837969,50.56113919770574],[3.091501532615943,50.56111786398257],[3.091553699814025,50.56110128492242],[3.091621839639027,50.5610969733693],[3.091674541589171,50.56109760561026],[3.091809148490896,50.56114045261616],[3.09184256958305,50.56116860340528],[3.091864146727861,50.56120064970525],[3.091878005745854,50.56122940956708],[3.091876498891812,50.5612663600471],[3.09207918263732,50.56133678493738],[3.092105394054496,50.56134235095217],[3.09212969415203,50.56134187456584],[3.092159226340345,50.56133569752814],[3.092366721597442,50.56129316243395],[3.092382801533484,50.56128389544928],[3.092392899637957,50.56127462827178],[3.092471951673395,50.56117374546447],[3.092493565455139,50.56113097384638],[3.092508670809506,50.56108561008395],[3.09252229813997,50.56103867371596],[3.092527573328137,50.56099563739631],[3.092519995575131,50.56093892219454],[3.092511450649824,50.56089034061733],[3.092496376624676,50.56083748267348],[3.09246655974577,50.56077942922158],[3.092438046443671,50.56073440743237],[3.092400769055894,50.56069031560639],[3.092359038451702,50.56065459007664],[3.092585705002191,50.56056867639011]]]}},{"type":"Feature","id":"LFQQ-93313546097aee701418","properties":{"airport":"LFQQ","name":"COLOR_DangerArea","layer":"Operational restrictions","category":"Danger Area","object_type":"Area","style_id":"polygon.dangerarea.280908","source_group":"COLOR_DangerArea","vsmr_group_ids":[],"geometry_role":"filled_region"},"geometry":{"type":"Polygon","coordinates":[[[3.093567718756685,50.56092051717204],[3.093661776040706,50.56095798111814],[3.09389695397821,50.561038268369],[3.094134532671149,50.56111812259975],[3.094315424894909,50.56117851361488],[3.094512753707819,50.56124517472185],[3.094712143362546,50.5613164290292],[3.094893127889891,50.56139267223683],[3.095194338754921,50.56151345030564],[3.095837256196565,50.56177202767715],[3.096092400173531,50.56187532572626],[3.096202475086975,50.56192280328223],[3.096259981207481,50.56194874472079],[3.096319017875715,50.56196903056169],[3.096356885380727,50.56197480057339],[3.096399361449789,50.56197287026988],[3.096441421546254,50.56196962125981],[3.096480305022813,50.56197104677149],[3.096516048697673,50.56197882249592],[3.096536526262577,50.56199432943385],[3.096548291632395,50.5620138933497],[3.096564836428248,50.56203111658332],[3.096596097176159,50.56205025076173],[3.096717175645489,50.5620871950477],[3.096981466474131,50.56216311631221],[3.097515528293719,50.56232482536831],[3.09796822985182,50.56246018589674],[3.098364414252086,50.56256900376329],[3.098749647510939,50.56267455345066],[3.099119190987099,50.56276097416961],[3.099409423206496,50.56281808211875],[3.099540268896519,50.56284564737775],[3.099644199133735,50.56285911509995],[3.100164207458815,50.56294091904051],[3.100410498803374,50.56297224937911],[3.100594790737468,50.5629970304915],[3.100723385770869,50.56301997331629],[3.100830409668793,50.56302591657797],[3.100973034918504,50.56303975081724],[3.101207372342509,50.56307494655183],[3.10146713877949,50.56311686588165],[3.10201391412589,50.56319459415731],[3.102572467568647,50.56327973424709],[3.103023416031019,50.5633458671702],[3.103372964349429,50.56339397018128],[3.103776264894829,50.56343836607391],[3.104252767203419,50.56348912298982],[3.104525586409765,50.56351982639458],[3.104751962605394,50.5635478317766],[3.104959367581028,50.56357244126129],[3.105135433505868,50.56359883856275],[3.105381881348022,50.56363812955339],[3.105456409840659,50.56364963103316],[3.105497052190405,50.56365484570586],[3.105553119239568,50.56364093332366],[3.105580568538762,50.56363899162756],[3.105673241179303,50.56365300451768],[3.10569751780845,50.56366135365865],[3.105717071016043,50.56367898074146],[3.105740558570924,50.56369707818438],[3.105781228018873,50.56370905374128],[3.106240645361042,50.56379561242776],[3.106662714793227,50.56387419698198],[3.107009435925012,50.56394009032518],[3.107364467200251,50.56402123399286],[3.107575496573107,50.56407058087923],[3.107835261455751,50.5641299224811],[3.107949670458063,50.56415362570152],[3.108029108932642,50.56416321018115],[3.108114552699024,50.56417383530268],[3.108169582643485,50.56418529223978],[3.10821877202957,50.56419864253875],[3.108279707222241,50.56422366145613],[3.108378397170255,50.56426627794315],[3.108327092217329,50.56431053584266],[3.108273011228722,50.56428700513062],[3.108215294001924,50.56426724659046],[3.108008525277941,50.56421446263898],[3.107959070390955,50.56420559813077],[3.10791627608022,50.56419044290656],[3.107882150729795,50.56418977098667],[3.107812643668888,50.56417568751317],[3.106991579008707,50.5639904574969],[3.106743911438514,50.5639375666192],[3.106590235757614,50.56390798898583],[3.105810024345637,50.56377027489639],[3.105259544563639,50.56367770243133],[3.104936659197295,50.56361996680959],[3.104759998923026,50.56359390310039],[3.103998973767572,50.56351620925525],[3.103457752846492,50.56345471253647],[3.10307168668835,50.56340158477919],[3.102353894635854,50.56330866508424],[3.102242736376437,50.56330299529114],[3.102103101398057,50.56328249102388],[3.101658210633289,50.56321179640342],[3.101573428252913,50.56319929958165],[3.101482170175298,50.56317910954536],[3.101392145987654,50.56317356264752],[3.101295262930956,50.56316135909849],[3.101185524149974,50.56314789992498],[3.101031318520868,50.56312494500129],[3.10094138428495,50.56310697345326],[3.100841655614268,50.5630975136257],[3.100733948498302,50.56307656849433],[3.100678578164304,50.56306821193301],[3.100617518059132,50.56306242879949],[3.10011084257894,50.56298771663087],[3.099619834020648,50.56291634462359],[3.099509767429707,50.56290335650448],[3.099449941272678,50.56289195103041],[3.099021060257336,50.56279358229837],[3.098677716850831,50.56271162565337],[3.098440406162131,50.56264433312045],[3.097873499491004,50.5624851219965],[3.09719412192516,50.56229240426574],[3.096857563077389,50.56220525628591],[3.096779383310029,50.56218979357524],[3.096715258401945,50.56218793362762],[3.096661423263778,50.56218732858587],[3.096606702991205,50.56219324241975],[3.09654546802085,50.56220537248775],[3.096489984420716,50.56222459078452],[3.096454402401865,50.5622394504359],[3.096415939233594,50.56226505495929],[3.096381452164074,50.56231770032259],[3.096347999946858,50.5623588317419],[3.096319822286693,50.56241103800134],[3.096217708175366,50.5626616666889],[3.096035102196109,50.56310852366953],[3.095924811871555,50.56339255819189],[3.095905006814161,50.56345697726174],[3.095893292094247,50.56349581926566],[3.095845242194468,50.56361185553227],[3.095827182407043,50.56364635588142],[3.095811722024149,50.56367982913937],[3.095627113275441,50.56413935046372],[3.095596397075457,50.56420635519687],[3.095585660770213,50.56423778504549],[3.095593523794264,50.56425227252639],[3.095564467985086,50.56431981674237],[3.09555706250104,50.56434328814172],[3.095556459624091,50.56437350602832],[3.095560489741511,50.56440635460198],[3.095577655627404,50.56443788449597],[3.095603661740187,50.56447567931024],[3.095316707549858,50.56443109064494],[3.095376813892061,50.56441511175525],[3.095409115020253,50.56440521188],[3.095436666499791,50.56438688182171],[3.095462679263594,50.5643626016589],[3.09547859872898,50.56433854605172],[3.095502444057852,50.56430047414883],[3.095581841430588,50.56412421543142],[3.095741577000539,50.56372667712795],[3.095895354056168,50.56334370762923],[3.096084647831923,50.56288026701819],[3.096162158000486,50.5627022846959],[3.096231541198293,50.56252354598804],[3.096276448798332,50.5624029569131],[3.096322545879984,50.56229386244856],[3.096346023314061,50.56223542129782],[3.096350070942753,50.56220643348859],[3.096338625610211,50.56217222228318],[3.096316913765169,50.56210879033705],[3.096282956179486,50.5620521047927],[3.096256121677066,50.56201026646583],[3.096190939142955,50.56198268885078],[3.095829459654973,50.5618401225702],[3.095480227168164,50.5616883792546],[3.095075387429591,50.56152026697193],[3.094658066587228,50.56135687925735],[3.094368419002791,50.56125229258618],[3.094084545804163,50.56116062323985],[3.093889240359726,50.56109358639272],[3.093737769773952,50.56104740091703],[3.09351212357009,50.56098462760335],[3.093567718756685,50.56092051717204]]]}},{"type":"Feature","id":"LFQQ-25fd6c2342c2fac4d0e5","properties":{"airport":"LFQQ","name":"COLOR_DangerArea","layer":"Operational restrictions","category":"Danger Area","object_type":"Area","style_id":"polygon.dangerarea.280908","source_group":"COLOR_DangerArea","vsmr_group_ids":[],"geometry_role":"filled_region"},"geometry":{"type":"Polygon","coordinates":[[[3.107767369381449,50.56620924632476],[3.107869067808668,50.56620568735583],[3.107923846020955,50.56620025406599],[3.10797810564349,50.5661898384874],[3.108028508549538,50.56617374503746],[3.108089214409837,50.56615341991293],[3.108135459394499,50.56613096805273],[3.108169512813344,50.56610595777261],[3.108209547885221,50.56607634087157],[3.108236849471913,50.56603999330423],[3.108246692047667,50.56600403043062],[3.108290830521703,50.56588869866287],[3.108336626631767,50.56573898692663],[3.108376511898276,50.56561344471413],[3.108414159438622,50.56552422981631],[3.10844642626759,50.56545873383337],[3.10848175773746,50.5653941709954],[3.108541479859428,50.56527477007641],[3.10860240453807,50.56517896676645],[3.108683295170602,50.56506640946461],[3.108758731596568,50.56497069814807],[3.108830045122373,50.56488837858549],[3.10888776763806,50.56483200643697],[3.108907677306034,50.56480596996687],[3.108916509547273,50.56478546343234],[3.108917562067324,50.56474563759605],[3.108910994865961,50.56468686904655],[3.1089074665272,50.56464157009113],[3.108888499805906,50.56461421413727],[3.108854997817943,50.56459123409255],[3.1087428253852,50.56453272305156],[3.108692434329832,50.56451661679612],[3.108658061508462,50.56451213919247],[3.108625986335505,50.56451971614082],[3.108594447842248,50.56452796064821],[3.108543789766434,50.56452894988986],[3.108502107476854,50.56452754534899],[3.108439828279594,50.56451590857002],[3.108397820448061,50.56449986653234],[3.108362093049422,50.56448246443495],[3.108332072166342,50.5644630284003],[3.108307602474909,50.56443246115515],[3.10829502023376,50.56440606342888],[3.108288107301493,50.56437515120796],[3.108288266589176,50.56434923474279],[3.108300610282964,50.56432125670801],[3.108318225628086,50.56429514852478],[3.108346495847512,50.56426608760327],[3.108376513694999,50.56424889203445],[3.108429234846604,50.56422836502526],[3.108477046552598,50.56421686559387],[3.108544140559788,50.56421233910211],[3.108602675797985,50.56421268144167],[3.108647745231929,50.56422525048295],[3.108715277779124,50.56425524851414],[3.10876426614227,50.5642869304673],[3.108783701561604,50.56432941156864],[3.108792842393076,50.56436302049184],[3.108792027405538,50.56440504471145],[3.108988247436861,50.56450080313936],[3.109013498605617,50.56450294353844],[3.109280893687374,50.56447520262099],[3.109303706797835,50.56446882090626],[3.109328338854689,50.56445327975032],[3.109384994653301,50.56440610180186],[3.109472647620086,50.56434796738062],[3.109556163405713,50.56429217889472],[3.109617362292452,50.5642421667302],[3.109632193420337,50.56423138694911],[3.109643851476718,50.56421792207869],[3.109649926204878,50.56420789041086],[3.109646548069127,50.56420074692205],[3.10936620350974,50.56399494126468],[3.109348113573152,50.56399237770569],[3.109329458655861,50.56399541936014],[3.109309646747207,50.56399792264861],[3.109261250726696,50.56399402627808],[3.109223824557352,50.56399207276466],[3.109189855271448,50.56399046156777],[3.109164439424301,50.56398458968501],[3.109145517230709,50.56397118193263],[3.10909195567298,50.56393405878581],[3.109068666090458,50.56391215582733],[3.109056504032297,50.56388681890974],[3.109049581226588,50.56385734129585],[3.109049119333864,50.56382708015262],[3.10906442738595,50.56378962623062],[3.109092150497337,50.56375658022031],[3.109115032303227,50.5637366257464],[3.109153553217825,50.56371464966468],[3.109231476304268,50.56369058639081],[3.10930727833618,50.56367979938264],[3.109375306190729,50.56369152465614],[3.109441108233164,50.56370915426992],[3.109542540867256,50.56377849530699],[3.109557233234359,50.56386314671321],[3.109533029647225,50.56390973300157],[3.109701340385691,50.56403841181472],[3.109929052838465,50.56405451990841],[3.10996883747557,50.56405587912749],[3.11000212805864,50.56405139761198],[3.110278251458205,50.56392921179707],[3.110366352372349,50.56374721887784],[3.110242510431127,50.56359859205877],[3.110163541175393,50.56359512452537],[3.1100506092014,50.56355895255769],[3.109973872928464,50.56346433665432],[3.109985463367992,50.56338486032757],[3.110018926711129,50.56335143048049],[3.110079881692591,50.56331559022536],[3.110164283156269,50.56329166733201],[3.110223555670586,50.56328493861712],[3.110302104384659,50.56328481871332],[3.110366237161408,50.56331046004876],[3.110416955977615,50.56333846197576],[3.110462228688435,50.56338315180652],[3.110482612401113,50.56341809671026],[3.110482568412021,50.5634594707204],[3.110477384893267,50.56349121756416],[3.110440188060513,50.56353674413212],[3.110560058778105,50.56367970190877],[3.110652648808208,50.56370510985339],[3.110721864309978,50.56372128493238],[3.110778555584512,50.56372877040441],[3.110849106263671,50.5637376978242],[3.111155028148536,50.56366280303709],[3.111178751177717,50.5636430802742],[3.111206878361839,50.56362920162169],[3.11123922515846,50.56360942579168],[3.111264690451094,50.5635830391259],[3.11128215290206,50.5635570937209],[3.111284341116849,50.56353946458116],[3.111287725384875,50.56351947754593],[3.111303416273863,50.56349823552204],[3.111237546895591,50.56334120740412],[3.11115376397423,50.56332001205752],[3.111061887370166,50.56327059045769],[3.111022365602487,50.56317010098307],[3.111054534464341,50.56311136040496],[3.111094430836108,50.5630697181181],[3.111147451367553,50.56304666859532],[3.111212505795837,50.56302992308614],[3.11130893128539,50.56302572833183],[3.111391172225069,50.56303835948002],[3.11146250563197,50.56306904524341],[3.111498109421367,50.5630964245614],[3.111525940208841,50.56314510453012],[3.111534746778655,50.5631979885516],[3.111519077515748,50.56324260568584],[3.111480774505524,50.56328023254467],[3.111449969429434,50.56330577935737],[3.111442487144682,50.56332549186532],[3.111450328844412,50.5633536908274],[3.111482247929647,50.56341864172188],[3.11150486461683,50.56348090170798],[3.111520760934012,50.56350944932981],[3.111540725718738,50.56352188124914],[3.111597252175793,50.56354114248785],[3.111680485176205,50.56356965040117],[3.111844622711029,50.56355333790101],[3.111961887704024,50.56354160842673],[3.112010112079098,50.56353895938058],[3.112044136311789,50.56354031465052],[3.112105129472131,50.56352666957485],[3.112305589208921,50.56338973690867],[3.112292327385722,50.56321905506435],[3.112245910323768,50.56320378710628],[3.112222394928097,50.56318427621763],[3.112200084660783,50.56315902993268],[3.11218482654839,50.56313128628872],[3.11216517520104,50.5631105390206],[3.112163080841415,50.56305897967289],[3.112181146591111,50.56302035405073],[3.112183333487994,50.56299615489728],[3.112252865886034,50.56299031477961],[3.112260542329814,50.56297036669186],[3.112325100979401,50.56295788059721],[3.112377980610974,50.56294818493298],[3.112422922565332,50.56295390350563],[3.112475322248944,50.56297386241249],[3.112518226000796,50.56299792149748],[3.112545843443508,50.56303003359417],[3.112559657639575,50.56306032112505],[3.11255952020733,50.56307973010355],[3.1125371558802,50.56312816890785],[3.112526349342555,50.56317589548048],[3.112507333370838,50.56321094751218],[3.112505525125624,50.56321251111186],[3.11247293055652,50.56323754926602],[3.112470226372104,50.56336888924264],[3.112484863707388,50.56340194561067],[3.112527019897406,50.56342299105661],[3.112576628299593,50.56345584630029],[3.112635502300567,50.56349196052555],[3.112693975025269,50.5635100205048],[3.112749919668987,50.56351721135507],[3.112849530354227,50.56351855271982],[3.112976451394225,50.56352415247896],[3.113135383637211,50.56353743978304],[3.113321500952231,50.56355953233621],[3.113476099347177,50.56358040997],[3.11362950980983,50.56360441704291],[3.113801151273732,50.56363733725155],[3.114002996860976,50.56368067695685],[3.114157550202121,50.56371648595137],[3.114245435070464,50.56373640727668],[3.114302527849309,50.56374781326947],[3.114322538798506,50.56372136998567],[3.114343457115385,50.56370433179776],[3.114371422386784,50.56369743950356],[3.114493564305123,50.56367331311026],[3.114531501433122,50.56364656903314],[3.114552749315955,50.56361852861546],[3.114617118408571,50.56352558227459],[3.114601041709899,50.56349885319705],[3.1145794579242,50.56346827070251],[3.114572779964575,50.56342855288313],[3.114564414338963,50.56339469252097],[3.114640281171139,50.56330029987372],[3.114703789275355,50.56327690186294],[3.114752345578373,50.56326814580158],[3.114803546230531,50.56326044894531],[3.114869936730349,50.56325993447165],[3.114933976217162,50.56327523882585],[3.11497424098784,50.5632991927205],[3.115028758961236,50.56332813846245],[3.115054183943275,50.56336797094907],[3.115065481314754,50.56340840846085],[3.115067092866706,50.56345230403885],[3.115009666625723,50.5635208143539],[3.114940280456793,50.56356237901561],[3.114897913067396,50.56357504992098],[3.114839405692911,50.56357769348286],[3.114795021085741,50.56357686396406],[3.114761378806399,50.5636425111319],[3.11472679209964,50.56367897632686],[3.114697607417849,50.56371294670125],[3.114698132265394,50.56374441244841],[3.114711125323024,50.56378128444591],[3.114760689359359,50.5638908403025],[3.114760938209999,50.56390522545691],[3.1147801817007,50.56391801664043],[3.114885568420651,50.5639615930387],[3.115016535930768,50.56401890587372],[3.115152487504687,50.56408133735811],[3.115302697570732,50.56415325228538],[3.115429552596236,50.56421991788385],[3.115561403115139,50.56430297318576],[3.115701332400977,50.56439461057567],[3.115782982322262,50.5644466130247],[3.116077587100894,50.56447073412648],[3.116284379333552,50.56436907910068],[3.116279653304304,50.56431813961023],[3.116317773446007,50.56424295851445],[3.11638336401914,50.56421022239226],[3.116427810367721,50.56420351934717],[3.116476596397577,50.56420152333576],[3.116693814130678,50.56438855479171],[3.116692450929706,50.56439979588102],[3.116672255395361,50.56441066771052],[3.116675327907286,50.56443505280919],[3.116682160348379,50.56445428447687],[3.116681666901056,50.56445894358509],[3.11660932131977,50.56448954847674],[3.116488067001184,50.56449424666622],[3.116413419060655,50.56447940205034],[3.116204217779557,50.5645780019631],[3.11616088767829,50.56476553281511],[3.116188082475364,50.56480579369909],[3.116224935624337,50.56484982640551],[3.116275928506913,50.56490379805946],[3.116321975331806,50.56494266328077],[3.116335131400461,50.56495331583081],[3.116606674809799,50.56502083550647],[3.116849813311751,50.56495211368022],[3.116862150475161,50.56491227877554],[3.116878250485906,50.5648858789907],[3.116901406013721,50.56485599995844],[3.116931221843287,50.56483315058338],[3.116958912665302,50.56482231631356],[3.117039389326817,50.5647996189545],[3.117070016820038,50.56479561733799],[3.117096512346091,50.56479761775867],[3.117140573090984,50.56480889752216],[3.117178503497759,50.56481498699769],[3.117221300437072,50.56482520595456],[3.117262876299465,50.56484318969018],[3.117308348600589,50.56486831656829],[3.117325113148179,50.56489550150958],[3.11734401894177,50.56492782169204],[3.117349840971209,50.56496500994302],[3.117349981043263,50.56499526073889],[3.117334066133253,50.56501707670084],[3.117302487404441,50.56504759672648],[3.117280139389842,50.56506218785216],[3.117250570866692,50.5650791529502],[3.117208723969425,50.56508808054044],[3.117158542299345,50.56509654482732],[3.11710740726302,50.56510159649936],[3.117044262631996,50.56510541904031],[3.117000394492855,50.56510097678337],[3.116933713036358,50.56507516280224],[3.116696094668556,50.56514193772944],[3.116586628684779,50.56531459515562],[3.11661090574642,50.56537738259493],[3.116631602508184,50.56542076295336],[3.116656706815797,50.56545173144181],[3.116663605280017,50.56548554304023],[3.116677110680395,50.56551671554137],[3.116701774981816,50.56554796860542],[3.116740718769551,50.56557437934022],[3.11678591658668,50.56559636571513],[3.116819735764738,50.56560913789811],[3.116864276607931,50.56562242006635],[3.11689629217295,50.56563072252524],[3.116913610421645,50.56563709167065],[3.117204710593473,50.56559064445332],[3.117230368613981,50.56557456124332],[3.117260212621387,50.56555467945798],[3.117285406107284,50.56553699739006],[3.117322534719269,50.56552246726947],[3.117320143292832,50.5655041159489],[3.117368894034296,50.56549239647161],[3.117413511553615,50.56548612131861],[3.117458346894735,50.56548302543703],[3.117509104873195,50.56548348341067],[3.117568128781456,50.5654977568861],[3.117610049471096,50.56551879448712],[3.117643742871146,50.56554659415424],[3.117669000872976,50.56557622041613],[3.117685409358986,50.5656115382121],[3.117686941630915,50.56565287877042],[3.117682683443912,50.56568204744683],[3.11767219863583,50.56570409221216],[3.117648408946092,50.56572989107676],[3.117616453281877,50.56575284589084],[3.117586380594477,50.5657663216879],[3.11758640118041,50.56576809192041],[3.117545609509849,50.56577779168224],[3.117505229973974,50.56578451529573],[3.117462120209156,50.56579154895224],[3.117412071724579,50.565797452933],[3.117412061737688,50.56579686680895],[3.117342572149744,50.56578411825749],[3.11729433522427,50.56576969626362],[3.117258109578047,50.56574865165798],[3.117236850012219,50.56573222869319],[3.116978165138558,50.56576317468635],[3.116955557194681,50.56577123810036],[3.116842751470918,50.56588901187862],[3.116816033650283,50.56591756825718],[3.116862905150783,50.56596169314616],[3.116908416182147,50.56599578101653],[3.116967705321305,50.56603885586189],[3.117036869047032,50.56608092212935],[3.117115993125841,50.56612046509127],[3.117213453194376,50.56615469355851],[3.117293359676587,50.56617458642804],[3.117264858972371,50.56623508291788],[3.117194316106922,50.56622196842861],[3.117120263048216,50.56620003095675],[3.117049678779826,50.56617718050134],[3.117001185328232,50.56615778177314],[3.116946653553017,50.56612393917663],[3.116910174244223,50.56609011214962],[3.116841066909128,50.56606775391194],[3.116796377685167,50.56604989884301],[3.116744678257528,50.56603813090095],[3.116692146195188,50.56602136145068],[3.116665579928501,50.5659948812709],[3.116635532896139,50.56595226724315],[3.116616759223663,50.56588554409044],[3.116597201542888,50.56580684422333],[3.116579531233012,50.56573637045972],[3.116560292972708,50.56568133411637],[3.11653995732688,50.56561554710855],[3.116512530522912,50.56555027548292],[3.116483176108553,50.5654760311612],[3.116444961625595,50.56539904467064],[3.116414864749903,50.56534157885591],[3.116377719889996,50.5652834496633],[3.11633721317939,50.56525154063789],[3.116299357642485,50.56523072995901],[3.116030922489899,50.56517843524114],[3.115820156502516,50.56524886156654],[3.115809144896888,50.56529055244425],[3.115803330927283,50.56531036311298],[3.115786778193459,50.56533192929786],[3.115763340249154,50.56535672662818],[3.11573762220416,50.56537462613633],[3.115678618975117,50.56539565008765],[3.11562517929088,50.56541305945967],[3.115599818566839,50.56541839788537],[3.115580051578513,50.56541639856164],[3.115570644676755,50.56540430940646],[3.115544016904768,50.56538545541066],[3.115536626180115,50.56538085860758],[3.115522736281984,50.56538117840083],[3.115512217393643,50.56538588715457],[3.115482325560275,50.56537051871626],[3.115478840469019,50.56536008382292],[3.11546696881478,50.56535062859568],[3.115448556753044,50.56534145459279],[3.115432498528234,50.56534156388351],[3.115404587773607,50.56535150816508],[3.115385129635986,50.56535906898351],[3.115341088945851,50.56533039055651],[3.115311149094453,50.56525982343332],[3.115319361804865,50.56521491792398],[3.115351203309977,50.56517874960719],[3.115376107585419,50.56514797301936],[3.115425925585804,50.56512707573162],[3.115478637461249,50.56510695462158],[3.115524118419049,50.56509667314521],[3.115566742967739,50.56509615324286],[3.115646874446432,50.56510178847725],[3.115723455230186,50.56512751330759],[3.115933846756087,50.56505916589581],[3.116023445671794,50.56487921255239],[3.115947576288438,50.56480597032477],[3.115894375074284,50.56475423151385],[3.11582928632981,50.56469966363486],[3.115710870757782,50.56460082247217],[3.115625658591199,50.56453555276026],[3.115586731979485,50.56450733737898],[3.115530168566012,50.56450845783926],[3.115464524415257,50.56450886708247],[3.115397643156146,50.56450210641318],[3.115347368821271,50.56450603775011],[3.11529086114853,50.56451321157376],[3.115128503261075,50.56462056536911],[3.115131184310218,50.56465352626752],[3.1151350100544,50.56468097501346],[3.11513074707519,50.56471086006554],[3.115115565193158,50.56473969819534],[3.115087813407549,50.56476980617534],[3.115055550601282,50.56479571710624],[3.115021520612855,50.56481611281733],[3.114997798522123,50.56483006712659],[3.114894809358266,50.56484377889289],[3.114814211825458,50.5648322931834],[3.114747096104138,50.56480920384619],[3.114698518193963,50.56478032806601],[3.114657148340561,50.56474086781092],[3.114640377988434,50.56469155710698],[3.114645225417492,50.56465086212329],[3.114657699953596,50.56461482912105],[3.114687372892542,50.56459056299435],[3.114735322221689,50.56455889438975],[3.114795568395179,50.56453740302427],[3.114844659372162,50.56452548494966],[3.11489287442787,50.56452045970473],[3.114928271061714,50.56452161583586],[3.114947678127788,50.56452867349319],[3.114959504538419,50.56453133635946],[3.114977115401267,50.56452748224423],[3.115139860431979,50.56441912049459],[3.115133148079026,50.56423309959651],[3.115004030024298,50.56416751400439],[3.114907580334283,50.56412182558942],[3.114819001669,50.5640839712842],[3.114739395373884,50.56404967023221],[3.114643686255854,50.56401281927242],[3.1145552987742,50.56398077332842],[3.114448521554973,50.56394422004782],[3.114336795629422,50.56391026603803],[3.114231678321404,50.56387766588896],[3.114156552347642,50.56385240274668],[3.114037816812538,50.56382601830605],[3.113938578335462,50.5638033086518],[3.113837704350577,50.56378232449482],[3.113738226110352,50.56376148043244],[3.113648689376964,50.5637415767327],[3.11354883840917,50.5637244790404],[3.113468869885887,50.56371490501786],[3.113380561697685,50.56370217455634],[3.113241425253719,50.56368263900531],[3.113022980542079,50.56380004279011],[3.113001073490567,50.56395643002148],[3.113026124221636,50.56397478780059],[3.113050387386014,50.56399966951764],[3.113070896207115,50.56402303021737],[3.113089931374657,50.564031266388],[3.113090561850149,50.56403126160389],[3.113093410177983,50.56404960785995],[3.113100275461185,50.56408114826316],[3.113093645179141,50.56409919417263],[3.113077479064774,50.56411328757502],[3.113074005239087,50.56413132800612],[3.113072956083724,50.56414375585846],[3.11303746900395,50.56417077355973],[3.113006911870126,50.56419016932289],[3.112988192382766,50.56420150612351],[3.112931654248032,50.56421312066831],[3.11287246218594,50.56421753030719],[3.112844091703757,50.564216909171],[3.112816183381784,50.56420587906769],[3.112784364145098,50.56418888577968],[3.112762681418244,50.56417461935716],[3.112768117837039,50.56415896347598],[3.112767467914523,50.56415776650135],[3.112742638129715,50.56414431815439],[3.112707337600655,50.56413650382706],[3.112702742160547,50.56412010729964],[3.112698084403587,50.56409931739391],[3.112715518924434,50.56409080857899],[3.112691536408261,50.56407814936316],[3.112683257315769,50.5640678016381],[3.112681213243818,50.56405022433008],[3.11269492513544,50.56404134232368],[3.112718686664484,50.56403558705745],[3.112719220193125,50.56402160801119],[3.112714745033343,50.56400807590223],[3.112712749794888,50.563990156677],[3.112740260128819,50.56398040179059],[3.112763480072347,50.56396714887323],[3.112784184317885,50.5639571088739],[3.112793174036215,50.56394439285435],[3.112817368932701,50.56379595590301],[3.112821215017612,50.56377061152935],[3.112816364972806,50.56374738210365],[3.112796560633797,50.56372377306548],[3.112772334095262,50.56370493393759],[3.112738198991678,50.56367663405164],[3.112689843786698,50.56365643374374],[3.112658864141409,50.56364611585963],[3.112624278975957,50.56364534872945],[3.112492315630966,50.56364744586054],[3.112351685049566,50.56364876452764],[3.112215335908208,50.56365549041013],[3.112076559377761,50.56366421084731],[3.111936561369035,50.56367713716591],[3.111889522489104,50.56368239017389],[3.111740404457741,50.56384120256746],[3.11179943820747,50.56399159952835],[3.111869563254459,50.56400702276787],[3.111918154528863,50.56403271521381],[3.111957810482284,50.56406336777242],[3.11198359389347,50.56408772697581],[3.111990436092538,50.564125989723],[3.111996124788592,50.5641518107049],[3.111983718249995,50.56418892101289],[3.111967804614466,50.56421351128772],[3.11194320215052,50.56422846350185],[3.111886168439866,50.56424086128377],[3.111796571301617,50.56424476630982],[3.111754267504412,50.56425535247593],[3.111664666701035,50.56425894556264],[3.111611277527253,50.56425683708658],[3.111575689873189,50.56425497628858],[3.111547896914355,50.56424875190414],[3.111532579138347,50.5642352524978],[3.111502337994119,50.56415268378823],[3.111504368534155,50.56412348121807],[3.111504984500113,50.5641226769682],[3.111517806367081,50.56409661125696],[3.111533776647839,50.56407096085865],[3.111556101260557,50.56405043743247],[3.111580359837405,50.56403269154094],[3.11157971806481,50.56403189665099],[3.111597820524721,50.56402258158814],[3.111541072169526,50.56387521969432],[3.111287933102618,50.56377631542067],[3.111170329381616,50.56380064047623],[3.111055894374806,50.56382728785368],[3.11093339776543,50.56386028684032],[3.110806273628812,50.56389664325951],[3.110677448888477,50.56393671843146],[3.110604302571773,50.56396188974747],[3.110588699193104,50.56400771301523],[3.110572645344654,50.564062363343],[3.11055754196041,50.56410046628558],[3.110544132503346,50.56413048216691],[3.110678151591653,50.5642743312653],[3.110655558686226,50.56429596224651],[3.110601343977664,50.564307700311],[3.110556322391624,50.5643088165125],[3.110537166009384,50.56430464969048],[3.110483422316388,50.56431336955489],[3.110366265117426,50.56419964325663],[3.110254743691052,50.56419662865126],[3.11017669175206,50.56418276681709],[3.11010412265273,50.56417676975943],[3.110043595864069,50.56418510418581],[3.109915332646702,50.56425316906976],[3.109790745897405,50.56432927690308],[3.109567760630594,50.56447572501928],[3.109462199406752,50.56455247133195],[3.109411676670577,50.5645910258273],[3.109374545134411,50.5646023011624],[3.109332494257431,50.56462910798781],[3.109202325367364,50.56474398253015],[3.109056072931622,50.56489100946417],[3.108903459006904,50.56507643799253],[3.108814440362968,50.56518797131344],[3.108754637742552,50.56527847322199],[3.108699108478226,50.56537461530206],[3.108635717200199,50.56549069580121],[3.108578104977147,50.56562669692677],[3.108532621161872,50.56574537053289],[3.108467688682879,50.56593300953173],[3.108447443945712,50.56600949559033],[3.10843440262315,50.56605917935649],[3.108441325481197,50.56610340113807],[3.108460179777242,50.56615224375815],[3.108483034208569,50.56618973520581],[3.108512483122217,50.56622645057256],[3.108547340040348,50.56625785196388],[3.108585515479938,50.56628198331805],[3.108630879059611,50.5663063593076],[3.108681751990638,50.56632485155771],[3.108741273333353,50.5663426223531],[3.108739349305976,50.56635008572095],[3.107767369381449,50.56620924632476]]]}},{"type":"Feature","id":"LFQQ-664501026b6dbf5ac08d","properties":{"airport":"LFQQ","name":"COLOR_DangerArea","layer":"Operational restrictions","category":"Danger Area","object_type":"Area","style_id":"polygon.dangerarea.280908","source_group":"COLOR_DangerArea","vsmr_group_ids":[],"geometry_role":"filled_region"},"geometry":{"type":"Polygon","coordinates":[[[3.117290460166735,50.56617426434391],[3.117506994086889,50.56620827841522],[3.11771999383307,50.56624770839925],[3.117968885497209,50.56628101215217],[3.118235240443628,50.56630396761724],[3.118695582585354,50.56635584909813],[3.11904930366486,50.56640491924049],[3.119219007940113,50.56643802847987],[3.119387052735711,50.5664794178099],[3.119489503357098,50.56652855114058],[3.11961451861904,50.56659208571857],[3.119780190168759,50.56665993944463],[3.119916254466948,50.56670364846204],[3.120111231211797,50.56674630498786],[3.120595507661899,50.566843593302],[3.120827665055668,50.56688084799831],[3.121167699628586,50.56692749233692],[3.121447715055712,50.56696439423537],[3.121898609184146,50.56703371671665],[3.122148160576157,50.56708374384612],[3.122344544959432,50.56712839428354],[3.122499640960474,50.56716912089936],[3.122719371781673,50.56722249394467],[3.123047937386696,50.56729544992658],[3.123258296013514,50.5673463539151],[3.123452483069349,50.5673972679888],[3.123636485199921,50.56744619135198],[3.123765656968442,50.56749714318727],[3.123946069814205,50.56756046000289],[3.124047183477727,50.56760443850466],[3.12414090908758,50.5676616421471],[3.124160403421348,50.56767946901007],[3.124178459405336,50.56770905700154],[3.124178890460547,50.56773257292649],[3.124179364855231,50.56775351154721],[3.124164495974804,50.56777749403529],[3.124139608149183,50.56779533095976],[3.124099821761279,50.56781324415092],[3.124051108579131,50.56783189790229],[3.124032538191084,50.56783969413355],[3.124010165825604,50.56785522380213],[3.123991442149894,50.56787406240965],[3.123958014948827,50.56788122258242],[3.123933028892103,50.56787583644472],[3.123914221188928,50.5678605064182],[3.12390618115479,50.56783160462295],[3.123885453791544,50.56778451151003],[3.123845492112738,50.56773623742263],[3.123796180691492,50.56768640534224],[3.123725997357487,50.56762127660333],[3.123644218059733,50.5675661600812],[3.123533124388531,50.56751881110275],[3.12340921793919,50.56748152554061],[3.123276717817276,50.567444348083],[3.123141799031532,50.56740634398848],[3.123013656269991,50.56737439113117],[3.122884429022028,50.56734321008792],[3.122752886820497,50.56731494862853],[3.122551067684034,50.56727060130157],[3.122381085188655,50.56723206544572],[3.122200362124441,50.56719250686728],[3.122045017648238,50.56716528304614],[3.121903157721952,50.5671323451943],[3.121793536384345,50.56710846493245],[3.121594665565173,50.56707114364642],[3.121544906910076,50.5670536707899],[3.121470137100193,50.56704226689497],[3.121289804789908,50.56701856496881],[3.121105193014242,50.56699465440056],[3.12092095883455,50.56697292188668],[3.120727969252035,50.56693900666378],[3.1205162324299,50.56690545813754],[3.120325381843745,50.56687434965908],[3.120158610290318,50.56684434121668],[3.120006981336345,50.56681647520769],[3.119888347206725,50.56679183543385],[3.119789381925375,50.56676510663307],[3.119711834810246,50.5667322757896],[3.119639623867521,50.56670101636798],[3.119567648478971,50.56666734324362],[3.119494363762556,50.56663160191123],[3.119408529702596,50.56659243227599],[3.119320033095414,50.56655766652089],[3.119211947504597,50.56652127665409],[3.119105747212056,50.56649656075588],[3.11896836063696,50.56647519817983],[3.118813915024121,50.56645005560726],[3.118659481133366,50.56642035059756],[3.118438864747806,50.56639139074516],[3.118244351261867,50.56636979722968],[3.118066368750358,50.56635350780262],[3.117879902533631,50.5663359106693],[3.117719426391796,50.56630844501757],[3.117512062191585,50.56627798115264],[3.117264304041649,50.56623468960062],[3.117290460166735,50.56617426434391]]]}},{"type":"Feature","id":"LFQQ-5b0772e77c62507beed9","properties":{"airport":"LFQQ","name":"COLOR_HardSurface2","layer":"Airfield surfaces","category":"Hard Surface 2","object_type":"Area","style_id":"polygon.hardsurface2.595e5b","source_group":"COLOR_HardSurface2","vsmr_group_ids":[],"geometry_role":"filled_region"},"geometry":{"type":"Polygon","coordinates":[[[3.089427433679803,50.56567692673609],[3.089795729265052,50.5657288014324],[3.089830819011641,50.56573177920388],[3.089861040404409,50.56573207205784],[3.089890275496816,50.56573027786961],[3.089921376655365,50.56572696347958],[3.08996938150546,50.56571777261184],[3.090014865290218,50.56570678899612],[3.090045549888001,50.56569691096357],[3.090085670720897,50.56568230649156],[3.090127051202158,50.56566273611434],[3.090159919598823,50.56564299027681],[3.090190937333723,50.56561908811062],[3.090220243400237,50.56558961223427],[3.090237165815946,50.56556636149215],[3.090252306004029,50.56553560166598],[3.090337279211739,50.56530272523223],[3.090712233006392,50.56535619505297],[3.090709181603442,50.56539065839562],[3.090709387096384,50.5654304725415],[3.090710853475223,50.5654667178881],[3.090713880732527,50.56549534575842],[3.090722857504313,50.56554380541029],[3.090735863472736,50.56558699136927],[3.090755030661552,50.56562614550464],[3.090775065431315,50.56565793276404],[3.090806852866779,50.56569378508605],[3.090841804326865,50.56572189574617],[3.090881243613701,50.56574805809781],[3.090920921987088,50.56577079899218],[3.090970012623684,50.56579687492726],[3.091043960247188,50.56582581228076],[3.09111854567816,50.56585211671491],[3.091201068136726,50.56587696451952],[3.091282699387305,50.56589943285334],[3.091383510322685,50.56592405008107],[3.091582933060089,50.56596817715395],[3.091698999412118,50.56599208104982],[3.09182594138693,50.56601669764942],[3.094264748208342,50.56636028596786],[3.094737566635153,50.56642609472964],[3.095112129787307,50.56643889611001],[3.095185955272033,50.5664377115228],[3.09528103542916,50.56643099873224],[3.095372834388994,50.56642068867015],[3.095449437312059,50.56640877047739],[3.095507375187896,50.56639606672162],[3.095561034702488,50.566380031965],[3.095610105839661,50.56635904016231],[3.09565839762745,50.56633149296627],[3.095702121064861,50.56630226429111],[3.095744046834976,50.56626838890439],[3.095779348251007,50.56623431936046],[3.095807565702162,50.56619944998727],[3.09587655038285,50.56609319352987],[3.096318214183182,50.56615419689314],[3.096316371043621,50.56622588385397],[3.09631824935185,50.56626807911316],[3.096323776903946,50.56631028427094],[3.096331019196072,50.56634680594659],[3.096341953336945,50.56638234245592],[3.096356924157688,50.56641615005634],[3.096378357501328,50.56645138751076],[3.096403062579771,50.56648341362],[3.096436837900352,50.56651337175051],[3.096481424376323,50.56654477541102],[3.096530811139122,50.56657207588692],[3.096589676101886,50.56660135834739],[3.096656026581337,50.5666280450185],[3.096745919549846,50.56665875194643],[3.096824736916879,50.56668249579332],[3.096900972720729,50.56670264432684],[3.097006259418149,50.56672750740098],[3.097065603474278,50.56674068950013],[3.097169247676479,50.56676130273438],[3.097303589198566,50.5667862415436],[3.097460971829453,50.56681578196102],[3.100061888529746,50.56718352436589],[3.106498608844297,50.56810079414797],[3.107046098456143,50.5681766489148],[3.107131571862456,50.56818401812973],[3.107189202063467,50.56818589974909],[3.107255295405627,50.56817999459398],[3.107312145888927,50.56816813458573],[3.107378236071134,50.5681449034636],[3.107430977855394,50.56811977359786],[3.107471129121626,50.5680903013539],[3.107506397740951,50.56805613995986],[3.107532078117137,50.56802223468039],[3.1075528078339,50.56798195427506],[3.107630846787839,50.56776330249704],[3.107844768421366,50.56779145290009],[3.107762959832383,50.56803782621315],[3.107762143403738,50.56806484133868],[3.107763169129163,50.56809380262581],[3.107772185509925,50.56812400693986],[3.107780748547644,50.5681494516381],[3.107793755394543,50.56817102318053],[3.10781968164445,50.56820070462107],[3.10784917583466,50.56822870113525],[3.107878615540414,50.56824885402563],[3.107911950112836,50.56827106270347],[3.107949727298516,50.56828775775815],[3.107996878469843,50.56830427280006],[3.108043914818279,50.56831743949493],[3.108101894425974,50.56832672175823],[3.109973786061311,50.56859251022305],[3.111075227219811,50.56874898489343],[3.11398419472247,50.56916193285005],[3.114416543316736,50.56922240228945],[3.114571848741157,50.56923781059208],[3.114728307058718,50.5692572560338],[3.114840071638989,50.56926573398194],[3.114955921813363,50.56927058915539],[3.115033447385385,50.56927485555837],[3.115090221685866,50.5692745341851],[3.115155984567046,50.56927148145625],[3.115224390460996,50.56926285820235],[3.11529001702346,50.56925010391839],[3.115360576084774,50.56922965007879],[3.115426984584913,50.56920541437933],[3.115487078121579,50.56917944757654],[3.115533313667531,50.56915608740686],[3.115573800848079,50.5691303338711],[3.115616932778467,50.56909859784091],[3.115646660154088,50.56907126053716],[3.115675014772521,50.56903958227429],[3.115704708077416,50.56899805349969],[3.115754423388883,50.56892016001853],[3.116125728621324,50.56897266080638],[3.116066289565906,50.56922164030461],[3.116046399516659,50.56930623873537],[3.116038214584747,50.5693564893568],[3.11603449302071,50.56939786004858],[3.11603541436511,50.56945090386915],[3.116039279199863,50.56947860187639],[3.1160485952918,50.56951105295398],[3.116065387565612,50.56955674303899],[3.116109432628229,50.56966365965307],[3.116134708209757,50.56972067323817],[3.116167959111049,50.56978266349315],[3.116215379702763,50.56986903441408],[3.116270002693613,50.56996168932594],[3.115468435164981,50.56984939974215],[3.115478106661125,50.56981959329554],[3.115476787239753,50.56979886132282],[3.115471412060091,50.5697716756727],[3.115463889682071,50.56974521006493],[3.11545362554549,50.56971675312277],[3.115437765772076,50.56968952898239],[3.115416601058194,50.56966289860623],[3.115387060736405,50.56963512028656],[3.115356272327823,50.5696092046807],[3.115316262408465,50.56958482655666],[3.115287992007085,50.56956927525413],[3.115255358920872,50.56955901255579],[3.115208480424387,50.56954997618604],[3.109092374507247,50.56868164582242],[3.109089662684101,50.56869209715348],[3.10897760466242,50.56868229951779],[3.108823483500247,50.56866409003787],[3.108719493602234,50.56865727733715],[3.10861546302684,50.56865072071003],[3.108500084658481,50.56864415949821],[3.108403872332415,50.56863825975378],[3.108306932851093,50.56863610720341],[3.108230795851967,50.568637389637],[3.108122451078954,50.56864213128966],[3.108034427569593,50.56865195218694],[3.107967032217953,50.56866556693457],[3.107902025271367,50.56868311662289],[3.107846550472473,50.56870525454946],[3.10779403071479,50.56873494671875],[3.107742160077125,50.56876839295313],[3.107692412298828,50.56880808383158],[3.107652521058577,50.56884800958268],[3.107549288395799,50.56897586541761],[3.107524381124493,50.56900283037089],[3.107501799612093,50.56902452223859],[3.107396113156566,50.56923737506211],[3.10735761869255,50.56932939980806],[3.107236862219449,50.56964910006807],[3.106902535135532,50.56960119707017],[3.106928940675147,50.56956018063121],[3.106942116103295,50.56953345298659],[3.106988962412427,50.56941206675141],[3.107050649072127,50.56922853060629],[3.107060973496123,50.56918370744067],[3.107070963402285,50.56913325564382],[3.107079783320701,50.56907982129616],[3.107094310601959,50.5690098801835],[3.107079926519354,50.56900893375971],[3.107076971429261,50.56897193358103],[3.107076330081726,50.56890363851833],[3.107078542907089,50.56884838433151],[3.107074079246548,50.56879517012195],[3.107069177849779,50.56874493018466],[3.107060616269994,50.56870228901457],[3.107042373602837,50.56865892055861],[3.107021175236775,50.56861525455932],[3.106995873329585,50.56858404625629],[3.106960773659875,50.56855326768874],[3.106909807322165,50.5685131795146],[3.10684658660844,50.56848018352067],[3.106752427821053,50.56843990619153],[3.106651853068707,50.56840047654049],[3.106428914180337,50.56834674198919],[3.106320015944868,50.56830461804483],[3.106274179763098,50.56828967722861],[3.106201232291914,50.56827045189177],[3.104827594449502,50.56807372567972],[3.104140033019651,50.5680425800287],[3.104051647107382,50.56804163212148],[3.103997171199537,50.56804205128179],[3.103947114282886,50.56804814167155],[3.103891731341832,50.56806072462986],[3.103839107053306,50.5680787144246],[3.103774764017486,50.56810806880093],[3.103736694752686,50.56812948083957],[3.103693015532245,50.56816773821539],[3.103661509460274,50.56820644133029],[3.103387135712932,50.5686776963864],[3.103365607028656,50.56872575704126],[3.103347686842142,50.56876886232298],[3.103330816882892,50.56882197041709],[3.103301778668299,50.5689154157783],[3.103291765854221,50.56896196679277],[3.10327580409177,50.56905977598934],[3.103243365507351,50.56933134388723],[3.102846017471816,50.56927569875393],[3.103027080612957,50.56876357733785],[3.103048678052953,50.56870433754007],[3.10305461457117,50.5686832104128],[3.103059514229249,50.56866172371205],[3.103066908048226,50.56863185130833],[3.10307283363235,50.5685880045122],[3.10307763762959,50.56854445685845],[3.103128269893132,50.56815972012291],[3.10313230046229,50.56812640200417],[3.103132904668315,50.56810234147073],[3.103128677633034,50.56808007118344],[3.103117270138345,50.56805180324398],[3.103095205376667,50.56802019015107],[3.103072755076088,50.56799146055161],[3.10304367071417,50.56795735945035],[3.103010288840904,50.56793150513895],[3.102974564290226,50.56790929267534],[3.102931324127576,50.56789008244044],[3.102890046127817,50.56787506025566],[3.102167289384343,50.5676957095007],[3.102116447673942,50.56768820076098],[3.101193500789543,50.56755725775123],[3.100052977309764,50.56739558607967],[3.097793098370862,50.56707486857258],[3.097706021350468,50.56707618965175],[3.097629148464291,50.56708609085865],[3.097574288446763,50.56709760444185],[3.097525854529806,50.56711357458301],[3.097480067768983,50.56713703288243],[3.097435743808361,50.56716633512315],[3.097401968241198,50.56719600562121],[3.097367384562077,50.56723462587425],[3.097349610158648,50.56727006184523],[3.097326085152745,50.56733834904546],[3.097080432049906,50.5673055598137],[3.09709218227364,50.56726412716174],[3.097095042155371,50.56724231958803],[3.097094490047392,50.56722072023395],[3.097090717898179,50.56719554311866],[3.097083103149227,50.56716723814349],[3.097071456417249,50.56714267876795],[3.097058489942215,50.56712024866291],[3.097038383543969,50.56709706066479],[3.097017825148802,50.56707636123306],[3.09699152377922,50.56705556675994],[3.096958113139425,50.56703499629469],[3.096926050594107,50.56701698119403],[3.096897901204607,50.56700188746532],[3.096868184966417,50.5669906431763],[3.096833027468244,50.56698279369307],[3.096655643878148,50.56695335641505],[3.096571145907328,50.56695019825618],[3.09649333535035,50.56694997378639],[3.096420738258592,50.5669556970103],[3.096332983506007,50.56697024847096],[3.096259033540936,50.56698864590216],[3.096201379327812,50.56700920580842],[3.096146402450941,50.56703037837913],[3.096092567091471,50.56705622115227],[3.09605025252556,50.56708397318853],[3.096005221459783,50.56711539294372],[3.095965673612686,50.5671459821862],[3.095528776230494,50.56708324585479],[3.095526802903952,50.56704323338849],[3.095519687618831,50.56701260121632],[3.095512598065546,50.56698332826842],[3.09550552842955,50.56696149636155],[3.095485893643872,50.56693542561016],[3.095459859807326,50.56690876746308],[3.095428581034274,50.56688197734391],[3.095384764102311,50.56684867900277],[3.095347918170945,50.56682605449117],[3.095304256822589,50.56680081560626],[3.095250955565201,50.56677619463116],[3.09519445673043,50.56675350132861],[3.095118202817726,50.56673305657569],[3.095052952756152,50.566718353937],[3.0948156039283,50.56667434390819],[3.094567277335092,50.56661630653365],[3.089736230661408,50.56592662940636],[3.089357321379118,50.56587573396534],[3.089427433679803,50.56567692673609]]]}},{"type":"Feature","id":"LFQQ-df8265cd6bd6a4674de8","properties":{"airport":"LFQQ","name":"COLOR_HardSurface2","layer":"Airfield surfaces","category":"Hard Surface 2","object_type":"Area","style_id":"polygon.hardsurface2.595e5b","source_group":"COLOR_HardSurface2","vsmr_group_ids":[],"geometry_role":"filled_region"},"geometry":{"type":"Polygon","coordinates":[[[3.092213525045338,50.57319577697061],[3.092455665710716,50.57315490071687],[3.092634598499662,50.57359532997609],[3.092396629142502,50.57363719513599],[3.092213525045338,50.57319577697061]]]}},{"type":"Feature","id":"LFQQ-80bce396d3d1b640821e","properties":{"airport":"LFQQ","name":"COLOR_HardSurface3","layer":"Airfield surfaces","category":"Hard Surface 3","object_type":"Area","style_id":"polygon.hardsurface3.8a807f","source_group":"COLOR_HardSurface3","vsmr_group_ids":[],"geometry_role":"filled_region"},"geometry":{"type":"Polygon","coordinates":[[[3.116269409264527,50.56996062827401],[3.116291357017322,50.56999565039853],[3.117023323354124,50.57107046201212],[3.117055554010468,50.5711227693907],[3.117070998907929,50.57114773876017],[3.117080146101752,50.57117069774719],[3.117081746999146,50.57119224386995],[3.117076497058164,50.57121790974118],[3.116986111503424,50.57148443960713],[3.114303112372099,50.57110771887194],[3.114541748294641,50.57043075166256],[3.114910011636183,50.57048218868319],[3.114971569776928,50.57048886526832],[3.115011605738853,50.57049262199556],[3.115046450482364,50.57049157389473],[3.115084317732599,50.57048592161263],[3.115122523766676,50.57047566671363],[3.115160060139166,50.57046165136908],[3.11519198256315,50.57044701563059],[3.115226197779111,50.5704250660276],[3.115263809389057,50.57038531321903],[3.115288329727937,50.57035324776628],[3.115469336174648,50.56984845542433],[3.116269409264527,50.56996062827401]]]}},{"type":"Feature","id":"LFQQ-fce0a010250383c7529d","properties":{"airport":"LFQQ","name":"COLOR_HardSurface3","layer":"Airfield surfaces","category":"Hard Surface 3","object_type":"Area","style_id":"polygon.hardsurface3.8a807f","source_group":"COLOR_HardSurface3","vsmr_group_ids":[],"geometry_role":"filled_region"},"geometry":{"type":"Polygon","coordinates":[[[3.103242999076685,50.56933025717464],[3.103231042563306,50.5694220567648],[3.103230782440602,50.56945650073131],[3.103234579606604,50.5694860258705],[3.10324347637007,50.56952111813026],[3.103254398178488,50.56954749929304],[3.103272046236822,50.56957782982385],[3.103306113434925,50.56960926868117],[3.103342778639397,50.56963477168807],[3.103385257394011,50.5696591758196],[3.103436033997033,50.56968522142778],[3.10347298155125,50.56969710036084],[3.103539453023916,50.5697142635512],[3.103928462992673,50.56981123564562],[3.104037118262235,50.56983728188167],[3.104127441185216,50.56985749476226],[3.104183099947235,50.56986915052022],[3.104288495067486,50.56988904085831],[3.104443808767707,50.56991302991159],[3.104692468468677,50.56994947497197],[3.105370180849691,50.57004412278646],[3.105480688361872,50.57005777450478],[3.105549032821704,50.5700641486878],[3.105644606002034,50.57006834178794],[3.106292908819084,50.5701007447006],[3.106331757717422,50.5700997482655],[3.106356821717537,50.57009705025037],[3.106378438721404,50.57009432364921],[3.106405402899575,50.57008910638969],[3.106431638801226,50.5700818524188],[3.1064889336388,50.57005780627298],[3.106545263568061,50.57002885683338],[3.106595484070818,50.57000067524049],[3.106648413074258,50.56996478631543],[3.106682962190186,50.56993127429836],[3.106725482810671,50.56989066690768],[3.106757862483054,50.56985096257395],[3.106790405627013,50.56980876599073],[3.10684918511531,50.56970060667338],[3.106888238099497,50.56963456705847],[3.106903524713531,50.56960062432262],[3.107236870454122,50.56964826092452],[3.10710637804916,50.57002390303661],[3.107091614197679,50.57008226593809],[3.10708350973224,50.5701220570493],[3.107084106983748,50.57014417938474],[3.107086752264503,50.5701673460969],[3.107089612241138,50.57020292345556],[3.107094788184732,50.57023387994343],[3.10710647846046,50.57026234829615],[3.107119300381764,50.57028841460295],[3.107132658228933,50.57031134141785],[3.10716077015462,50.57034842974499],[3.107199598980555,50.57038744197639],[3.107245227494302,50.57042880832124],[3.107336552230096,50.57048955878082],[3.107455792411464,50.57055745322609],[3.109415416205099,50.57083380098744],[3.109411859727866,50.5708486360695],[3.109412166332308,50.57086693214021],[3.109417519837028,50.57091116216176],[3.109424664125848,50.5709344107914],[3.109453148483741,50.57102074532377],[3.10945974099148,50.5710605774191],[3.109462636768219,50.57110081829904],[3.109459040287046,50.57113350362932],[3.109450866151677,50.57116255847981],[3.109435461434276,50.57121264114455],[3.109274019547057,50.57166920865541],[3.107504246052004,50.57141502859972],[3.107451445144458,50.57156537591851],[3.107279479926492,50.57154111913179],[3.105262310490327,50.57125279134365],[3.105023023288653,50.57116062321017],[3.105065541703262,50.57103732220987],[3.104272200202929,50.57092250818917],[3.103774741100358,50.57085302925522],[3.101804718654704,50.57057193959775],[3.102082798535946,50.56978028646862],[3.102739574790607,50.5695154576045],[3.102755231637786,50.56950630520197],[3.102767937901667,50.56949399116425],[3.102774542334548,50.56948188793033],[3.102853866460875,50.56927609711145],[3.103242999076685,50.56933025717464]]]}},{"type":"Feature","id":"LFQQ-6c952e315bfff51f7ee9","properties":{"airport":"LFQQ","name":"COLOR_HardSurface3","layer":"Airfield surfaces","category":"Hard Surface 3","object_type":"Area","style_id":"polygon.hardsurface3.8a807f","source_group":"COLOR_HardSurface3","vsmr_group_ids":[],"geometry_role":"filled_region"},"geometry":{"type":"Polygon","coordinates":[[[3.097325901362562,50.56733769821019],[3.097308247591777,50.56738809875817],[3.097301796210248,50.56741618396087],[3.097306926653858,50.56743795288937],[3.097316277022357,50.56745648715867],[3.097331965076473,50.56747732115169],[3.097354079591053,50.56749610706304],[3.097382689911625,50.56751234602885],[3.09740668806445,50.56752311733356],[3.097429946211938,50.56753095810968],[3.097459085356296,50.56753700321204],[3.097502513557311,50.56754317351979],[3.098899728358528,50.56773392582498],[3.098458527704298,50.56896734899379],[3.094314460767491,50.56837389286633],[3.094284057116274,50.56845274619796],[3.093328544367671,50.5683199376812],[3.093251866440143,50.56852977761329],[3.092683962304965,50.56844664594193],[3.093009343601512,50.56754253729316],[3.093385040036114,50.56759814198762],[3.093426124954701,50.56760063398174],[3.093471120627789,50.5675984912865],[3.093528944281114,50.56758796257549],[3.093602670340652,50.56757254283981],[3.0936584126495,50.56755509135595],[3.093725260211366,50.56753180555854],[3.093774785365764,50.5675093946228],[3.093830797191921,50.56747732604975],[3.09388175480465,50.56744063792533],[3.093929442711494,50.56740443370846],[3.093958152461511,50.56736748825553],[3.093981578394525,50.56732378675036],[3.094025119606281,50.5671832361359],[3.095068110969317,50.56733712879602],[3.095160957738909,50.56735027519824],[3.095238126577069,50.5673594228033],[3.095277773466301,50.56735964742938],[3.095321673276927,50.56735786445308],[3.095360019611355,50.56735383895403],[3.095387153634124,50.56734601053545],[3.095387506292526,50.56734578693213],[3.095413984313062,50.56733235399646],[3.095439470376802,50.56731531019544],[3.095461714167871,50.5672967191608],[3.095479605619231,50.56727498250648],[3.095501458041443,50.56723409319076],[3.095515533705278,50.56719987541036],[3.095526508102568,50.56716875134003],[3.095530404453091,50.56714381538781],[3.09553365750264,50.56711706889638],[3.095533655712992,50.56711671368318],[3.095529345643171,50.56708267892125],[3.095966035926565,50.56714545377429],[3.095938814397434,50.56717308586651],[3.09591087919856,50.5672089430039],[3.095884593641809,50.56724656793444],[3.095867809657467,50.56727638970743],[3.09585581316167,50.56730627721216],[3.095833205329184,50.56738681142696],[3.095830751685176,50.56740893471759],[3.095836235378615,50.56743908264195],[3.095848436050808,50.56747928892603],[3.095864360848528,50.56752249494831],[3.095879896708826,50.56755499935542],[3.095906975370499,50.56759086030276],[3.095944175475356,50.56763046036532],[3.095981635888847,50.56766301378596],[3.096036311563914,50.56769558293014],[3.096095829518839,50.5677283837515],[3.096160846994742,50.56775242766497],[3.096221703124877,50.56776946180701],[3.096281162306096,50.56778059041699],[3.096553377606257,50.56782047072927],[3.096613794658039,50.56782795198654],[3.096651306658085,50.5678308608809],[3.096689117091669,50.5678302840581],[3.096726616463237,50.56782738387976],[3.096765633415886,50.56781964537208],[3.096800685394445,50.56781055272482],[3.096833299273443,50.56779816921237],[3.096863477460612,50.56778346215837],[3.09688908393831,50.56776933507424],[3.096911073447943,50.56775173934142],[3.096933089238474,50.56772634660019],[3.096944568016682,50.56769878469384],[3.097080892820108,50.56730442399297],[3.097325901362562,50.56733769821019]]]}},{"type":"Feature","id":"LFQQ-886cdb1334f73da50521","properties":{"airport":"LFQQ","name":"COLOR_HardSurface3","layer":"Airfield surfaces","category":"Hard Surface 3","object_type":"Area","style_id":"polygon.hardsurface3.8a807f","source_group":"COLOR_HardSurface3","vsmr_group_ids":[],"geometry_role":"filled_region"},"geometry":{"type":"Polygon","coordinates":[[[3.092455016065498,50.57315555192548],[3.092473533472946,50.57314860462817],[3.092491291052972,50.57313724535561],[3.092513278709608,50.57312106303574],[3.092532331905329,50.5731049329187],[3.092550040047881,50.57308994507473],[3.092572157157285,50.57306573266509],[3.092605365410692,50.57302195599593],[3.093021883534743,50.57250945639654],[3.094665643310637,50.5727441381742],[3.096271611091097,50.57301842585321],[3.096524756134105,50.57305129346789],[3.09659081760252,50.57306582796582],[3.096602578706191,50.57307565372022],[3.096605908787782,50.57308618449015],[3.09656447213871,50.57323834157513],[3.096533877366694,50.57346155457994],[3.096520284644466,50.57352784636657],[3.09650951195001,50.5735803615798],[3.096502908817529,50.57360189554458],[3.094723769532552,50.57339463988993],[3.094344823896762,50.57334376461087],[3.093345298780308,50.57316045246138],[3.093284621383321,50.57314914385341],[3.093225038819518,50.57315785920185],[3.093165041774486,50.57316994618772],[3.093098808834434,50.57318178414251],[3.093077037013428,50.57319175139015],[3.093053667535455,50.57320807612506],[3.093029682882891,50.57322697629807],[3.092957325340813,50.57331032231935],[3.092952488075944,50.5733188326403],[3.092952976880181,50.57332577691282],[3.092959785719833,50.57333198272514],[3.092977318318846,50.57333665993713],[3.093127179256006,50.5733613584418],[3.093140080729375,50.57335733308247],[3.093148600641471,50.573358326903],[3.093159017521829,50.57336124110785],[3.093224007138697,50.57337975616894],[3.093249489381353,50.57338881564572],[3.093254802874079,50.57339661468934],[3.093220674078989,50.57349618364527],[3.092633607009811,50.5735951757908],[3.092455016065498,50.57315555192548]]]}},{"type":"Feature","id":"LFQQ-6d5f9af3a2d0a7aa9b73","properties":{"airport":"LFQQ","name":"COLOR_HardSurface3","layer":"Airfield surfaces","category":"Hard Surface 3","object_type":"Area","style_id":"polygon.hardsurface3.8a807f","source_group":"COLOR_HardSurface3","vsmr_group_ids":[],"geometry_role":"filled_region"},"geometry":{"type":"Polygon","coordinates":[[[3.093999323321233,50.57379235438312],[3.094463795062341,50.5739299254396],[3.09431556793321,50.57414517186142],[3.093927185954692,50.57402969122855],[3.093938970257506,50.57400872134399],[3.093868124197148,50.57398760227615],[3.093999323321233,50.57379235438312]]]}},{"type":"Feature","id":"LFQQ-b2b24e88a4e6df446f6f","properties":{"airport":"LFQQ","name":"COLOR_RunwayConcrete","layer":"Airfield surfaces","category":"Runways","object_type":"Area","style_id":"polygon.runwayconcrete.555555","source_group":"COLOR_RunwayConcrete","vsmr_group_ids":[],"geometry_role":"filled_region"},"geometry":{"type":"Polygon","coordinates":[[[3.122017244295201,50.56822913382539],[3.121879577094342,50.56861967295713],[3.121862350697373,50.56866866257231],[3.121845400577885,50.56870487519787],[3.121824164109182,50.56873814608092],[3.121796683526532,50.56876921270066],[3.1217543008544,50.56881054579129],[3.12171729039902,50.56883980242979],[3.12167863275971,50.56886668626337],[3.121632595680841,50.56889126703635],[3.121577440268863,50.56891547675245],[3.121526337043732,50.56893476905852],[3.121464133851994,50.56895354631468],[3.121412917186206,50.56896425756033],[3.121364837914262,50.56897336128855],[3.121321006527762,50.56897912358093],[3.121270684825956,50.56898324978428],[3.121226245405853,50.56898368019113],[3.121179350646457,50.56898311796611],[3.12113506294645,50.56898028526741],[3.121068405175407,50.56897333658037],[3.119921083606276,50.56834291562104],[3.117084477253849,50.56793979447769],[3.117053699593109,50.56793804927889],[3.117001520154279,50.56794105418704],[3.116929475756831,50.56794884971517],[3.116838889603353,50.56796346806222],[3.11677670424477,50.56797848527494],[3.11672358354643,50.5679953309237],[3.116677849117286,50.56801687211046],[3.116633297268856,50.56804780451253],[3.116556959573671,50.56811821051011],[3.11652031390643,50.56815636293838],[3.116485661758839,50.56820091493323],[3.116404326128428,50.56831945248743],[3.116347568064679,50.56841505348691],[3.11631433754868,50.56848317719836],[3.116252079319068,50.56862450041318],[3.116209788545645,50.56872230336239],[3.116183972649464,50.56878414217154],[3.116167357102786,50.5688299858011],[3.116156834705153,50.56886254752148],[3.116144971984067,50.56889674426954],[3.116136484853369,50.56892949994666],[3.116126194744924,50.56897334772254],[3.115753574896267,50.56892087369528],[3.115792610032011,50.56885509827551],[3.115814239335519,50.5688133234292],[3.115835314831008,50.56877172632181],[3.115858132409735,50.56872156170041],[3.115871848087888,50.5686868877164],[3.115892595429672,50.56861932288864],[3.115912256807598,50.56854765506904],[3.115932441266602,50.56846710500777],[3.11594449448003,50.56841036235888],[3.115956961426984,50.56833975613662],[3.115965089717585,50.56826448139796],[3.115970661107794,50.56818179670225],[3.115971844011949,50.56812461146628],[3.115967040845664,50.56806431796413],[3.115958922300188,50.5680123374305],[3.115945625218033,50.56797073699584],[3.11592530370532,50.56792832555079],[3.115902525102596,50.56789147102666],[3.115878289596334,50.56786063793237],[3.115850841080035,50.567832220816],[3.115815293916722,50.56779979341491],[3.115747284831658,50.56774707626013],[3.108525899303702,50.56672029462756],[3.108471983390768,50.56672689905101],[3.108416697047085,50.56673768429686],[3.108369184051567,50.56674981617584],[3.108320429170555,50.56676637963523],[3.108274868787828,50.56678839270221],[3.108237775647009,50.56681053242698],[3.108213569087313,50.56682900393586],[3.108193848537559,50.5668507872378],[3.108173973882458,50.56687703275394],[3.108159496633158,50.56689894890407],[3.108147216083581,50.56692455128019],[3.108134480126472,50.56695942882808],[3.107844770763373,50.56779330367461],[3.107629919106547,50.56776481481733],[3.107926118789348,50.56693126637031],[3.107940115261549,50.56688773792524],[3.107942473645318,50.56685821310694],[3.107936605174828,50.5668156689791],[3.107918017599749,50.56677544965598],[3.107896257234439,50.56673654410627],[3.107864377865974,50.56670289377176],[3.107832158127777,50.56667410999589],[3.107794601427967,50.56665103750448],[3.107748624263871,50.56662512905552],[3.10774770270744,50.56662514165189],[3.107678673212559,50.56660052023052],[3.097182715526914,50.56510587023352],[3.09715759880713,50.5651070706145],[3.097100056585023,50.56511293050648],[3.097003525510149,50.56512891821486],[3.09692626182464,50.56514773820286],[3.096847204189521,50.56517502900968],[3.096776475215284,50.56520652155622],[3.096717201889956,50.56523925779722],[3.096670427085246,50.56527120028945],[3.096621361491239,50.56531121351032],[3.096580870482952,50.56534885249374],[3.096555878776768,50.56538054836572],[3.096533105576542,50.56541399539314],[3.09651742991953,50.5654450443255],[3.096454928586201,50.56558046452551],[3.096431278560323,50.56563993838624],[3.09633295004887,50.56592668172907],[3.096330627393622,50.56594028651999],[3.09631883400022,50.56615617502535],[3.095875302189861,50.56609408897785],[3.09599061148909,50.56590194193156],[3.096020418350949,50.56585110095041],[3.096042309342248,50.56580736798541],[3.096062013130929,50.56576163878554],[3.096080252483617,50.5657166844092],[3.096103077320078,50.56565016710892],[3.096124162546583,50.56558190413964],[3.096145674695445,50.56549879123631],[3.096158350819336,50.56544386791544],[3.096169522847538,50.5653831069839],[3.09617403737561,50.56534814760563],[3.096176528711108,50.56530480328717],[3.096172802179664,50.56526640947949],[3.096162930156365,50.56522534957042],[3.096145487931041,50.56518055958918],[3.096125686508739,50.56514447768429],[3.096096892201621,50.56509875329371],[3.096064869907345,50.5650620821672],[3.096034064835651,50.56502989800671],[3.0959966269499,50.56500028244292],[3.095958955319704,50.56497468124889],[3.095925121657512,50.56495544161875],[3.095880439044663,50.56493456847372],[3.095819863797904,50.56491183527175],[3.09147825591084,50.56429641020426],[3.09143439587058,50.56430404948206],[3.091375155837741,50.56431574018786],[3.091308492838041,50.56433516320913],[3.091251124253478,50.5643587547722],[3.091197344489816,50.56438738249998],[3.091144684947809,50.5644242303513],[3.091099479285435,50.56446388112178],[3.091056166545161,50.56450747418676],[3.091023096889847,50.56454783942492],[3.09097820350168,50.56461173460572],[3.090934655244719,50.56468207855752],[3.090901787060065,50.56474297376364],[3.090872920184176,50.56479841168075],[3.09084210535219,50.56486315029066],[3.090815400726699,50.56492265561134],[3.090791971031475,50.56497906863124],[3.090771750183099,50.56503515958835],[3.090756514078481,50.565095046491],[3.090744799444798,50.56514741545811],[3.090734849585741,50.56520288526485],[3.090726983930454,50.5652523046971],[3.090718527409331,50.56530814005902],[3.090712434209106,50.5653572550101],[3.090336444700219,50.56530340337491],[3.090442217906733,50.56500411185311],[3.090457898364245,50.56494967669859],[3.090469696984965,50.56490249631817],[3.090521229748702,50.56462863322902],[3.090529022066753,50.5645739987291],[3.090532672707242,50.5645201982338],[3.090532851188732,50.56447294460376],[3.090529057205464,50.56442548379263],[3.090521979697964,50.56438106999707],[3.090511686682644,50.56434320081374],[3.090498081213673,50.56430893518468],[3.090484570552443,50.56428045138997],[3.090459749960921,50.56424433936922],[3.090425253632467,50.56420869865105],[3.090386744631779,50.56417689524984],[3.090324039380807,50.56412983728022],[3.084918869054984,50.56336423167234],[3.084797190896815,50.56338149491774],[3.084691187624415,50.56339757475485],[3.084554640181303,50.56341917657112],[3.084418869672467,50.56344232937808],[3.084250758946847,50.56347305010985],[3.083972396568759,50.56352557549238],[3.083459620622735,50.56362457590086],[3.083385083670804,50.56361098407063],[3.083319385676639,50.5635951672927],[3.083256926747191,50.56357445171844],[3.083206543869441,50.56355188539793],[3.083161133176575,50.56352872487865],[3.083111712351863,50.56349860645641],[3.083073684646678,50.56347196320786],[3.083028125349623,50.56343258655226],[3.082997172444784,50.56339495007995],[3.082973427961944,50.56335888523233],[3.082957619595028,50.56332940206055],[3.082946317692974,50.56329848753646],[3.082937256314966,50.56326777569177],[3.082932785519492,50.56324192221361],[3.082929888714356,50.56321933741592],[3.0829298263531,50.56319485940197],[3.08293189770491,50.56317216290806],[3.082936126571907,50.56314890133778],[3.082943227682367,50.56312342198182],[3.082951164516576,50.56309947863624],[3.08309495710813,50.56268834362095],[3.122017244295201,50.56822913382539]]]}},{"type":"Feature","id":"LFQQ-eca1756a9cd09b3ecba2","properties":{"airport":"LFQQ","name":"COLOR_RunwayConcrete","layer":"Airfield surfaces","category":"Runways","object_type":"Area","style_id":"polygon.runwayconcrete.555555","source_group":"COLOR_RunwayConcrete","vsmr_group_ids":[],"geometry_role":"filled_region"},"geometry":{"type":"Polygon","coordinates":[[[3.08525916173304,50.56017221181135],[3.085669465379819,50.56010512133738],[3.087893809818758,50.5654548488596],[3.08793423033787,50.56546379820846],[3.087979552161324,50.56547057184371],[3.088068183388921,50.56548325974452],[3.089428405179964,50.56567678988882],[3.089358777771525,50.56587598943846],[3.088298908791625,50.56572561430376],[3.088265410398485,50.56572300279316],[3.088265405650403,50.56572285751892],[3.088232223761027,50.56572358835042],[3.088198225853758,50.56572767722236],[3.08816682891369,50.56573551491287],[3.088136392910092,50.56574698820396],[3.088106939374282,50.565764153291],[3.088085246252823,50.56578159603592],[3.088066154997327,50.56580334435712],[3.088056889803295,50.56582246787729],[3.088053214271136,50.56584053792284],[3.088056619640542,50.56585833219106],[3.091044859330057,50.57301351040356],[3.091067792593964,50.57303056290573],[3.091146380295131,50.57309036147442],[3.091192782679686,50.5731204078193],[3.091223622921666,50.57314103028966],[3.091258158619428,50.57316009680937],[3.091263465032457,50.57317052359654],[3.091441460200901,50.57318438616743],[3.091476510770348,50.57320312411419],[3.091527451807456,50.57322070797407],[3.091580866410917,50.5732368718404],[3.091621666081179,50.57324838692472],[3.0916679506961,50.57325682106445],[3.091713368931812,50.5732609411068],[3.091756766042237,50.57326274781034],[3.091793979814161,50.57326209249186],[3.091829518322218,50.57326030609093],[3.091876847145378,50.57325414460843],[3.09221473096696,50.57319517650595],[3.092397661074942,50.57363718650546],[3.090964816459765,50.57387593046659],[3.086684610321566,50.56361036947929],[3.08525916173304,50.56017221181135]]]}},{"type":"Feature","id":"LFQQ-b7990762023903be5a90","properties":{"airport":"LFQQ","name":"COLOR_RunwayConcrete","layer":"Airfield surfaces","category":"Runways","object_type":"Area","style_id":"polygon.runwayconcrete.555555","source_group":"COLOR_RunwayConcrete","vsmr_group_ids":[],"geometry_role":"filled_region"},"geometry":{"type":"Polygon","coordinates":[[[3.094309812549241,50.57409016431799],[3.093908497241455,50.5739761155847],[3.094024780857731,50.5738152733214],[3.094425731640726,50.57392903814141],[3.094309812549241,50.57409016431799]]]}},{"type":"Feature","id":"LFQQ-2102d4ee0d0039f6ea71","properties":{"airport":"LFQQ","name":"COLOR_GrasSurface","layer":"Terrain","category":"Grass","object_type":"Area","style_id":"polygon.grassurface.00512f","source_group":"COLOR_GrasSurface","vsmr_group_ids":[],"geometry_role":"filled_region"},"geometry":{"type":"Polygon","coordinates":[[[3.095443861984439,50.5686683503082],[3.095431457519504,50.56865736063047],[3.095425932556617,50.56865142435901],[3.095425554912321,50.56863691067911],[3.095427406965332,50.56862779884334],[3.095432573261543,50.56862060116062],[3.09546248041042,50.56860667799968],[3.095592502966322,50.56862434144757],[3.095612552795939,50.56864489566534],[3.095603263572828,50.56867378495891],[3.095566867518638,50.5686887741136],[3.095450460299334,50.56867201127189],[3.095443861984439,50.5686683503082]]]}},{"type":"Feature","id":"LFQQ-bd1ef4218f5766133f56","properties":{"airport":"LFQQ","name":"COLOR_GrasSurface","layer":"Terrain","category":"Grass","object_type":"Area","style_id":"polygon.grassurface.00512f","source_group":"COLOR_GrasSurface","vsmr_group_ids":[],"geometry_role":"filled_region"},"geometry":{"type":"Polygon","coordinates":[[[3.095266061341371,50.56866112584903],[3.095284169405499,50.56861290119848],[3.095292076970162,50.56859995728424],[3.095301123595431,50.56859522179037],[3.095315125312377,50.56858977167148],[3.095327776090442,50.56858712554251],[3.095364683728568,50.56859234988356],[3.09537294775635,50.56859602727483],[3.095389722507218,50.56861231998271],[3.095388870862663,50.56862054879107],[3.095373355750108,50.56867126608695],[3.095367861782807,50.56867889862074],[3.095344038348602,50.56869013916711],[3.095336107938114,50.5686906496099],[3.095287457663405,50.56868280741256],[3.095266368425849,50.56866789064178],[3.095266061341371,50.56866112584903]]]}},{"type":"Feature","id":"LFQQ-162883a122c7e57b0094","properties":{"airport":"LFQQ","name":"COLOR_GrasSurface","layer":"Terrain","category":"Grass","object_type":"Area","style_id":"polygon.grassurface.00512f","source_group":"COLOR_GrasSurface","vsmr_group_ids":[],"geometry_role":"filled_region"},"geometry":{"type":"Polygon","coordinates":[[[3.095077816868141,50.5686310882208],[3.095099247851509,50.56857613654191],[3.095102928890923,50.56857126303272],[3.095114889441672,50.56856462219065],[3.095126854099357,50.56856148757983],[3.095143423146871,50.56856068893673],[3.095231548530222,50.56857466345998],[3.095248283536163,50.56859475513659],[3.09523202964451,50.56865749481224],[3.095200402201246,50.56867119076286],[3.095187262978916,50.56867137111167],[3.095101570006757,50.5686599029051],[3.095078425673008,50.56863515221847],[3.095077816868141,50.5686310882208]]]}},{"type":"Feature","id":"LFQQ-e5461defbb9df39011ed","properties":{"airport":"LFQQ","name":"COLOR_GrasSurface","layer":"Terrain","category":"Grass","object_type":"Area","style_id":"polygon.grassurface.00512f","source_group":"COLOR_GrasSurface","vsmr_group_ids":[],"geometry_role":"filled_region"},"geometry":{"type":"Polygon","coordinates":[[[3.094957154599385,50.56862039226805],[3.094977658072824,50.56855946650233],[3.094984128239326,50.56855277552445],[3.095008828530259,50.56854468046096],[3.095021501227331,50.56854348459883],[3.095036958436763,50.56854622619805],[3.095049625388571,50.56855310750887],[3.095058872257161,50.56856510503858],[3.095057911593493,50.56857709691295],[3.095040215726181,50.56862627285143],[3.095030966824537,50.56863408093565],[3.095007890616852,50.56864382185896],[3.095007275851274,50.56864362656104],[3.094997748541632,50.56864459556179],[3.094981157955488,50.56864341700433],[3.094964562557991,50.56863658701527],[3.09495901941125,50.56862956468116],[3.094957154599385,50.56862039226805]]]}},{"type":"Feature","id":"LFQQ-b19c296c822b02a92a74","properties":{"airport":"LFQQ","name":"COLOR_GrasSurface","layer":"Terrain","category":"Grass","object_type":"Area","style_id":"polygon.grassurface.00512f","source_group":"COLOR_GrasSurface","vsmr_group_ids":[],"geometry_role":"filled_region"},"geometry":{"type":"Polygon","coordinates":[[[3.094895567259277,50.56861796502716],[3.094916283315887,50.56856238308998],[3.094920870469164,50.56855488446406],[3.094929059777896,50.56855150915623],[3.094940130864303,50.56855165226294],[3.094947583271315,50.56855424954484],[3.094951173165017,50.5685588399728],[3.094949207215214,50.56856740794916],[3.094927870414728,50.56862238269394],[3.094925464236551,50.56862632437318],[3.094919710963473,50.56862965492236],[3.094910378034124,50.56863101117699],[3.09490177087306,50.56863009566751],[3.094896994713991,50.56862524376278],[3.094895567259277,50.56861796502716]]]}},{"type":"Feature","id":"LFQQ-e9f6a9a5931a84fe947b","properties":{"airport":"LFQQ","name":"COLOR_GrasSurface","layer":"Terrain","category":"Grass","object_type":"Area","style_id":"polygon.grassurface.00512f","source_group":"COLOR_GrasSurface","vsmr_group_ids":[],"geometry_role":"filled_region"},"geometry":{"type":"Polygon","coordinates":[[[3.094764866678139,50.5686100794269],[3.094756028913039,50.56860281193261],[3.09474909214424,50.5685947843989],[3.094748355731869,50.5685873595341],[3.094764248508064,50.56853318940027],[3.094773106427622,50.56852553954409],[3.094782217976537,50.56852047668144],[3.094792542394558,50.56851985068027],[3.094860591646751,50.56852422145225],[3.094877194692529,50.56852772907529],[3.094887258921299,50.56853675684398],[3.094893239379288,50.56854302709785],[3.094892701232621,50.56855143615468],[3.094875093578267,50.56860243736014],[3.094866410006585,50.56861425401696],[3.094851307931954,50.56862059742686],[3.094837910579027,50.56862315441829],[3.094816650643875,50.56862192183412],[3.09479683863662,50.56861993730181],[3.094776797355845,50.56861553340205],[3.094764866678139,50.5686100794269]]]}},{"type":"Feature","id":"LFQQ-5e5d1919271425a0a673","properties":{"airport":"LFQQ","name":"COLOR_Building","layer":"Buildings and structures","category":"Buildings","object_type":"Area","style_id":"polygon.building.394446","source_group":"COLOR_Building","vsmr_group_ids":[],"geometry_role":"filled_region"},"geometry":{"type":"Polygon","coordinates":[[[3.116511116725134,50.57185165047693],[3.116307265074434,50.57242414509761],[3.114873899319206,50.5722245243163],[3.114897964821097,50.57215736469094],[3.113963591630917,50.57202229425711],[3.113981273299666,50.57197219938449],[3.113889426742886,50.57195864492927],[3.114040317362745,50.57152632583328],[3.114131503524487,50.57153820329603],[3.114143121824609,50.5715066489016],[3.114752270083483,50.57159500586412],[3.114793401028453,50.5714755964156],[3.115699408903236,50.57160393424706],[3.115652306622201,50.57173452569337],[3.115936535977013,50.57177406155976],[3.115981452481928,50.57164339569509],[3.116508487361127,50.57171808250057],[3.116464478335903,50.57184526789744],[3.116511116725134,50.57185165047693]]]}},{"type":"Feature","id":"LFQQ-0b2997a7d3edeb05d6c9","properties":{"airport":"LFQQ","name":"COLOR_Building","layer":"Buildings and structures","category":"Buildings","object_type":"Area","style_id":"polygon.building.394446","source_group":"COLOR_Building","vsmr_group_ids":[],"geometry_role":"filled_region"},"geometry":{"type":"Polygon","coordinates":[[[3.10821701968534,50.57194078266561],[3.108053135937947,50.57202201697456],[3.107128485688559,50.57198522321696],[3.107204591659705,50.57205176511636],[3.105055538549377,50.57202378676356],[3.10514177610939,50.57196434651806],[3.105147623103119,50.57196434548468],[3.104952464981896,50.57177872207091],[3.104984189291395,50.57178052283738],[3.10515763935185,50.57170800080227],[3.105020600525703,50.57127843297138],[3.105540772585469,50.57135307044523],[3.105593769067991,50.571199485915],[3.105717179887015,50.5712178002685],[3.105664582905385,50.57137089762956],[3.106822010294017,50.571536808791],[3.106875347815676,50.57138095427342],[3.106998604284987,50.5713982047614],[3.106944449632885,50.57155447638768],[3.107245953461228,50.57159995138213],[3.107302007841386,50.5718367549715],[3.108094938851718,50.57189391496952],[3.10821701968534,50.57194078266561]]]}},{"type":"Feature","id":"LFQQ-2d436a500d7fda8b8008","properties":{"airport":"LFQQ","name":"COLOR_Building","layer":"Buildings and structures","category":"Buildings","object_type":"Area","style_id":"polygon.building.394446","source_group":"COLOR_Building","vsmr_group_ids":[],"geometry_role":"filled_region"},"geometry":{"type":"Polygon","coordinates":[[[3.096666301945477,50.56885746584184],[3.096564632834287,50.56884373944596],[3.096528256232955,50.56894922200138],[3.096765682983436,50.56898240386042],[3.096751634763628,50.56902173399999],[3.09656371443541,50.56899518440049],[3.096558679187331,50.56901000591035],[3.096886324747075,50.56905709287616],[3.096851676197545,50.56915222379449],[3.095964046146684,50.56902521807752],[3.095951490630917,50.56905764972933],[3.095958609760303,50.56906363629717],[3.095963608421548,50.56906961981026],[3.095964947326895,50.56907694211435],[3.095963592705639,50.56908425949996],[3.095959355751892,50.56909108539001],[3.095953200790191,50.56909547197809],[3.095945702844967,50.56909900457459],[3.095937630394678,50.56910119682577],[3.095928021581373,50.56910253650278],[3.095920899632503,50.56910202459157],[3.095912530534608,50.56910022285697],[3.095904906910256,50.56909718686361],[3.095897879112892,50.56909386554089],[3.095893688477613,50.5690896890657],[3.095890693825567,50.56908646070113],[3.095889191617329,50.56908199630678],[3.095889036154207,50.56907829025944],[3.095889477535259,50.56907363187111],[3.0958924609926,50.56906744859424],[3.095897693572149,50.56906240333454],[3.095905474860943,50.56905687834607],[3.095912962416978,50.56905335136009],[3.095919104822262,50.56905154042732],[3.095921299534115,50.56904363710267],[3.095850355405143,50.56903361248771],[3.095817856121379,50.5691294465873],[3.095753432924442,50.56912069360605],[3.095748960873552,50.56913265671289],[3.09563481659838,50.5691164066187],[3.095631694696863,50.56912586387701],[3.09546106461392,50.56910142139234],[3.095457047749699,50.56911183638475],[3.094457679445448,50.56896888771969],[3.094569644490643,50.56864964751312],[3.095851171149056,50.5688294261],[3.095845555251928,50.5688499683471],[3.095855727232846,50.56885112196274],[3.095890713034002,50.56874804339587],[3.095810772375629,50.56873616604288],[3.095832442564872,50.56867005205085],[3.096690174989498,50.56879025868127],[3.096666301945477,50.56885746584184]]]}},{"type":"Feature","id":"LFQQ-046e061f1c41adfe31e3","properties":{"airport":"LFQQ","name":"COLOR_Building","layer":"Buildings and structures","category":"Buildings","object_type":"Area","style_id":"polygon.building.394446","source_group":"COLOR_Building","vsmr_group_ids":[],"geometry_role":"filled_region"},"geometry":{"type":"Polygon","coordinates":[[[3.094139742029633,50.56888817628044],[3.094262965077939,50.56890713250614],[3.094254278521764,50.56893173278783],[3.094130427817772,50.56891362495355],[3.094139742029633,50.56888817628044]]]}},{"type":"Feature","id":"LFQQ-e742ee9ed2844d539915","properties":{"airport":"LFQQ","name":"COLOR_Building","layer":"Buildings and structures","category":"Buildings","object_type":"Area","style_id":"polygon.building.394446","source_group":"COLOR_Building","vsmr_group_ids":[],"geometry_role":"filled_region"},"geometry":{"type":"Polygon","coordinates":[[[3.094172247227227,50.5688266283433],[3.094293236393613,50.56884334587198],[3.094310731043741,50.56879483576613],[3.094355205522541,50.56880077544001],[3.094327502859178,50.5688781277112],[3.094163596188362,50.5688552289521],[3.094172247227227,50.5688266283433]]]}},{"type":"Feature","id":"LFQQ-20300b1bf7ba9cbeb060","properties":{"airport":"LFQQ","name":"COLOR_Building","layer":"Buildings and structures","category":"Buildings","object_type":"Area","style_id":"polygon.building.394446","source_group":"COLOR_Building","vsmr_group_ids":[],"geometry_role":"filled_region"},"geometry":{"type":"Polygon","coordinates":[[[3.09423417965855,50.56866072573999],[3.0943396722164,50.5686761832438],[3.094282869591456,50.56883340842744],[3.094180298651674,50.56881925141155],[3.09423417965855,50.56866072573999]]]}},{"type":"Feature","id":"LFQQ-9860caedc17b60a6c73c","properties":{"airport":"LFQQ","name":"COLOR_Building","layer":"Buildings and structures","category":"Buildings","object_type":"Area","style_id":"polygon.building.394446","source_group":"COLOR_Building","vsmr_group_ids":[],"geometry_role":"filled_region"},"geometry":{"type":"Polygon","coordinates":[[[3.094044778114202,50.56890645055219],[3.093503402060136,50.56882900964958],[3.093517907624266,50.56878739392179],[3.093241778207554,50.56875009922016],[3.093319697600152,50.56852685887223],[3.093331161971125,50.56852861767661],[3.093382616476781,50.56837609178647],[3.093453293126294,50.56838568326473],[3.093455731062646,50.56837790054081],[3.093529589859065,50.56838736146112],[3.093479386725875,50.56853878989031],[3.093488306157188,50.56854011277245],[3.09344322327664,50.56866940651461],[3.093476294581854,50.56867407939095],[3.093449715553276,50.56875540889433],[3.093520096755062,50.56876519035217],[3.093661749215244,50.56838632468848],[3.093564043446129,50.56837328805527],[3.093570916098636,50.56834510241434],[3.094302669865256,50.56844688053624],[3.094291799113618,50.56847580734449],[3.094200921115311,50.56846257685122],[3.094044778114202,50.56890645055219]]]}},{"type":"Feature","id":"LFQQ-0fcaca38248da9490e16","properties":{"airport":"LFQQ","name":"COLOR_Building","layer":"Buildings and structures","category":"Buildings","object_type":"Area","style_id":"polygon.building.394446","source_group":"COLOR_Building","vsmr_group_ids":[],"geometry_role":"filled_region"},"geometry":{"type":"Polygon","coordinates":[[[3.092671773843845,50.56843638659778],[3.093268617289271,50.5685201162282],[3.093216084212222,50.56866351516815],[3.093277228988225,50.56867197470564],[3.09326532475017,50.56869788071694],[3.093207173811465,50.56869059377476],[3.093170135245951,50.56880018157557],[3.092579505157413,50.56871855609192],[3.092671773843845,50.56843638659778]]]}},{"type":"Feature","id":"LFQQ-01db917c0c3278e4aa01","properties":{"airport":"LFQQ","name":"COLOR_Building","layer":"Buildings and structures","category":"Buildings","object_type":"Area","style_id":"polygon.building.394446","source_group":"COLOR_Building","vsmr_group_ids":[],"geometry_role":"filled_region"},"geometry":{"type":"Polygon","coordinates":[[[3.094622782764884,50.57279418903473],[3.094682170941081,50.57261823545655],[3.096346866080697,50.57285396825412],[3.096286032536235,50.57302886902563],[3.094622782764884,50.57279418903473]]]}},{"type":"Feature","id":"LFQQ-6ab8a77b7d0166cf0f46","properties":{"airport":"LFQQ","name":"COLOR_Building","layer":"Buildings and structures","category":"Buildings","object_type":"Area","style_id":"polygon.building.394446","source_group":"COLOR_Building","vsmr_group_ids":[],"geometry_role":"filled_region"},"geometry":{"type":"Polygon","coordinates":[[[3.096448732064705,50.573592637006],[3.096387098965081,50.57377364371977],[3.094655500823726,50.57352808495244],[3.094715936468555,50.57334651161796],[3.096448732064705,50.573592637006]]]}},{"type":"Feature","id":"LFQQ-06b3d97cbfb448bbbf38","properties":{"airport":"LFQQ","name":"COLOR_Building","layer":"Buildings and structures","category":"Buildings","object_type":"Area","style_id":"polygon.building.394446","source_group":"COLOR_Building","vsmr_group_ids":[],"geometry_role":"filled_region"},"geometry":{"type":"Polygon","coordinates":[[[3.094404336085119,50.57330587313411],[3.094687880059219,50.57334661150314],[3.094661568675128,50.57342048149682],[3.094379219817973,50.57338215580619],[3.094404336085119,50.57330587313411]]]}},{"type":"Feature","id":"LFQQ-a77519b2cf66303efc8a","properties":{"airport":"LFQQ","name":"COLOR_Building","layer":"Buildings and structures","category":"Buildings","object_type":"Area","style_id":"polygon.building.394446","source_group":"COLOR_Building","vsmr_group_ids":[],"geometry_role":"filled_region"},"geometry":{"type":"Polygon","coordinates":[[[3.093282578539027,50.57335702192339],[3.093168641542909,50.57334038874093],[3.093291232238724,50.5731800810112],[3.093330274702086,50.57318489535545],[3.093340676804786,50.57315352044738],[3.094382946479453,50.57330299998334],[3.09432095009063,50.5734828089901],[3.093289287883287,50.57333718217526],[3.093282578539027,50.57335702192339]]]}},{"type":"Feature","id":"LFQQ-dceccc575e77361afd81","properties":{"airport":"LFQQ","name":"COLOR_Building","layer":"Buildings and structures","category":"Buildings","object_type":"Area","style_id":"polygon.building.394446","source_group":"COLOR_Building","vsmr_group_ids":[],"geometry_role":"filled_region"},"geometry":{"type":"Polygon","coordinates":[[[3.093925850278063,50.5740233767883],[3.094328294180886,50.57414341515532],[3.094186464784399,50.57434188857001],[3.093788608691308,50.57422604194363],[3.093925850278063,50.5740233767883]]]}},{"type":"Feature","id":"LFQQ-466bac32713e59b01e2b","properties":{"airport":"LFQQ","name":"COLOR_Stopbar","layer":"Surface markings","category":"Stopbars","object_type":"Area","style_id":"polygon.stopbar.7e0000","source_group":"COLOR_Stopbar","vsmr_group_ids":[],"geometry_role":"filled_region"},"geometry":{"type":"Polygon","coordinates":[[[3.11575059877202,50.56892511474368],[3.115762196186629,50.56890567938331],[3.116130285599938,50.56895765797795],[3.116125297472028,50.56897814366177],[3.11575059877202,50.56892511474368]]]}},{"type":"Feature","id":"LFQQ-861714f04c4413f0486a","properties":{"airport":"LFQQ","name":"COLOR_Stopbar","layer":"Surface markings","category":"Stopbars","object_type":"Area","style_id":"polygon.stopbar.7e0000","source_group":"COLOR_Stopbar","vsmr_group_ids":[],"geometry_role":"filled_region"},"geometry":{"type":"Polygon","coordinates":[[[3.10762796591332,50.56776843970611],[3.107634824577057,50.56774851478138],[3.107850652234323,50.56777874705223],[3.107843583254721,50.56779868049504],[3.10762796591332,50.56776843970611]]]}},{"type":"Feature","id":"LFQQ-5f19803bfb03d986fb99","properties":{"airport":"LFQQ","name":"COLOR_Stopbar","layer":"Surface markings","category":"Stopbars","object_type":"Area","style_id":"polygon.stopbar.7e0000","source_group":"COLOR_Stopbar","vsmr_group_ids":[],"geometry_role":"filled_region"},"geometry":{"type":"Polygon","coordinates":[[[3.09587189335041,50.56609833164771],[3.095883826565247,50.56607897601884],[3.096320205634666,50.56614109648566],[3.096319411545372,50.56616148126892],[3.09587189335041,50.56609833164771]]]}},{"type":"Feature","id":"LFQQ-70dda9ea0f2be5ca937b","properties":{"airport":"LFQQ","name":"COLOR_Stopbar","layer":"Surface markings","category":"Stopbars","object_type":"Area","style_id":"polygon.stopbar.7e0000","source_group":"COLOR_Stopbar","vsmr_group_ids":[],"geometry_role":"filled_region"},"geometry":{"type":"Polygon","coordinates":[[[3.09033449205907,50.56530834362339],[3.090340944572034,50.56528850843061],[3.090714724273285,50.56534180058744],[3.090712493817445,50.56536247471709],[3.09033449205907,50.56530834362339]]]}},{"type":"Feature","id":"LFQQ-c180a2aa092786c26a71","properties":{"airport":"LFQQ","name":"COLOR_Stopbar","layer":"Surface markings","category":"Stopbars","object_type":"Area","style_id":"polygon.stopbar.7e0000","source_group":"COLOR_Stopbar","vsmr_group_ids":[],"geometry_role":"filled_region"},"geometry":{"type":"Polygon","coordinates":[[[3.089365972892963,50.56587737150839],[3.089334449283681,50.56587301144091],[3.089403564411082,50.5656728853828],[3.089436372369891,50.56567774680155],[3.089365972892963,50.56587737150839]]]}},{"type":"Feature","id":"LFQQ-e6d3681563361d79eeba","properties":{"airport":"LFQQ","name":"COLOR_Stopbar","layer":"Surface markings","category":"Stopbars","object_type":"Area","style_id":"polygon.stopbar.7e0000","source_group":"COLOR_Stopbar","vsmr_group_ids":[],"geometry_role":"filled_region"},"geometry":{"type":"Polygon","coordinates":[[[3.09220334618846,50.57319676590416],[3.092218844149515,50.57319394277329],[3.092403931939129,50.57363611602216],[3.092387424238243,50.57363913940226],[3.09220334618846,50.57319676590416]]]}},{"type":"Feature","id":"LFQQ-8c2ed038b146222fac4c","properties":{"airport":"LFQQ","name":"COLOR_Taxiway","layer":"Guidance lines","category":"Taxiways","object_type":"Line","style_id":"line.taxiway.c0b631","source_group":"COLOR_Taxiway","vsmr_group_ids":[],"geometry_role":"linework"},"geometry":{"type":"LineString","coordinates":[[3.1022477467414,50.570474351352],[3.102373437666048,50.57011737242264]]}},{"type":"Feature","id":"LFQQ-c431771d76151a7960c1","properties":{"airport":"LFQQ","name":"COLOR_Taxiway","layer":"Guidance lines","category":"Taxiways","object_type":"Line","style_id":"line.taxiway.c0b631","source_group":"COLOR_Taxiway","vsmr_group_ids":[],"geometry_role":"linework"},"geometry":{"type":"LineString","coordinates":[[3.102972487836437,50.57020293324973],[3.102849884233367,50.57055655283816]]}},{"type":"Feature","id":"LFQQ-a2eed51099bc9da25f9b","properties":{"airport":"LFQQ","name":"COLOR_Taxiway","layer":"Guidance lines","category":"Taxiways","object_type":"Line","style_id":"line.taxiway.c0b631","source_group":"COLOR_Taxiway","vsmr_group_ids":[],"geometry_role":"linework"},"geometry":{"type":"LineString","coordinates":[[3.103572446897409,50.57028797176605],[3.103449899600539,50.57064238398885]]}},{"type":"Feature","id":"LFQQ-92522a70f2ebccfdf79a","properties":{"airport":"LFQQ","name":"COLOR_Taxiway","layer":"Guidance lines","category":"Taxiways","object_type":"Line","style_id":"line.taxiway.c0b631","source_group":"COLOR_Taxiway","vsmr_group_ids":[],"geometry_role":"linework"},"geometry":{"type":"LineString","coordinates":[[3.104170264848891,50.57037307332656],[3.104041652719545,50.57073972428991]]}},{"type":"Feature","id":"LFQQ-eac5cc0266e0d6d3d231","properties":{"airport":"LFQQ","name":"COLOR_Taxiway","layer":"Guidance lines","category":"Taxiways","object_type":"Line","style_id":"line.taxiway.c0b631","source_group":"COLOR_Taxiway","vsmr_group_ids":[],"geometry_role":"linework"},"geometry":{"type":"LineString","coordinates":[[3.104764519940826,50.57045802787209],[3.104634492997853,50.57083329867162]]}},{"type":"Feature","id":"LFQQ-6c8ee1e75e504902070f","properties":{"airport":"LFQQ","name":"COLOR_Taxiway","layer":"Guidance lines","category":"Taxiways","object_type":"Line","style_id":"line.taxiway.c0b631","source_group":"COLOR_Taxiway","vsmr_group_ids":[],"geometry_role":"linework"},"geometry":{"type":"LineString","coordinates":[[3.105271566404642,50.57052786274677],[3.105645390973142,50.57100337352318]]}},{"type":"Feature","id":"LFQQ-efa13e2806580e077478","properties":{"airport":"LFQQ","name":"COLOR_Taxiway","layer":"Guidance lines","category":"Taxiways","object_type":"Line","style_id":"line.taxiway.c0b631","source_group":"COLOR_Taxiway","vsmr_group_ids":[],"geometry_role":"linework"},"geometry":{"type":"LineString","coordinates":[[3.10588701807321,50.57061533085524],[3.106106194974878,50.57124808551349]]}},{"type":"Feature","id":"LFQQ-26d059e5cce24a2bd6a8","properties":{"airport":"LFQQ","name":"COLOR_Taxiway","layer":"Guidance lines","category":"Taxiways","object_type":"Line","style_id":"line.taxiway.c0b631","source_group":"COLOR_Taxiway","vsmr_group_ids":[],"geometry_role":"linework"},"geometry":{"type":"LineString","coordinates":[[3.106026059463531,50.57124299001226],[3.106229408842307,50.5706639200303]]}},{"type":"Feature","id":"LFQQ-2abe5877041279291bb6","properties":{"airport":"LFQQ","name":"COLOR_Taxiway","layer":"Guidance lines","category":"Taxiways","object_type":"Line","style_id":"line.taxiway.c0b631","source_group":"COLOR_Taxiway","vsmr_group_ids":[],"geometry_role":"linework"},"geometry":{"type":"LineString","coordinates":[[3.106734346751532,50.57074758848722],[3.10696987597048,50.57130524528409]]}},{"type":"Feature","id":"LFQQ-8989f6c9f4b97a4c8159","properties":{"airport":"LFQQ","name":"COLOR_Taxiway","layer":"Guidance lines","category":"Taxiways","object_type":"Line","style_id":"line.taxiway.c0b631","source_group":"COLOR_Taxiway","vsmr_group_ids":[],"geometry_role":"linework"},"geometry":{"type":"LineString","coordinates":[[3.107190769476187,50.57084122332473],[3.107424039676323,50.57151788918048]]}},{"type":"Feature","id":"LFQQ-a94422be816e16e3997b","properties":{"airport":"LFQQ","name":"COLOR_Taxiway","layer":"Guidance lines","category":"Taxiways","object_type":"Line","style_id":"line.taxiway.c0b631","source_group":"COLOR_Taxiway","vsmr_group_ids":[],"geometry_role":"linework"},"geometry":{"type":"LineString","coordinates":[[3.107508251606932,50.57088916264087],[3.10729322802763,50.5714989454184]]}},{"type":"Feature","id":"LFQQ-097f6cf591dce2ab8b3d","properties":{"airport":"LFQQ","name":"COLOR_Taxiway","layer":"Guidance lines","category":"Taxiways","object_type":"Line","style_id":"line.taxiway.c0b631","source_group":"COLOR_Taxiway","vsmr_group_ids":[],"geometry_role":"linework"},"geometry":{"type":"LineString","coordinates":[[3.108152824697374,50.57097739482785],[3.108006627290913,50.57139363794804]]}},{"type":"Feature","id":"LFQQ-951af99230dc9f466f04","properties":{"airport":"LFQQ","name":"COLOR_Taxiway","layer":"Guidance lines","category":"Taxiways","object_type":"Line","style_id":"line.taxiway.c0b631","source_group":"COLOR_Taxiway","vsmr_group_ids":[],"geometry_role":"linework"},"geometry":{"type":"LineString","coordinates":[[3.108168997720295,50.57134359354934],[3.108290848636213,50.57099716521071]]}},{"type":"Feature","id":"LFQQ-50026cf882a59c2b3af8","properties":{"airport":"LFQQ","name":"COLOR_Taxiway","layer":"Guidance lines","category":"Taxiways","object_type":"Line","style_id":"line.taxiway.c0b631","source_group":"COLOR_Taxiway","vsmr_group_ids":[],"geometry_role":"linework"},"geometry":{"type":"LineString","coordinates":[[3.108526304803936,50.57103173676553],[3.108380815656306,50.57144592099883]]}},{"type":"Feature","id":"LFQQ-16ecca21b8f025f759ab","properties":{"airport":"LFQQ","name":"COLOR_Taxiway","layer":"Guidance lines","category":"Taxiways","object_type":"Line","style_id":"line.taxiway.c0b631","source_group":"COLOR_Taxiway","vsmr_group_ids":[],"geometry_role":"linework"},"geometry":{"type":"LineString","coordinates":[[3.10914141358023,50.57111833181966],[3.108994637183193,50.57153620721973]]}},{"type":"Feature","id":"LFQQ-916e04fee576f8b676c5","properties":{"airport":"LFQQ","name":"COLOR_Taxiway","layer":"Guidance lines","category":"Taxiways","object_type":"Line","style_id":"line.taxiway.c0b631","source_group":"COLOR_Taxiway","vsmr_group_ids":[],"geometry_role":"linework"},"geometry":{"type":"LineString","coordinates":[[3.098237005988427,50.56880582040701],[3.097961614301052,50.56876781650943]]}},{"type":"Feature","id":"LFQQ-139681aa01997d7e5f07","properties":{"airport":"LFQQ","name":"COLOR_Taxiway","layer":"Guidance lines","category":"Taxiways","object_type":"Line","style_id":"line.taxiway.c0b631","source_group":"COLOR_Taxiway","vsmr_group_ids":[],"geometry_role":"linework"},"geometry":{"type":"LineString","coordinates":[[3.098312989173571,50.56859037364087],[3.098035157087073,50.56855161014543]]}},{"type":"Feature","id":"LFQQ-a43ac16c7183d26dee4c","properties":{"airport":"LFQQ","name":"COLOR_Taxiway","layer":"Guidance lines","category":"Taxiways","object_type":"Line","style_id":"line.taxiway.c0b631","source_group":"COLOR_Taxiway","vsmr_group_ids":[],"geometry_role":"linework"},"geometry":{"type":"LineString","coordinates":[[3.098390971329963,50.56837301381641],[3.098113136193885,50.56833425260167]]}},{"type":"Feature","id":"LFQQ-7935e9345a708374ab90","properties":{"airport":"LFQQ","name":"COLOR_Taxiway","layer":"Guidance lines","category":"Taxiways","object_type":"Line","style_id":"line.taxiway.c0b631","source_group":"COLOR_Taxiway","vsmr_group_ids":[],"geometry_role":"linework"},"geometry":{"type":"LineString","coordinates":[[3.09846556482968,50.56815565281084],[3.098187727641064,50.56811796454873]]}},{"type":"Feature","id":"LFQQ-f27ed7faf6c855cac9d1","properties":{"airport":"LFQQ","name":"COLOR_Taxiway","layer":"Guidance lines","category":"Taxiways","object_type":"Line","style_id":"line.taxiway.c0b631","source_group":"COLOR_Taxiway","vsmr_group_ids":[],"geometry_role":"linework"},"geometry":{"type":"LineString","coordinates":[[3.098541112253557,50.56793904471275],[3.098265723477114,50.56790038787776]]}},{"type":"Feature","id":"LFQQ-14146a9e4571537f6175","properties":{"airport":"LFQQ","name":"COLOR_Taxiway","layer":"Guidance lines","category":"Taxiways","object_type":"Line","style_id":"line.taxiway.c0b631","source_group":"COLOR_Taxiway","vsmr_group_ids":[],"geometry_role":"linework"},"geometry":{"type":"LineString","coordinates":[[3.097514580736247,50.56867353509915],[3.097173182937516,50.56862405664459]]}},{"type":"Feature","id":"LFQQ-8e90f6b0135157fa5950","properties":{"airport":"LFQQ","name":"COLOR_Taxiway","layer":"Guidance lines","category":"Taxiways","object_type":"Line","style_id":"line.taxiway.c0b631","source_group":"COLOR_Taxiway","vsmr_group_ids":[],"geometry_role":"linework"},"geometry":{"type":"LineString","coordinates":[[3.097607308447996,50.56841934212563],[3.097262289727183,50.56837047046399]]}},{"type":"Feature","id":"LFQQ-10a987a2a8b7e5e5d524","properties":{"airport":"LFQQ","name":"COLOR_Taxiway","layer":"Guidance lines","category":"Taxiways","object_type":"Line","style_id":"line.taxiway.c0b631","source_group":"COLOR_Taxiway","vsmr_group_ids":[],"geometry_role":"linework"},"geometry":{"type":"LineString","coordinates":[[3.097696076904382,50.56816514743964],[3.097351066565164,50.56811627414889]]}},{"type":"Feature","id":"LFQQ-bbcb4b5a8abfb35411fc","properties":{"airport":"LFQQ","name":"COLOR_Taxiway","layer":"Guidance lines","category":"Taxiways","object_type":"Line","style_id":"line.taxiway.c0b631","source_group":"COLOR_Taxiway","vsmr_group_ids":[],"geometry_role":"linework"},"geometry":{"type":"LineString","coordinates":[[3.097780909546033,50.56791219896946],[3.097439842054523,50.56786457835073]]}},{"type":"Feature","id":"LFQQ-3965d639e087e0e18175","properties":{"airport":"LFQQ","name":"COLOR_Taxiway","layer":"Guidance lines","category":"Taxiways","object_type":"Line","style_id":"line.taxiway.c0b631","source_group":"COLOR_Taxiway","vsmr_group_ids":[],"geometry_role":"linework"},"geometry":{"type":"LineString","coordinates":[[3.09617103105114,50.56805426565383],[3.09638218838346,50.56845103051599]]}},{"type":"Feature","id":"LFQQ-70bf75d8f725aa8eccd6","properties":{"airport":"LFQQ","name":"COLOR_Taxiway","layer":"Guidance lines","category":"Taxiways","object_type":"Line","style_id":"line.taxiway.c0b631","source_group":"COLOR_Taxiway","vsmr_group_ids":[],"geometry_role":"linework"},"geometry":{"type":"LineString","coordinates":[[3.095363865250802,50.56793984769414],[3.095577224373791,50.56833599390879]]}},{"type":"Feature","id":"LFQQ-ad916e1bdf5cc720f1a7","properties":{"airport":"LFQQ","name":"COLOR_Taxiway","layer":"Guidance lines","category":"Taxiways","object_type":"Line","style_id":"line.taxiway.c0b631","source_group":"COLOR_Taxiway","vsmr_group_ids":[],"geometry_role":"linework"},"geometry":{"type":"LineString","coordinates":[[3.094900997786685,50.56748909916207],[3.09525394047546,50.5681184178439]]}},{"type":"Feature","id":"LFQQ-450b76f867c4e0aa0704","properties":{"airport":"LFQQ","name":"COLOR_Taxiway","layer":"Guidance lines","category":"Taxiways","object_type":"Line","style_id":"line.taxiway.c0b631","source_group":"COLOR_Taxiway","vsmr_group_ids":[],"geometry_role":"linework"},"geometry":{"type":"LineString","coordinates":[[3.094558649404602,50.5678268610592],[3.094771829100158,50.56822172126917]]}},{"type":"Feature","id":"LFQQ-5f8ef43e14db226fd18f","properties":{"airport":"LFQQ","name":"COLOR_Taxiway","layer":"Guidance lines","category":"Taxiways","object_type":"Line","style_id":"line.taxiway.c0b631","source_group":"COLOR_Taxiway","vsmr_group_ids":[],"geometry_role":"linework"},"geometry":{"type":"LineString","coordinates":[[3.115026574101982,50.57070632417044],[3.114774589025917,50.57067231236076]]}},{"type":"Feature","id":"LFQQ-23a6da6294a9b2094ec6","properties":{"airport":"LFQQ","name":"COLOR_Taxiway","layer":"Guidance lines","category":"Taxiways","object_type":"Line","style_id":"line.taxiway.c0b631","source_group":"COLOR_Taxiway","vsmr_group_ids":[],"geometry_role":"linework"},"geometry":{"type":"LineString","coordinates":[[3.114967096114647,50.57088274499721],[3.114717097223338,50.57084999513909]]}},{"type":"Feature","id":"LFQQ-a06ca6062eb175418d40","properties":{"airport":"LFQQ","name":"COLOR_Taxiway","layer":"Guidance lines","category":"Taxiways","object_type":"Line","style_id":"line.taxiway.c0b631","source_group":"COLOR_Taxiway","vsmr_group_ids":[],"geometry_role":"linework"},"geometry":{"type":"LineString","coordinates":[[3.1149115736015,50.57105916091039],[3.11465960083309,50.57102640909229]]}},{"type":"Feature","id":"LFQQ-70124373aaf49cfe7066","properties":{"airport":"LFQQ","name":"COLOR_Taxiway","layer":"Guidance lines","category":"Taxiways","object_type":"Line","style_id":"line.taxiway.c0b631","source_group":"COLOR_Taxiway","vsmr_group_ids":[],"geometry_role":"linework"},"geometry":{"type":"LineString","coordinates":[[3.116016636488737,50.57058277239023],[3.115603929771995,50.57052608839729]]}},{"type":"Feature","id":"LFQQ-5698dec082dac3503771","properties":{"airport":"LFQQ","name":"COLOR_Taxiway","layer":"Guidance lines","category":"Taxiways","object_type":"Line","style_id":"line.taxiway.c0b631","source_group":"COLOR_Taxiway","vsmr_group_ids":[],"geometry_role":"linework"},"geometry":{"type":"LineString","coordinates":[[3.115929375454418,50.57085371570178],[3.115510714706269,50.57079955019239]]}},{"type":"Feature","id":"LFQQ-a07818621ade034fbd11","properties":{"airport":"LFQQ","name":"COLOR_Taxiway","layer":"Guidance lines","category":"Taxiways","object_type":"Line","style_id":"line.taxiway.c0b631","source_group":"COLOR_Taxiway","vsmr_group_ids":[],"geometry_role":"linework"},"geometry":{"type":"LineString","coordinates":[[3.115840127308944,50.57112717843799],[3.115421466188673,50.57107175007919]]}},{"type":"Feature","id":"LFQQ-a0251a762fa78a149945","properties":{"airport":"LFQQ","name":"COLOR_Taxiway","layer":"Guidance lines","category":"Taxiways","object_type":"Line","style_id":"line.taxiway.c0b631","source_group":"COLOR_Taxiway","vsmr_group_ids":[],"geometry_role":"linework"},"geometry":{"type":"LineString","coordinates":[[3.116845437465605,50.57119146221886],[3.116358311945864,50.57112730506016]]}},{"type":"Feature","id":"LFQQ-5f8ef43e14db226fd18f-2","properties":{"airport":"LFQQ","name":"COLOR_Taxiway","layer":"Guidance lines","category":"Taxiways","object_type":"Line","style_id":"line.taxiway.c0b631","source_group":"COLOR_Taxiway","vsmr_group_ids":[],"geometry_role":"linework"},"geometry":{"type":"LineString","coordinates":[[3.115026574101982,50.57070632417044],[3.114774589025917,50.57067231236076]]}},{"type":"Feature","id":"LFQQ-d67e9cba0915e710e2d9","properties":{"airport":"LFQQ","name":"COLOR_RunwayBorder","layer":"Guidance lines","category":"Runway Border","object_type":"Line","style_id":"line.runwayborder.808080","source_group":"COLOR_RunwayBorder","vsmr_group_ids":[],"geometry_role":"linework"},"geometry":{"type":"LineString","coordinates":[[3.118039264379531,50.5680755934985],[3.118177176928392,50.56768233918745]]}},{"type":"Feature","id":"LFQQ-b410674961a13e48fbcb","properties":{"airport":"LFQQ","name":"COLOR_RunwayBorder","layer":"Guidance lines","category":"Runway Border","object_type":"Line","style_id":"line.runwayborder.808080","source_group":"COLOR_RunwayBorder","vsmr_group_ids":[],"geometry_role":"linework"},"geometry":{"type":"LineString","coordinates":[[3.118408734025768,50.56793612650809],[3.118277365283564,50.5679014093314],[3.118420839242078,50.56790567703029]]}},{"type":"Feature","id":"LFQQ-4755dea456779a52ee6f","properties":{"airport":"LFQQ","name":"COLOR_RunwayBorder","layer":"Guidance lines","category":"Runway Border","object_type":"Line","style_id":"line.runwayborder.808080","source_group":"COLOR_RunwayBorder","vsmr_group_ids":[],"geometry_role":"linework"},"geometry":{"type":"LineString","coordinates":[[3.118412865423912,50.56792077299178],[3.118690499151839,50.56796031815548]]}},{"type":"Feature","id":"LFQQ-2ae7ab0f5accf193b858","properties":{"airport":"LFQQ","name":"COLOR_RunwayBorder","layer":"Guidance lines","category":"Runway Border","object_type":"Line","style_id":"line.runwayborder.808080","source_group":"COLOR_RunwayBorder","vsmr_group_ids":[],"geometry_role":"linework"},"geometry":{"type":"LineString","coordinates":[[3.119097724819646,50.56803362444196],[3.118965042144579,50.56799951922297],[3.119109027651916,50.568003283274]]}},{"type":"Feature","id":"LFQQ-0dc6ec93b0cfe56e0cb5","properties":{"airport":"LFQQ","name":"COLOR_RunwayBorder","layer":"Guidance lines","category":"Runway Border","object_type":"Line","style_id":"line.runwayborder.808080","source_group":"COLOR_RunwayBorder","vsmr_group_ids":[],"geometry_role":"linework"},"geometry":{"type":"LineString","coordinates":[[3.119102235599336,50.56801891179278],[3.119378321902715,50.56805824343528]]}},{"type":"Feature","id":"LFQQ-5448919036f8a7b92754","properties":{"airport":"LFQQ","name":"COLOR_RunwayBorder","layer":"Guidance lines","category":"Runway Border","object_type":"Line","style_id":"line.runwayborder.808080","source_group":"COLOR_RunwayBorder","vsmr_group_ids":[],"geometry_role":"linework"},"geometry":{"type":"LineString","coordinates":[[3.11978683986883,50.56813096373057],[3.119653872217021,50.56809716596852],[3.119799067664906,50.56810094926534]]}},{"type":"Feature","id":"LFQQ-6af7c7a04d31642c0247","properties":{"airport":"LFQQ","name":"COLOR_RunwayBorder","layer":"Guidance lines","category":"Runway Border","object_type":"Line","style_id":"line.runwayborder.808080","source_group":"COLOR_RunwayBorder","vsmr_group_ids":[],"geometry_role":"linework"},"geometry":{"type":"LineString","coordinates":[[3.119792141178341,50.56811648214299],[3.120068117061388,50.5681556981376]]}},{"type":"Feature","id":"LFQQ-ee5f21a8a2819b254f55","properties":{"airport":"LFQQ","name":"COLOR_RunwayBorder","layer":"Guidance lines","category":"Runway Border","object_type":"Line","style_id":"line.runwayborder.808080","source_group":"COLOR_RunwayBorder","vsmr_group_ids":[],"geometry_role":"linework"},"geometry":{"type":"LineString","coordinates":[[3.120477401214856,50.56822989195523],[3.120343696832431,50.56819566718254],[3.120488741090475,50.56819918336767]]}},{"type":"Feature","id":"LFQQ-bb6c2ddb2a98446b19b7","properties":{"airport":"LFQQ","name":"COLOR_RunwayBorder","layer":"Guidance lines","category":"Runway Border","object_type":"Line","style_id":"line.runwayborder.808080","source_group":"COLOR_RunwayBorder","vsmr_group_ids":[],"geometry_role":"linework"},"geometry":{"type":"LineString","coordinates":[[3.120481420210712,50.56821431807175],[3.120757545234618,50.56825301870613]]}},{"type":"Feature","id":"LFQQ-31f0b52a8408bc41735d","properties":{"airport":"LFQQ","name":"COLOR_RunwayBorder","layer":"Guidance lines","category":"Runway Border","object_type":"Line","style_id":"line.runwayborder.808080","source_group":"COLOR_RunwayBorder","vsmr_group_ids":[],"geometry_role":"linework"},"geometry":{"type":"LineString","coordinates":[[3.121165290589099,50.56832750704752],[3.121033512046241,50.56829331548926],[3.121177155420976,50.56829725916744]]}},{"type":"Feature","id":"LFQQ-c32e32f00042f4145605","properties":{"airport":"LFQQ","name":"COLOR_RunwayBorder","layer":"Guidance lines","category":"Runway Border","object_type":"Line","style_id":"line.runwayborder.808080","source_group":"COLOR_RunwayBorder","vsmr_group_ids":[],"geometry_role":"linework"},"geometry":{"type":"LineString","coordinates":[[3.121169901976351,50.56831154588533],[3.121404803324184,50.5683451417845]]}},{"type":"Feature","id":"LFQQ-0720aa29c916b718aaa8","properties":{"airport":"LFQQ","name":"Fret","layer":"Labels","category":"Gates","object_type":"Label","style_id":"label.gates","source_group":"LFQQ Gates","vsmr_group_ids":[],"geometry_role":"text_label","text-field":"Fret"},"geometry":{"type":"Point","coordinates":[3.115383056,50.572002778]}},{"type":"Feature","id":"LFQQ-312581b100ffd1f64840","properties":{"airport":"LFQQ","name":"Terminal","layer":"Labels","category":"Gates","object_type":"Label","style_id":"label.gates","source_group":"LFQQ Gates","vsmr_group_ids":[],"geometry_role":"text_label","text-field":"Terminal"},"geometry":{"type":"Point","coordinates":[3.105936944,50.571765]}},{"type":"Feature","id":"LFQQ-3ba1bcb027cfbe367b13","properties":{"airport":"LFQQ","name":"Aviation Generale","layer":"Labels","category":"Gates","object_type":"Label","style_id":"label.gates","source_group":"LFQQ Gates","vsmr_group_ids":[],"geometry_role":"text_label","text-field":"Aviation Generale"},"geometry":{"type":"Point","coordinates":[3.095265278,50.568915556]}},{"type":"Feature","id":"LFQQ-8626c2aebde7a2359f8c","properties":{"airport":"LFQQ","name":"H","layer":"Labels","category":"Gates","object_type":"Label","style_id":"label.gates","source_group":"LFQQ Gates","vsmr_group_ids":[],"geometry_role":"text_label","text-field":"H"},"geometry":{"type":"Point","coordinates":[3.094158333,50.573956111]}},{"type":"Feature","id":"LFQQ-da4d57712619e0295651","properties":{"airport":"LFQQ","name":"Parking E","layer":"Labels","category":"Gates","object_type":"Label","style_id":"label.gates","source_group":"LFQQ Gates","vsmr_group_ids":[],"geometry_role":"text_label","text-field":"Parking E"},"geometry":{"type":"Point","coordinates":[3.094589444,50.573086111]}},{"type":"Feature","id":"LFQQ-3cd0da8f8cd2c8d56911","properties":{"airport":"LFQQ","name":"B01","layer":"Labels","category":"Gates","object_type":"Label","style_id":"label.gates","source_group":"LFQQ Gates","vsmr_group_ids":[],"geometry_role":"text_label","text-field":"B01"},"geometry":{"type":"Point","coordinates":[3.102211389,50.570300556]}},{"type":"Feature","id":"LFQQ-71dba7fa193fc2697763","properties":{"airport":"LFQQ","name":"B02","layer":"Labels","category":"Gates","object_type":"Label","style_id":"label.gates","source_group":"LFQQ Gates","vsmr_group_ids":[],"geometry_role":"text_label","text-field":"B02"},"geometry":{"type":"Point","coordinates":[3.102852778,50.570395833]}},{"type":"Feature","id":"LFQQ-a131653ee3962cc87829","properties":{"airport":"LFQQ","name":"B03","layer":"Labels","category":"Gates","object_type":"Label","style_id":"label.gates","source_group":"LFQQ Gates","vsmr_group_ids":[],"geometry_role":"text_label","text-field":"B03"},"geometry":{"type":"Point","coordinates":[3.103433889,50.570478056]}},{"type":"Feature","id":"LFQQ-ebcf88a9b2d2f7c26772","properties":{"airport":"LFQQ","name":"B04","layer":"Labels","category":"Gates","object_type":"Label","style_id":"label.gates","source_group":"LFQQ Gates","vsmr_group_ids":[],"geometry_role":"text_label","text-field":"B04"},"geometry":{"type":"Point","coordinates":[3.104005,50.570566667]}},{"type":"Feature","id":"LFQQ-e1dd6eb8ed380d0dadee","properties":{"airport":"LFQQ","name":"B06","layer":"Labels","category":"Gates","object_type":"Label","style_id":"label.gates","source_group":"LFQQ Gates","vsmr_group_ids":[],"geometry_role":"text_label","text-field":"B06"},"geometry":{"type":"Point","coordinates":[3.104596111,50.570661944]}},{"type":"Feature","id":"LFQQ-681f149ad8378d98537c","properties":{"airport":"LFQQ","name":"B07","layer":"Labels","category":"Gates","object_type":"Label","style_id":"label.gates","source_group":"LFQQ Gates","vsmr_group_ids":[],"geometry_role":"text_label","text-field":"B07"},"geometry":{"type":"Point","coordinates":[3.105417778,50.570846111]}},{"type":"Feature","id":"LFQQ-5885fed397fa64473b18","properties":{"airport":"LFQQ","name":"B08","layer":"Labels","category":"Gates","object_type":"Label","style_id":"label.gates","source_group":"LFQQ Gates","vsmr_group_ids":[],"geometry_role":"text_label","text-field":"B08"},"geometry":{"type":"Point","coordinates":[3.105903889,50.570908611]}},{"type":"Feature","id":"LFQQ-1c993410932bbe05e562","properties":{"airport":"LFQQ","name":"B09","layer":"Labels","category":"Gates","object_type":"Label","style_id":"label.gates","source_group":"LFQQ Gates","vsmr_group_ids":[],"geometry_role":"text_label","text-field":"B09"},"geometry":{"type":"Point","coordinates":[3.106219444,50.570957778]}},{"type":"Feature","id":"LFQQ-881d4d8b3cb7de505761","properties":{"airport":"LFQQ","name":"B10","layer":"Labels","category":"Gates","object_type":"Label","style_id":"label.gates","source_group":"LFQQ Gates","vsmr_group_ids":[],"geometry_role":"text_label","text-field":"B10"},"geometry":{"type":"Point","coordinates":[3.106735556,50.571072778]}},{"type":"Feature","id":"LFQQ-84684cc85fd22c63d1ff","properties":{"airport":"LFQQ","name":"B11","layer":"Labels","category":"Gates","object_type":"Label","style_id":"label.gates","source_group":"LFQQ Gates","vsmr_group_ids":[],"geometry_role":"text_label","text-field":"B11"},"geometry":{"type":"Point","coordinates":[3.107186389,50.571125278]}},{"type":"Feature","id":"LFQQ-1a85e57d5957af16ac0d","properties":{"airport":"LFQQ","name":"B12","layer":"Labels","category":"Gates","object_type":"Label","style_id":"label.gates","source_group":"LFQQ Gates","vsmr_group_ids":[],"geometry_role":"text_label","text-field":"B12"},"geometry":{"type":"Point","coordinates":[3.107501944,50.571178056]}},{"type":"Feature","id":"LFQQ-b22e213bc9b36149cfad","properties":{"airport":"LFQQ","name":"B13","layer":"Labels","category":"Gates","object_type":"Label","style_id":"label.gates","source_group":"LFQQ Gates","vsmr_group_ids":[],"geometry_role":"text_label","text-field":"B13"},"geometry":{"type":"Point","coordinates":[3.107963056,50.571243611]}},{"type":"Feature","id":"LFQQ-997a1574a1f0586c5587","properties":{"airport":"LFQQ","name":"B14","layer":"Labels","category":"Gates","object_type":"Label","style_id":"label.gates","source_group":"LFQQ Gates","vsmr_group_ids":[],"geometry_role":"text_label","text-field":"B14"},"geometry":{"type":"Point","coordinates":[3.108268611,50.571286389]}},{"type":"Feature","id":"LFQQ-f26cf6e021f7de2afba2","properties":{"airport":"LFQQ","name":"B15","layer":"Labels","category":"Gates","object_type":"Label","style_id":"label.gates","source_group":"LFQQ Gates","vsmr_group_ids":[],"geometry_role":"text_label","text-field":"B15"},"geometry":{"type":"Point","coordinates":[3.108544167,50.571194444]}},{"type":"Feature","id":"LFQQ-cabe4b2cbc6056031158","properties":{"airport":"LFQQ","name":"B16","layer":"Labels","category":"Gates","object_type":"Label","style_id":"label.gates","source_group":"LFQQ Gates","vsmr_group_ids":[],"geometry_role":"text_label","text-field":"B16"},"geometry":{"type":"Point","coordinates":[3.108965,50.5713225]}},{"type":"Feature","id":"LFQQ-af1bab7b940d64b348bd","properties":{"airport":"LFQQ","name":"B17","layer":"Labels","category":"Gates","object_type":"Label","style_id":"label.gates","source_group":"LFQQ Gates","vsmr_group_ids":[],"geometry_role":"text_label","text-field":"B17"},"geometry":{"type":"Point","coordinates":[3.109190278,50.571355556]}},{"type":"Feature","id":"LFQQ-5355fd3750c5594557e9","properties":{"airport":"LFQQ","name":"C1W","layer":"Labels","category":"Gates","object_type":"Label","style_id":"label.gates","source_group":"LFQQ Gates","vsmr_group_ids":[],"geometry_role":"text_label","text-field":"C1W"},"geometry":{"type":"Point","coordinates":[3.098078056,50.568827222]}},{"type":"Feature","id":"LFQQ-345d396e8f6f36fbeb93","properties":{"airport":"LFQQ","name":"C1E","layer":"Labels","category":"Gates","object_type":"Label","style_id":"label.gates","source_group":"LFQQ Gates","vsmr_group_ids":[],"geometry_role":"text_label","text-field":"C1E"},"geometry":{"type":"Point","coordinates":[3.098113333,50.568735278]}},{"type":"Feature","id":"LFQQ-935f0e3dd5f68726dc57","properties":{"airport":"LFQQ","name":"C2W","layer":"Labels","category":"Gates","object_type":"Label","style_id":"label.gates","source_group":"LFQQ Gates","vsmr_group_ids":[],"geometry_role":"text_label","text-field":"C2W"},"geometry":{"type":"Point","coordinates":[3.098143333,50.568603889]}},{"type":"Feature","id":"LFQQ-a401057787fdbdf50675","properties":{"airport":"LFQQ","name":"C2E","layer":"Labels","category":"Gates","object_type":"Label","style_id":"label.gates","source_group":"LFQQ Gates","vsmr_group_ids":[],"geometry_role":"text_label","text-field":"C2E"},"geometry":{"type":"Point","coordinates":[3.098183333,50.568525]}},{"type":"Feature","id":"LFQQ-8a7779fae7cae25bbee7","properties":{"airport":"LFQQ","name":"C3W","layer":"Labels","category":"Gates","object_type":"Label","style_id":"label.gates","source_group":"LFQQ Gates","vsmr_group_ids":[],"geometry_role":"text_label","text-field":"C3W"},"geometry":{"type":"Point","coordinates":[3.098223333,50.568386944]}},{"type":"Feature","id":"LFQQ-a19a6b0df57e8904f1fc","properties":{"airport":"LFQQ","name":"C3E","layer":"Labels","category":"Gates","object_type":"Label","style_id":"label.gates","source_group":"LFQQ Gates","vsmr_group_ids":[],"geometry_role":"text_label","text-field":"C3E"},"geometry":{"type":"Point","coordinates":[3.098258611,50.568311389]}},{"type":"Feature","id":"LFQQ-41e135e99179385079e7","properties":{"airport":"LFQQ","name":"C4W","layer":"Labels","category":"Gates","object_type":"Label","style_id":"label.gates","source_group":"LFQQ Gates","vsmr_group_ids":[],"geometry_role":"text_label","text-field":"C4W"},"geometry":{"type":"Point","coordinates":[3.098303611,50.56818]}},{"type":"Feature","id":"LFQQ-a0df8ce70c949aedb894","properties":{"airport":"LFQQ","name":"C4E","layer":"Labels","category":"Gates","object_type":"Label","style_id":"label.gates","source_group":"LFQQ Gates","vsmr_group_ids":[],"geometry_role":"text_label","text-field":"C4E"},"geometry":{"type":"Point","coordinates":[3.098338611,50.568094444]}},{"type":"Feature","id":"LFQQ-28b635e336a2a96ef3d0","properties":{"airport":"LFQQ","name":"C5W","layer":"Labels","category":"Gates","object_type":"Label","style_id":"label.gates","source_group":"LFQQ Gates","vsmr_group_ids":[],"geometry_role":"text_label","text-field":"C5W"},"geometry":{"type":"Point","coordinates":[3.098383889,50.567953333]}},{"type":"Feature","id":"LFQQ-f687125d0cec234357a1","properties":{"airport":"LFQQ","name":"C5E","layer":"Labels","category":"Gates","object_type":"Label","style_id":"label.gates","source_group":"LFQQ Gates","vsmr_group_ids":[],"geometry_role":"text_label","text-field":"C5E"},"geometry":{"type":"Point","coordinates":[3.098418889,50.567880833]}},{"type":"Feature","id":"LFQQ-c6a7c22b9fb6bbd67f3a","properties":{"airport":"LFQQ","name":"C6W","layer":"Labels","category":"Gates","object_type":"Label","style_id":"label.gates","source_group":"LFQQ Gates","vsmr_group_ids":[],"geometry_role":"text_label","text-field":"C6W"},"geometry":{"type":"Point","coordinates":[3.097311667,50.568689444]}},{"type":"Feature","id":"LFQQ-716c62bde6898c849a33","properties":{"airport":"LFQQ","name":"C6E","layer":"Labels","category":"Gates","object_type":"Label","style_id":"label.gates","source_group":"LFQQ Gates","vsmr_group_ids":[],"geometry_role":"text_label","text-field":"C6E"},"geometry":{"type":"Point","coordinates":[3.097346667,50.568603889]}},{"type":"Feature","id":"LFQQ-96131347b07ea1132ac9","properties":{"airport":"LFQQ","name":"C7W","layer":"Labels","category":"Gates","object_type":"Label","style_id":"label.gates","source_group":"LFQQ Gates","vsmr_group_ids":[],"geometry_role":"text_label","text-field":"C7W"},"geometry":{"type":"Point","coordinates":[3.097406944,50.568433056]}},{"type":"Feature","id":"LFQQ-13a9b8ecdf1e4790df4b","properties":{"airport":"LFQQ","name":"C7E","layer":"Labels","category":"Gates","object_type":"Label","style_id":"label.gates","source_group":"LFQQ Gates","vsmr_group_ids":[],"geometry_role":"text_label","text-field":"C7E"},"geometry":{"type":"Point","coordinates":[3.097446944,50.568354167]}},{"type":"Feature","id":"LFQQ-dc330ab6fc69f92436d4","properties":{"airport":"LFQQ","name":"C8W","layer":"Labels","category":"Gates","object_type":"Label","style_id":"label.gates","source_group":"LFQQ Gates","vsmr_group_ids":[],"geometry_role":"text_label","text-field":"C8W"},"geometry":{"type":"Point","coordinates":[3.097491944,50.568193056]}},{"type":"Feature","id":"LFQQ-0d30d8d14a016929f42b","properties":{"airport":"LFQQ","name":"C8E","layer":"Labels","category":"Gates","object_type":"Label","style_id":"label.gates","source_group":"LFQQ Gates","vsmr_group_ids":[],"geometry_role":"text_label","text-field":"C8E"},"geometry":{"type":"Point","coordinates":[3.097532222,50.568094444]}},{"type":"Feature","id":"LFQQ-c4f0a7015aee487d1761","properties":{"airport":"LFQQ","name":"C9W","layer":"Labels","category":"Gates","object_type":"Label","style_id":"label.gates","source_group":"LFQQ Gates","vsmr_group_ids":[],"geometry_role":"text_label","text-field":"C9W"},"geometry":{"type":"Point","coordinates":[3.097567222,50.567936667]}},{"type":"Feature","id":"LFQQ-0d26a6e618980e53b5f3","properties":{"airport":"LFQQ","name":"C9E","layer":"Labels","category":"Gates","object_type":"Label","style_id":"label.gates","source_group":"LFQQ Gates","vsmr_group_ids":[],"geometry_role":"text_label","text-field":"C9E"},"geometry":{"type":"Point","coordinates":[3.097617222,50.567838056]}},{"type":"Feature","id":"LFQQ-4b51842ed48bbd8263f5","properties":{"airport":"LFQQ","name":"C10","layer":"Labels","category":"Gates","object_type":"Label","style_id":"label.gates","source_group":"LFQQ Gates","vsmr_group_ids":[],"geometry_role":"text_label","text-field":"C10"},"geometry":{"type":"Point","coordinates":[3.096435278,50.568163611]}},{"type":"Feature","id":"LFQQ-c62ec2ad60b6fb2d2a03","properties":{"airport":"LFQQ","name":"C11","layer":"Labels","category":"Gates","object_type":"Label","style_id":"label.gates","source_group":"LFQQ Gates","vsmr_group_ids":[],"geometry_role":"text_label","text-field":"C11"},"geometry":{"type":"Point","coordinates":[3.095629722,50.568053056]}},{"type":"Feature","id":"LFQQ-d1e327f16f869ad9c595","properties":{"airport":"LFQQ","name":"C12","layer":"Labels","category":"Gates","object_type":"Label","style_id":"label.gates","source_group":"LFQQ Gates","vsmr_group_ids":[],"geometry_role":"text_label","text-field":"C12"},"geometry":{"type":"Point","coordinates":[3.095269167,50.567679722]}},{"type":"Feature","id":"LFQQ-820bab109186ced0d679","properties":{"airport":"LFQQ","name":"C13","layer":"Labels","category":"Gates","object_type":"Label","style_id":"label.gates","source_group":"LFQQ Gates","vsmr_group_ids":[],"geometry_role":"text_label","text-field":"C13"},"geometry":{"type":"Point","coordinates":[3.094808056,50.567948056]}},{"type":"Feature","id":"LFQQ-0260b62aec2cd0e10dab","properties":{"airport":"LFQQ","name":"D01W","layer":"Labels","category":"Gates","object_type":"Label","style_id":"label.gates","source_group":"LFQQ Gates","vsmr_group_ids":[],"geometry_role":"text_label","text-field":"D01W"},"geometry":{"type":"Point","coordinates":[3.114848333,50.570640278]}},{"type":"Feature","id":"LFQQ-115756dfc6e520cfdf8a","properties":{"airport":"LFQQ","name":"D01E","layer":"Labels","category":"Gates","object_type":"Label","style_id":"label.gates","source_group":"LFQQ Gates","vsmr_group_ids":[],"geometry_role":"text_label","text-field":"D01E"},"geometry":{"type":"Point","coordinates":[3.1149325,50.570731944]}},{"type":"Feature","id":"LFQQ-8981535097468c99c9e7","properties":{"airport":"LFQQ","name":"D02W","layer":"Labels","category":"Gates","object_type":"Label","style_id":"label.gates","source_group":"LFQQ Gates","vsmr_group_ids":[],"geometry_role":"text_label","text-field":"D02W"},"geometry":{"type":"Point","coordinates":[3.114786667,50.570812778]}},{"type":"Feature","id":"LFQQ-afb218ce3ee5b5a23fd0","properties":{"airport":"LFQQ","name":"D02E","layer":"Labels","category":"Gates","object_type":"Label","style_id":"label.gates","source_group":"LFQQ Gates","vsmr_group_ids":[],"geometry_role":"text_label","text-field":"D02E"},"geometry":{"type":"Point","coordinates":[3.114876944,50.570909444]}},{"type":"Feature","id":"LFQQ-c00f0cd0c54fa9d0e3f8","properties":{"airport":"LFQQ","name":"D03W","layer":"Labels","category":"Gates","object_type":"Label","style_id":"label.gates","source_group":"LFQQ Gates","vsmr_group_ids":[],"geometry_role":"text_label","text-field":"D03W"},"geometry":{"type":"Point","coordinates":[3.114723056,50.570996944]}},{"type":"Feature","id":"LFQQ-21a587ec13e1bd096ca4","properties":{"airport":"LFQQ","name":"D03E","layer":"Labels","category":"Gates","object_type":"Label","style_id":"label.gates","source_group":"LFQQ Gates","vsmr_group_ids":[],"geometry_role":"text_label","text-field":"D03E"},"geometry":{"type":"Point","coordinates":[3.114819444,50.571084444]}},{"type":"Feature","id":"LFQQ-557cb07bb8d34c32608b","properties":{"airport":"LFQQ","name":"D04W","layer":"Labels","category":"Gates","object_type":"Label","style_id":"label.gates","source_group":"LFQQ Gates","vsmr_group_ids":[],"geometry_role":"text_label","text-field":"D04W"},"geometry":{"type":"Point","coordinates":[3.115693611,50.570466667]}},{"type":"Feature","id":"LFQQ-ef891a8d59f5d6b2f3ad","properties":{"airport":"LFQQ","name":"D04E","layer":"Labels","category":"Gates","object_type":"Label","style_id":"label.gates","source_group":"LFQQ Gates","vsmr_group_ids":[],"geometry_role":"text_label","text-field":"D04E"},"geometry":{"type":"Point","coordinates":[3.115907222,50.570635]}},{"type":"Feature","id":"LFQQ-a7ea000f8fe7398b4470","properties":{"airport":"LFQQ","name":"D05W","layer":"Labels","category":"Gates","object_type":"Label","style_id":"label.gates","source_group":"LFQQ Gates","vsmr_group_ids":[],"geometry_role":"text_label","text-field":"D05W"},"geometry":{"type":"Point","coordinates":[3.115599167,50.57074]}},{"type":"Feature","id":"LFQQ-7b60199b184fadced3b9","properties":{"airport":"LFQQ","name":"D05E","layer":"Labels","category":"Gates","object_type":"Label","style_id":"label.gates","source_group":"LFQQ Gates","vsmr_group_ids":[],"geometry_role":"text_label","text-field":"D05E"},"geometry":{"type":"Point","coordinates":[3.115829167,50.5708975]}},{"type":"Feature","id":"LFQQ-0a59de9e33284c231fbf","properties":{"airport":"LFQQ","name":"D06W","layer":"Labels","category":"Gates","object_type":"Label","style_id":"label.gates","source_group":"LFQQ Gates","vsmr_group_ids":[],"geometry_role":"text_label","text-field":"D06W"},"geometry":{"type":"Point","coordinates":[3.115506944,50.571014444]}},{"type":"Feature","id":"LFQQ-1b17eb834b9805b93a65","properties":{"airport":"LFQQ","name":"D06E","layer":"Labels","category":"Gates","object_type":"Label","style_id":"label.gates","source_group":"LFQQ Gates","vsmr_group_ids":[],"geometry_role":"text_label","text-field":"D06E"},"geometry":{"type":"Point","coordinates":[3.115724444,50.571182778]}},{"type":"Feature","id":"LFQQ-472172afbb3512b4787f","properties":{"airport":"LFQQ","name":"D07W","layer":"Labels","category":"Gates","object_type":"Label","style_id":"label.gates","source_group":"LFQQ Gates","vsmr_group_ids":[],"geometry_role":"text_label","text-field":"D07W"},"geometry":{"type":"Point","coordinates":[3.116467222,50.571010556]}},{"type":"Feature","id":"LFQQ-2141b95c3f220eed1e9d","properties":{"airport":"LFQQ","name":"D07E","layer":"Labels","category":"Gates","object_type":"Label","style_id":"label.gates","source_group":"LFQQ Gates","vsmr_group_ids":[],"geometry_role":"text_label","text-field":"D07E"},"geometry":{"type":"Point","coordinates":[3.116818333,50.571314722]}},{"type":"Feature","id":"LFQQ-2291d9b0f2da74f40c3d","properties":{"airport":"LFQQ","name":"P2","layer":"Labels","category":"Taxiways","object_type":"Label","style_id":"label.taxiways","source_group":"LFQQ Taxiways","vsmr_group_ids":[],"geometry_role":"text_label","text-field":"P2"},"geometry":{"type":"Point","coordinates":[3.111595556,50.569290556]}},{"type":"Feature","id":"LFQQ-608d9c4e148e1475cd9a","properties":{"airport":"LFQQ","name":"P3","layer":"Labels","category":"Taxiways","object_type":"Label","style_id":"label.taxiways","source_group":"LFQQ Taxiways","vsmr_group_ids":[],"geometry_role":"text_label","text-field":"P3"},"geometry":{"type":"Point","coordinates":[3.100682778,50.567598333]}},{"type":"Feature","id":"LFQQ-eb146379c8c8bea8974a","properties":{"airport":"LFQQ","name":"P4","layer":"Labels","category":"Taxiways","object_type":"Label","style_id":"label.taxiways","source_group":"LFQQ Taxiways","vsmr_group_ids":[],"geometry_role":"text_label","text-field":"P4"},"geometry":{"type":"Point","coordinates":[3.093038333,50.566670556]}},{"type":"Feature","id":"LFQQ-3d4bfa9afe52b5414992","properties":{"airport":"LFQQ","name":"P5","layer":"Labels","category":"Taxiways","object_type":"Label","style_id":"label.taxiways","source_group":"LFQQ Taxiways","vsmr_group_ids":[],"geometry_role":"text_label","text-field":"P5"},"geometry":{"type":"Point","coordinates":[3.089311389,50.566144167]}},{"type":"Feature","id":"LFQQ-ffc7451bea06fd75e6c7","properties":{"airport":"LFQQ","name":"T2","layer":"Labels","category":"Taxiways","object_type":"Label","style_id":"label.taxiways","source_group":"LFQQ Taxiways","vsmr_group_ids":[],"geometry_role":"text_label","text-field":"T2"},"geometry":{"type":"Point","coordinates":[3.115360556,50.568839444]}},{"type":"Feature","id":"LFQQ-20bcf2aa2ee6996fc792","properties":{"airport":"LFQQ","name":"T3","layer":"Labels","category":"Taxiways","object_type":"Label","style_id":"label.taxiways","source_group":"LFQQ Taxiways","vsmr_group_ids":[],"geometry_role":"text_label","text-field":"T3"},"geometry":{"type":"Point","coordinates":[3.107161667,50.567698611]}},{"type":"Feature","id":"LFQQ-4c75d3f4da8a2f3f1cfb","properties":{"airport":"LFQQ","name":"T4","layer":"Labels","category":"Taxiways","object_type":"Label","style_id":"label.taxiways","source_group":"LFQQ Taxiways","vsmr_group_ids":[],"geometry_role":"text_label","text-field":"T4"},"geometry":{"type":"Point","coordinates":[3.095255278,50.566018889]}},{"type":"Feature","id":"LFQQ-b7c6b02227e70abb59a9","properties":{"airport":"LFQQ","name":"T5","layer":"Labels","category":"Taxiways","object_type":"Label","style_id":"label.taxiways","source_group":"LFQQ Taxiways","vsmr_group_ids":[],"geometry_role":"text_label","text-field":"T5"},"geometry":{"type":"Point","coordinates":[3.091108056,50.565416944]}},{"type":"Feature","id":"LFQQ-053e6a6e50037ba69d79","properties":{"airport":"LFQQ","name":"V1","layer":"Labels","category":"Taxiways","object_type":"Label","style_id":"label.taxiways","source_group":"LFQQ Taxiways","vsmr_group_ids":[],"geometry_role":"text_label","text-field":"V1"},"geometry":{"type":"Point","coordinates":[3.115819444,50.570180833]}},{"type":"Feature","id":"LFQQ-49307f6597c573d914cb","properties":{"airport":"LFQQ","name":"V2","layer":"Labels","category":"Taxiways","object_type":"Label","style_id":"label.taxiways","source_group":"LFQQ Taxiways","vsmr_group_ids":[],"geometry_role":"text_label","text-field":"V2"},"geometry":{"type":"Point","coordinates":[3.106836944,50.569065]}},{"type":"Feature","id":"LFQQ-75dfb0c3705c0ba14ab3","properties":{"airport":"LFQQ","name":"V3","layer":"Labels","category":"Taxiways","object_type":"Label","style_id":"label.taxiways","source_group":"LFQQ Taxiways","vsmr_group_ids":[],"geometry_role":"text_label","text-field":"V3"},"geometry":{"type":"Point","coordinates":[3.102766111,50.568450833]}},{"type":"Feature","id":"LFQQ-4872337eb8f21496490e","properties":{"airport":"LFQQ","name":"V4","layer":"Labels","category":"Taxiways","object_type":"Label","style_id":"label.taxiways","source_group":"LFQQ Taxiways","vsmr_group_ids":[],"geometry_role":"text_label","text-field":"V4"},"geometry":{"type":"Point","coordinates":[3.096669444,50.567234722]}},{"type":"Feature","id":"LFQQ-0a8777eeabb0155e8bcf","properties":{"airport":"LFQQ","name":"V5","layer":"Labels","category":"Taxiways","object_type":"Label","style_id":"label.taxiways","source_group":"LFQQ Taxiways","vsmr_group_ids":[],"geometry_role":"text_label","text-field":"V5"},"geometry":{"type":"Point","coordinates":[3.095140556,50.567021667]}},{"type":"Feature","id":"LFQQ-f828d7f69e020beba53f","properties":{"airport":"LFQQ","name":"V6","layer":"Labels","category":"Taxiways","object_type":"Label","style_id":"label.taxiways","source_group":"LFQQ Taxiways","vsmr_group_ids":[],"geometry_role":"text_label","text-field":"V6"},"geometry":{"type":"Point","coordinates":[3.0918375,50.573255833]}},{"type":"Feature","id":"LFQQ-2c157f94c4cd2dfb7f27","properties":{"airport":"LFQQ","name":"V7","layer":"Labels","category":"Taxiways","object_type":"Label","style_id":"label.taxiways","source_group":"LFQQ Taxiways","vsmr_group_ids":[],"geometry_role":"text_label","text-field":"V7"},"geometry":{"type":"Point","coordinates":[3.091993889,50.573692222]}},{"type":"Feature","id":"LFQQ-d214472221a16c89f631","properties":{"airport":"LFQQ","name":"V8","layer":"Labels","category":"Taxiways","object_type":"Label","style_id":"label.taxiways","source_group":"LFQQ Taxiways","vsmr_group_ids":[],"geometry_role":"text_label","text-field":"V8"},"geometry":{"type":"Point","coordinates":[3.093060556,50.5730825]}},{"type":"Feature","id":"LFQQ-b69b15871baaacbbeeaa","properties":{"airport":"LFQQ","name":"E","layer":"Labels","category":"Taxiways","object_type":"Label","style_id":"label.taxiways","source_group":"LFQQ Taxiways","vsmr_group_ids":[],"geometry_role":"text_label","text-field":"E"},"geometry":{"type":"Point","coordinates":[3.092375556,50.573705]}},{"type":"Feature","id":"LFQQ-eb9cdd1992841e944f30","properties":{"airport":"LFQQ","name":"F","layer":"Labels","category":"Taxiways","object_type":"Label","style_id":"label.taxiways","source_group":"LFQQ Taxiways","vsmr_group_ids":[],"geometry_role":"text_label","text-field":"F"},"geometry":{"type":"Point","coordinates":[3.092414722,50.573063333]}}]}
