{"type":"FeatureCollection","name":"LFSB AVISO","bbox":[7.503861389,47.581266111,7.543218889,47.625127222],"metadata":{"schema":"vSMR AVISO","schema_version":2,"geometry_mode":"shared","airport":"LFSB","coordinate_reference_system":"WGS84","coordinate_order":"longitude, latitude","default_color_palette":"dark","color_palettes":["dark","light"],"background_colors":{"dark":"#434A4F","light":"#434A4F"},"runways":[{"ends":["15","33"],"headings":[152,332],"thresholds":[[7.509875,47.617682778],[7.525616944,47.595063889]]},{"ends":["07","25"],"headings":[74,254],"thresholds":[[7.516921944,47.587949722],[7.537641944,47.591196944]]}],"saved_active_runways":[],"saved_active_airport_modes":[],"airport_reference":[7.529166944,47.59],"feature_count":235,"style_count":13,"layer_counts":{"Airfield surfaces":41,"Buildings and structures":26,"Guidance lines":3,"Labels":139,"Surface markings":19,"Terrain":7},"category_counts":{"Buildings":26,"Gates":87,"Grass":7,"Hard Surface 2":6,"Hard Surface 3":12,"Hard Surface 4":13,"Runways":3,"Stopbars":19,"Taxiway Blue":1,"Taxiway Orange":8,"Taxiways":53},"geometry_source":"local GNG","geometry_source_url":"","geometry_license":"GPL-3.0"},"styles":{"polygon.grassurface.00512f":{"name":"Grass","layer":"Terrain","object_type":"Area","paint":{"fill":"#010D19","fill-opacity":1,"palette-overrides":{"light":{"fill":"#00512F"}}},"feature_count":7},"polygon.hardsurface4.969393":{"name":"Hard Surface 4","layer":"Airfield surfaces","object_type":"Area","paint":{"fill":"#152841","fill-opacity":1,"palette-overrides":{"light":{"fill":"#969393"}}},"feature_count":13},"polygon.hardsurface3.8a807f":{"name":"Hard Surface 3","layer":"Airfield surfaces","object_type":"Area","paint":{"fill":"#222D3C","fill-opacity":1,"palette-overrides":{"light":{"fill":"#8A807F"}}},"feature_count":12},"polygon.hardsurface2.595e5b":{"name":"Hard Surface 2","layer":"Airfield surfaces","object_type":"Area","paint":{"fill":"#2F3949","fill-opacity":1,"palette-overrides":{"light":{"fill":"#595E5B"}}},"feature_count":6},"polygon.runwayconcrete.555555":{"name":"Runways","layer":"Airfield surfaces","object_type":"Area","paint":{"fill":"#111318","fill-opacity":1,"palette-overrides":{"light":{"fill":"#555555"}}},"feature_count":3},"polygon.building.394446":{"name":"Buildings","layer":"Buildings and structures","object_type":"Area","paint":{"fill":"#475570","fill-opacity":1,"palette-overrides":{"light":{"fill":"#394446"}}},"feature_count":26},"polygon.stopbar.7e0000":{"name":"Stopbars","layer":"Surface markings","object_type":"Area","paint":{"fill":"#7E0000","fill-opacity":1,"palette-overrides":{"light":{"fill":"#7E0000"}}},"feature_count":19},"polygon.taxiwayorange.cc6d00":{"name":"Taxiway Orange","layer":"Airfield surfaces","object_type":"Area","paint":{"fill":"#CC8B00","fill-opacity":1,"palette-overrides":{"light":{"fill":"#CC6D00"}}},"feature_count":7},"line.taxiway.c0b631":{"name":"Taxiways","layer":"Guidance lines","object_type":"Line","paint":{"stroke":"#4E5A69","stroke-opacity":1,"stroke-width":1,"palette-overrides":{"light":{"stroke":"#C0B631"}}},"feature_count":1},"line.taxiwayblue.004080":{"name":"Taxiway Blue","layer":"Guidance lines","object_type":"Line","paint":{"stroke":"#3B5296","stroke-opacity":1,"stroke-width":1,"palette-overrides":{"light":{"stroke":"#004080"}}},"feature_count":1},"line.taxiwayorange.cc6d00":{"name":"Taxiway Orange","layer":"Guidance lines","object_type":"Line","paint":{"stroke":"#CC8B00","stroke-opacity":1,"stroke-width":1,"palette-overrides":{"light":{"stroke":"#CC6D00"}}},"feature_count":1},"label.gates":{"name":"Gates","layer":"Labels","object_type":"Label","paint":{"text-color":"#CCCCCC","text-font":"Arial","text-size":12,"text-halo-color":"#000000","text-halo-width":1,"text-anchor":"center","zoomLevel":9},"feature_count":87},"label.taxiways":{"name":"Taxiways","layer":"Labels","object_type":"Label","paint":{"text-color":"#CCCCCC","text-font":"Arial","text-size":12,"text-halo-color":"#000000","text-halo-width":1,"text-anchor":"center","zoomLevel":7},"feature_count":52}},"vsmr_groups":[],"features":[{"type":"Feature","id":"LFSB-783171dde83523cf6988","properties":{"airport":"LFSB","name":"LFSB AVISO","layer":"Terrain","category":"Grass","object_type":"Area","style_id":"polygon.grassurface.00512f","source_group":"LFSB AVISO","vsmr_group_ids":[],"geometry_role":"filled_region"},"geometry":{"type":"Polygon","coordinates":[[[7.504164167,47.625127222],[7.503978889,47.6250025],[7.5038775,47.624771944],[7.503861389,47.624721389],[7.503876389,47.624665833],[7.506613333,47.620746389],[7.506626389,47.620709444],[7.506618056,47.620672778],[7.506594444,47.620641944],[7.506526389,47.620611944],[7.505396111,47.620236111],[7.505318056,47.620197222],[7.505288611,47.620149722],[7.505290556,47.620110556],[7.505323611,47.620058889],[7.509275556,47.614372222],[7.509321667,47.614320278],[7.509382222,47.614287778],[7.509456944,47.614269444],[7.509538056,47.614273333],[7.509684722,47.614291667],[7.509735556,47.614289167],[7.509782778,47.614282222],[7.509810556,47.614257222],[7.510063611,47.613895],[7.510611944,47.613100833],[7.511505,47.611821111],[7.511689167,47.611553889],[7.512193333,47.610685556],[7.511709722,47.610546111],[7.511727778,47.610500556],[7.511762222,47.610456667],[7.511759444,47.610456667],[7.511808611,47.610415833],[7.511884444,47.610361389],[7.511977222,47.610308333],[7.512114722,47.610240833],[7.512322778,47.610150556],[7.512393056,47.610123889],[7.512345,47.610076944],[7.512476111,47.610021111],[7.512596111,47.609974444],[7.512694722,47.609918056],[7.512616111,47.609844167],[7.513458611,47.608934167],[7.513549167,47.6083175],[7.514538056,47.606906111],[7.515075,47.605800278],[7.515723611,47.604484167],[7.516513611,47.602872222],[7.515835833,47.602652222],[7.517398056,47.600403056],[7.521135833,47.595051944],[7.522019167,47.593767222],[7.515182222,47.589196111],[7.515273889,47.588934444],[7.515268889,47.588841111],[7.515216667,47.588709444],[7.5142375,47.588078889],[7.513751667,47.587640556],[7.514009444,47.5872325],[7.515801944,47.587074722],[7.515909444,47.587035556],[7.516323333,47.587024722],[7.519401667,47.587490278],[7.519483889,47.587493889],[7.519487778,47.587433611],[7.519599722,47.587401667],[7.519676111,47.587368056],[7.519750556,47.58732],[7.519800833,47.5872575],[7.519889444,47.587059444],[7.519939722,47.586986111],[7.520348333,47.586126667],[7.520403333,47.586067778],[7.52049,47.586032778],[7.5205925,47.586018611],[7.521040833,47.586035],[7.521823889,47.586145278],[7.522326389,47.585417778],[7.522846944,47.584671111],[7.523468889,47.583775],[7.523582778,47.583564167],[7.523703056,47.583263056],[7.5237125,47.583008611],[7.523809444,47.582833333],[7.524635833,47.581652222],[7.524731944,47.581582778],[7.524865,47.581521667],[7.525029722,47.581478889],[7.525698056,47.581370833],[7.526302778,47.58131],[7.526792778,47.5812775],[7.527220278,47.581266389],[7.528387778,47.581266111],[7.529867222,47.58132],[7.531177222,47.581374444],[7.532008333,47.581408056],[7.5323,47.581425278],[7.532545,47.581455],[7.532831944,47.581509167],[7.533105,47.581575833],[7.533843333,47.581762222],[7.534495556,47.581906389],[7.5350025,47.581993611],[7.535498056,47.582073889],[7.535813889,47.582147222],[7.536094722,47.582258611],[7.536826111,47.582601667],[7.537258056,47.582821944],[7.537584722,47.583043056],[7.5383525,47.5835725],[7.538791944,47.583869444],[7.539018889,47.584027222],[7.539161389,47.584185],[7.539205,47.584222222],[7.539260278,47.584253056],[7.53937,47.584275278],[7.539451944,47.584305556],[7.539523333,47.584348611],[7.539576944,47.584401111],[7.540076667,47.5847675],[7.540469722,47.5850825],[7.540755278,47.585346389],[7.540885278,47.5854875],[7.54102,47.585999444],[7.541046111,47.586128889],[7.541006944,47.586326944],[7.540851111,47.586755],[7.540721111,47.587078056],[7.540627778,47.587307778],[7.540499722,47.587504444],[7.540370833,47.587702778],[7.5402275,47.587919722],[7.540152222,47.588081944],[7.540099167,47.58824],[7.540105,47.588476111],[7.540135278,47.588714444],[7.540149444,47.588959722],[7.540163056,47.589170833],[7.540205556,47.589304722],[7.540311389,47.589425278],[7.540543056,47.589591944],[7.540846111,47.589903333],[7.541125,47.590179167],[7.541701667,47.590631944],[7.542035,47.590681667],[7.5423425,47.590831667],[7.542681944,47.591101667],[7.542910556,47.5913675],[7.543062222,47.5916075],[7.543162778,47.591856111],[7.543204722,47.592046111],[7.543218889,47.592250833],[7.543195,47.592473056],[7.543153611,47.592635],[7.543098333,47.592768611],[7.54298,47.593008611],[7.542880278,47.593164444],[7.542799167,47.593267778],[7.54247,47.593688611],[7.542369444,47.593813056],[7.542258056,47.593929722],[7.541968611,47.594205],[7.5410875,47.594795278],[7.540298056,47.595147778],[7.539238889,47.595530833],[7.538528611,47.595802778],[7.537901944,47.596146111],[7.537092222,47.596648611],[7.536505833,47.597135278],[7.536140556,47.59744],[7.535768611,47.597785],[7.5355,47.598084444],[7.535294444,47.598330278],[7.534927222,47.598821944],[7.534719167,47.599113611],[7.534603889,47.599313611],[7.534576389,47.599383889],[7.534537222,47.599466111],[7.534391667,47.599683333],[7.534309167,47.599777778],[7.534234167,47.599842778],[7.534190833,47.599892222],[7.534138056,47.599975],[7.534079722,47.600091667],[7.534036944,47.600211944],[7.533988056,47.600314444],[7.533931944,47.600393611],[7.533712778,47.600675278],[7.533591389,47.600820278],[7.533448611,47.600971667],[7.533273889,47.601121389],[7.532591944,47.601659722],[7.532066944,47.602063611],[7.531731389,47.60233],[7.531302222,47.602605278],[7.5308325,47.6030325],[7.529846389,47.60404],[7.529040278,47.604845833],[7.528668611,47.60515],[7.528320556,47.605385833],[7.5279775,47.605638889],[7.527591944,47.6058675],[7.527182778,47.606081667],[7.526731667,47.606293056],[7.526256667,47.606488889],[7.525706389,47.606766667],[7.525282222,47.607076389],[7.524791667,47.607443889],[7.524260278,47.607825833],[7.523819167,47.608089444],[7.523303611,47.608376667],[7.5228775,47.608643333],[7.522536389,47.608871111],[7.522226667,47.609097222],[7.521904722,47.609336667],[7.5215675,47.609601944],[7.521088611,47.610027778],[7.520666667,47.610496389],[7.520108611,47.611037222],[7.519679722,47.6115325],[7.519326944,47.611938333],[7.5190925,47.612135],[7.518839167,47.612259722],[7.518526944,47.612365556],[7.518161667,47.612432778],[7.517879722,47.612473611],[7.517542778,47.612564167],[7.517293611,47.61268],[7.517146944,47.612805],[7.51704,47.612970833],[7.5167975,47.613745556],[7.516423333,47.613680833],[7.51388,47.617348056],[7.513477222,47.6179075],[7.513220278,47.618208611],[7.512990556,47.61845],[7.512795556,47.618641389],[7.512590556,47.618824444],[7.512240833,47.619119722],[7.511916389,47.619361944],[7.507324444,47.6227075],[7.506121389,47.623586111],[7.506228333,47.623931111],[7.504976667,47.624666389],[7.504164167,47.625127222]]]}},{"type":"Feature","id":"LFSB-20cc2c347c96b9ccc9f9","properties":{"airport":"LFSB","name":"LFSB AVISO","layer":"Airfield surfaces","category":"Hard Surface 4","object_type":"Area","style_id":"polygon.hardsurface4.969393","source_group":"LFSB AVISO","vsmr_group_ids":[],"geometry_role":"filled_region"},"geometry":{"type":"Polygon","coordinates":[[[7.510242778,47.617800278],[7.5097025,47.618564167],[7.508990833,47.618336667],[7.509518611,47.617570278],[7.510242778,47.617800278]]]}},{"type":"Feature","id":"LFSB-d2c45f4f8ec68143db63","properties":{"airport":"LFSB","name":"LFSB AVISO","layer":"Airfield surfaces","category":"Hard Surface 4","object_type":"Area","style_id":"polygon.hardsurface4.969393","source_group":"LFSB AVISO","vsmr_group_ids":[],"geometry_role":"filled_region"},"geometry":{"type":"Polygon","coordinates":[[[7.524860278,47.602821667],[7.524436667,47.602805278],[7.523919167,47.603098056],[7.523813333,47.603278056],[7.523792222,47.6031425],[7.5237875,47.603060556],[7.523787778,47.6030275],[7.523791944,47.602993889],[7.5237975,47.602972222],[7.52426,47.602303333],[7.524663333,47.602426389],[7.524898333,47.602646667],[7.524860278,47.602821667]]]}},{"type":"Feature","id":"LFSB-1aaee370b97159aa4588","properties":{"airport":"LFSB","name":"LFSB AVISO","layer":"Airfield surfaces","category":"Hard Surface 4","object_type":"Area","style_id":"polygon.hardsurface4.969393","source_group":"LFSB AVISO","vsmr_group_ids":[],"geometry_role":"filled_region"},"geometry":{"type":"Polygon","coordinates":[[[7.524932222,47.603959167],[7.524846389,47.604066944],[7.524350278,47.604610556],[7.524194167,47.604563333],[7.524680278,47.603869167],[7.524932222,47.603959167]]]}},{"type":"Feature","id":"LFSB-d0c4bcfc33f913578210","properties":{"airport":"LFSB","name":"LFSB AVISO","layer":"Airfield surfaces","category":"Hard Surface 4","object_type":"Area","style_id":"polygon.hardsurface4.969393","source_group":"LFSB AVISO","vsmr_group_ids":[],"geometry_role":"filled_region"},"geometry":{"type":"Polygon","coordinates":[[[7.525147778,47.602489444],[7.526480556,47.602884722],[7.526685833,47.602941944],[7.526815,47.602946944],[7.526938333,47.602905556],[7.527517222,47.602021389],[7.528053889,47.601943611],[7.529404167,47.601621389],[7.529851944,47.601075556],[7.529961944,47.601118889],[7.529547222,47.601721944],[7.528959167,47.601891111],[7.528503333,47.602251389],[7.528413611,47.602338333],[7.528213333,47.6025075],[7.528122778,47.602456667],[7.527821111,47.602718611],[7.527745,47.602775278],[7.527684167,47.602765833],[7.527654444,47.602767222],[7.527631389,47.602778889],[7.527580278,47.602821944],[7.527446111,47.602768611],[7.526995556,47.603136111],[7.526905,47.6032125],[7.526776389,47.6031375],[7.526546389,47.603318611],[7.526169167,47.603133889],[7.526037778,47.603052222],[7.526037778,47.603052222],[7.525,47.602513333],[7.525147778,47.602489444]]]}},{"type":"Feature","id":"LFSB-c2280a2065122f380abd","properties":{"airport":"LFSB","name":"LFSB AVISO","layer":"Airfield surfaces","category":"Hard Surface 4","object_type":"Area","style_id":"polygon.hardsurface4.969393","source_group":"LFSB AVISO","vsmr_group_ids":[],"geometry_role":"filled_region"},"geometry":{"type":"Polygon","coordinates":[[[7.530177222,47.600743333],[7.530644444,47.600068333],[7.530235278,47.599619722],[7.529158333,47.599271944],[7.528974167,47.599078611],[7.529352222,47.599054444],[7.530208056,47.599311667],[7.5311725,47.599655556],[7.530729444,47.600297778],[7.531054444,47.600399444],[7.530431389,47.601279167],[7.529845556,47.601081944],[7.529907778,47.600954167],[7.530177222,47.600743333]]]}},{"type":"Feature","id":"LFSB-7de245085ad52b8a7cba","properties":{"airport":"LFSB","name":"LFSB AVISO","layer":"Airfield surfaces","category":"Hard Surface 4","object_type":"Area","style_id":"polygon.hardsurface4.969393","source_group":"LFSB AVISO","vsmr_group_ids":[],"geometry_role":"filled_region"},"geometry":{"type":"Polygon","coordinates":[[[7.527999444,47.599102222],[7.528386389,47.598931667],[7.528755833,47.598411389],[7.528705278,47.597918333],[7.528908611,47.597681111],[7.529024167,47.598508056],[7.528676111,47.598997778],[7.527730278,47.599407222],[7.527905,47.599168056],[7.527999444,47.599102222]]]}},{"type":"Feature","id":"LFSB-50193ed35edfff7cb872","properties":{"airport":"LFSB","name":"LFSB AVISO","layer":"Airfield surfaces","category":"Hard Surface 4","object_type":"Area","style_id":"polygon.hardsurface4.969393","source_group":"LFSB AVISO","vsmr_group_ids":[],"geometry_role":"filled_region"},"geometry":{"type":"Polygon","coordinates":[[[7.529773333,47.598561667],[7.530864444,47.5989125],[7.531394722,47.598884722],[7.5328375,47.596933333],[7.533631389,47.597200278],[7.533318611,47.597638056],[7.533111111,47.597575833],[7.532171389,47.598924722],[7.531795278,47.598806389],[7.531351389,47.599437778],[7.529465833,47.598840556],[7.529203333,47.598525556],[7.529773333,47.598561667]]]}},{"type":"Feature","id":"LFSB-5db17f6905de3330ba17","properties":{"airport":"LFSB","name":"LFSB AVISO","layer":"Airfield surfaces","category":"Hard Surface 4","object_type":"Area","style_id":"polygon.hardsurface4.969393","source_group":"LFSB AVISO","vsmr_group_ids":[],"geometry_role":"filled_region"},"geometry":{"type":"Polygon","coordinates":[[[7.529867222,47.595066667],[7.530308333,47.595080833],[7.530725278,47.594628333],[7.530611944,47.594406389],[7.530863611,47.5940275],[7.531233056,47.593913889],[7.532315556,47.592378611],[7.5332325,47.592512222],[7.533080278,47.592920833],[7.532229722,47.592884167],[7.531969167,47.593265556],[7.531900278,47.593431389],[7.531764722,47.593633889],[7.530890833,47.594909167],[7.531307222,47.595028056],[7.531628611,47.594544444],[7.532928611,47.594946944],[7.532630833,47.595407222],[7.533065556,47.595550833],[7.532871111,47.595835556],[7.533513889,47.5960675],[7.533434722,47.59619],[7.5334275,47.596220556],[7.533433056,47.596252222],[7.533434722,47.596287778],[7.533430833,47.596316111],[7.533410833,47.596358889],[7.533387222,47.596401389],[7.533384167,47.596417778],[7.533394722,47.596434444],[7.533413889,47.596449722],[7.533456667,47.596465556],[7.533712778,47.5965575],[7.5337525,47.596620833],[7.533658333,47.596763056],[7.5336225,47.596798333],[7.533590833,47.596809444],[7.533368333,47.597121389],[7.532841667,47.596938056],[7.533193611,47.596399444],[7.532319444,47.595918889],[7.530659167,47.595394167],[7.530451389,47.595691667],[7.529629167,47.595432222],[7.529867222,47.595066667]]]}},{"type":"Feature","id":"LFSB-4432dd1305faa3903543","properties":{"airport":"LFSB","name":"LFSB AVISO","layer":"Airfield surfaces","category":"Hard Surface 4","object_type":"Area","style_id":"polygon.hardsurface4.969393","source_group":"LFSB AVISO","vsmr_group_ids":[],"geometry_role":"filled_region"},"geometry":{"type":"Polygon","coordinates":[[[7.5295,47.594602222],[7.531133889,47.592248333],[7.531294444,47.592234444],[7.530620278,47.593200278],[7.530739444,47.593574722],[7.530593333,47.593771667],[7.530148056,47.593885],[7.529554167,47.594726111],[7.5295,47.594602222]]]}},{"type":"Feature","id":"LFSB-785264b738ff1d46b382","properties":{"airport":"LFSB","name":"LFSB AVISO","layer":"Airfield surfaces","category":"Hard Surface 4","object_type":"Area","style_id":"polygon.hardsurface4.969393","source_group":"LFSB AVISO","vsmr_group_ids":[],"geometry_role":"filled_region"},"geometry":{"type":"Polygon","coordinates":[[[7.532550278,47.592151944],[7.532600278,47.5920925],[7.532655833,47.5920075],[7.532706667,47.591948889],[7.532787222,47.591898611],[7.532894444,47.591870556],[7.533049722,47.591858611],[7.533338611,47.591893611],[7.533355833,47.591931667],[7.533263056,47.592219722],[7.533310278,47.592232222],[7.533205,47.592517222],[7.532321389,47.592383056],[7.532369444,47.592328333],[7.532550278,47.592151944]]]}},{"type":"Feature","id":"LFSB-9f9242333108bf65c9d5","properties":{"airport":"LFSB","name":"LFSB AVISO","layer":"Airfield surfaces","category":"Hard Surface 4","object_type":"Area","style_id":"polygon.hardsurface4.969393","source_group":"LFSB AVISO","vsmr_group_ids":[],"geometry_role":"filled_region"},"geometry":{"type":"Polygon","coordinates":[[[7.537839167,47.5926375],[7.537670556,47.592681389],[7.537544722,47.592658611],[7.537604167,47.5924675],[7.537692778,47.592392778],[7.537840556,47.592355556],[7.537983889,47.592351389],[7.538928889,47.592505278],[7.538811111,47.592496111],[7.538524167,47.592473056],[7.538448611,47.592471389],[7.538373889,47.59248],[7.538302778,47.592502778],[7.538248611,47.592528889],[7.538211111,47.592556111],[7.538184444,47.592591111],[7.53816,47.592629722],[7.538149722,47.592670833],[7.538101944,47.592669722],[7.537839167,47.5926375]]]}},{"type":"Feature","id":"LFSB-ac35c9aaafe98ce039ac","properties":{"airport":"LFSB","name":"LFSB AVISO","layer":"Airfield surfaces","category":"Hard Surface 4","object_type":"Area","style_id":"polygon.hardsurface4.969393","source_group":"LFSB AVISO","vsmr_group_ids":[],"geometry_role":"filled_region"},"geometry":{"type":"Polygon","coordinates":[[[7.537844167,47.587425],[7.538448611,47.586552222],[7.538456944,47.586408611],[7.538325,47.586196389],[7.538903056,47.586040278],[7.539213333,47.586136111],[7.537616944,47.588516111],[7.538500278,47.588788056],[7.538473889,47.588830833],[7.537757778,47.588709444],[7.537694722,47.588801111],[7.537594167,47.588771667],[7.537471667,47.588945],[7.5370475,47.588815556],[7.536829444,47.589134444],[7.536716111,47.589101944],[7.5378575,47.587433056],[7.537844167,47.587425]]]}},{"type":"Feature","id":"LFSB-2d794d462178c8f773fc","properties":{"airport":"LFSB","name":"LFSB AVISO","layer":"Airfield surfaces","category":"Hard Surface 3","object_type":"Area","style_id":"polygon.hardsurface3.8a807f","source_group":"LFSB AVISO","vsmr_group_ids":[],"geometry_role":"filled_region"},"geometry":{"type":"Polygon","coordinates":[[[7.526048056,47.603053333],[7.526184722,47.603131111],[7.525709167,47.603543333],[7.525638056,47.603493889],[7.525103611,47.603903333],[7.524982222,47.603905556],[7.524926944,47.603966667],[7.5246825,47.603883889],[7.524196111,47.604565833],[7.524141389,47.604548611],[7.523841667,47.604470556],[7.523213889,47.604269722],[7.523189444,47.604243611],[7.523172778,47.604220833],[7.523174722,47.604197778],[7.523778056,47.60335],[7.523798889,47.603313611],[7.523815833,47.603276944],[7.525153611,47.602575278],[7.526048056,47.603053333]]]}},{"type":"Feature","id":"LFSB-0da05b8a6aa2c04dd5ba","properties":{"airport":"LFSB","name":"LFSB AVISO","layer":"Airfield surfaces","category":"Hard Surface 3","object_type":"Area","style_id":"polygon.hardsurface3.8a807f","source_group":"LFSB AVISO","vsmr_group_ids":[],"geometry_role":"filled_region"},"geometry":{"type":"Polygon","coordinates":[[[7.526815,47.602946944],[7.526685833,47.602941944],[7.526480556,47.602884722],[7.525147778,47.602489444],[7.525026111,47.602274167],[7.5250025,47.602199722],[7.525004722,47.602027778],[7.525053056,47.601970556],[7.525166111,47.601873889],[7.525231111,47.601795278],[7.525923611,47.6008],[7.525976667,47.600775],[7.526035278,47.60077],[7.52722,47.60114],[7.527279167,47.601167778],[7.527320278,47.601204444],[7.527341389,47.601240278],[7.527060556,47.601635556],[7.527115556,47.601682778],[7.526633056,47.602380556],[7.527177222,47.602541389],[7.526938333,47.602905556],[7.526815,47.602946944]]]}},{"type":"Feature","id":"LFSB-cc180f8993a5acb10722","properties":{"airport":"LFSB","name":"LFSB AVISO","layer":"Airfield surfaces","category":"Hard Surface 3","object_type":"Area","style_id":"polygon.hardsurface3.8a807f","source_group":"LFSB AVISO","vsmr_group_ids":[],"geometry_role":"filled_region"},"geometry":{"type":"Polygon","coordinates":[[[7.528368889,47.601344167],[7.528575833,47.601409722],[7.528960278,47.600855833],[7.528889444,47.600425278],[7.528308333,47.600178611],[7.527888889,47.600228889],[7.527728333,47.600316944],[7.527598611,47.600319722],[7.527178056,47.600173889],[7.526931389,47.600094444],[7.527065833,47.599981667],[7.527529167,47.599729444],[7.528816389,47.599074444],[7.529008056,47.599081389],[7.529091667,47.599173611],[7.529123611,47.599208889],[7.529158611,47.599229167],[7.529233611,47.599262778],[7.529322778,47.599295556],[7.5294975,47.599354444],[7.529651667,47.599401389],[7.530223056,47.599586111],[7.530254722,47.599601389],[7.530282222,47.599623056],[7.530630278,47.599965833],[7.530650833,47.599988889],[7.530668333,47.600015278],[7.530676389,47.600045833],[7.530678056,47.600073333],[7.530674444,47.600095833],[7.530665278,47.600115833],[7.530647222,47.600146667],[7.530586944,47.60024],[7.530296667,47.600655556],[7.530234167,47.600735278],[7.530136667,47.600811389],[7.53,47.600915278],[7.529940556,47.600966944],[7.529897778,47.601022778],[7.529548056,47.601522222],[7.529493611,47.601587222],[7.529448611,47.601625278],[7.529387778,47.601664167],[7.529316944,47.601688611],[7.528928611,47.601796944],[7.528788333,47.601829444],[7.528418611,47.601917778],[7.52836,47.601930833],[7.528294722,47.601940278],[7.528122778,47.601955556],[7.527973333,47.6019675],[7.527817778,47.601982222],[7.527749722,47.601988611],[7.527691667,47.601991111],[7.527646944,47.601991944],[7.527604722,47.602001389],[7.527568611,47.602015],[7.527519167,47.602044167],[7.527955556,47.601413056],[7.528368889,47.601344167]]]}},{"type":"Feature","id":"LFSB-3e0c3efbfcb8816eae1b","properties":{"airport":"LFSB","name":"LFSB AVISO","layer":"Airfield surfaces","category":"Hard Surface 3","object_type":"Area","style_id":"polygon.hardsurface3.8a807f","source_group":"LFSB AVISO","vsmr_group_ids":[],"geometry_role":"filled_region"},"geometry":{"type":"Polygon","coordinates":[[[7.527899444,47.599204167],[7.527873611,47.599226389],[7.527735,47.599406667],[7.527487222,47.59977],[7.526934444,47.600095556],[7.526690556,47.600025556],[7.526588611,47.599973889],[7.526555,47.599888889],[7.5272225,47.598909444],[7.528728889,47.596723056],[7.529954167,47.597124444],[7.530043611,47.59767],[7.5303525,47.5978925],[7.530850833,47.597915556],[7.531253889,47.597735278],[7.531834444,47.596846389],[7.529177222,47.596008611],[7.529480556,47.595477778],[7.530569444,47.595291667],[7.532305833,47.595875278],[7.532337222,47.595887778],[7.532362778,47.595900278],[7.533129444,47.596296389],[7.533160556,47.596315556],[7.533183056,47.5963325],[7.533203056,47.596354167],[7.533215833,47.596377222],[7.533220556,47.596400833],[7.533214722,47.596421389],[7.532298333,47.597740278],[7.5316275,47.598709722],[7.531608056,47.598704167],[7.531497778,47.598850556],[7.531483056,47.598870833],[7.531468056,47.598888056],[7.531451389,47.598901667],[7.531428611,47.598913889],[7.531400556,47.598924444],[7.531364444,47.598933889],[7.531321944,47.598941111],[7.531263611,47.598946667],[7.531028056,47.598967222],[7.530988333,47.598969167],[7.530942222,47.598968333],[7.530899167,47.598965],[7.530853333,47.598959444],[7.530808889,47.598952222],[7.530765,47.598943056],[7.530414722,47.598836667],[7.530274722,47.598791944],[7.530071389,47.598727222],[7.530021667,47.598709444],[7.529989167,47.598694722],[7.529945278,47.598675],[7.529850278,47.598630556],[7.529803889,47.598608889],[7.529763333,47.598593889],[7.529722222,47.598582778],[7.529687778,47.598578611],[7.529656389,47.598579167],[7.529613333,47.598585556],[7.529558333,47.598589444],[7.529296389,47.598603611],[7.528888333,47.597746667],[7.528745556,47.597945278],[7.528751389,47.59797],[7.528754722,47.598009444],[7.528764167,47.598085833],[7.528775,47.598201667],[7.528795,47.598381944],[7.528795833,47.598400556],[7.528786111,47.598423611],[7.5287675,47.598451111],[7.528535556,47.598786944],[7.528440833,47.598922222],[7.528427778,47.598934167],[7.528405278,47.598948611],[7.528251944,47.599024444],[7.528134722,47.599081667],[7.527934722,47.599182778],[7.527899444,47.599204167]]]}},{"type":"Feature","id":"LFSB-c62fc1147efc71a7e56e","properties":{"airport":"LFSB","name":"LFSB AVISO","layer":"Airfield surfaces","category":"Hard Surface 3","object_type":"Area","style_id":"polygon.hardsurface3.8a807f","source_group":"LFSB AVISO","vsmr_group_ids":[],"geometry_role":"filled_region"},"geometry":{"type":"Polygon","coordinates":[[[7.530165556,47.593831111],[7.530226111,47.593849722],[7.530589722,47.5937475],[7.530718611,47.593560833],[7.530625556,47.593241389],[7.530585278,47.593228056],[7.53127,47.592236667],[7.531323056,47.592224167],[7.531321389,47.592162222],[7.531377778,47.592081667],[7.531923333,47.592088889],[7.532131667,47.592063611],[7.532321389,47.592017778],[7.532295,47.592065833],[7.532283611,47.592096389],[7.532278333,47.592131944],[7.532278333,47.592174444],[7.532286111,47.592210556],[7.532305278,47.592248889],[7.532326111,47.592276667],[7.532348611,47.592302778],[7.5323775,47.5923275],[7.532361944,47.5923425],[7.532353056,47.592359722],[7.532335556,47.592393333],[7.532315278,47.592429722],[7.5322825,47.592476389],[7.532156389,47.592661389],[7.531314167,47.593866111],[7.531289167,47.593896389],[7.531259167,47.5939225],[7.531214167,47.593944722],[7.531164167,47.593961389],[7.531103333,47.593979167],[7.5310175,47.593998056],[7.530953611,47.594013056],[7.530909722,47.59403],[7.530875833,47.594048333],[7.530847778,47.594072778],[7.530823056,47.594102222],[7.530685556,47.594297222],[7.530663611,47.594330556],[7.530650833,47.5943625],[7.530645833,47.594391667],[7.530649444,47.594419444],[7.530660556,47.594445278],[7.530675556,47.594468056],[7.530756111,47.594547778],[7.530775556,47.594573611],[7.530784444,47.594593333],[7.530783611,47.594612222],[7.530775278,47.594639167],[7.53035,47.595255556],[7.529716667,47.595344444],[7.529440556,47.594877778],[7.530165556,47.593831111]]]}},{"type":"Feature","id":"LFSB-7ebdc6a14d7bd6f24132","properties":{"airport":"LFSB","name":"LFSB AVISO","layer":"Airfield surfaces","category":"Hard Surface 3","object_type":"Area","style_id":"polygon.hardsurface3.8a807f","source_group":"LFSB AVISO","vsmr_group_ids":[],"geometry_role":"filled_region"},"geometry":{"type":"Polygon","coordinates":[[[7.5377075,47.592653889],[7.537758611,47.592638333],[7.537801389,47.592633056],[7.537852222,47.592634722],[7.537926667,47.592641944],[7.5380525,47.592657778],[7.538118333,47.592665556],[7.538162778,47.592667778],[7.538194167,47.592666111],[7.538242222,47.592661667],[7.538286944,47.592661389],[7.538419444,47.592680833],[7.538264444,47.593133889],[7.538790278,47.593214167],[7.540707222,47.593521111],[7.540539722,47.593998056],[7.540711944,47.594028333],[7.540655278,47.594280556],[7.536119444,47.593613056],[7.536251111,47.593219444],[7.533139722,47.592679722],[7.533294167,47.592237222],[7.533251944,47.592229722],[7.533352778,47.591929167],[7.533490556,47.591950833],[7.533473333,47.591998333],[7.5338375,47.592056944],[7.533854167,47.592007778],[7.535939444,47.592333056],[7.535903611,47.592428889],[7.535969167,47.592438056],[7.535972222,47.592431944],[7.536483889,47.592509722],[7.536568056,47.592513611],[7.536696667,47.592524444],[7.537675833,47.592668889],[7.5377075,47.592653889]]]}},{"type":"Feature","id":"LFSB-ebac9a55238ab532ee88","properties":{"airport":"LFSB","name":"LFSB AVISO","layer":"Airfield surfaces","category":"Hard Surface 3","object_type":"Area","style_id":"polygon.hardsurface3.8a807f","source_group":"LFSB AVISO","vsmr_group_ids":[],"geometry_role":"filled_region"},"geometry":{"type":"Polygon","coordinates":[[[7.539883611,47.589691389],[7.539705,47.590215],[7.538305833,47.589993056],[7.538482778,47.58947],[7.539883611,47.589691389]]]}},{"type":"Feature","id":"LFSB-eced2fbee3aa9341d495","properties":{"airport":"LFSB","name":"LFSB AVISO","layer":"Airfield surfaces","category":"Hard Surface 3","object_type":"Area","style_id":"polygon.hardsurface3.8a807f","source_group":"LFSB AVISO","vsmr_group_ids":[],"geometry_role":"filled_region"},"geometry":{"type":"Polygon","coordinates":[[[7.537869167,47.587430278],[7.53672,47.589103333],[7.535291667,47.588647778],[7.535531389,47.588306389],[7.536441667,47.586979722],[7.537869167,47.587430278]]]}},{"type":"Feature","id":"LFSB-e5af48e8e6758b98ae75","properties":{"airport":"LFSB","name":"LFSB AVISO","layer":"Airfield surfaces","category":"Hard Surface 3","object_type":"Area","style_id":"polygon.hardsurface3.8a807f","source_group":"LFSB AVISO","vsmr_group_ids":[],"geometry_role":"filled_region"},"geometry":{"type":"Polygon","coordinates":[[[7.528430833,47.58246],[7.528439722,47.582436944],[7.528439722,47.582416667],[7.5284325,47.582393333],[7.528411944,47.582370556],[7.528388333,47.582356111],[7.528235833,47.582306667],[7.528467222,47.581944167],[7.530206111,47.581938889],[7.530204444,47.582554444],[7.528740556,47.582548611],[7.528695833,47.582603611],[7.528398333,47.582506944],[7.528430833,47.58246]]]}},{"type":"Feature","id":"LFSB-862fe82f2fe2d423618b","properties":{"airport":"LFSB","name":"LFSB AVISO","layer":"Airfield surfaces","category":"Hard Surface 3","object_type":"Area","style_id":"polygon.hardsurface3.8a807f","source_group":"LFSB AVISO","vsmr_group_ids":[],"geometry_role":"filled_region"},"geometry":{"type":"Polygon","coordinates":[[[7.526977778,47.583878889],[7.525662222,47.583465],[7.525805556,47.583264167],[7.525950556,47.583308056],[7.526051111,47.583164722],[7.526803611,47.582106944],[7.52786,47.582445833],[7.527641944,47.582756111],[7.527797222,47.582802778],[7.527490278,47.583163333],[7.526977778,47.583878889]]]}},{"type":"Feature","id":"LFSB-4b19ee1806be0f07c948","properties":{"airport":"LFSB","name":"LFSB AVISO","layer":"Airfield surfaces","category":"Hard Surface 3","object_type":"Area","style_id":"polygon.hardsurface3.8a807f","source_group":"LFSB AVISO","vsmr_group_ids":[],"geometry_role":"filled_region"},"geometry":{"type":"Polygon","coordinates":[[[7.526930278,47.583948333],[7.52684,47.584075278],[7.526003889,47.585269444],[7.5255225,47.585965833],[7.525383333,47.586172778],[7.525275278,47.586139444],[7.524455556,47.587325556],[7.522923611,47.586840556],[7.523445,47.5859025],[7.524599167,47.585463611],[7.524755556,47.5852325],[7.525354444,47.584363333],[7.5258925,47.583613889],[7.526930278,47.583948333]]]}},{"type":"Feature","id":"LFSB-114d079c59421f942249","properties":{"airport":"LFSB","name":"LFSB AVISO","layer":"Airfield surfaces","category":"Hard Surface 3","object_type":"Area","style_id":"polygon.hardsurface3.8a807f","source_group":"LFSB AVISO","vsmr_group_ids":[],"geometry_role":"filled_region"},"geometry":{"type":"Polygon","coordinates":[[[7.522868611,47.6053525],[7.523199444,47.605453611],[7.523042222,47.605683056],[7.522997222,47.605667778],[7.522944167,47.605742778],[7.52294,47.605753889],[7.522940556,47.605764444],[7.522947778,47.605776389],[7.522956944,47.605783333],[7.5229775,47.605791944],[7.523246667,47.605876667],[7.523159722,47.606011111],[7.5227725,47.605885556],[7.522742222,47.605871111],[7.522718056,47.605856667],[7.522695556,47.605838056],[7.522680278,47.605818611],[7.522669722,47.605799444],[7.522665,47.605781389],[7.522661389,47.605761389],[7.522663056,47.605740833],[7.522669444,47.605716389],[7.522686944,47.605686111],[7.522751111,47.605591944],[7.522710556,47.605577222],[7.522868611,47.6053525]]]}},{"type":"Feature","id":"LFSB-9f2c86957e2130f43795","properties":{"airport":"LFSB","name":"LFSB AVISO","layer":"Airfield surfaces","category":"Hard Surface 2","object_type":"Area","style_id":"polygon.hardsurface2.595e5b","source_group":"LFSB AVISO","vsmr_group_ids":[],"geometry_role":"filled_region"},"geometry":{"type":"Polygon","coordinates":[[[7.5346025,47.586786389],[7.534821389,47.5868325],[7.535022222,47.586863889],[7.535098333,47.586868056],[7.535187778,47.586861389],[7.535300556,47.586845833],[7.535406667,47.586819722],[7.535519444,47.58678],[7.535614167,47.586732778],[7.535686667,47.586686944],[7.535745833,47.586641944],[7.535796667,47.5865925],[7.535832778,47.586550833],[7.536039444,47.586257222],[7.536335833,47.586351667],[7.536148889,47.586616944],[7.536127222,47.586660278],[7.536119167,47.586695278],[7.536119722,47.5867325],[7.536126667,47.586765278],[7.536143611,47.586800556],[7.536162222,47.586827222],[7.536185556,47.586851389],[7.536213889,47.586873611],[7.536256944,47.586901111],[7.536319722,47.586924722],[7.536465556,47.586966389],[7.535533333,47.588309444],[7.535134444,47.5881825],[7.535046389,47.588159444],[7.534922778,47.588143056],[7.534800556,47.588140556],[7.534658333,47.588156667],[7.534563333,47.588179167],[7.534473333,47.588211111],[7.534348889,47.588265],[7.534239444,47.588313611],[7.534180278,47.588347778],[7.534124444,47.588389444],[7.534068056,47.588454722],[7.534049167,47.588490278],[7.533623889,47.589730556],[7.533318889,47.589681944],[7.533780556,47.588329444],[7.533800833,47.5882575],[7.533807222,47.588229444],[7.5338025,47.588213056],[7.5337925,47.5882],[7.533773333,47.588183611],[7.533750833,47.588170833],[7.533721944,47.588160556],[7.533691389,47.588154444],[7.53364,47.588154167],[7.533603611,47.588159167],[7.533568611,47.588168889],[7.5335425,47.588182222],[7.53352,47.588198889],[7.533500278,47.588221389],[7.532569167,47.589561944],[7.532276667,47.589469444],[7.533465278,47.587757778],[7.533559722,47.587610556],[7.5336475,47.587469167],[7.533710278,47.587341111],[7.533731389,47.587295278],[7.533768333,47.587188056],[7.533780278,47.587123611],[7.533777222,47.587053056],[7.533754722,47.586964167],[7.533699722,47.586868889],[7.5336375,47.586809167],[7.533561111,47.586752778],[7.53349,47.586715833],[7.533413889,47.586682778],[7.533248889,47.586629722],[7.532894167,47.586516111],[7.533055556,47.586295556],[7.534260556,47.586679444],[7.5346025,47.586786389]]]}},{"type":"Feature","id":"LFSB-b11a3dc9621b7108bd11","properties":{"airport":"LFSB","name":"LFSB AVISO","layer":"Airfield surfaces","category":"Hard Surface 2","object_type":"Area","style_id":"polygon.hardsurface2.595e5b","source_group":"LFSB AVISO","vsmr_group_ids":[],"geometry_role":"filled_region"},"geometry":{"type":"Polygon","coordinates":[[[7.527869722,47.584878056],[7.527748056,47.584847222],[7.527674167,47.584836111],[7.527582778,47.58483],[7.527480833,47.584835],[7.527419722,47.584842222],[7.527345,47.584858056],[7.5272825,47.584874444],[7.527222778,47.5848975],[7.527161667,47.584925278],[7.527109167,47.5849575],[7.5270525,47.5849975],[7.527002222,47.585047222],[7.526946667,47.585118333],[7.525970278,47.586540833],[7.525837778,47.586505],[7.525850833,47.586474722],[7.525853333,47.586444167],[7.525848056,47.586408611],[7.525839722,47.586382222],[7.525819722,47.586350556],[7.525788889,47.586318889],[7.525746111,47.586291111],[7.525669444,47.586263056],[7.525381944,47.5861725],[7.525521944,47.585964167],[7.525574444,47.585968889],[7.525652222,47.585970556],[7.525740833,47.585963333],[7.525811944,47.585951111],[7.525879722,47.5859325],[7.525936111,47.5859125],[7.525993056,47.585885556],[7.526049722,47.585849444],[7.526111389,47.585796944],[7.526160278,47.585742222],[7.526186667,47.585692778],[7.526203056,47.585647222],[7.526214444,47.585578611],[7.526210278,47.585530278],[7.526196667,47.585478333],[7.526171111,47.585428611],[7.526128611,47.585370278],[7.526079444,47.585322222],[7.526001389,47.585270833],[7.526155278,47.585046667],[7.526219167,47.585051389],[7.526295556,47.585049444],[7.526381944,47.585039444],[7.526473611,47.585020833],[7.526570556,47.584986667],[7.526664167,47.584938889],[7.526728056,47.584891944],[7.526771389,47.584853333],[7.526815278,47.584798889],[7.526860278,47.584716667],[7.526873056,47.584662222],[7.526875278,47.584606944],[7.526871111,47.584564444],[7.526851111,47.584497222],[7.526805833,47.584419167],[7.526756111,47.584363889],[7.526678611,47.584301111],[7.526839444,47.584073333],[7.526928056,47.5840775],[7.527035,47.584069444],[7.527119444,47.584053889],[7.52719,47.584034167],[7.527252778,47.584010833],[7.527318333,47.583978889],[7.527380278,47.583940278],[7.527433056,47.583896111],[7.527476111,47.583849722],[7.527593889,47.58368],[7.527621111,47.583623611],[7.527651667,47.583537778],[7.527663333,47.583486111],[7.527663611,47.583451944],[7.527645278,47.583368333],[7.527600278,47.583284722],[7.527551111,47.583223333],[7.527486667,47.583163611],[7.527614444,47.582995],[7.527680278,47.582916667],[7.527788611,47.582799444],[7.527981111,47.582862222],[7.528028056,47.582875278],[7.5280625,47.582879444],[7.528086667,47.582878333],[7.528114722,47.582873611],[7.528141389,47.582863889],[7.528161667,47.582851667],[7.528175,47.582840556],[7.528202222,47.582807222],[7.528398611,47.582505556],[7.528697222,47.582602778],[7.5277175,47.584017778],[7.527646944,47.584129722],[7.527616389,47.58422],[7.52761,47.584284722],[7.527623056,47.584359444],[7.527650833,47.584417222],[7.527692222,47.584477222],[7.527740833,47.584536111],[7.527806111,47.584585],[7.527880556,47.58463],[7.527985278,47.584674722],[7.528661667,47.584887222],[7.529613056,47.585188056],[7.529471111,47.585397222],[7.527869722,47.584878056]]]}},{"type":"Feature","id":"LFSB-b3cae9e9932b7399ac74","properties":{"airport":"LFSB","name":"LFSB AVISO","layer":"Airfield surfaces","category":"Hard Surface 2","object_type":"Area","style_id":"polygon.hardsurface2.595e5b","source_group":"LFSB AVISO","vsmr_group_ids":[],"geometry_role":"filled_region"},"geometry":{"type":"Polygon","coordinates":[[[7.516858056,47.589100833],[7.516840556,47.589166389],[7.516837778,47.589198333],[7.516845833,47.589243611],[7.516860833,47.5892775],[7.516881111,47.589309722],[7.516905833,47.589338333],[7.516941667,47.589369167],[7.516992222,47.5894025],[7.517060833,47.589431111],[7.517147222,47.589451944],[7.517229722,47.589459722],[7.517341111,47.589459167],[7.517699167,47.5894575],[7.5177575,47.589459444],[7.517802222,47.589468611],[7.517843889,47.589483056],[7.5178875,47.589501389],[7.517956111,47.589544167],[7.518205556,47.589710833],[7.518241944,47.5897375],[7.51827,47.589763056],[7.518289167,47.589792222],[7.518303056,47.589823889],[7.518310278,47.589855278],[7.518315,47.590246667],[7.518323333,47.590307778],[7.5183525,47.5903725],[7.518389722,47.590425556],[7.518436944,47.590481944],[7.518506389,47.590534167],[7.521054167,47.592238333],[7.521148056,47.592300556],[7.521231389,47.592352222],[7.521355,47.592420278],[7.521475556,47.592479722],[7.521613056,47.5925375],[7.521717778,47.5925775],[7.521833889,47.592616389],[7.525241111,47.593700278],[7.5251075,47.5938925],[7.523444722,47.593362778],[7.521671944,47.592798333],[7.521413611,47.592704167],[7.521236944,47.592624444],[7.521041944,47.59252],[7.520824444,47.592382222],[7.516900833,47.58976],[7.516786667,47.589680278],[7.516690833,47.589598056],[7.516618611,47.5895175],[7.516566389,47.589428611],[7.516533333,47.589338056],[7.516522778,47.589250278],[7.516525278,47.589139444],[7.516584722,47.588958333],[7.516657222,47.588747222],[7.516961667,47.588795833],[7.516858056,47.589100833]]]}},{"type":"Feature","id":"LFSB-b5a94bd6a3f46fbf012f","properties":{"airport":"LFSB","name":"LFSB AVISO","layer":"Airfield surfaces","category":"Hard Surface 2","object_type":"Area","style_id":"polygon.hardsurface2.595e5b","source_group":"LFSB AVISO","vsmr_group_ids":[],"geometry_role":"filled_region"},"geometry":{"type":"Polygon","coordinates":[[[7.539155278,47.590271667],[7.539148056,47.590301389],[7.539150556,47.590327778],[7.539163611,47.590355278],[7.539188611,47.590381111],[7.539223333,47.590401389],[7.539256111,47.590416111],[7.539301111,47.590424167],[7.540176111,47.590561944],[7.540275,47.590582778],[7.540355556,47.590608056],[7.540430278,47.590641111],[7.540486667,47.590676111],[7.540545278,47.590718056],[7.540589722,47.59076],[7.540623056,47.590799167],[7.540660556,47.590851389],[7.54039,47.590936667],[7.540335833,47.590865],[7.540299167,47.590833611],[7.540251944,47.590802778],[7.540207778,47.590782778],[7.5401575,47.590768889],[7.540089444,47.590756111],[7.539256944,47.590624167],[7.539196944,47.590613889],[7.539137778,47.590599722],[7.539075833,47.590576944],[7.539026389,47.590554444],[7.538977222,47.590521389],[7.538930833,47.590480833],[7.538903056,47.590450556],[7.538875833,47.590408611],[7.538858889,47.590367222],[7.53885,47.590309444],[7.538856111,47.590255],[7.538905556,47.590080833],[7.539205833,47.590129722],[7.539155278,47.590271667]]]}},{"type":"Feature","id":"LFSB-889bef8d46618139e6fc","properties":{"airport":"LFSB","name":"LFSB AVISO","layer":"Airfield surfaces","category":"Hard Surface 2","object_type":"Area","style_id":"polygon.hardsurface2.595e5b","source_group":"LFSB AVISO","vsmr_group_ids":[],"geometry_role":"filled_region"},"geometry":{"type":"Polygon","coordinates":[[[7.517061667,47.611343611],[7.5170825,47.611301667],[7.517098611,47.6112675],[7.517111389,47.611220278],[7.517110278,47.611166111],[7.517100556,47.611131944],[7.517085278,47.611097778],[7.517056389,47.611064722],[7.517010833,47.611026111],[7.516939722,47.610983889],[7.516868611,47.610949722],[7.516815278,47.610927222],[7.516083056,47.610694444],[7.516215556,47.610505],[7.516832778,47.6107],[7.516911389,47.610717222],[7.516987778,47.610726111],[7.517057778,47.610729722],[7.517131667,47.6107275],[7.5172075,47.610721111],[7.517255,47.610713333],[7.517318889,47.610698889],[7.517393889,47.610675556],[7.517461111,47.610646111],[7.517505556,47.6106225],[7.517563056,47.610585],[7.517605833,47.610551389],[7.517632778,47.610521389],[7.517680278,47.610460833],[7.520526944,47.606371389],[7.520566389,47.606304167],[7.520585278,47.606235278],[7.52059,47.606186111],[7.520583611,47.606123889],[7.520568056,47.606073611],[7.520549722,47.606036944],[7.520519444,47.606002222],[7.520439722,47.605923333],[7.520366667,47.605863056],[7.520318611,47.605826389],[7.520269722,47.605794722],[7.520219722,47.605765833],[7.520176389,47.605743056],[7.520126111,47.60572],[7.520071944,47.605698889],[7.519649722,47.605564722],[7.519783889,47.605375],[7.520316389,47.605543333],[7.5203925,47.605560556],[7.520473333,47.605571667],[7.520546389,47.605578611],[7.520622778,47.605580556],[7.520690278,47.605575],[7.520770556,47.605565556],[7.520840278,47.605553056],[7.520918611,47.605531389],[7.521000556,47.605501111],[7.521064444,47.605471111],[7.521131111,47.605430556],[7.521178889,47.6053975],[7.521235278,47.605344722],[7.521282778,47.605283889],[7.523416111,47.602216111],[7.523437778,47.602179722],[7.523461389,47.602132222],[7.523477222,47.602076944],[7.523485278,47.602018333],[7.523476944,47.6019475],[7.523459167,47.601886944],[7.5234375,47.601845],[7.52341,47.601805556],[7.523373333,47.601765833],[7.523319444,47.601716111],[7.523271944,47.601683333],[7.523227222,47.601659167],[7.523148889,47.601627222],[7.522530556,47.601429722],[7.522659167,47.601235556],[7.523271667,47.601431389],[7.523321667,47.6014475],[7.523366111,47.601456944],[7.523414722,47.601460833],[7.523476667,47.601459167],[7.523530556,47.601453333],[7.523593889,47.601444722],[7.52368,47.601428611],[7.52375,47.601410556],[7.523825,47.601387222],[7.523897222,47.601359444],[7.523950833,47.601334722],[7.523998611,47.601306667],[7.524057778,47.601265556],[7.524093611,47.601238611],[7.524120556,47.601205556],[7.525366389,47.599415556],[7.5253975,47.599368056],[7.525427222,47.599313333],[7.525446667,47.5992625],[7.525459722,47.599214167],[7.525463333,47.599150278],[7.525451944,47.599099722],[7.525426944,47.599030278],[7.525381944,47.598945556],[7.525334722,47.598888333],[7.525274167,47.598836944],[7.525206667,47.598804722],[7.524508056,47.598581111],[7.524640556,47.598390833],[7.525226667,47.598576111],[7.525345833,47.598615],[7.525371389,47.5986225],[7.525401111,47.598626944],[7.525438056,47.598628333],[7.525482222,47.598627222],[7.525542778,47.598620833],[7.525623056,47.598608056],[7.525729167,47.598584722],[7.525790278,47.598566389],[7.52585,47.598543611],[7.525929444,47.598506667],[7.525976111,47.598478889],[7.526028056,47.598440556],[7.526070556,47.598400833],[7.527915,47.595747778],[7.527978333,47.595631944],[7.528053333,47.595481944],[7.528100556,47.595383611],[7.528116389,47.595344722],[7.528126111,47.595301111],[7.528130556,47.595256111],[7.528123611,47.595178056],[7.528112778,47.595118333],[7.528086667,47.595047778],[7.528058889,47.595003889],[7.527984722,47.5949225],[7.527932222,47.594881389],[7.527871944,47.594846111],[7.527789444,47.594803889],[7.527701944,47.594763333],[7.527629444,47.5947325],[7.527573333,47.594708333],[7.527283889,47.594616389],[7.527451111,47.594375],[7.527728889,47.594464167],[7.52778,47.594477778],[7.527984167,47.594515833],[7.528079167,47.594533611],[7.528141667,47.594542222],[7.528215556,47.594545556],[7.528276389,47.594545278],[7.528334722,47.59454],[7.528403611,47.59453],[7.528483056,47.594512222],[7.528559444,47.594486667],[7.528623056,47.594458611],[7.5286825,47.594425278],[7.528723889,47.594396667],[7.528778611,47.594349722],[7.528832778,47.594294167],[7.529210833,47.5938825],[7.529233889,47.593850556],[7.529271944,47.593794444],[7.531270278,47.59092],[7.531555278,47.591013333],[7.531304167,47.591372778],[7.531283889,47.591406111],[7.531275833,47.591429722],[7.531264444,47.591476667],[7.531261389,47.591519722],[7.5312675,47.591555833],[7.531282222,47.591591944],[7.531302222,47.591619167],[7.531334722,47.591646111],[7.531365833,47.591663889],[7.531397778,47.591679722],[7.531430278,47.591689722],[7.531460556,47.591693889],[7.531511389,47.591693333],[7.53176,47.591685556],[7.531831667,47.591681944],[7.531886667,47.591678333],[7.531934167,47.591670833],[7.531978611,47.591660833],[7.532018889,47.591648056],[7.532067222,47.5916275],[7.532121667,47.591596111],[7.53218,47.591554722],[7.532241389,47.591500833],[7.532285,47.591456111],[7.532315556,47.591421389],[7.532474444,47.591231111],[7.532551111,47.591139444],[7.532911667,47.591258889],[7.532921667,47.591285833],[7.532941389,47.591313333],[7.532975556,47.591342222],[7.533021667,47.591371944],[7.533073333,47.591392222],[7.533134444,47.591409444],[7.533232222,47.591429444],[7.533323333,47.591444444],[7.536697222,47.591970833],[7.536782222,47.591976944],[7.536846389,47.591975],[7.536903333,47.5919675],[7.536948611,47.591955556],[7.537000556,47.591933889],[7.537035556,47.591911667],[7.537070278,47.591880833],[7.537091944,47.591852778],[7.537109167,47.591817222],[7.537420556,47.591868889],[7.5374275,47.591899444],[7.537443611,47.591933611],[7.537474722,47.591966944],[7.537510278,47.591993611],[7.537551111,47.592018611],[7.537601667,47.592040556],[7.537693889,47.592065833],[7.537831111,47.592101944],[7.537962222,47.592133611],[7.538061667,47.592152222],[7.5392775,47.592346111],[7.53934,47.5923525],[7.53939,47.592353889],[7.539438889,47.592349444],[7.539525833,47.592555556],[7.539488056,47.592558889],[7.539438056,47.592563056],[7.539380556,47.592564167],[7.539331111,47.592563611],[7.539275278,47.592559444],[7.539204167,47.59255],[7.538041111,47.592364444],[7.537963056,47.592356389],[7.5378875,47.592355833],[7.537809722,47.592366944],[7.537731111,47.592388889],[7.537668333,47.592423056],[7.537625278,47.592470278],[7.537606389,47.59251],[7.537561667,47.592654444],[7.536703333,47.592528056],[7.536659722,47.592513611],[7.5366025,47.592482222],[7.536565278,47.592456667],[7.536520833,47.592420278],[7.536478056,47.5923725],[7.536391389,47.5922675],[7.536363056,47.592232778],[7.536326667,47.592196944],[7.536286944,47.592167222],[7.536238889,47.592139444],[7.536188056,47.592114167],[7.536136111,47.5920975],[7.535942778,47.592055],[7.535896389,47.592036667],[7.535706667,47.591959167],[7.533224444,47.591571111],[7.533063611,47.591551111],[7.532899722,47.591538333],[7.532810556,47.5915375],[7.532745278,47.591543611],[7.532683889,47.591563056],[7.532635278,47.5915875],[7.532605278,47.591608611],[7.532321111,47.592019444],[7.532277222,47.592035833],[7.532219167,47.592055556],[7.532173611,47.592068333],[7.532128889,47.592078889],[7.532081111,47.592086944],[7.532031389,47.592094722],[7.5319675,47.592100833],[7.531906944,47.592102778],[7.531820556,47.592100556],[7.531375,47.592087778],[7.531361944,47.592034167],[7.531350278,47.592006667],[7.531329444,47.591985],[7.531304167,47.591970833],[7.531271944,47.591964722],[7.531223611,47.591965833],[7.531175556,47.591974167],[7.531083889,47.591998611],[7.53101,47.592026944],[7.530965556,47.592051389],[7.530916389,47.592083333],[7.530879722,47.592113333],[7.530848333,47.592143611],[7.530812222,47.592184722],[7.530386111,47.592693056],[7.529565,47.593873056],[7.529406111,47.594141111],[7.529205,47.5944925],[7.529184444,47.5945425],[7.529170278,47.594601111],[7.529161944,47.594659722],[7.529168056,47.594713889],[7.529185833,47.594758611],[7.529205833,47.594796667],[7.529236111,47.594840556],[7.529280833,47.594884167],[7.529310833,47.594909444],[7.529337222,47.594926111],[7.529363056,47.594933056],[7.529395,47.594934722],[7.52942,47.594928889],[7.529438889,47.594917778],[7.529455278,47.594895556],[7.529762222,47.595271667],[7.529646111,47.595436944],[7.527219167,47.598928611],[7.526138889,47.600536667],[7.525790556,47.600978333],[7.525087778,47.601995833],[7.524583889,47.602124722],[7.524519722,47.602096111],[7.52447,47.602077778],[7.524400833,47.602060556],[7.524352222,47.6020525],[7.524304722,47.602051944],[7.524255,47.602056944],[7.524162778,47.602077222],[7.524049722,47.602114167],[7.523953056,47.602155833],[7.523855278,47.602206389],[7.523759722,47.602276944],[7.523677778,47.602355833],[7.523619722,47.602423333],[7.515347222,47.614309722],[7.514351944,47.615741667],[7.513318611,47.617227222],[7.513017222,47.617656944],[7.512918056,47.617762778],[7.512806667,47.617854722],[7.512680833,47.617939167],[7.512511667,47.618021944],[7.512339167,47.618088611],[7.512176111,47.618129722],[7.512058333,47.6181525],[7.511926944,47.618168611],[7.511816389,47.618175],[7.511688333,47.618176667],[7.511586944,47.618172222],[7.511492778,47.618163056],[7.511404722,47.618150278],[7.51128,47.618125556],[7.511103889,47.618080278],[7.5109675,47.6180375],[7.511128333,47.617806944],[7.511292222,47.617841111],[7.511388889,47.61786],[7.511496389,47.617874722],[7.511605278,47.617885556],[7.511705556,47.617889444],[7.511804444,47.617888889],[7.511865556,47.617884722],[7.511978889,47.617866944],[7.512090833,47.617843889],[7.512179722,47.617820278],[7.512239444,47.617798611],[7.512291944,47.617775278],[7.512386111,47.617728889],[7.512453889,47.61769],[7.512534722,47.617636389],[7.512599167,47.6175925],[7.512662222,47.617544722],[7.512726111,47.617491944],[7.512825556,47.6174],[7.5128875,47.617333611],[7.512941667,47.617263889],[7.514114444,47.615579444],[7.517031667,47.611391389],[7.517061667,47.611343611]]]}},{"type":"Feature","id":"LFSB-8b2b09406be9b44ce8cd","properties":{"airport":"LFSB","name":"LFSB AVISO","layer":"Airfield surfaces","category":"Hard Surface 2","object_type":"Area","style_id":"polygon.hardsurface2.595e5b","source_group":"LFSB AVISO","vsmr_group_ids":[],"geometry_role":"filled_region"},"geometry":{"type":"Polygon","coordinates":[[[7.531845556,47.596781111],[7.531866944,47.596796111],[7.531889444,47.596814444],[7.531905556,47.596832778],[7.531911944,47.596846944],[7.531913889,47.596866111],[7.531909444,47.596880556],[7.531356944,47.597676944],[7.531318056,47.597727222],[7.531281944,47.597770278],[7.531243333,47.597804722],[7.531203889,47.597834722],[7.531143333,47.597873333],[7.531093611,47.597899444],[7.531009167,47.597933333],[7.530955,47.59795],[7.530885,47.597966667],[7.530809722,47.597978611],[7.5307325,47.597985833],[7.5306625,47.597986667],[7.5305875,47.597983611],[7.530516389,47.597975],[7.530435833,47.597959167],[7.530346389,47.597934167],[7.530282778,47.597908333],[7.530210833,47.597873889],[7.530150556,47.597836111],[7.530095556,47.597793611],[7.530044444,47.597741389],[7.530001111,47.597683333],[7.529977222,47.597635278],[7.529961389,47.597593611],[7.529950556,47.597558056],[7.529901944,47.5971775],[7.529895278,47.597153611],[7.529881111,47.597133611],[7.529859167,47.597114167],[7.529831111,47.597098889],[7.529784722,47.597081944],[7.528995833,47.59683],[7.528913333,47.596803889],[7.528853333,47.596785833],[7.528831944,47.596781667],[7.528805833,47.596778611],[7.528778056,47.596779167],[7.528751667,47.596783056],[7.528725556,47.5967925],[7.528696389,47.596811111],[7.528684722,47.596821944],[7.528668056,47.596835278],[7.526569722,47.599893056],[7.526574167,47.599922778],[7.526585833,47.599948333],[7.526608333,47.599972778],[7.526628056,47.599988056],[7.526659444,47.600005],[7.526683056,47.600015278],[7.526709722,47.600023333],[7.527600278,47.600305833],[7.527626944,47.600310556],[7.527653611,47.600310556],[7.527687222,47.6003075],[7.527712778,47.600301667],[7.527775278,47.600273889],[7.527857222,47.600233056],[7.527913611,47.6002075],[7.527975833,47.600185833],[7.528046667,47.600165278],[7.5281375,47.600148611],[7.5282175,47.60014],[7.528300556,47.600137778],[7.528379722,47.600141389],[7.528451667,47.600148611],[7.528537778,47.600164444],[7.528614722,47.600186389],[7.528694722,47.600216389],[7.528767222,47.600252222],[7.528829167,47.600290278],[7.528880278,47.600329167],[7.528920278,47.6003675],[7.528952778,47.600406389],[7.528988056,47.600457222],[7.529011944,47.600505278],[7.529028889,47.600558611],[7.529036389,47.600601111],[7.529038889,47.600647222],[7.529036111,47.600694444],[7.529024444,47.600741667],[7.529009167,47.600784167],[7.528978611,47.600841389],[7.528577778,47.601418056],[7.52837,47.601352222],[7.528018333,47.601416944],[7.527918611,47.601478889],[7.527177222,47.602541389],[7.526633056,47.602380556],[7.527115556,47.601682778],[7.527060556,47.601635556],[7.527341389,47.601240278],[7.527320278,47.601204444],[7.527279167,47.601167778],[7.52722,47.60114],[7.526035278,47.60077],[7.525976667,47.600775],[7.525923611,47.6008],[7.525231111,47.601795278],[7.525166111,47.601873889],[7.525053056,47.601970556],[7.525004722,47.602027778],[7.5250025,47.602199722],[7.525026111,47.602274167],[7.525147778,47.602489444],[7.525201111,47.602534167],[7.525141111,47.602553611],[7.525153611,47.602575278],[7.525518611,47.602681389],[7.525537222,47.602695],[7.526057222,47.602974722],[7.525941944,47.603084167],[7.525795556,47.603208333],[7.525783889,47.603137222],[7.525780833,47.603124722],[7.525775,47.603113056],[7.5257675,47.603103056],[7.5257575,47.603094722],[7.525282222,47.602840278],[7.525263056,47.602831944],[7.525241944,47.602828333],[7.525221389,47.602827778],[7.525202778,47.602833333],[7.525188889,47.602842222],[7.525175833,47.602854167],[7.525159167,47.602873611],[7.525149167,47.602891944],[7.525143889,47.602903889],[7.525143333,47.602914444],[7.525147222,47.602925278],[7.525155,47.602934722],[7.525155278,47.602935],[7.525171944,47.602945556],[7.525688611,47.603225556],[7.525783611,47.603218333],[7.525635278,47.603344722],[7.525389167,47.60338],[7.525379167,47.603316111],[7.524876667,47.603045278],[7.524864444,47.603039722],[7.524847778,47.603034722],[7.524825556,47.603032778],[7.524793056,47.603033889],[7.524743611,47.603033056],[7.524719722,47.603035833],[7.524699722,47.603041389],[7.524683056,47.603051389],[7.524674444,47.603064444],[7.524668889,47.603083611],[7.524671667,47.6031],[7.524685278,47.603113889],[7.524711667,47.603129722],[7.525252778,47.603421667],[7.525346944,47.603414722],[7.525214722,47.603528611],[7.525022222,47.603613056],[7.525010278,47.603549722],[7.524301111,47.603166944],[7.524279444,47.603157778],[7.524256944,47.603154722],[7.524229167,47.603156111],[7.524211111,47.603163889],[7.524183333,47.603185833],[7.524166111,47.603208611],[7.5241575,47.603231111],[7.5241575,47.603250556],[7.524163889,47.603269444],[7.524175833,47.603287778],[7.524196944,47.603305833],[7.524228611,47.603323889],[7.524869167,47.6036675],[7.524962222,47.603660556],[7.524859722,47.603744167],[7.5248325,47.603759167],[7.524802222,47.6037725],[7.5247675,47.603784167],[7.524733611,47.603792222],[7.5247025,47.603796667],[7.524658889,47.603798611],[7.524618889,47.6037975],[7.524577778,47.603791667],[7.524546667,47.603784444],[7.524516111,47.603774167],[7.524493333,47.603763889],[7.524451111,47.603741944],[7.52398,47.603488889],[7.523924722,47.603454722],[7.523896944,47.6034325],[7.523865556,47.603398333],[7.523843889,47.603363889],[7.523828333,47.603327222],[7.523812222,47.603278333],[7.523808889,47.603260833],[7.523807778,47.603230556],[7.523811389,47.603205],[7.523819722,47.603175],[7.523831389,47.603147778],[7.523848056,47.603118056],[7.523870556,47.603088889],[7.523906944,47.603051111],[7.523951111,47.603009444],[7.523983333,47.602984722],[7.524035,47.602951667],[7.524099444,47.6029125],[7.524168611,47.602878611],[7.524242778,47.602844722],[7.524319444,47.602813056],[7.524377222,47.602789722],[7.524414722,47.602778611],[7.524451389,47.602772222],[7.5245075,47.60277],[7.524614722,47.602769444],[7.524642778,47.602771667],[7.524668889,47.602778056],[7.5246975,47.602786389],[7.524725556,47.602793333],[7.524756389,47.602796111],[7.524789167,47.602793611],[7.524817222,47.602785],[7.524835,47.602774167],[7.524848611,47.602758333],[7.524854722,47.602742778],[7.524853889,47.602723333],[7.524847222,47.602704722],[7.524808611,47.602641111],[7.524748889,47.602658056],[7.524705556,47.602586389],[7.5246775,47.602535556],[7.524656667,47.602490556],[7.524646667,47.602445556],[7.524645,47.602397778],[7.524651389,47.602357222],[7.524668333,47.60231],[7.524685,47.602274167],[7.524692222,47.602248611],[7.52469,47.602218611],[7.524680278,47.602193333],[7.524656667,47.602168611],[7.524611111,47.602138889],[7.524554444,47.602110833],[7.528996111,47.595874167],[7.531845556,47.596781111]]]}},{"type":"Feature","id":"LFSB-20c91910392f781332e5","properties":{"airport":"LFSB","name":"LFSB AVISO","layer":"Airfield surfaces","category":"Runways","object_type":"Area","style_id":"polygon.runwayconcrete.555555","source_group":"LFSB AVISO","vsmr_group_ids":[],"geometry_role":"filled_region"},"geometry":{"type":"Polygon","coordinates":[[[7.533058333,47.586296667],[7.532899167,47.586517222],[7.53262,47.586428611],[7.532580278,47.586416944],[7.5325425,47.586409167],[7.532498889,47.586404722],[7.532436389,47.586401667],[7.532368333,47.586404167],[7.532326944,47.586407778],[7.5322825,47.586414444],[7.532224444,47.5864275],[7.532179444,47.586442222],[7.532124167,47.586463889],[7.532075833,47.586488056],[7.532032778,47.586516944],[7.531996389,47.586544444],[7.531964167,47.586576111],[7.531939167,47.586608611],[7.526967778,47.593757778],[7.526940278,47.593808611],[7.526918333,47.593860278],[7.526907222,47.593920556],[7.526906667,47.593978333],[7.526913889,47.594029444],[7.526928611,47.594075278],[7.526959167,47.594128889],[7.526997222,47.5941725],[7.527043333,47.594211944],[7.52711,47.594247778],[7.527232778,47.594302778],[7.5272875,47.594323889],[7.527376111,47.5943525],[7.527452778,47.594375833],[7.527284444,47.594616667],[7.527145278,47.594570833],[7.527083889,47.594550833],[7.527035,47.594539722],[7.5269875,47.5945325],[7.526805833,47.594513889],[7.526761111,47.594511944],[7.526720556,47.594514444],[7.526675,47.594520278],[7.526634444,47.594531111],[7.526573889,47.59455],[7.526525,47.594567778],[7.526478333,47.594588333],[7.526439722,47.594608889],[7.526399444,47.594633333],[7.526346944,47.594676389],[7.526314722,47.594708056],[7.526281389,47.594745],[7.526271389,47.594757222],[7.524160833,47.597793889],[7.524144167,47.597828889],[7.524129444,47.597877222],[7.524122222,47.597926111],[7.524124167,47.597981667],[7.524134444,47.598036111],[7.524155,47.598086111],[7.524193056,47.598146389],[7.524226944,47.598189722],[7.524263889,47.598225278],[7.524315833,47.598264444],[7.524376944,47.598298889],[7.524449167,47.598329167],[7.524525833,47.598354167],[7.5246425,47.598391667],[7.524510556,47.598581667],[7.524333333,47.598527222],[7.524297778,47.598516944],[7.52426,47.598508889],[7.524213611,47.598500833],[7.524164444,47.598495833],[7.524115,47.598492778],[7.524053611,47.598493056],[7.524005278,47.598496667],[7.523948333,47.598502778],[7.523897222,47.598511944],[7.523843056,47.598525556],[7.523791667,47.598540556],[7.523749444,47.598555278],[7.523705556,47.598575],[7.5236625,47.5985975],[7.523624167,47.598621667],[7.523584167,47.598650556],[7.523551667,47.598678889],[7.523520556,47.598712222],[7.522179722,47.600640833],[7.522160833,47.600682222],[7.52215,47.600720278],[7.522144167,47.600760556],[7.522143333,47.600810833],[7.522150556,47.600865833],[7.5221675,47.600918056],[7.522191389,47.600967778],[7.522221111,47.601008056],[7.522265278,47.601053056],[7.522311389,47.601094167],[7.522362222,47.601128333],[7.5224225,47.601159444],[7.522497222,47.601186944],[7.522660833,47.601237222],[7.522532222,47.60143],[7.522391667,47.601386389],[7.522346111,47.6013725],[7.522295833,47.601360556],[7.522235,47.601348333],[7.522185833,47.601342222],[7.522131111,47.601339167],[7.522078333,47.601338333],[7.522034444,47.601341944],[7.521986389,47.601348056],[7.521941667,47.601356111],[7.521888333,47.601367222],[7.521841111,47.601379167],[7.521787222,47.601398056],[7.521732222,47.601421667],[7.521688056,47.601443333],[7.521650833,47.601465],[7.521611944,47.601493611],[7.521568056,47.601531944],[7.521538611,47.601559167],[7.519260556,47.604834722],[7.519251389,47.604873056],[7.519245,47.604923056],[7.5192475,47.604971667],[7.519256389,47.605019167],[7.519271389,47.605060833],[7.519295,47.605103333],[7.519333056,47.6051525],[7.519372222,47.605197222],[7.519416389,47.605233056],[7.519469444,47.605267778],[7.5195075,47.605286111],[7.519563056,47.605304167],[7.519785,47.605375556],[7.519651667,47.605565],[7.519509722,47.605519722],[7.519451667,47.6055025],[7.519405833,47.605491944],[7.519342778,47.605481389],[7.519284722,47.605475],[7.519227222,47.605473889],[7.519165833,47.605477778],[7.51911,47.605484167],[7.519064167,47.605492222],[7.519018056,47.605501389],[7.518962778,47.605515833],[7.5189075,47.605532778],[7.518856111,47.605553611],[7.518815833,47.605573611],[7.518777778,47.605596111],[7.518741667,47.605624444],[7.518663333,47.605692778],[7.515676944,47.609980556],[7.515645833,47.610033889],[7.515636944,47.610077778],[7.515636111,47.610115833],[7.51564,47.610154722],[7.515648333,47.610188333],[7.515666111,47.610218333],[7.515689722,47.610245833],[7.515726944,47.610278611],[7.515793333,47.610333889],[7.515841389,47.610369722],[7.515893889,47.610396667],[7.515982778,47.610428611],[7.516216667,47.610505556],[7.516084167,47.610694722],[7.515749722,47.610588889],[7.515623333,47.610549167],[7.515580278,47.610538889],[7.515543611,47.610533333],[7.515475278,47.610530833],[7.515421944,47.610530833],[7.515376667,47.610534167],[7.515336944,47.610540833],[7.515298333,47.610553056],[7.515271389,47.610570833],[7.515249167,47.610598333],[7.510652778,47.617198333],[7.510638333,47.617224722],[7.510635278,47.6172625],[7.510631111,47.617314167],[7.510624167,47.617368889],[7.510621389,47.617405833],[7.510623889,47.617436111],[7.510635278,47.61747],[7.510690556,47.617580556],[7.510720556,47.617630278],[7.510755556,47.617669444],[7.510790833,47.617698056],[7.510828611,47.617723333],[7.510870278,47.617743611],[7.510911944,47.617758333],[7.511005278,47.617780833],[7.511129444,47.617807778],[7.510969722,47.618037222],[7.510242778,47.617801944],[7.509517222,47.617571111],[7.525559444,47.594528889],[7.525584444,47.594491944],[7.525601389,47.594460833],[7.525611667,47.594430556],[7.525619167,47.594391944],[7.5256225,47.594351389],[7.52562,47.594304722],[7.525612778,47.594261111],[7.525596389,47.594212222],[7.525576944,47.594172222],[7.525549722,47.594132778],[7.525516944,47.594095556],[7.525473056,47.594055556],[7.525425833,47.594019167],[7.525373889,47.593987778],[7.525343333,47.593971667],[7.525319167,47.593961389],[7.525106944,47.593891389],[7.525239444,47.5937],[7.525373333,47.593743056],[7.525430833,47.593760833],[7.525488333,47.593775],[7.525536389,47.593782778],[7.525586111,47.593786111],[7.525664167,47.593787222],[7.525723889,47.593785556],[7.525785,47.593779722],[7.5258375,47.593772778],[7.525886389,47.593761667],[7.525938333,47.593746667],[7.525991111,47.593726389],[7.526038889,47.593705833],[7.526082222,47.593683889],[7.526126667,47.593656389],[7.52617,47.593625556],[7.526205,47.593595],[7.526232778,47.593565556],[7.526256667,47.593530556],[7.531178056,47.586444167],[7.531203889,47.586385],[7.531220278,47.586337778],[7.531233056,47.586278333],[7.531236389,47.586236111],[7.531235278,47.586204167],[7.531228889,47.586169444],[7.531215,47.586133333],[7.5311925,47.586088889],[7.531166389,47.586043611],[7.531133611,47.586005833],[7.531095556,47.585968611],[7.531046389,47.585930556],[7.531004167,47.585903333],[7.530965,47.585881667],[7.530922222,47.585862222],[7.5308625,47.585841111],[7.529470833,47.585396944],[7.529612222,47.585188056],[7.531607222,47.585828611],[7.533058333,47.586296667]]]}},{"type":"Feature","id":"LFSB-232bd05206731c1bbb5a","properties":{"airport":"LFSB","name":"LFSB AVISO","layer":"Airfield surfaces","category":"Runways","object_type":"Area","style_id":"polygon.runwayconcrete.555555","source_group":"LFSB AVISO","vsmr_group_ids":[],"geometry_role":"filled_region"},"geometry":{"type":"Polygon","coordinates":[[[7.540996667,47.591988889],[7.540886111,47.591974167],[7.540810278,47.592016667],[7.540755278,47.592045278],[7.540713333,47.592066667],[7.540659444,47.592091111],[7.540610833,47.592113056],[7.540499722,47.592160556],[7.539775278,47.592478056],[7.539734444,47.592495556],[7.539694722,47.59251],[7.539653056,47.592523889],[7.539611667,47.592535833],[7.539571667,47.592545556],[7.539544167,47.592550833],[7.539525278,47.592555278],[7.539438056,47.592349722],[7.539469722,47.592345],[7.539509722,47.592336111],[7.539541944,47.592325278],[7.539578889,47.592311111],[7.539664722,47.592274722],[7.5402,47.592041111],[7.540251389,47.592016389],[7.540276389,47.592001944],[7.54029,47.591987778],[7.540296111,47.591968611],[7.540298056,47.591946111],[7.540293889,47.591926111],[7.540284167,47.591906944],[7.540268889,47.591893333],[7.540239444,47.59188],[7.540174444,47.591865833],[7.537548889,47.591457222],[7.537435,47.591802778],[7.537425278,47.59184],[7.53742,47.59187],[7.537108611,47.591818333],[7.537119722,47.591795],[7.537125833,47.591772778],[7.537129444,47.591741667],[7.537129167,47.591706944],[7.537122222,47.591648056],[7.537113611,47.591607778],[7.537099722,47.591561111],[7.537078333,47.591511389],[7.537058056,47.591468056],[7.537037778,47.591430278],[7.537006389,47.591383056],[7.5335875,47.590846111],[7.533508333,47.590846944],[7.533428333,47.590853611],[7.533362778,47.590864167],[7.533296667,47.590880556],[7.533236111,47.590900833],[7.533164444,47.590931389],[7.533114167,47.590959722],[7.533067222,47.590989444],[7.533015833,47.591030556],[7.532974167,47.591077222],[7.532905833,47.591175833],[7.532905556,47.59121],[7.532906667,47.591235278],[7.532911389,47.591259444],[7.532551667,47.591140556],[7.532564167,47.591124444],[7.5325725,47.591089444],[7.532576389,47.591060278],[7.532577222,47.591033333],[7.532574444,47.591000833],[7.532568333,47.590968611],[7.532558333,47.590936389],[7.532543333,47.590899444],[7.532506667,47.590841944],[7.532483333,47.590810556],[7.53244,47.590768333],[7.532390556,47.590733333],[7.532339167,47.590698889],[7.532274722,47.590665833],[7.532215556,47.590638611],[7.532155,47.590619444],[7.5320975,47.590606389],[7.531992222,47.590590556],[7.531937222,47.590609722],[7.531878056,47.590636944],[7.531841111,47.590659722],[7.5318,47.590689722],[7.531761111,47.590727222],[7.531724444,47.590770278],[7.531554444,47.591013333],[7.53127,47.590920556],[7.531345833,47.590804167],[7.531373056,47.590752778],[7.531385278,47.590722222],[7.531388889,47.590695278],[7.531388333,47.590669722],[7.531385833,47.590638889],[7.531375556,47.590605278],[7.531361389,47.590571111],[7.531344722,47.590541667],[7.531326111,47.590515],[7.531307222,47.590495],[7.5312925,47.590480556],[7.529960278,47.590273056],[7.529834444,47.590263333],[7.529743056,47.590268889],[7.529654444,47.590281667],[7.529579722,47.590299167],[7.529503889,47.5903225],[7.529451389,47.590345556],[7.529393611,47.590376111],[7.529348056,47.590405278],[7.529306389,47.590436944],[7.529265833,47.590472222],[7.529207222,47.590533056],[7.528305,47.590585],[7.528328333,47.590532222],[7.528350833,47.590476667],[7.528361944,47.590433333],[7.528365833,47.590400278],[7.528364167,47.590369722],[7.528361389,47.590338611],[7.528353056,47.590298056],[7.52834,47.5902575],[7.528322778,47.590216944],[7.528299444,47.590180833],[7.528273889,47.590148889],[7.528245,47.590115833],[7.528205556,47.590084722],[7.528148611,47.590045556],[7.528104722,47.590021944],[7.528056111,47.589999722],[7.527988889,47.589975833],[7.527928889,47.589958611],[7.527865833,47.589945556],[7.517783889,47.588364722],[7.517693889,47.588353611],[7.517633333,47.588349722],[7.517573056,47.588352222],[7.517504722,47.588359167],[7.517454444,47.588368056],[7.517398333,47.588381111],[7.517356389,47.588394167],[7.51731,47.588410833],[7.517261667,47.588431389],[7.517225,47.588451389],[7.517184722,47.588474167],[7.517152778,47.588495556],[7.5171225,47.588519722],[7.517094444,47.588545],[7.517063889,47.588578056],[7.517038611,47.588611944],[7.517014444,47.588650833],[7.516998889,47.588685278],[7.516961111,47.588796944],[7.516657222,47.588749167],[7.516835833,47.588215833],[7.517018056,47.587682222],[7.528369444,47.589464167],[7.528517222,47.589487222],[7.528641667,47.589495833],[7.528732222,47.589490833],[7.528823333,47.589476389],[7.528909722,47.589453333],[7.528991111,47.589422222],[7.5290725,47.589381111],[7.529142222,47.589333056],[7.529186944,47.589291944],[7.529240556,47.589236667],[7.530167778,47.589152778],[7.530128333,47.589226111],[7.530103611,47.589298333],[7.530092222,47.589363889],[7.530092778,47.589426944],[7.530109444,47.589488333],[7.530136389,47.589543611],[7.530178611,47.589601944],[7.530229722,47.589655556],[7.530282778,47.589699444],[7.530354722,47.589738889],[7.530443056,47.589775],[7.530526389,47.589797778],[7.530611667,47.589815278],[7.531536389,47.589961667],[7.5316375,47.589954722],[7.531702778,47.589940556],[7.531763333,47.589925],[7.531823889,47.589905556],[7.531872778,47.589886667],[7.531920556,47.589863611],[7.531966667,47.589835556],[7.532011667,47.589804444],[7.532050556,47.589775833],[7.532081389,47.589745],[7.532278056,47.589468333],[7.532570833,47.589558889],[7.532383889,47.589826667],[7.532368333,47.589849722],[7.532355556,47.589870833],[7.532345556,47.589892778],[7.53234,47.589916389],[7.532337778,47.589940556],[7.532341389,47.589963611],[7.532348333,47.589986944],[7.532361111,47.590016389],[7.53238,47.5900425],[7.532403333,47.590066389],[7.532431111,47.590088889],[7.532463889,47.590105556],[7.532486667,47.590113611],[7.533027222,47.590193333],[7.5330625,47.590173889],[7.533102778,47.590151111],[7.533134722,47.590126667],[7.533157222,47.590104167],[7.533174444,47.590081667],[7.533188889,47.590054167],[7.533319722,47.589680556],[7.533624444,47.589728611],[7.533530833,47.589995278],[7.533518333,47.590031389],[7.533510556,47.590063889],[7.533504167,47.590098333],[7.533501111,47.590135],[7.533506111,47.590166389],[7.533513056,47.590197778],[7.533525278,47.590230556],[7.533550833,47.590275556],[7.540334722,47.591351389],[7.540443056,47.591367222],[7.540488611,47.591368056],[7.540522222,47.591360556],[7.540559722,47.591347222],[7.540585833,47.591328056],[7.540603611,47.591306111],[7.540611111,47.591285278],[7.540609722,47.591262778],[7.540602222,47.591240278],[7.540586389,47.591218333],[7.54039,47.590935556],[7.540658889,47.59085],[7.541103333,47.591485],[7.541169167,47.591497222],[7.540996667,47.591988889]]]}},{"type":"Feature","id":"LFSB-1821ce38c858aeafb9db","properties":{"airport":"LFSB","name":"LFSB AVISO","layer":"Airfield surfaces","category":"Runways","object_type":"Area","style_id":"polygon.runwayconcrete.555555","source_group":"LFSB AVISO","vsmr_group_ids":[],"geometry_role":"filled_region"},"geometry":{"type":"Polygon","coordinates":[[[7.523131944,47.605473889],[7.523018056,47.605638056],[7.522776111,47.605561111],[7.522890833,47.605396389],[7.523131944,47.605473889]]]}},{"type":"Feature","id":"LFSB-4dbdc9a803dc222dcc2b","properties":{"airport":"LFSB","name":"LFSB AVISO","layer":"Terrain","category":"Grass","object_type":"Area","style_id":"polygon.grassurface.00512f","source_group":"LFSB AVISO","vsmr_group_ids":[],"geometry_role":"filled_region"},"geometry":{"type":"Polygon","coordinates":[[[7.524515833,47.60176],[7.524481111,47.601730278],[7.524453056,47.601700278],[7.524431111,47.601673056],[7.524409167,47.601638889],[7.524393889,47.60161],[7.524379444,47.601574444],[7.524368056,47.601534167],[7.524364167,47.6015025],[7.524361944,47.6014575],[7.524365556,47.60142],[7.524380556,47.601366389],[7.5244025,47.601319444],[7.524432778,47.601269722],[7.524915,47.600576944],[7.524950278,47.600529444],[7.524983889,47.600497222],[7.525029167,47.6004675],[7.525078056,47.600444722],[7.525128889,47.600424444],[7.525188056,47.600409722],[7.525231667,47.600405278],[7.525270833,47.600409444],[7.525314444,47.600421111],[7.525360556,47.600438611],[7.5254,47.600463333],[7.525425278,47.600490556],[7.525444444,47.60053],[7.525461944,47.600593611],[7.525462778,47.600639444],[7.5254525,47.600673611],[7.525427778,47.600716111],[7.524788889,47.601633889],[7.524752222,47.601675556],[7.524715556,47.6017075],[7.524672778,47.601736389],[7.524628333,47.601760556],[7.524583889,47.601778333],[7.524551111,47.601787778],[7.524515833,47.60176]]]}},{"type":"Feature","id":"LFSB-5353d7f92c518da6f87b","properties":{"airport":"LFSB","name":"LFSB AVISO","layer":"Terrain","category":"Grass","object_type":"Area","style_id":"polygon.grassurface.00512f","source_group":"LFSB AVISO","vsmr_group_ids":[],"geometry_role":"filled_region"},"geometry":{"type":"Polygon","coordinates":[[[7.525936944,47.59921],[7.52596,47.599190556],[7.525986667,47.599175833],[7.526016389,47.599166111],[7.526047778,47.599158889],[7.526079444,47.599156944],[7.526115556,47.599158611],[7.526155556,47.599165556],[7.526191667,47.599175],[7.526234167,47.599189444],[7.526258889,47.599205],[7.526280278,47.599226389],[7.526305278,47.599258889],[7.526320278,47.599284167],[7.526324722,47.599306389],[7.526320833,47.599337778],[7.526307222,47.599405556],[7.526298056,47.599438611],[7.5262825,47.599469167],[7.526253333,47.599514722],[7.526156944,47.599654167],[7.526133611,47.599681389],[7.526093889,47.599713333],[7.525998889,47.599776944],[7.525948333,47.599804722],[7.525914722,47.5998175],[7.525871111,47.599825278],[7.5258275,47.599830278],[7.525775833,47.599826389],[7.525726667,47.599812778],[7.525686667,47.599793611],[7.525650833,47.5997725],[7.525629167,47.599746667],[7.525614444,47.599720556],[7.525609167,47.599705278],[7.525605556,47.599690556],[7.525610556,47.599676944],[7.525920833,47.599229722],[7.525936944,47.59921]]]}},{"type":"Feature","id":"LFSB-0a4eea5dabc986d876cb","properties":{"airport":"LFSB","name":"LFSB AVISO","layer":"Terrain","category":"Grass","object_type":"Area","style_id":"polygon.grassurface.00512f","source_group":"LFSB AVISO","vsmr_group_ids":[],"geometry_role":"filled_region"},"geometry":{"type":"Polygon","coordinates":[[[7.526260833,47.598789444],[7.526258611,47.598772222],[7.526258611,47.598754444],[7.526264167,47.598736944],[7.526273056,47.598719167],[7.526287222,47.5986975],[7.526311944,47.598672778],[7.526343333,47.598649167],[7.526378889,47.598628333],[7.526415,47.598612778],[7.526450278,47.598602778],[7.5264925,47.598595278],[7.526558889,47.598591389],[7.526682222,47.598595556],[7.5267075,47.598598056],[7.526731389,47.598604167],[7.526751667,47.598615556],[7.526765556,47.598633889],[7.526770278,47.5986575],[7.526773611,47.598713056],[7.526763889,47.598746111],[7.526748333,47.598780278],[7.526725278,47.598811667],[7.526695,47.59884],[7.526661389,47.598863611],[7.526624167,47.598883333],[7.526587778,47.598898333],[7.526556667,47.598906944],[7.526521667,47.598910556],[7.526481667,47.59891],[7.526447778,47.598905556],[7.526404444,47.598896667],[7.526369167,47.598886667],[7.526338889,47.598873056],[7.526310556,47.598856389],[7.526283611,47.598835278],[7.526266944,47.598806667],[7.526260833,47.598789444]]]}},{"type":"Feature","id":"LFSB-40ef593ffd34d3550cfd","properties":{"airport":"LFSB","name":"LFSB AVISO","layer":"Terrain","category":"Grass","object_type":"Area","style_id":"polygon.grassurface.00512f","source_group":"LFSB AVISO","vsmr_group_ids":[],"geometry_role":"filled_region"},"geometry":{"type":"Polygon","coordinates":[[[7.526774444,47.598105833],[7.526765556,47.598083056],[7.526760278,47.598053611],[7.526762222,47.598034167],[7.526769722,47.598014167],[7.526788333,47.59799],[7.526812222,47.597968056],[7.526844722,47.597950278],[7.526897222,47.597930556],[7.526953889,47.597913056],[7.527015556,47.597901944],[7.527078056,47.597896944],[7.527142778,47.597898333],[7.527190556,47.597901667],[7.527218056,47.5979075],[7.527241944,47.597918611],[7.5272575,47.597935833],[7.527264167,47.597963889],[7.527267778,47.598003611],[7.527257222,47.598054444],[7.527244722,47.598095556],[7.527227222,47.598125556],[7.527202222,47.598151667],[7.527172778,47.598181111],[7.527143611,47.598203333],[7.527116111,47.598220833],[7.527083056,47.598238333],[7.527050556,47.598251667],[7.527026667,47.598258056],[7.527001944,47.598260833],[7.526976111,47.598259444],[7.526943611,47.598254444],[7.526916389,47.598243333],[7.526865,47.59821],[7.526785278,47.598121944],[7.526774444,47.598105833]]]}},{"type":"Feature","id":"LFSB-d9c00272746960e898b6","properties":{"airport":"LFSB","name":"LFSB AVISO","layer":"Terrain","category":"Grass","object_type":"Area","style_id":"polygon.grassurface.00512f","source_group":"LFSB AVISO","vsmr_group_ids":[],"geometry_role":"filled_region"},"geometry":{"type":"Polygon","coordinates":[[[7.527261667,47.5973175],[7.527265833,47.597294167],[7.527273889,47.597273056],[7.527289444,47.597246111],[7.5278125,47.596506944],[7.527830556,47.596484167],[7.527846667,47.596466667],[7.527875,47.59645],[7.527903611,47.596438056],[7.527936944,47.596431111],[7.527973333,47.596427222],[7.528010278,47.596429167],[7.528058056,47.596440833],[7.528119722,47.596460833],[7.528152222,47.596476111],[7.528181389,47.596499444],[7.528208889,47.596537778],[7.528215,47.5965825],[7.528215278,47.596634167],[7.528205556,47.596689722],[7.528188889,47.596742222],[7.528168333,47.596784444],[7.5281375,47.596829167],[7.528103889,47.596877222],[7.527999722,47.597026389],[7.528018056,47.597033056],[7.527778889,47.597372222],[7.527767222,47.597365556],[7.527729167,47.597411944],[7.527699444,47.597439444],[7.5276575,47.597478889],[7.5276175,47.597507222],[7.527576944,47.597530833],[7.5275375,47.5975475],[7.527499444,47.597559167],[7.527468611,47.597562778],[7.527443889,47.597557222],[7.527419444,47.5975475],[7.527352778,47.59749],[7.527313611,47.597447778],[7.527287778,47.597408611],[7.527270278,47.597375278],[7.527261944,47.597341389],[7.527261667,47.5973175]]]}},{"type":"Feature","id":"LFSB-77b0885921a4afa08beb","properties":{"airport":"LFSB","name":"LFSB AVISO","layer":"Terrain","category":"Grass","object_type":"Area","style_id":"polygon.grassurface.00512f","source_group":"LFSB AVISO","vsmr_group_ids":[],"geometry_role":"filled_region"},"geometry":{"type":"Polygon","coordinates":[[[7.5319275,47.599450278],[7.531892222,47.599506667],[7.532003889,47.5995425],[7.531862222,47.599740278],[7.531614722,47.599664722],[7.531791667,47.599406944],[7.5319275,47.599450278]]]}},{"type":"Feature","id":"LFSB-0ba31f62c799fbcf1645","properties":{"airport":"LFSB","name":"LFSB AVISO","layer":"Airfield surfaces","category":"Hard Surface 4","object_type":"Area","style_id":"polygon.hardsurface4.969393","source_group":"LFSB AVISO","vsmr_group_ids":[],"geometry_role":"filled_region"},"geometry":{"type":"Polygon","coordinates":[[[7.528398889,47.5957225],[7.528395278,47.595698889],[7.528399444,47.595675],[7.528415833,47.595644167],[7.528703333,47.595229167],[7.528718889,47.59521],[7.528736111,47.595193611],[7.528758611,47.595178889],[7.528789722,47.595165278],[7.5288225,47.595157222],[7.528860556,47.595152778],[7.528900278,47.595156944],[7.528958056,47.595171389],[7.5290225,47.595193611],[7.529054722,47.595210556],[7.5290775,47.595230833],[7.529093889,47.5952575],[7.529103056,47.595285],[7.529100556,47.595307222],[7.529090833,47.5953275],[7.529063333,47.595369444],[7.528781111,47.595770833],[7.528766944,47.595787778],[7.528748333,47.595802222],[7.528723889,47.595814444],[7.528694722,47.595825833],[7.528668056,47.595833889],[7.528640833,47.595836111],[7.528614444,47.595834722],[7.528577222,47.595828056],[7.528524722,47.595814444],[7.528490278,47.595803611],[7.528458333,47.595788611],[7.528429722,47.595769167],[7.528409444,47.595743889],[7.528398889,47.5957225]]]}},{"type":"Feature","id":"LFSB-3d039dc3387965ad6e0e","properties":{"airport":"LFSB","name":"LFSB AVISO","layer":"Buildings and structures","category":"Buildings","object_type":"Area","style_id":"polygon.building.394446","source_group":"LFSB AVISO","vsmr_group_ids":[],"geometry_role":"filled_region"},"geometry":{"type":"Polygon","coordinates":[[[7.527726667,47.599404167],[7.528085278,47.599233889],[7.527994444,47.599146389],[7.5279075,47.599189167],[7.527876944,47.599159444],[7.528005,47.599094444],[7.528037222,47.599126667],[7.528026944,47.599131111],[7.528107778,47.599208611],[7.528370556,47.599084167],[7.528291111,47.599008889],[7.528194722,47.599053889],[7.528159722,47.59902],[7.528296667,47.598956111],[7.528330278,47.598990556],[7.5283225,47.598994167],[7.528399444,47.599068889],[7.528596667,47.598973611],[7.528750833,47.598758889],[7.528559722,47.598698889],[7.528520833,47.598753889],[7.528466389,47.598737778],[7.528579167,47.598576667],[7.528631944,47.598593611],[7.528596111,47.598648333],[7.528784444,47.598708611],[7.528936389,47.598493889],[7.528915556,47.598328611],[7.528779167,47.598336111],[7.528779444,47.598343333],[7.528717778,47.598346944],[7.528702778,47.598235833],[7.528765278,47.5982325],[7.528775833,47.598308611],[7.528911389,47.598301667],[7.528881111,47.598052222],[7.528909722,47.598008889],[7.528875,47.597755],[7.529168889,47.597336667],[7.529222778,47.597764167],[7.529195278,47.597800833],[7.529288889,47.598539444],[7.529558056,47.5988],[7.529723056,47.598851667],[7.529796111,47.598748056],[7.530054444,47.598830556],[7.530115556,47.598743611],[7.530038611,47.598716389],[7.530064722,47.598678333],[7.530305278,47.598755278],[7.530277778,47.598793889],[7.530196111,47.5987675],[7.530136389,47.598855278],[7.530747222,47.59905],[7.530677222,47.599151944],[7.530680278,47.599153056],[7.530642222,47.599208333],[7.530665556,47.599218889],[7.530704722,47.599160556],[7.530921111,47.599228889],[7.530920833,47.599222222],[7.5309275,47.599215],[7.530938611,47.599208611],[7.530950833,47.599204444],[7.530965278,47.599203889],[7.530976389,47.599206111],[7.531032778,47.599123333],[7.531079167,47.598946389],[7.531111389,47.598948611],[7.5310275,47.599261944],[7.531039722,47.599266667],[7.531105,47.599168611],[7.531248333,47.5992125],[7.531180556,47.599310556],[7.531314722,47.599351667],[7.531285278,47.599395556],[7.531319444,47.599406389],[7.531746389,47.598780833],[7.531577778,47.598727778],[7.5315375,47.598786667],[7.531486389,47.598770556],[7.531596389,47.598609444],[7.531648889,47.598627222],[7.531610556,47.598679444],[7.531776111,47.598733611],[7.531784722,47.598723056],[7.531796111,47.598722778],[7.531836667,47.598736667],[7.531900556,47.598649444],[7.531877778,47.598641667],[7.532066389,47.598368889],[7.532038056,47.598360278],[7.532435556,47.597791111],[7.532676944,47.597868889],[7.532093333,47.598710556],[7.532018056,47.598685833],[7.53196,47.598775556],[7.532020556,47.598796667],[7.531988056,47.598840278],[7.5327225,47.599078889],[7.531660556,47.600610556],[7.530527222,47.600245278],[7.530488333,47.6003],[7.530436667,47.600283611],[7.530545556,47.600123333],[7.530598333,47.600139167],[7.530561111,47.600194722],[7.530728611,47.60025],[7.531148056,47.599657778],[7.53111,47.599646389],[7.531098611,47.599660556],[7.530964722,47.599616667],[7.530905833,47.5997025],[7.530696944,47.599637778],[7.530755556,47.599551389],[7.530648611,47.5995175],[7.530638333,47.599522778],[7.530625556,47.599526389],[7.530613333,47.599526667],[7.530603056,47.599525278],[7.530529444,47.599635833],[7.530492778,47.599607778],[7.530386111,47.599763333],[7.530352222,47.599749444],[7.530531667,47.599480833],[7.530491944,47.599468333],[7.530518889,47.59943],[7.530493056,47.599421111],[7.530399722,47.599550833],[7.529768611,47.599356667],[7.529708056,47.599444722],[7.529791389,47.599473056],[7.529764444,47.599510556],[7.529601667,47.599458889],[7.529629722,47.599421111],[7.529658333,47.59943],[7.529718333,47.599339444],[7.529450556,47.599248056],[7.529519722,47.599151944],[7.529351111,47.5990975],[7.528875556,47.599127222],[7.527909722,47.599583889],[7.527833056,47.599619722],[7.527809444,47.599648611],[7.527436389,47.599825556],[7.527726667,47.599404167]]]}},{"type":"Feature","id":"LFSB-6d751cfdbb68c605df73","properties":{"airport":"LFSB","name":"LFSB AVISO","layer":"Buildings and structures","category":"Buildings","object_type":"Area","style_id":"polygon.building.394446","source_group":"LFSB AVISO","vsmr_group_ids":[],"geometry_role":"filled_region"},"geometry":{"type":"Polygon","coordinates":[[[7.530875833,47.594915278],[7.531768056,47.593624167],[7.533538889,47.594188889],[7.532979167,47.5949975],[7.532906389,47.594976111],[7.532855278,47.595051389],[7.532239444,47.594853611],[7.5322525,47.594832222],[7.531894167,47.594717222],[7.531935278,47.594656389],[7.531643333,47.594561111],[7.531476667,47.594805556],[7.531484167,47.594807778],[7.531313333,47.595055],[7.530875833,47.594915278]]]}},{"type":"Feature","id":"LFSB-73673ae24022b10c805e","properties":{"airport":"LFSB","name":"LFSB AVISO","layer":"Buildings and structures","category":"Buildings","object_type":"Area","style_id":"polygon.building.394446","source_group":"LFSB AVISO","vsmr_group_ids":[],"geometry_role":"filled_region"},"geometry":{"type":"Polygon","coordinates":[[[7.531680556,47.595252222],[7.531978611,47.595346944],[7.531845278,47.59554],[7.531545,47.595445833],[7.531680556,47.595252222]]]}},{"type":"Feature","id":"LFSB-5fe433188985d983b4cf","properties":{"airport":"LFSB","name":"LFSB AVISO","layer":"Buildings and structures","category":"Buildings","object_type":"Area","style_id":"polygon.building.394446","source_group":"LFSB AVISO","vsmr_group_ids":[],"geometry_role":"filled_region"},"geometry":{"type":"Polygon","coordinates":[[[7.531989722,47.595560278],[7.532045833,47.595477778],[7.531986389,47.595458889],[7.532154167,47.595220833],[7.532406944,47.595300833],[7.532181389,47.595620278],[7.531989722,47.595560278]]]}},{"type":"Feature","id":"LFSB-30a8a5180bd187229a89","properties":{"airport":"LFSB","name":"LFSB AVISO","layer":"Buildings and structures","category":"Buildings","object_type":"Area","style_id":"polygon.building.394446","source_group":"LFSB AVISO","vsmr_group_ids":[],"geometry_role":"filled_region"},"geometry":{"type":"Polygon","coordinates":[[[7.532783333,47.595425278],[7.532666944,47.595591667],[7.532306111,47.595476944],[7.532417778,47.595308333],[7.532783333,47.595425278]]]}},{"type":"Feature","id":"LFSB-954d0f50dad0c143e6bb","properties":{"airport":"LFSB","name":"LFSB AVISO","layer":"Buildings and structures","category":"Buildings","object_type":"Area","style_id":"polygon.building.394446","source_group":"LFSB AVISO","vsmr_group_ids":[],"geometry_role":"filled_region"},"geometry":{"type":"Polygon","coordinates":[[[7.532332778,47.595503611],[7.532657222,47.595606389],[7.532563889,47.595743889],[7.532238889,47.59564],[7.532332778,47.595503611]]]}},{"type":"Feature","id":"LFSB-0ef011dfa26056ddbcd8","properties":{"airport":"LFSB","name":"LFSB AVISO","layer":"Buildings and structures","category":"Buildings","object_type":"Area","style_id":"polygon.building.394446","source_group":"LFSB AVISO","vsmr_group_ids":[],"geometry_role":"filled_region"},"geometry":{"type":"Polygon","coordinates":[[[7.532881944,47.595758889],[7.53296,47.595654722],[7.532974167,47.595658611],[7.533057778,47.595536389],[7.533116111,47.595554444],[7.533152222,47.595506667],[7.533251111,47.595536389],[7.533228056,47.595567222],[7.533198056,47.595558611],[7.533183056,47.595578889],[7.533763889,47.595760278],[7.533676667,47.595884722],[7.533661667,47.595880278],[7.533542222,47.596053333],[7.533537222,47.596051944],[7.533513056,47.596087222],[7.533364722,47.596040833],[7.533306389,47.596123333],[7.53312,47.596062222],[7.533173611,47.595985833],[7.533065556,47.595952778],[7.533070556,47.595945833],[7.532678333,47.59582],[7.532709722,47.595768889],[7.532731111,47.595776111],[7.5327675,47.595721667],[7.532881944,47.595758889]]]}},{"type":"Feature","id":"LFSB-0356514c2a8322aa20b6","properties":{"airport":"LFSB","name":"LFSB AVISO","layer":"Buildings and structures","category":"Buildings","object_type":"Area","style_id":"polygon.building.394446","source_group":"LFSB AVISO","vsmr_group_ids":[],"geometry_role":"filled_region"},"geometry":{"type":"Polygon","coordinates":[[[7.532065833,47.593146944],[7.532139167,47.593159167],[7.532215,47.592911667],[7.5323275,47.5927425],[7.532603333,47.592785833],[7.532591111,47.592830556],[7.533053889,47.592903056],[7.533135278,47.592659444],[7.536428889,47.593162778],[7.536286111,47.59359],[7.538397778,47.593894167],[7.540618056,47.594265],[7.540688056,47.594026389],[7.541255833,47.594112222],[7.541127778,47.594489167],[7.540575,47.594397778],[7.540453333,47.594761667],[7.54017,47.594719444],[7.540153889,47.594771389],[7.539871667,47.594724722],[7.539863333,47.594745556],[7.538362222,47.594499722],[7.538380278,47.594443056],[7.538221111,47.594419167],[7.538246389,47.594333889],[7.537090278,47.594153889],[7.5370625,47.594233611],[7.536588056,47.594158611],[7.536615833,47.594079167],[7.536571389,47.594070833],[7.536565556,47.594083333],[7.536521111,47.594091944],[7.5365075,47.594064167],[7.53647,47.594050556],[7.536461667,47.594054167],[7.536144167,47.594004444],[7.5361075,47.594110833],[7.536018611,47.594095],[7.536056111,47.593963889],[7.535786111,47.593920556],[7.535711111,47.594138611],[7.535730278,47.594142222],[7.535663611,47.594335],[7.534860278,47.5942075],[7.534928333,47.5940125],[7.535329444,47.594077222],[7.535355,47.593992778],[7.5349675,47.593931389],[7.5349775,47.593897778],[7.534719722,47.593859444],[7.534716111,47.593871389],[7.534102222,47.593775278],[7.5341075,47.593760556],[7.533196667,47.593615278],[7.533236389,47.593495556],[7.53297,47.593451667],[7.532988889,47.593395278],[7.532854722,47.593372222],[7.532851667,47.593378056],[7.532691111,47.593353611],[7.532591389,47.593336667],[7.532507778,47.593321389],[7.532418333,47.593303056],[7.532321389,47.593280556],[7.532214167,47.593253333],[7.532131389,47.593230556],[7.5320475,47.593205],[7.532065833,47.593146944]]]}},{"type":"Feature","id":"LFSB-31359c4574d7ae219cf0","properties":{"airport":"LFSB","name":"LFSB AVISO","layer":"Buildings and structures","category":"Buildings","object_type":"Area","style_id":"polygon.building.394446","source_group":"LFSB AVISO","vsmr_group_ids":[],"geometry_role":"filled_region"},"geometry":{"type":"Polygon","coordinates":[[[7.532806667,47.592562222],[7.532754167,47.592739167],[7.532491111,47.592700833],[7.532544444,47.592521667],[7.532806667,47.592562222]]]}},{"type":"Feature","id":"LFSB-4ea83f37f37941b0cf27","properties":{"airport":"LFSB","name":"LFSB AVISO","layer":"Buildings and structures","category":"Buildings","object_type":"Area","style_id":"polygon.building.394446","source_group":"LFSB AVISO","vsmr_group_ids":[],"geometry_role":"filled_region"},"geometry":{"type":"Polygon","coordinates":[[[7.538791389,47.5932375],[7.538239722,47.593145556],[7.538366389,47.592770556],[7.538419167,47.592778889],[7.538440556,47.592715833],[7.538884167,47.592786111],[7.5388575,47.592849444],[7.538919444,47.592858889],[7.538791389,47.5932375]]]}},{"type":"Feature","id":"LFSB-94fa908a2c714ec61c7d","properties":{"airport":"LFSB","name":"LFSB AVISO","layer":"Buildings and structures","category":"Buildings","object_type":"Area","style_id":"polygon.building.394446","source_group":"LFSB AVISO","vsmr_group_ids":[],"geometry_role":"filled_region"},"geometry":{"type":"Polygon","coordinates":[[[7.539627222,47.589485556],[7.539718611,47.589499167],[7.539658333,47.5896725],[7.539454444,47.589638611],[7.53945,47.589653889],[7.538481389,47.589502222],[7.538683056,47.588906389],[7.539765833,47.589078611],[7.539627222,47.589485556]]]}},{"type":"Feature","id":"LFSB-d986bf5234eb40b8a951","properties":{"airport":"LFSB","name":"LFSB AVISO","layer":"Buildings and structures","category":"Buildings","object_type":"Area","style_id":"polygon.building.394446","source_group":"LFSB AVISO","vsmr_group_ids":[],"geometry_role":"filled_region"},"geometry":{"type":"Polygon","coordinates":[[[7.538566667,47.588826389],[7.538325,47.588748611],[7.538342222,47.588724444],[7.538263889,47.5887],[7.538255,47.588711111],[7.538007222,47.588631111],[7.537985278,47.588661944],[7.5378675,47.588638889],[7.537773889,47.588620278],[7.5376925,47.588601389],[7.537603056,47.588576944],[7.537519444,47.588553056],[7.537567778,47.588485278],[7.537521111,47.588469722],[7.539161944,47.586108889],[7.540225833,47.586440833],[7.538566667,47.588826389]]]}},{"type":"Feature","id":"LFSB-f55e0997439d8596240d","properties":{"airport":"LFSB","name":"LFSB AVISO","layer":"Buildings and structures","category":"Buildings","object_type":"Area","style_id":"polygon.building.394446","source_group":"LFSB AVISO","vsmr_group_ids":[],"geometry_role":"filled_region"},"geometry":{"type":"Polygon","coordinates":[[[7.528201944,47.582393056],[7.528166944,47.582382778],[7.528207778,47.582325556],[7.527725,47.582166111],[7.528031944,47.581721944],[7.5282875,47.581803889],[7.5283125,47.581766111],[7.528626111,47.581864444],[7.528628611,47.581604444],[7.5302275,47.581608333],[7.530225556,47.581966667],[7.5284975,47.581961667],[7.528201944,47.582393056]]]}},{"type":"Feature","id":"LFSB-5ad744c58f37099a1d85","properties":{"airport":"LFSB","name":"LFSB AVISO","layer":"Buildings and structures","category":"Buildings","object_type":"Area","style_id":"polygon.building.394446","source_group":"LFSB AVISO","vsmr_group_ids":[],"geometry_role":"filled_region"},"geometry":{"type":"Polygon","coordinates":[[[7.526657778,47.582268611],[7.526704167,47.582282222],[7.5267775,47.582178056],[7.526824444,47.582193889],[7.526081389,47.583255278],[7.526034167,47.583241389],[7.526111111,47.583135278],[7.526091944,47.583128889],[7.526045833,47.583193333],[7.524676111,47.582756667],[7.524935,47.582389444],[7.524866389,47.582368611],[7.525059444,47.582093611],[7.525128889,47.582115833],[7.525317222,47.581850278],[7.525219167,47.5818175],[7.525303889,47.581696389],[7.525478611,47.581753333],[7.5254525,47.581787222],[7.526713056,47.582189167],[7.526657778,47.582268611]]]}},{"type":"Feature","id":"LFSB-18c9234c2ae0a1997b46","properties":{"airport":"LFSB","name":"LFSB AVISO","layer":"Buildings and structures","category":"Buildings","object_type":"Area","style_id":"polygon.building.394446","source_group":"LFSB AVISO","vsmr_group_ids":[],"geometry_role":"filled_region"},"geometry":{"type":"Polygon","coordinates":[[[7.525444167,47.584263056],[7.524936111,47.584101944],[7.524949722,47.5840825],[7.524331944,47.583883889],[7.524348056,47.583863889],[7.5240925,47.583780556],[7.524355278,47.583402778],[7.524617778,47.5834875],[7.524779167,47.583246667],[7.525910278,47.583608889],[7.525444167,47.584263056]]]}},{"type":"Feature","id":"LFSB-15b32933e3e97bfe676d","properties":{"airport":"LFSB","name":"LFSB AVISO","layer":"Buildings and structures","category":"Buildings","object_type":"Area","style_id":"polygon.building.394446","source_group":"LFSB AVISO","vsmr_group_ids":[],"geometry_role":"filled_region"},"geometry":{"type":"Polygon","coordinates":[[[7.525390556,47.584329722],[7.524825,47.585160833],[7.524894167,47.585182222],[7.524820833,47.585283333],[7.523740556,47.584935278],[7.523802222,47.5848425],[7.523682778,47.584804722],[7.523618333,47.584893056],[7.523375,47.584815833],[7.524018611,47.583893889],[7.525390556,47.584329722]]]}},{"type":"Feature","id":"LFSB-79d24e590a868d071391","properties":{"airport":"LFSB","name":"LFSB AVISO","layer":"Buildings and structures","category":"Buildings","object_type":"Area","style_id":"polygon.building.394446","source_group":"LFSB AVISO","vsmr_group_ids":[],"geometry_role":"filled_region"},"geometry":{"type":"Polygon","coordinates":[[[7.523472778,47.586071111],[7.522956667,47.586811389],[7.522213333,47.586569722],[7.522176389,47.586501389],[7.522341667,47.586261667],[7.522457778,47.586298611],[7.523094167,47.585398889],[7.523060833,47.585379444],[7.523114167,47.585303611],[7.523217778,47.585315278],[7.523313056,47.585165556],[7.52326,47.585149167],[7.523402778,47.584940833],[7.524682778,47.585350278],[7.524050833,47.586255833],[7.523472778,47.586071111]]]}},{"type":"Feature","id":"LFSB-2d0d5368037b4ad7a956","properties":{"airport":"LFSB","name":"LFSB AVISO","layer":"Buildings and structures","category":"Buildings","object_type":"Area","style_id":"polygon.building.394446","source_group":"LFSB AVISO","vsmr_group_ids":[],"geometry_role":"filled_region"},"geometry":{"type":"Polygon","coordinates":[[[7.533661389,47.596564444],[7.533283889,47.5970975],[7.5330825,47.5970375],[7.53346,47.596501667],[7.533661389,47.596564444]]]}},{"type":"Feature","id":"LFSB-2a218095162125993ec8","properties":{"airport":"LFSB","name":"LFSB AVISO","layer":"Buildings and structures","category":"Buildings","object_type":"Area","style_id":"polygon.building.394446","source_group":"LFSB AVISO","vsmr_group_ids":[],"geometry_role":"filled_region"},"geometry":{"type":"Polygon","coordinates":[[[7.5281375,47.602462222],[7.527821667,47.602726667],[7.527383333,47.602491111],[7.527701111,47.602224722],[7.5281375,47.602462222]]]}},{"type":"Feature","id":"LFSB-392258261f98020a2301","properties":{"airport":"LFSB","name":"LFSB AVISO","layer":"Buildings and structures","category":"Buildings","object_type":"Area","style_id":"polygon.building.394446","source_group":"LFSB AVISO","vsmr_group_ids":[],"geometry_role":"filled_region"},"geometry":{"type":"Polygon","coordinates":[[[7.526696944,47.603140556],[7.526616111,47.603211111],[7.526270556,47.603024167],[7.526355278,47.602953056],[7.526696944,47.603140556]]]}},{"type":"Feature","id":"LFSB-9c681e5502e53a8b0051","properties":{"airport":"LFSB","name":"LFSB AVISO","layer":"Buildings and structures","category":"Buildings","object_type":"Area","style_id":"polygon.building.394446","source_group":"LFSB AVISO","vsmr_group_ids":[],"geometry_role":"filled_region"},"geometry":{"type":"Polygon","coordinates":[[[7.526554722,47.603314722],[7.526269722,47.603556111],[7.526221389,47.603529167],[7.526210278,47.603538056],[7.526142778,47.603498611],[7.526066389,47.603563056],[7.5261,47.6035825],[7.526032222,47.603640278],[7.526131944,47.603693889],[7.525603611,47.604143056],[7.525557778,47.604118889],[7.525525556,47.604146389],[7.525493333,47.604128611],[7.5254825,47.604136944],[7.5250675,47.603910278],[7.525081389,47.6039],[7.5250725,47.603893889],[7.525448611,47.6035775],[7.525596944,47.603443889],[7.525711111,47.603504167],[7.526183889,47.603115833],[7.526554722,47.603314722]]]}},{"type":"Feature","id":"LFSB-acccff562aa09e7975f0","properties":{"airport":"LFSB","name":"LFSB AVISO","layer":"Buildings and structures","category":"Buildings","object_type":"Area","style_id":"polygon.building.394446","source_group":"LFSB AVISO","vsmr_group_ids":[],"geometry_role":"filled_region"},"geometry":{"type":"Polygon","coordinates":[[[7.524534444,47.603794444],[7.524081111,47.60443],[7.5239025,47.604370833],[7.524354167,47.603738333],[7.524534444,47.603794444]]]}},{"type":"Feature","id":"LFSB-659d1bbff17f8d2e7ea8","properties":{"airport":"LFSB","name":"LFSB AVISO","layer":"Buildings and structures","category":"Buildings","object_type":"Area","style_id":"polygon.building.394446","source_group":"LFSB AVISO","vsmr_group_ids":[],"geometry_role":"filled_region"},"geometry":{"type":"Polygon","coordinates":[[[7.524140833,47.603586944],[7.523569722,47.604393333],[7.523348889,47.6043225],[7.523924444,47.603516944],[7.524140833,47.603586944]]]}},{"type":"Feature","id":"LFSB-a28bb70f69be6545ed6b","properties":{"airport":"LFSB","name":"LFSB AVISO","layer":"Buildings and structures","category":"Buildings","object_type":"Area","style_id":"polygon.building.394446","source_group":"LFSB AVISO","vsmr_group_ids":[],"geometry_role":"filled_region"},"geometry":{"type":"Polygon","coordinates":[[[7.524199444,47.604482222],[7.524137778,47.604573889],[7.524075,47.604552222],[7.524059167,47.604571667],[7.523877778,47.604514444],[7.523890556,47.604494444],[7.523829722,47.604475556],[7.523890278,47.604386389],[7.524199444,47.604482222]]]}},{"type":"Feature","id":"LFSB-bb8a724436244d182abc","properties":{"airport":"LFSB","name":"LFSB AVISO","layer":"Buildings and structures","category":"Buildings","object_type":"Area","style_id":"polygon.building.394446","source_group":"LFSB AVISO","vsmr_group_ids":[],"geometry_role":"filled_region"},"geometry":{"type":"Polygon","coordinates":[[[7.523139167,47.6060125],[7.523261667,47.605833333],[7.523642778,47.605958333],[7.523522778,47.606131944],[7.523139167,47.6060125]]]}},{"type":"Feature","id":"LFSB-c0675d00110a22790e50","properties":{"airport":"LFSB","name":"LFSB AVISO","layer":"Buildings and structures","category":"Buildings","object_type":"Area","style_id":"polygon.building.394446","source_group":"LFSB AVISO","vsmr_group_ids":[],"geometry_role":"filled_region"},"geometry":{"type":"Polygon","coordinates":[[[7.533469167,47.592345556],[7.533452222,47.592393889],[7.533400556,47.592386944],[7.533366111,47.592489167],[7.533155278,47.592458333],[7.533206111,47.592305833],[7.533469167,47.592345556]]]}},{"type":"Feature","id":"LFSB-82ff32cf9d9b3c7500a3","properties":{"airport":"LFSB","name":"LFSB AVISO","layer":"Surface markings","category":"Stopbars","object_type":"Area","style_id":"polygon.stopbar.7e0000","source_group":"LFSB AVISO","vsmr_group_ids":[],"geometry_role":"filled_region"},"geometry":{"type":"Polygon","coordinates":[[[7.511135,47.617808056],[7.510973611,47.618039444],[7.510948333,47.618030833],[7.511105556,47.617802222],[7.511135,47.617808056]]]}},{"type":"Feature","id":"LFSB-06d7d4a98fa5d597b7a2","properties":{"airport":"LFSB","name":"LFSB AVISO","layer":"Surface markings","category":"Stopbars","object_type":"Area","style_id":"polygon.stopbar.7e0000","source_group":"LFSB AVISO","vsmr_group_ids":[],"geometry_role":"filled_region"},"geometry":{"type":"Polygon","coordinates":[[[7.516221667,47.610506667],[7.5160875,47.610696389],[7.516061667,47.610687778],[7.516193889,47.610497778],[7.516221667,47.610506667]]]}},{"type":"Feature","id":"LFSB-5151ae7c6dded8f440e4","properties":{"airport":"LFSB","name":"LFSB AVISO","layer":"Surface markings","category":"Stopbars","object_type":"Area","style_id":"polygon.stopbar.7e0000","source_group":"LFSB AVISO","vsmr_group_ids":[],"geometry_role":"filled_region"},"geometry":{"type":"Polygon","coordinates":[[[7.51979,47.605376389],[7.519655556,47.605566944],[7.519628333,47.605558056],[7.519762778,47.605367778],[7.51979,47.605376389]]]}},{"type":"Feature","id":"LFSB-3eb64c24a37813aaca4e","properties":{"airport":"LFSB","name":"LFSB AVISO","layer":"Surface markings","category":"Stopbars","object_type":"Area","style_id":"polygon.stopbar.7e0000","source_group":"LFSB AVISO","vsmr_group_ids":[],"geometry_role":"filled_region"},"geometry":{"type":"Polygon","coordinates":[[[7.522669167,47.601238056],[7.522534722,47.601431667],[7.522509167,47.601423611],[7.522641111,47.601230278],[7.522669167,47.601238056]]]}},{"type":"Feature","id":"LFSB-9463f1cda2881739314a","properties":{"airport":"LFSB","name":"LFSB AVISO","layer":"Surface markings","category":"Stopbars","object_type":"Area","style_id":"polygon.stopbar.7e0000","source_group":"LFSB AVISO","vsmr_group_ids":[],"geometry_role":"filled_region"},"geometry":{"type":"Polygon","coordinates":[[[7.524649444,47.598393333],[7.5245175,47.598584722],[7.524489444,47.598575833],[7.524623056,47.598384722],[7.524649444,47.598393333]]]}},{"type":"Feature","id":"LFSB-cf69ce9fa73ce4b45b60","properties":{"airport":"LFSB","name":"LFSB AVISO","layer":"Surface markings","category":"Stopbars","object_type":"Area","style_id":"polygon.stopbar.7e0000","source_group":"LFSB AVISO","vsmr_group_ids":[],"geometry_role":"filled_region"},"geometry":{"type":"Polygon","coordinates":[[[7.527458056,47.594376944],[7.527289167,47.594618889],[7.527262778,47.59461],[7.527429167,47.594368333],[7.527458056,47.594376944]]]}},{"type":"Feature","id":"LFSB-9f7c3af6c64b4192f4a9","properties":{"airport":"LFSB","name":"LFSB AVISO","layer":"Surface markings","category":"Stopbars","object_type":"Area","style_id":"polygon.stopbar.7e0000","source_group":"LFSB AVISO","vsmr_group_ids":[],"geometry_role":"filled_region"},"geometry":{"type":"Polygon","coordinates":[[[7.531561111,47.591004722],[7.531554167,47.591015833],[7.5312675,47.590923333],[7.531274444,47.5909125],[7.531561111,47.591004722]]]}},{"type":"Feature","id":"LFSB-4098c828bf7506b12779","properties":{"airport":"LFSB","name":"LFSB AVISO","layer":"Surface markings","category":"Stopbars","object_type":"Area","style_id":"polygon.stopbar.7e0000","source_group":"LFSB AVISO","vsmr_group_ids":[],"geometry_role":"filled_region"},"geometry":{"type":"Polygon","coordinates":[[[7.532554167,47.591135556],[7.532910278,47.59125],[7.532913889,47.591263611],[7.532546667,47.591144444],[7.532554167,47.591135556]]]}},{"type":"Feature","id":"LFSB-fefa48aca84ac252d2e4","properties":{"airport":"LFSB","name":"LFSB AVISO","layer":"Surface markings","category":"Stopbars","object_type":"Area","style_id":"polygon.stopbar.7e0000","source_group":"LFSB AVISO","vsmr_group_ids":[],"geometry_role":"filled_region"},"geometry":{"type":"Polygon","coordinates":[[[7.537112222,47.591809444],[7.537422778,47.591859444],[7.537421667,47.591870556],[7.537106667,47.59182],[7.537112222,47.591809444]]]}},{"type":"Feature","id":"LFSB-eb816851965967d137a0","properties":{"airport":"LFSB","name":"LFSB AVISO","layer":"Surface markings","category":"Stopbars","object_type":"Area","style_id":"polygon.stopbar.7e0000","source_group":"LFSB AVISO","vsmr_group_ids":[],"geometry_role":"filled_region"},"geometry":{"type":"Polygon","coordinates":[[[7.539450278,47.5923475],[7.539536667,47.592553333],[7.539520833,47.592556389],[7.539435,47.592349444],[7.539450278,47.5923475]]]}},{"type":"Feature","id":"LFSB-cecd469f7b991040da26","properties":{"airport":"LFSB","name":"LFSB AVISO","layer":"Surface markings","category":"Stopbars","object_type":"Area","style_id":"polygon.stopbar.7e0000","source_group":"LFSB AVISO","vsmr_group_ids":[],"geometry_role":"filled_region"},"geometry":{"type":"Polygon","coordinates":[[[7.5403875,47.590934444],[7.54066,47.590848889],[7.540667222,47.590858333],[7.540394444,47.590944167],[7.5403875,47.590934444]]]}},{"type":"Feature","id":"LFSB-9eb29e22dd10b0248ccd","properties":{"airport":"LFSB","name":"LFSB AVISO","layer":"Surface markings","category":"Stopbars","object_type":"Area","style_id":"polygon.stopbar.7e0000","source_group":"LFSB AVISO","vsmr_group_ids":[],"geometry_role":"filled_region"},"geometry":{"type":"Polygon","coordinates":[[[7.533318611,47.589679444],[7.533625833,47.589727222],[7.533621944,47.589737222],[7.533315556,47.589689167],[7.533318611,47.589679444]]]}},{"type":"Feature","id":"LFSB-aa20075d133a7c5124d9","properties":{"airport":"LFSB","name":"LFSB AVISO","layer":"Surface markings","category":"Stopbars","object_type":"Area","style_id":"polygon.stopbar.7e0000","source_group":"LFSB AVISO","vsmr_group_ids":[],"geometry_role":"filled_region"},"geometry":{"type":"Polygon","coordinates":[[[7.532279444,47.589464722],[7.532572222,47.589558056],[7.532565556,47.5895675],[7.532272222,47.589475556],[7.532279444,47.589464722]]]}},{"type":"Feature","id":"LFSB-2c2a9ca3a0302cade39e","properties":{"airport":"LFSB","name":"LFSB AVISO","layer":"Surface markings","category":"Stopbars","object_type":"Area","style_id":"polygon.stopbar.7e0000","source_group":"LFSB AVISO","vsmr_group_ids":[],"geometry_role":"filled_region"},"geometry":{"type":"Polygon","coordinates":[[[7.533035833,47.586288889],[7.533062778,47.5862975],[7.532905278,47.58652],[7.532876667,47.586510833],[7.533035833,47.586288889]]]}},{"type":"Feature","id":"LFSB-9e163b95fccaf58e6798","properties":{"airport":"LFSB","name":"LFSB AVISO","layer":"Surface markings","category":"Stopbars","object_type":"Area","style_id":"polygon.stopbar.7e0000","source_group":"LFSB AVISO","vsmr_group_ids":[],"geometry_role":"filled_region"},"geometry":{"type":"Polygon","coordinates":[[[7.529635833,47.585195],[7.52949,47.585403333],[7.529460833,47.585394722],[7.529606667,47.585185556],[7.529635833,47.585195]]]}},{"type":"Feature","id":"LFSB-377f28fc33f34b5af75c","properties":{"airport":"LFSB","name":"LFSB AVISO","layer":"Surface markings","category":"Stopbars","object_type":"Area","style_id":"polygon.stopbar.7e0000","source_group":"LFSB AVISO","vsmr_group_ids":[],"geometry_role":"filled_region"},"geometry":{"type":"Polygon","coordinates":[[[7.516659444,47.588739444],[7.516965,47.588786944],[7.516961111,47.588798889],[7.516655556,47.588750556],[7.516659444,47.588739444]]]}},{"type":"Feature","id":"LFSB-b8c4dc76e65b455c81b5","properties":{"airport":"LFSB","name":"LFSB AVISO","layer":"Surface markings","category":"Stopbars","object_type":"Area","style_id":"polygon.stopbar.7e0000","source_group":"LFSB AVISO","vsmr_group_ids":[],"geometry_role":"filled_region"},"geometry":{"type":"Polygon","coordinates":[[[7.525261944,47.593706667],[7.525126111,47.593898611],[7.525099167,47.593890278],[7.525234167,47.5936975],[7.525261944,47.593706667]]]}},{"type":"Feature","id":"LFSB-39207f20bb5209e20361","properties":{"airport":"LFSB","name":"LFSB AVISO","layer":"Surface markings","category":"Stopbars","object_type":"Area","style_id":"polygon.stopbar.7e0000","source_group":"LFSB AVISO","vsmr_group_ids":[],"geometry_role":"filled_region"},"geometry":{"type":"Polygon","coordinates":[[[7.530570278,47.589806667],[7.530455833,47.590350556],[7.530423611,47.590345556],[7.5305375,47.589799722],[7.530570278,47.589806667]]]}},{"type":"Feature","id":"LFSB-76088752e24f412597fa","properties":{"airport":"LFSB","name":"LFSB AVISO","layer":"Surface markings","category":"Stopbars","object_type":"Area","style_id":"polygon.stopbar.7e0000","source_group":"LFSB AVISO","vsmr_group_ids":[],"geometry_role":"filled_region"},"geometry":{"type":"Polygon","coordinates":[[[7.528038333,47.589411944],[7.5278925,47.589951111],[7.527864167,47.589945556],[7.528006389,47.589406944],[7.528038333,47.589411944]]]}},{"type":"Feature","id":"LFSB-dd774e547f812f5142c0","properties":{"airport":"LFSB","name":"LFSB AVISO","layer":"Airfield surfaces","category":"Taxiway Orange","object_type":"Area","style_id":"polygon.taxiwayorange.cc6d00","source_group":"LFSB AVISO","vsmr_group_ids":[],"geometry_role":"filled_region"},"geometry":{"type":"Polygon","coordinates":[[[7.511761389,47.617889167],[7.511773611,47.618176111],[7.511745,47.618176389],[7.5117325,47.617889167],[7.511761389,47.617889167]]]}},{"type":"Feature","id":"LFSB-bd15a3386004598db991","properties":{"airport":"LFSB","name":"LFSB AVISO","layer":"Airfield surfaces","category":"Taxiway Orange","object_type":"Area","style_id":"polygon.taxiwayorange.cc6d00","source_group":"LFSB AVISO","vsmr_group_ids":[],"geometry_role":"filled_region"},"geometry":{"type":"Polygon","coordinates":[[[7.533795,47.586530556],[7.5336125,47.586791944],[7.533591944,47.586775833],[7.533768889,47.5865225],[7.533795,47.586530556]]]}},{"type":"Feature","id":"LFSB-b580aa2ee7e9e82a5e10","properties":{"airport":"LFSB","name":"LFSB AVISO","layer":"Airfield surfaces","category":"Taxiway Orange","object_type":"Area","style_id":"polygon.taxiwayorange.cc6d00","source_group":"LFSB AVISO","vsmr_group_ids":[],"geometry_role":"filled_region"},"geometry":{"type":"Polygon","coordinates":[[[7.524516389,47.593469444],[7.524380278,47.593661111],[7.524365556,47.593656389],[7.524499444,47.593463611],[7.524516389,47.593469444]]]}},{"type":"Feature","id":"LFSB-a3bf97d047107562b7ba","properties":{"airport":"LFSB","name":"LFSB AVISO","layer":"Airfield surfaces","category":"Taxiway Orange","object_type":"Area","style_id":"polygon.taxiwayorange.cc6d00","source_group":"LFSB AVISO","vsmr_group_ids":[],"geometry_role":"filled_region"},"geometry":{"type":"Polygon","coordinates":[[[7.525056667,47.600455],[7.524720556,47.600342778],[7.524726111,47.600335278],[7.525066111,47.600450833],[7.525056667,47.600455]]]}},{"type":"Feature","id":"LFSB-d08a7bb030aa1e97164d","properties":{"airport":"LFSB","name":"LFSB AVISO","layer":"Airfield surfaces","category":"Taxiway Orange","object_type":"Area","style_id":"polygon.taxiwayorange.cc6d00","source_group":"LFSB AVISO","vsmr_group_ids":[],"geometry_role":"filled_region"},"geometry":{"type":"Polygon","coordinates":[[[7.525267222,47.599557778],[7.525615278,47.599671667],[7.525610556,47.599678889],[7.525263333,47.599563333],[7.525267222,47.599557778]]]}},{"type":"Feature","id":"LFSB-80e680cc1d715d4c8271","properties":{"airport":"LFSB","name":"LFSB AVISO","layer":"Airfield surfaces","category":"Taxiway Orange","object_type":"Area","style_id":"polygon.taxiwayorange.cc6d00","source_group":"LFSB AVISO","vsmr_group_ids":[],"geometry_role":"filled_region"},"geometry":{"type":"Polygon","coordinates":[[[7.528396389,47.595695556],[7.528010556,47.595567222],[7.528013889,47.59556],[7.528397778,47.595688056],[7.528396389,47.595695556]]]}},{"type":"Feature","id":"LFSB-73aa355ff7cce9c9fdcd","properties":{"airport":"LFSB","name":"LFSB AVISO","layer":"Airfield surfaces","category":"Taxiway Orange","object_type":"Area","style_id":"polygon.taxiwayorange.cc6d00","source_group":"LFSB AVISO","vsmr_group_ids":[],"geometry_role":"filled_region"},"geometry":{"type":"Polygon","coordinates":[[[7.527846389,47.596467778],[7.527492222,47.596355556],[7.527496667,47.596348889],[7.527853611,47.596463333],[7.527846389,47.596467778]]]}},{"type":"Feature","id":"LFSB-08d7d02405cab32c24cc","properties":{"airport":"LFSB","name":"1","layer":"Labels","category":"Gates","object_type":"Label","style_id":"label.gates","source_group":"LFSB Gates","vsmr_group_ids":[],"geometry_role":"text_label","text-field":"1"},"geometry":{"type":"Point","coordinates":[7.532339444,47.597388611]}},{"type":"Feature","id":"LFSB-eae878866cf7cd39c157","properties":{"airport":"LFSB","name":"2","layer":"Labels","category":"Gates","object_type":"Label","style_id":"label.gates","source_group":"LFSB Gates","vsmr_group_ids":[],"geometry_role":"text_label","text-field":"2"},"geometry":{"type":"Point","coordinates":[7.532105,47.597724167]}},{"type":"Feature","id":"LFSB-ee4bfb60daf5edd2523c","properties":{"airport":"LFSB","name":"3","layer":"Labels","category":"Gates","object_type":"Label","style_id":"label.gates","source_group":"LFSB Gates","vsmr_group_ids":[],"geometry_role":"text_label","text-field":"3"},"geometry":{"type":"Point","coordinates":[7.531852778,47.5980625]}},{"type":"Feature","id":"LFSB-95fc05a9a062ace823a6","properties":{"airport":"LFSB","name":"4","layer":"Labels","category":"Gates","object_type":"Label","style_id":"label.gates","source_group":"LFSB Gates","vsmr_group_ids":[],"geometry_role":"text_label","text-field":"4"},"geometry":{"type":"Point","coordinates":[7.531611389,47.598410278]}},{"type":"Feature","id":"LFSB-0ba17e3aa1266d21a7ff","properties":{"airport":"LFSB","name":"5","layer":"Labels","category":"Gates","object_type":"Label","style_id":"label.gates","source_group":"LFSB Gates","vsmr_group_ids":[],"geometry_role":"text_label","text-field":"5"},"geometry":{"type":"Point","coordinates":[7.531124167,47.598784167]}},{"type":"Feature","id":"LFSB-4a1606d769a6d7f77cb2","properties":{"airport":"LFSB","name":"6A","layer":"Labels","category":"Gates","object_type":"Label","style_id":"label.gates","source_group":"LFSB Gates","vsmr_group_ids":[],"geometry_role":"text_label","text-field":"6A"},"geometry":{"type":"Point","coordinates":[7.530235556,47.598515556]}},{"type":"Feature","id":"LFSB-a9159f3d160f2fe81148","properties":{"airport":"LFSB","name":"9A","layer":"Labels","category":"Gates","object_type":"Label","style_id":"label.gates","source_group":"LFSB Gates","vsmr_group_ids":[],"geometry_role":"text_label","text-field":"9A"},"geometry":{"type":"Point","coordinates":[7.529525278,47.598187222]}},{"type":"Feature","id":"LFSB-e9cee7985b89b44569f0","properties":{"airport":"LFSB","name":"11A","layer":"Labels","category":"Gates","object_type":"Label","style_id":"label.gates","source_group":"LFSB Gates","vsmr_group_ids":[],"geometry_role":"text_label","text-field":"11A"},"geometry":{"type":"Point","coordinates":[7.52943,47.597709722]}},{"type":"Feature","id":"LFSB-cc7e6bc9cc7676c599a0","properties":{"airport":"LFSB","name":"12A","layer":"Labels","category":"Gates","object_type":"Label","style_id":"label.gates","source_group":"LFSB Gates","vsmr_group_ids":[],"geometry_role":"text_label","text-field":"12A"},"geometry":{"type":"Point","coordinates":[7.529378889,47.597249722]}},{"type":"Feature","id":"LFSB-f84e21d93e895f80cc90","properties":{"airport":"LFSB","name":"14A","layer":"Labels","category":"Gates","object_type":"Label","style_id":"label.gates","source_group":"LFSB Gates","vsmr_group_ids":[],"geometry_role":"text_label","text-field":"14A"},"geometry":{"type":"Point","coordinates":[7.528844167,47.597273611]}},{"type":"Feature","id":"LFSB-26fa61b401762fe7360e","properties":{"airport":"LFSB","name":"16A","layer":"Labels","category":"Gates","object_type":"Label","style_id":"label.gates","source_group":"LFSB Gates","vsmr_group_ids":[],"geometry_role":"text_label","text-field":"16A"},"geometry":{"type":"Point","coordinates":[7.528861667,47.597581111]}},{"type":"Feature","id":"LFSB-987720cfa69c3992c5f3","properties":{"airport":"LFSB","name":"17","layer":"Labels","category":"Gates","object_type":"Label","style_id":"label.gates","source_group":"LFSB Gates","vsmr_group_ids":[],"geometry_role":"text_label","text-field":"17"},"geometry":{"type":"Point","coordinates":[7.528618056,47.597903889]}},{"type":"Feature","id":"LFSB-74cf623203053e83f17b","properties":{"airport":"LFSB","name":"18","layer":"Labels","category":"Gates","object_type":"Label","style_id":"label.gates","source_group":"LFSB Gates","vsmr_group_ids":[],"geometry_role":"text_label","text-field":"18"},"geometry":{"type":"Point","coordinates":[7.528276111,47.5981325]}},{"type":"Feature","id":"LFSB-22048af9939899ceb58a","properties":{"airport":"LFSB","name":"20","layer":"Labels","category":"Gates","object_type":"Label","style_id":"label.gates","source_group":"LFSB Gates","vsmr_group_ids":[],"geometry_role":"text_label","text-field":"20"},"geometry":{"type":"Point","coordinates":[7.528278889,47.598408333]}},{"type":"Feature","id":"LFSB-4a32ec62be0b3fccb1d0","properties":{"airport":"LFSB","name":"22","layer":"Labels","category":"Gates","object_type":"Label","style_id":"label.gates","source_group":"LFSB Gates","vsmr_group_ids":[],"geometry_role":"text_label","text-field":"22"},"geometry":{"type":"Point","coordinates":[7.528128333,47.598611944]}},{"type":"Feature","id":"LFSB-9dfa3f8aed200ddd8dd0","properties":{"airport":"LFSB","name":"23","layer":"Labels","category":"Gates","object_type":"Label","style_id":"label.gates","source_group":"LFSB Gates","vsmr_group_ids":[],"geometry_role":"text_label","text-field":"23"},"geometry":{"type":"Point","coordinates":[7.528208333,47.598874444]}},{"type":"Feature","id":"LFSB-af0e03ec852d3ffb2a95","properties":{"airport":"LFSB","name":"24","layer":"Labels","category":"Gates","object_type":"Label","style_id":"label.gates","source_group":"LFSB Gates","vsmr_group_ids":[],"geometry_role":"text_label","text-field":"24"},"geometry":{"type":"Point","coordinates":[7.5276075,47.598833333]}},{"type":"Feature","id":"LFSB-24fc1c4e89a9bac1e559","properties":{"airport":"LFSB","name":"26","layer":"Labels","category":"Gates","object_type":"Label","style_id":"label.gates","source_group":"LFSB Gates","vsmr_group_ids":[],"geometry_role":"text_label","text-field":"26"},"geometry":{"type":"Point","coordinates":[7.527600556,47.59935]}},{"type":"Feature","id":"LFSB-970ce262f66b627a422a","properties":{"airport":"LFSB","name":"26A","layer":"Labels","category":"Gates","object_type":"Label","style_id":"label.gates","source_group":"LFSB Gates","vsmr_group_ids":[],"geometry_role":"text_label","text-field":"26A"},"geometry":{"type":"Point","coordinates":[7.527305556,47.599600556]}},{"type":"Feature","id":"LFSB-9cf2a6dd3cd9c9f8c506","properties":{"airport":"LFSB","name":"28A","layer":"Labels","category":"Gates","object_type":"Label","style_id":"label.gates","source_group":"LFSB Gates","vsmr_group_ids":[],"geometry_role":"text_label","text-field":"28A"},"geometry":{"type":"Point","coordinates":[7.527163056,47.599721667]}},{"type":"Feature","id":"LFSB-695be59c4928c1b8d4bc","properties":{"airport":"LFSB","name":"29","layer":"Labels","category":"Gates","object_type":"Label","style_id":"label.gates","source_group":"LFSB Gates","vsmr_group_ids":[],"geometry_role":"text_label","text-field":"29"},"geometry":{"type":"Point","coordinates":[7.527381667,47.599988889]}},{"type":"Feature","id":"LFSB-27adedd87552c1624320","properties":{"airport":"LFSB","name":"29A","layer":"Labels","category":"Gates","object_type":"Label","style_id":"label.gates","source_group":"LFSB Gates","vsmr_group_ids":[],"geometry_role":"text_label","text-field":"29A"},"geometry":{"type":"Point","coordinates":[7.527791944,47.599879722]}},{"type":"Feature","id":"LFSB-e76ac60e6ec51c033f4c","properties":{"airport":"LFSB","name":"30A","layer":"Labels","category":"Gates","object_type":"Label","style_id":"label.gates","source_group":"LFSB Gates","vsmr_group_ids":[],"geometry_role":"text_label","text-field":"30A"},"geometry":{"type":"Point","coordinates":[7.5280375,47.599691389]}},{"type":"Feature","id":"LFSB-77ca2a90f9813e0e587b","properties":{"airport":"LFSB","name":"32A","layer":"Labels","category":"Gates","object_type":"Label","style_id":"label.gates","source_group":"LFSB Gates","vsmr_group_ids":[],"geometry_role":"text_label","text-field":"32A"},"geometry":{"type":"Point","coordinates":[7.528643889,47.599518889]}},{"type":"Feature","id":"LFSB-db7e2978b82d3e93f2ff","properties":{"airport":"LFSB","name":"34","layer":"Labels","category":"Gates","object_type":"Label","style_id":"label.gates","source_group":"LFSB Gates","vsmr_group_ids":[],"geometry_role":"text_label","text-field":"34"},"geometry":{"type":"Point","coordinates":[7.5292875,47.599654722]}},{"type":"Feature","id":"LFSB-4cc61272727861cf16c7","properties":{"airport":"LFSB","name":"35","layer":"Labels","category":"Gates","object_type":"Label","style_id":"label.gates","source_group":"LFSB Gates","vsmr_group_ids":[],"geometry_role":"text_label","text-field":"35"},"geometry":{"type":"Point","coordinates":[7.529806667,47.599809444]}},{"type":"Feature","id":"LFSB-f384930a35e059cdc5ff","properties":{"airport":"LFSB","name":"36","layer":"Labels","category":"Gates","object_type":"Label","style_id":"label.gates","source_group":"LFSB Gates","vsmr_group_ids":[],"geometry_role":"text_label","text-field":"36"},"geometry":{"type":"Point","coordinates":[7.529961111,47.600269722]}},{"type":"Feature","id":"LFSB-2f1177933ae9d083d981","properties":{"airport":"LFSB","name":"37","layer":"Labels","category":"Gates","object_type":"Label","style_id":"label.gates","source_group":"LFSB Gates","vsmr_group_ids":[],"geometry_role":"text_label","text-field":"37"},"geometry":{"type":"Point","coordinates":[7.529619722,47.601127222]}},{"type":"Feature","id":"LFSB-b242f7711ef3cdc92975","properties":{"airport":"LFSB","name":"37A","layer":"Labels","category":"Gates","object_type":"Label","style_id":"label.gates","source_group":"LFSB Gates","vsmr_group_ids":[],"geometry_role":"text_label","text-field":"37A"},"geometry":{"type":"Point","coordinates":[7.529773056,47.600899167]}},{"type":"Feature","id":"LFSB-ecff05f3c0273c70600d","properties":{"airport":"LFSB","name":"38","layer":"Labels","category":"Gates","object_type":"Label","style_id":"label.gates","source_group":"LFSB Gates","vsmr_group_ids":[],"geometry_role":"text_label","text-field":"38"},"geometry":{"type":"Point","coordinates":[7.5293325,47.601547778]}},{"type":"Feature","id":"LFSB-a69e9a58e240dd7394fb","properties":{"airport":"LFSB","name":"38A","layer":"Labels","category":"Gates","object_type":"Label","style_id":"label.gates","source_group":"LFSB Gates","vsmr_group_ids":[],"geometry_role":"text_label","text-field":"38A"},"geometry":{"type":"Point","coordinates":[7.529458333,47.6013575]}},{"type":"Feature","id":"LFSB-01076bafc3ff12790c86","properties":{"airport":"LFSB","name":"39","layer":"Labels","category":"Gates","object_type":"Label","style_id":"label.gates","source_group":"LFSB Gates","vsmr_group_ids":[],"geometry_role":"text_label","text-field":"39"},"geometry":{"type":"Point","coordinates":[7.528449722,47.6017825]}},{"type":"Feature","id":"LFSB-aaddd4131f25de115702","properties":{"airport":"LFSB","name":"39A","layer":"Labels","category":"Gates","object_type":"Label","style_id":"label.gates","source_group":"LFSB Gates","vsmr_group_ids":[],"geometry_role":"text_label","text-field":"39A"},"geometry":{"type":"Point","coordinates":[7.528906389,47.601613611]}},{"type":"Feature","id":"LFSB-6531008242c9700d035d","properties":{"airport":"LFSB","name":"40","layer":"Labels","category":"Gates","object_type":"Label","style_id":"label.gates","source_group":"LFSB Gates","vsmr_group_ids":[],"geometry_role":"text_label","text-field":"40"},"geometry":{"type":"Point","coordinates":[7.526708333,47.601481111]}},{"type":"Feature","id":"LFSB-1ce8c42e32ba1e23b16b","properties":{"airport":"LFSB","name":"41","layer":"Labels","category":"Gates","object_type":"Label","style_id":"label.gates","source_group":"LFSB Gates","vsmr_group_ids":[],"geometry_role":"text_label","text-field":"41"},"geometry":{"type":"Point","coordinates":[7.526480278,47.601819167]}},{"type":"Feature","id":"LFSB-442f25317c105ea282cd","properties":{"airport":"LFSB","name":"42","layer":"Labels","category":"Gates","object_type":"Label","style_id":"label.gates","source_group":"LFSB Gates","vsmr_group_ids":[],"geometry_role":"text_label","text-field":"42"},"geometry":{"type":"Point","coordinates":[7.5262375,47.602184444]}},{"type":"Feature","id":"LFSB-2133c530cd2333bb3f38","properties":{"airport":"LFSB","name":"43","layer":"Labels","category":"Gates","object_type":"Label","style_id":"label.gates","source_group":"LFSB Gates","vsmr_group_ids":[],"geometry_role":"text_label","text-field":"43"},"geometry":{"type":"Point","coordinates":[7.526148333,47.601303333]}},{"type":"Feature","id":"LFSB-0b283ec28422bb703cc9","properties":{"airport":"LFSB","name":"43A","layer":"Labels","category":"Gates","object_type":"Label","style_id":"label.gates","source_group":"LFSB Gates","vsmr_group_ids":[],"geometry_role":"text_label","text-field":"43A"},"geometry":{"type":"Point","coordinates":[7.525847222,47.601337222]}},{"type":"Feature","id":"LFSB-be738a33f9c3070c0053","properties":{"airport":"LFSB","name":"44","layer":"Labels","category":"Gates","object_type":"Label","style_id":"label.gates","source_group":"LFSB Gates","vsmr_group_ids":[],"geometry_role":"text_label","text-field":"44"},"geometry":{"type":"Point","coordinates":[7.52578,47.601603611]}},{"type":"Feature","id":"LFSB-5868491c6eb7bb4796bc","properties":{"airport":"LFSB","name":"45","layer":"Labels","category":"Gates","object_type":"Label","style_id":"label.gates","source_group":"LFSB Gates","vsmr_group_ids":[],"geometry_role":"text_label","text-field":"45"},"geometry":{"type":"Point","coordinates":[7.525536111,47.601946389]}},{"type":"Feature","id":"LFSB-ebef81656ef09fcac5b9","properties":{"airport":"LFSB","name":"46","layer":"Labels","category":"Gates","object_type":"Label","style_id":"label.gates","source_group":"LFSB Gates","vsmr_group_ids":[],"geometry_role":"text_label","text-field":"46"},"geometry":{"type":"Point","coordinates":[7.525386944,47.602166389]}},{"type":"Feature","id":"LFSB-4281dceb04287fe4586b","properties":{"airport":"LFSB","name":"47","layer":"Labels","category":"Gates","object_type":"Label","style_id":"label.gates","source_group":"LFSB Gates","vsmr_group_ids":[],"geometry_role":"text_label","text-field":"47"},"geometry":{"type":"Point","coordinates":[7.526305556,47.602516667]}},{"type":"Feature","id":"LFSB-34365e1756b9723bf89d","properties":{"airport":"LFSB","name":"48","layer":"Labels","category":"Gates","object_type":"Label","style_id":"label.gates","source_group":"LFSB Gates","vsmr_group_ids":[],"geometry_role":"text_label","text-field":"48"},"geometry":{"type":"Point","coordinates":[7.526925,47.602688889]}},{"type":"Feature","id":"LFSB-a1d34d44ccf8b683f1f2","properties":{"airport":"LFSB","name":"A1","layer":"Labels","category":"Gates","object_type":"Label","style_id":"label.gates","source_group":"LFSB Gates","vsmr_group_ids":[],"geometry_role":"text_label","text-field":"A1"},"geometry":{"type":"Point","coordinates":[7.528447222,47.582208333]}},{"type":"Feature","id":"LFSB-b6adbac3d242cc5b33c6","properties":{"airport":"LFSB","name":"F1","layer":"Labels","category":"Gates","object_type":"Label","style_id":"label.gates","source_group":"LFSB Gates","vsmr_group_ids":[],"geometry_role":"text_label","text-field":"F1"},"geometry":{"type":"Point","coordinates":[7.531913333,47.592665556]}},{"type":"Feature","id":"LFSB-930c74a2a13399c7c9dc","properties":{"airport":"LFSB","name":"F2","layer":"Labels","category":"Gates","object_type":"Label","style_id":"label.gates","source_group":"LFSB Gates","vsmr_group_ids":[],"geometry_role":"text_label","text-field":"F2"},"geometry":{"type":"Point","coordinates":[7.531479167,47.5933025]}},{"type":"Feature","id":"LFSB-89e7bddf262bfbcd14fc","properties":{"airport":"LFSB","name":"F3","layer":"Labels","category":"Gates","object_type":"Label","style_id":"label.gates","source_group":"LFSB Gates","vsmr_group_ids":[],"geometry_role":"text_label","text-field":"F3"},"geometry":{"type":"Point","coordinates":[7.53124,47.593624444]}},{"type":"Feature","id":"LFSB-e0df3d1ae83bedc8c11a","properties":{"airport":"LFSB","name":"F4","layer":"Labels","category":"Gates","object_type":"Label","style_id":"label.gates","source_group":"LFSB Gates","vsmr_group_ids":[],"geometry_role":"text_label","text-field":"F4"},"geometry":{"type":"Point","coordinates":[7.530595,47.594096667]}},{"type":"Feature","id":"LFSB-f0b085d3d9ae921053cf","properties":{"airport":"LFSB","name":"F4A","layer":"Labels","category":"Gates","object_type":"Label","style_id":"label.gates","source_group":"LFSB Gates","vsmr_group_ids":[],"geometry_role":"text_label","text-field":"F4A"},"geometry":{"type":"Point","coordinates":[7.530363611,47.594803889]}},{"type":"Feature","id":"LFSB-e70a739d9c133f06acb6","properties":{"airport":"LFSB","name":"F5","layer":"Labels","category":"Gates","object_type":"Label","style_id":"label.gates","source_group":"LFSB Gates","vsmr_group_ids":[],"geometry_role":"text_label","text-field":"F5"},"geometry":{"type":"Point","coordinates":[7.530046111,47.595909444]}},{"type":"Feature","id":"LFSB-9f9405aa368bed11ae9e","properties":{"airport":"LFSB","name":"F5A","layer":"Labels","category":"Gates","object_type":"Label","style_id":"label.gates","source_group":"LFSB Gates","vsmr_group_ids":[],"geometry_role":"text_label","text-field":"F5A"},"geometry":{"type":"Point","coordinates":[7.530019444,47.595191667]}},{"type":"Feature","id":"LFSB-3026c7d9b02d600bdbb1","properties":{"airport":"LFSB","name":"F6","layer":"Labels","category":"Gates","object_type":"Label","style_id":"label.gates","source_group":"LFSB Gates","vsmr_group_ids":[],"geometry_role":"text_label","text-field":"F6"},"geometry":{"type":"Point","coordinates":[7.530858611,47.595486389]}},{"type":"Feature","id":"LFSB-0d93bb7d0ebec8f7a4a5","properties":{"airport":"LFSB","name":"F7","layer":"Labels","category":"Gates","object_type":"Label","style_id":"label.gates","source_group":"LFSB Gates","vsmr_group_ids":[],"geometry_role":"text_label","text-field":"F7"},"geometry":{"type":"Point","coordinates":[7.530986944,47.5958125]}},{"type":"Feature","id":"LFSB-2158111e14efed2a81cc","properties":{"airport":"LFSB","name":"F8","layer":"Labels","category":"Gates","object_type":"Label","style_id":"label.gates","source_group":"LFSB Gates","vsmr_group_ids":[],"geometry_role":"text_label","text-field":"F8"},"geometry":{"type":"Point","coordinates":[7.531304167,47.595918889]}},{"type":"Feature","id":"LFSB-65296e15b716a1af3e6f","properties":{"airport":"LFSB","name":"F9","layer":"Labels","category":"Gates","object_type":"Label","style_id":"label.gates","source_group":"LFSB Gates","vsmr_group_ids":[],"geometry_role":"text_label","text-field":"F9"},"geometry":{"type":"Point","coordinates":[7.531635556,47.596024444]}},{"type":"Feature","id":"LFSB-ef18b0215d5bcb813018","properties":{"airport":"LFSB","name":"F10","layer":"Labels","category":"Gates","object_type":"Label","style_id":"label.gates","source_group":"LFSB Gates","vsmr_group_ids":[],"geometry_role":"text_label","text-field":"F10"},"geometry":{"type":"Point","coordinates":[7.532129722,47.596296667]}},{"type":"Feature","id":"LFSB-bb50ba023c2bb72db84f","properties":{"airport":"LFSB","name":"F11","layer":"Labels","category":"Gates","object_type":"Label","style_id":"label.gates","source_group":"LFSB Gates","vsmr_group_ids":[],"geometry_role":"text_label","text-field":"F11"},"geometry":{"type":"Point","coordinates":[7.532633889,47.596853611]}},{"type":"Feature","id":"LFSB-cc721bb99ed342a62a37","properties":{"airport":"LFSB","name":"F21","layer":"Labels","category":"Gates","object_type":"Label","style_id":"label.gates","source_group":"LFSB Gates","vsmr_group_ids":[],"geometry_role":"text_label","text-field":"F21"},"geometry":{"type":"Point","coordinates":[7.536552778,47.588734722]}},{"type":"Feature","id":"LFSB-508a654e7359ede4c1ea","properties":{"airport":"LFSB","name":"F22","layer":"Labels","category":"Gates","object_type":"Label","style_id":"label.gates","source_group":"LFSB Gates","vsmr_group_ids":[],"geometry_role":"text_label","text-field":"F22"},"geometry":{"type":"Point","coordinates":[7.537103889,47.587919167]}},{"type":"Feature","id":"LFSB-75e3ba4c1a4990bd9100","properties":{"airport":"LFSB","name":"G7","layer":"Labels","category":"Gates","object_type":"Label","style_id":"label.gates","source_group":"LFSB Gates","vsmr_group_ids":[],"geometry_role":"text_label","text-field":"G7"},"geometry":{"type":"Point","coordinates":[7.525254444,47.602918056]}},{"type":"Feature","id":"LFSB-db70568f5ae760818a5a","properties":{"airport":"LFSB","name":"G8","layer":"Labels","category":"Gates","object_type":"Label","style_id":"label.gates","source_group":"LFSB Gates","vsmr_group_ids":[],"geometry_role":"text_label","text-field":"G8"},"geometry":{"type":"Point","coordinates":[7.5254025,47.602993889]}},{"type":"Feature","id":"LFSB-123620d7c93a26028b05","properties":{"airport":"LFSB","name":"G9","layer":"Labels","category":"Gates","object_type":"Label","style_id":"label.gates","source_group":"LFSB Gates","vsmr_group_ids":[],"geometry_role":"text_label","text-field":"G9"},"geometry":{"type":"Point","coordinates":[7.525548056,47.6030725]}},{"type":"Feature","id":"LFSB-518020c612f05dae4cb3","properties":{"airport":"LFSB","name":"G10","layer":"Labels","category":"Gates","object_type":"Label","style_id":"label.gates","source_group":"LFSB Gates","vsmr_group_ids":[],"geometry_role":"text_label","text-field":"G10"},"geometry":{"type":"Point","coordinates":[7.525691389,47.603151389]}},{"type":"Feature","id":"LFSB-9cfe793826b7774285cf","properties":{"airport":"LFSB","name":"G11","layer":"Labels","category":"Gates","object_type":"Label","style_id":"label.gates","source_group":"LFSB Gates","vsmr_group_ids":[],"geometry_role":"text_label","text-field":"G11"},"geometry":{"type":"Point","coordinates":[7.524814444,47.603095278]}},{"type":"Feature","id":"LFSB-084654154a20d08c7880","properties":{"airport":"LFSB","name":"G12","layer":"Labels","category":"Gates","object_type":"Label","style_id":"label.gates","source_group":"LFSB Gates","vsmr_group_ids":[],"geometry_role":"text_label","text-field":"G12"},"geometry":{"type":"Point","coordinates":[7.524973056,47.603181111]}},{"type":"Feature","id":"LFSB-31b8df7d7691d44159f5","properties":{"airport":"LFSB","name":"G14","layer":"Labels","category":"Gates","object_type":"Label","style_id":"label.gates","source_group":"LFSB Gates","vsmr_group_ids":[],"geometry_role":"text_label","text-field":"G14"},"geometry":{"type":"Point","coordinates":[7.525117222,47.603261389]}},{"type":"Feature","id":"LFSB-d0c3ee2aec55ab83ab4c","properties":{"airport":"LFSB","name":"G15","layer":"Labels","category":"Gates","object_type":"Label","style_id":"label.gates","source_group":"LFSB Gates","vsmr_group_ids":[],"geometry_role":"text_label","text-field":"G15"},"geometry":{"type":"Point","coordinates":[7.525260556,47.603341389]}},{"type":"Feature","id":"LFSB-24371e8198d30a417762","properties":{"airport":"LFSB","name":"G16","layer":"Labels","category":"Gates","object_type":"Label","style_id":"label.gates","source_group":"LFSB Gates","vsmr_group_ids":[],"geometry_role":"text_label","text-field":"G16"},"geometry":{"type":"Point","coordinates":[7.524274167,47.603253056]}},{"type":"Feature","id":"LFSB-fc280e504324fbf4560f","properties":{"airport":"LFSB","name":"G17","layer":"Labels","category":"Gates","object_type":"Label","style_id":"label.gates","source_group":"LFSB Gates","vsmr_group_ids":[],"geometry_role":"text_label","text-field":"G17"},"geometry":{"type":"Point","coordinates":[7.524435556,47.603338889]}},{"type":"Feature","id":"LFSB-720fac33d27652d9e694","properties":{"airport":"LFSB","name":"G18","layer":"Labels","category":"Gates","object_type":"Label","style_id":"label.gates","source_group":"LFSB Gates","vsmr_group_ids":[],"geometry_role":"text_label","text-field":"G18"},"geometry":{"type":"Point","coordinates":[7.524596389,47.603420556]}},{"type":"Feature","id":"LFSB-d04bdb6b97772898835d","properties":{"airport":"LFSB","name":"G19","layer":"Labels","category":"Gates","object_type":"Label","style_id":"label.gates","source_group":"LFSB Gates","vsmr_group_ids":[],"geometry_role":"text_label","text-field":"G19"},"geometry":{"type":"Point","coordinates":[7.524743056,47.603500833]}},{"type":"Feature","id":"LFSB-3297919e01a9dd3aa435","properties":{"airport":"LFSB","name":"G20","layer":"Labels","category":"Gates","object_type":"Label","style_id":"label.gates","source_group":"LFSB Gates","vsmr_group_ids":[],"geometry_role":"text_label","text-field":"G20"},"geometry":{"type":"Point","coordinates":[7.524889722,47.603578056]}},{"type":"Feature","id":"LFSB-aeaa5531398c6a21308b","properties":{"airport":"LFSB","name":"G30","layer":"Labels","category":"Gates","object_type":"Label","style_id":"label.gates","source_group":"LFSB Gates","vsmr_group_ids":[],"geometry_role":"text_label","text-field":"G30"},"geometry":{"type":"Point","coordinates":[7.524383056,47.602458611]}},{"type":"Feature","id":"LFSB-2388ea77078003b8e1c7","properties":{"airport":"LFSB","name":"G31","layer":"Labels","category":"Gates","object_type":"Label","style_id":"label.gates","source_group":"LFSB Gates","vsmr_group_ids":[],"geometry_role":"text_label","text-field":"G31"},"geometry":{"type":"Point","coordinates":[7.524245,47.602659167]}},{"type":"Feature","id":"LFSB-1c35715fe2d0887a0637","properties":{"airport":"LFSB","name":"J1","layer":"Labels","category":"Gates","object_type":"Label","style_id":"label.gates","source_group":"LFSB Gates","vsmr_group_ids":[],"geometry_role":"text_label","text-field":"J1"},"geometry":{"type":"Point","coordinates":[7.539419444,47.589844444]}},{"type":"Feature","id":"LFSB-511e78fab9f9d9fa0d37","properties":{"airport":"LFSB","name":"J2","layer":"Labels","category":"Gates","object_type":"Label","style_id":"label.gates","source_group":"LFSB Gates","vsmr_group_ids":[],"geometry_role":"text_label","text-field":"J2"},"geometry":{"type":"Point","coordinates":[7.538719444,47.589955556]}},{"type":"Feature","id":"LFSB-14d22e4a0a5e60df430e","properties":{"airport":"LFSB","name":"J3","layer":"Labels","category":"Gates","object_type":"Label","style_id":"label.gates","source_group":"LFSB Gates","vsmr_group_ids":[],"geometry_role":"text_label","text-field":"J3"},"geometry":{"type":"Point","coordinates":[7.538919444,47.589777778]}},{"type":"Feature","id":"LFSB-30d58f64fc8719271268","properties":{"airport":"LFSB","name":"J4","layer":"Labels","category":"Gates","object_type":"Label","style_id":"label.gates","source_group":"LFSB Gates","vsmr_group_ids":[],"geometry_role":"text_label","text-field":"J4"},"geometry":{"type":"Point","coordinates":[7.538725,47.589822222]}},{"type":"Feature","id":"LFSB-328836d992028c693a87","properties":{"airport":"LFSB","name":"GAGBA","layer":"Labels","category":"Gates","object_type":"Label","style_id":"label.gates","source_group":"LFSB Gates","vsmr_group_ids":[],"geometry_role":"text_label","text-field":"GAGBA"},"geometry":{"type":"Point","coordinates":[7.525710556,47.603736667]}},{"type":"Feature","id":"LFSB-6fc01027ae01b7ac51a7","properties":{"airport":"LFSB","name":"JET 1","layer":"Labels","category":"Gates","object_type":"Label","style_id":"label.gates","source_group":"LFSB Gates","vsmr_group_ids":[],"geometry_role":"text_label","text-field":"JET 1"},"geometry":{"type":"Point","coordinates":[7.534764167,47.592554167]}},{"type":"Feature","id":"LFSB-c3a0ce6dbe3ce4caf664","properties":{"airport":"LFSB","name":"NOMAD","layer":"Labels","category":"Gates","object_type":"Label","style_id":"label.gates","source_group":"LFSB Gates","vsmr_group_ids":[],"geometry_role":"text_label","text-field":"NOMAD"},"geometry":{"type":"Point","coordinates":[7.539558889,47.593727222]}},{"type":"Feature","id":"LFSB-e34e36a53348466409e3","properties":{"airport":"LFSB","name":"JAPAT","layer":"Labels","category":"Gates","object_type":"Label","style_id":"label.gates","source_group":"LFSB Gates","vsmr_group_ids":[],"geometry_role":"text_label","text-field":"JAPAT"},"geometry":{"type":"Point","coordinates":[7.539047222,47.589225]}},{"type":"Feature","id":"LFSB-5c26ddfbf669687c88cd","properties":{"airport":"LFSB","name":"CARGO","layer":"Labels","category":"Gates","object_type":"Label","style_id":"label.gates","source_group":"LFSB Gates","vsmr_group_ids":[],"geometry_role":"text_label","text-field":"CARGO"},"geometry":{"type":"Point","coordinates":[7.538825833,47.587540278]}},{"type":"Feature","id":"LFSB-f3d45b68d3572e60325f","properties":{"airport":"LFSB","name":"ASB","layer":"Labels","category":"Gates","object_type":"Label","style_id":"label.gates","source_group":"LFSB Gates","vsmr_group_ids":[],"geometry_role":"text_label","text-field":"ASB"},"geometry":{"type":"Point","coordinates":[7.529355,47.582228611]}},{"type":"Feature","id":"LFSB-7cb46c16d7a50091df95","properties":{"airport":"LFSB","name":"JET 2","layer":"Labels","category":"Gates","object_type":"Label","style_id":"label.gates","source_group":"LFSB Gates","vsmr_group_ids":[],"geometry_role":"text_label","text-field":"JET 2"},"geometry":{"type":"Point","coordinates":[7.526955556,47.582943333]}},{"type":"Feature","id":"LFSB-d443e6f1776800742f65","properties":{"airport":"LFSB","name":"AMAC","layer":"Labels","category":"Gates","object_type":"Label","style_id":"label.gates","source_group":"LFSB Gates","vsmr_group_ids":[],"geometry_role":"text_label","text-field":"AMAC"},"geometry":{"type":"Point","coordinates":[7.524664444,47.586206111]}},{"type":"Feature","id":"LFSB-33d5b77b03e9ee8631fa","properties":{"airport":"LFSB","name":"REGA","layer":"Labels","category":"Gates","object_type":"Label","style_id":"label.gates","source_group":"LFSB Gates","vsmr_group_ids":[],"geometry_role":"text_label","text-field":"REGA"},"geometry":{"type":"Point","coordinates":[7.523769722,47.606101667]}},{"type":"Feature","id":"LFSB-9b3357e5539481816dc9","properties":{"airport":"LFSB","name":"LFSB Groundlayout AVISO","layer":"Guidance lines","category":"Taxiways","object_type":"Line","style_id":"line.taxiway.c0b631","source_group":"LFSB Groundlayout AVISO","vsmr_group_ids":[],"geometry_role":"linework"},"geometry":{"type":"MultiLineString","coordinates":[[[7.524084167,47.602605278],[7.524080833,47.602614167],[7.524081389,47.602621667],[7.524084722,47.602629722],[7.524091389,47.602636667],[7.524101944,47.602642222],[7.524116944,47.602645833],[7.524135,47.602645556],[7.524151667,47.60264],[7.524163333,47.602629444],[7.524166944,47.602617778],[7.524163889,47.6026075],[7.524156667,47.602598889],[7.524146667,47.602592222],[7.524131111,47.602588889],[7.524111389,47.602588889],[7.524098333,47.602593056],[7.524090278,47.602598333],[7.524084167,47.602605278],[7.524028611,47.602585556],[7.524008333,47.602577222],[7.523990833,47.602567778],[7.523974722,47.602556667],[7.523956944,47.602541111],[7.523945278,47.602528889],[7.523933333,47.6025075],[7.523925278,47.602483056],[7.523923889,47.602457778],[7.523930556,47.60243],[7.5239925,47.602236389],[7.524028056,47.602123333],[7.5239925,47.602236389],[7.523992222,47.602257222],[7.523994167,47.602275278],[7.524002778,47.602294167],[7.524018056,47.602316944],[7.524037778,47.602337222],[7.524059722,47.6023525],[7.524086944,47.602366944],[7.524121111,47.602378333],[7.524221111,47.60241],[7.524217778,47.6024175],[7.5242175,47.602425833],[7.524221389,47.602435],[7.524230278,47.602443056],[7.524241667,47.602448056],[7.524256667,47.602450278],[7.524271667,47.602449722],[7.524283889,47.602445556],[7.524295556,47.602437778],[7.524300833,47.602428611],[7.524301944,47.602418889],[7.524297778,47.602410556],[7.52429,47.6024025],[7.524279444,47.602396944],[7.524263889,47.602394444],[7.524248611,47.602394722],[7.524231944,47.602401389],[7.524221111,47.60241]],[[7.525865278,47.601958611],[7.525054444,47.601699167]],[[7.525293611,47.601353333],[7.526107778,47.601613611]],[[7.525533056,47.601007222],[7.526346944,47.601266111]],[[7.526049167,47.601633333],[7.525869722,47.600864444]],[[7.525986389,47.601996111],[7.52683,47.602265]],[[7.526224722,47.601651111],[7.5270725,47.601921389]],[[7.526464722,47.601304167],[7.527306111,47.601572222]],[[7.528794722,47.601765833],[7.527993611,47.601510833]],[[7.529103889,47.601730556],[7.5289175,47.601378056],[7.5289025,47.601352778],[7.528886111,47.601332778],[7.528861667,47.601309722],[7.528843333,47.601295556],[7.528824444,47.601283889],[7.528791389,47.601269722],[7.528749167,47.601254722]],[[7.529539444,47.601507222],[7.529158333,47.601385556],[7.529104167,47.601368889],[7.529048889,47.601349722],[7.528985833,47.601325833],[7.528900556,47.601293056],[7.528795556,47.601253333],[7.528758611,47.601239444]],[[7.529657778,47.601335556],[7.528865833,47.601085278]],[[7.529833611,47.601087222],[7.529041111,47.600834444]],[[7.529875,47.601029722],[7.529080278,47.6007775]],[[7.530190278,47.600164444],[7.529979444,47.600466944],[7.530083333,47.600317778],[7.530093056,47.600327222],[7.530103611,47.6003425],[7.530115278,47.600365556],[7.530122778,47.600388333],[7.530126389,47.600410556],[7.530127222,47.600430556],[7.530123333,47.600453056],[7.530114167,47.600475556],[7.530106667,47.600490556],[7.530098056,47.600503889],[7.530306389,47.6004825],[7.530098056,47.600503889],[7.529341667,47.600583889],[7.529305556,47.600588056],[7.529235,47.6005975]],[[7.530021389,47.599689444],[7.529794444,47.600017222],[7.529865556,47.599914444],[7.5298725,47.599926389],[7.529878333,47.599939722],[7.529882778,47.599954167],[7.5298875,47.599972778],[7.529889444,47.599989722],[7.529889167,47.600008889],[7.529885556,47.6000275],[7.530213611,47.599870278],[7.529885556,47.6000275],[7.529198056,47.600355556],[7.529154722,47.600371944],[7.529117222,47.600382778]],[[7.52956,47.599476389],[7.529222222,47.599963611],[7.529193611,47.600002222],[7.529163889,47.600038889],[7.529129722,47.600074722],[7.529096944,47.600103333],[7.529065,47.600125833],[7.529024722,47.600151111],[7.528978611,47.600174722],[7.528929444,47.600197778]],[[7.528825278,47.599174444],[7.528718611,47.599978056],[7.528710833,47.600029167],[7.528703889,47.600053333],[7.528693056,47.600076389],[7.528678056,47.600096389]],[[7.528206111,47.599466111],[7.528123056,47.600080833]],[[7.527395,47.599839167],[7.527936111,47.600264722]],[[7.527693889,47.599748611],[7.52754,47.6002075],[7.527526389,47.600245833]],[[7.527239722,47.598549722],[7.528103889,47.598823611]],[[7.5273125,47.5984375],[7.528232778,47.598729444]],[[7.527544167,47.598080833],[7.528553611,47.598401944]],[[7.527670278,47.597903611],[7.528726667,47.598485833]],[[7.527792222,47.597736944],[7.528753611,47.5980425]],[[7.528042778,47.597398889],[7.528656667,47.597590833],[7.528677222,47.597583889],[7.5286975,47.597574722],[7.528720278,47.597560556],[7.528740556,47.597544167],[7.528754722,47.597522778],[7.528763611,47.597503611],[7.528768333,47.597490833],[7.5290375,47.597424722]],[[7.528387222,47.596898889],[7.529000556,47.597092222],[7.529005556,47.597109444],[7.5290075,47.597128611],[7.529006389,47.597148333],[7.529001667,47.5971675],[7.528991667,47.597191111],[7.528980278,47.597208611],[7.528963889,47.597226944],[7.528896667,47.597100833],[7.529054444,47.597396389]],[[7.529265,47.597494444],[7.529678333,47.597133056],[7.529716389,47.597099167]],[[7.529894167,47.597526389],[7.529301944,47.597922778]],[[7.529365833,47.598432222],[7.530144722,47.597908333]],[[7.530444722,47.598759444],[7.530360833,47.598073611],[7.530346944,47.597966111]],[[7.531406111,47.598865278],[7.530852222,47.598281667]],[[7.531791389,47.598348611],[7.530840556,47.598045]],[[7.532032222,47.598002222],[7.531154444,47.597723889]],[[7.532271944,47.597656667],[7.531383056,47.597374444]],[[7.532513611,47.597310556],[7.531624167,47.597027222]],[[7.532826667,47.596744444],[7.531978333,47.5967925]],[[7.532435556,47.596190556],[7.531753611,47.596645]],[[7.531858889,47.595876111],[7.531392778,47.596546111]],[[7.53087,47.596385556],[7.531338056,47.595710556]],[[7.531061667,47.595546944],[7.530544722,47.596289444]],[[7.530344444,47.596225833],[7.530817778,47.595545]],[[7.530436667,47.595679167],[7.529198333,47.595992222]],[[7.529726389,47.595146944],[7.530421667,47.595054167]],[[7.530640833,47.594647778],[7.529954167,47.594738333]],[[7.530786944,47.593847222],[7.530135833,47.594183611],[7.530100833,47.594234722]],[[7.531188889,47.593882222],[7.530958889,47.593194167]],[[7.531672778,47.593385833],[7.531403333,47.592597778]],[[7.532086111,47.592767778],[7.531897222,47.591962778]],[[7.536841944,47.588603889],[7.535446944,47.588158889]],[[7.537398889,47.587800833],[7.536005556,47.587359444]],[[7.522995,47.605911389],[7.522986389,47.605903611],[7.522981944,47.605893333],[7.522982222,47.605881111],[7.522989444,47.605869444],[7.523002222,47.605861111],[7.523019444,47.605857222],[7.523039722,47.605858333],[7.523059444,47.605864722],[7.523070278,47.605876111],[7.523073889,47.6058875],[7.523071111,47.605901667],[7.523058889,47.605912778],[7.523041667,47.605919722],[7.523022778,47.605920556],[7.5230075,47.605917222],[7.522995,47.605911389]],[[7.527452778,47.599713056],[7.527014167,47.59982],[7.527199722,47.599774722],[7.527194722,47.599789167],[7.527186944,47.5998025],[7.527176389,47.599816389],[7.527161389,47.599831667],[7.527145833,47.599843889],[7.527128056,47.599855],[7.527108056,47.599865556],[7.527071389,47.599880278],[7.526451389,47.599684167]],[[7.527472222,47.599685278],[7.527341389,47.599446667],[7.527372778,47.599503611],[7.5273875,47.599495],[7.527401944,47.59948],[7.5274125,47.599461667],[7.527420833,47.5994425],[7.527423611,47.599423333],[7.527423056,47.599405556],[7.527417222,47.599379722],[7.527625,47.599445833],[7.526795833,47.599181944]],[[7.527013889,47.598864167],[7.527721667,47.59909],[7.527516667,47.599024444],[7.527535,47.599019444],[7.527559444,47.599011389],[7.5275825,47.599001667],[7.527607778,47.598986667],[7.527626944,47.598969722],[7.527643056,47.59895],[7.527653889,47.598931111],[7.527661667,47.598908333],[7.527888611,47.5988375],[7.527449444,47.598974722]],[[7.524902778,47.601919722],[7.525721944,47.602180833]],[[7.52563,47.602558611],[7.526899444,47.602281111]],[[7.526946389,47.602399444],[7.526599444,47.602899444]],[[7.528656111,47.582235],[7.528531111,47.581999167]],[[7.539639722,47.589836389],[7.539326111,47.589785]],[[7.538861389,47.589937222],[7.538503056,47.589881667]],[[7.538755833,47.589695],[7.539075556,47.589746389]],[[7.538907222,47.589893333],[7.538699167,47.5897075]]]}},{"type":"Feature","id":"LFSB-50a8d459a32e966d30ce","properties":{"airport":"LFSB","name":"LFSB Groundlayout AVISO","layer":"Guidance lines","category":"Taxiway Blue","object_type":"Line","style_id":"line.taxiwayblue.004080","source_group":"LFSB Groundlayout AVISO","vsmr_group_ids":[],"geometry_role":"linework"},"geometry":{"type":"MultiLineString","coordinates":[[[7.5263575,47.600171667],[7.527108333,47.600408333],[7.527383056,47.600495833],[7.527443056,47.600514722],[7.527499722,47.600533333],[7.527551944,47.6005475],[7.527598889,47.600556944],[7.527650556,47.600560556],[7.527698889,47.60056],[7.527743889,47.600555278],[7.527799444,47.600543889],[7.527843333,47.600530278],[7.527875556,47.600516111],[7.527930278,47.600488333],[7.528020556,47.600442222],[7.528066389,47.600419722],[7.528106111,47.600402778],[7.528146389,47.600389722],[7.528185833,47.600380278],[7.528230278,47.600374167],[7.52828,47.600370556],[7.528329167,47.600371944],[7.528398333,47.600380278],[7.528453611,47.6003925],[7.528499722,47.600408056],[7.528539722,47.600426667],[7.528576111,47.600448611],[7.528606667,47.600471389],[7.528635556,47.600501389],[7.528661111,47.600534167],[7.528681111,47.600571389],[7.528692222,47.600609444],[7.528695,47.600651944],[7.528688056,47.600691389],[7.528673333,47.600726667],[7.528653333,47.600759167],[7.528507222,47.600968056]],[[7.528884722,47.596536111],[7.530095,47.596923611],[7.530155278,47.596956389],[7.530180556,47.596977222],[7.530206944,47.597006667],[7.530225833,47.597038611],[7.530236667,47.597074167],[7.530243056,47.597125833],[7.5302925,47.597522778],[7.530299444,47.597569444],[7.530314444,47.597607778],[7.530330556,47.597635556],[7.530353056,47.597664722],[7.530385556,47.597694167],[7.530418889,47.597718889],[7.530457778,47.597740833],[7.5304975,47.597758056],[7.530537778,47.597771944],[7.530584167,47.597782222],[7.530629722,47.597789167],[7.530681667,47.597791667],[7.530722778,47.597791111],[7.530760833,47.597788333],[7.530805,47.597781389],[7.530855278,47.597768611],[7.530904722,47.597750833],[7.530953611,47.597725278],[7.530991111,47.597700278],[7.531030278,47.597664444],[7.531079167,47.597602222],[7.531363333,47.5971925]]]}},{"type":"Feature","id":"LFSB-0d45dc05c5ec6106da93","properties":{"airport":"LFSB","name":"LFSB Groundlayout AVISO","layer":"Guidance lines","category":"Taxiway Orange","object_type":"Line","style_id":"line.taxiwayorange.cc6d00","source_group":"LFSB Groundlayout AVISO","vsmr_group_ids":[],"geometry_role":"linework"},"geometry":{"type":"MultiLineString","coordinates":[[[7.528507222,47.600968056],[7.528443611,47.601061667],[7.528415833,47.6010975],[7.528390278,47.601121667],[7.528360833,47.601144722],[7.528325833,47.601166389],[7.528286667,47.601185833],[7.528244722,47.601200556],[7.528193333,47.601214167],[7.528128889,47.601227778],[7.528001111,47.601251389],[7.527961389,47.601258056],[7.527917778,47.601263611],[7.527876389,47.601264722],[7.527834167,47.601263611],[7.527798611,47.60126],[7.527763333,47.601254722],[7.5277325,47.601247222],[7.525990278,47.600693611]],[[7.531363333,47.5971925],[7.531370556,47.597180278],[7.531381667,47.597160278],[7.531393611,47.597136111],[7.531408056,47.597105556],[7.531419444,47.597073889],[7.531426944,47.597044444],[7.531428611,47.5970275],[7.531425556,47.597006389],[7.531411667,47.596978333],[7.531392222,47.596947778],[7.531371111,47.596923889],[7.531338056,47.596893889],[7.531305278,47.596874167],[7.531263889,47.5968575],[7.529132222,47.596178056]]]}},{"type":"Feature","id":"LFSB-db41da41b06ab8e3efa2","properties":{"airport":"LFSB","name":"A","layer":"Labels","category":"Taxiways","object_type":"Label","style_id":"label.taxiways","source_group":"LFSB Taxiways","vsmr_group_ids":[],"geometry_role":"text_label","text-field":"A"},"geometry":{"type":"Point","coordinates":[7.529130556,47.595638611]}},{"type":"Feature","id":"LFSB-e88071ff51aac3d149e7","properties":{"airport":"LFSB","name":"A","layer":"Labels","category":"Taxiways","object_type":"Label","style_id":"label.taxiways","source_group":"LFSB Taxiways","vsmr_group_ids":[],"geometry_role":"text_label","text-field":"A"},"geometry":{"type":"Point","coordinates":[7.528100833,47.597149167]}},{"type":"Feature","id":"LFSB-b465374a130062d74320","properties":{"airport":"LFSB","name":"A","layer":"Labels","category":"Taxiways","object_type":"Label","style_id":"label.taxiways","source_group":"LFSB Taxiways","vsmr_group_ids":[],"geometry_role":"text_label","text-field":"A"},"geometry":{"type":"Point","coordinates":[7.526328056,47.599620556]}},{"type":"Feature","id":"LFSB-7f484408ebf23cc3f3bb","properties":{"airport":"LFSB","name":"A","layer":"Labels","category":"Taxiways","object_type":"Label","style_id":"label.taxiways","source_group":"LFSB Taxiways","vsmr_group_ids":[],"geometry_role":"text_label","text-field":"A"},"geometry":{"type":"Point","coordinates":[7.525139167,47.6013125]}},{"type":"Feature","id":"LFSB-13f8b0cfd8e28c741ead","properties":{"airport":"LFSB","name":"B","layer":"Labels","category":"Taxiways","object_type":"Label","style_id":"label.taxiways","source_group":"LFSB Taxiways","vsmr_group_ids":[],"geometry_role":"text_label","text-field":"B"},"geometry":{"type":"Point","coordinates":[7.511526389,47.617365]}},{"type":"Feature","id":"LFSB-6138a5120fb1e8d28299","properties":{"airport":"LFSB","name":"B","layer":"Labels","category":"Taxiways","object_type":"Label","style_id":"label.taxiways","source_group":"LFSB Taxiways","vsmr_group_ids":[],"geometry_role":"text_label","text-field":"B"},"geometry":{"type":"Point","coordinates":[7.514973333,47.614515]}},{"type":"Feature","id":"LFSB-a045ccdbd9fbe2ca3622","properties":{"airport":"LFSB","name":"B","layer":"Labels","category":"Taxiways","object_type":"Label","style_id":"label.taxiways","source_group":"LFSB Taxiways","vsmr_group_ids":[],"geometry_role":"text_label","text-field":"B"},"geometry":{"type":"Point","coordinates":[7.519316111,47.608316389]}},{"type":"Feature","id":"LFSB-c77e4c739a50caca5bed","properties":{"airport":"LFSB","name":"B","layer":"Labels","category":"Taxiways","object_type":"Label","style_id":"label.taxiways","source_group":"LFSB Taxiways","vsmr_group_ids":[],"geometry_role":"text_label","text-field":"B"},"geometry":{"type":"Point","coordinates":[7.522454722,47.603840278]}},{"type":"Feature","id":"LFSB-afad8aaa1da3eddec9d7","properties":{"airport":"LFSB","name":"B","layer":"Labels","category":"Taxiways","object_type":"Label","style_id":"label.taxiways","source_group":"LFSB Taxiways","vsmr_group_ids":[],"geometry_role":"text_label","text-field":"B"},"geometry":{"type":"Point","coordinates":[7.524487778,47.600858333]}},{"type":"Feature","id":"LFSB-3b45bf451a61fb9eb81b","properties":{"airport":"LFSB","name":"B","layer":"Labels","category":"Taxiways","object_type":"Label","style_id":"label.taxiways","source_group":"LFSB Taxiways","vsmr_group_ids":[],"geometry_role":"text_label","text-field":"B"},"geometry":{"type":"Point","coordinates":[7.527326111,47.596846667]}},{"type":"Feature","id":"LFSB-a52f4709a49f98e8dab8","properties":{"airport":"LFSB","name":"B","layer":"Labels","category":"Taxiways","object_type":"Label","style_id":"label.taxiways","source_group":"LFSB Taxiways","vsmr_group_ids":[],"geometry_role":"text_label","text-field":"B"},"geometry":{"type":"Point","coordinates":[7.529815833,47.593203056]}},{"type":"Feature","id":"LFSB-51209c4087bccbbcbb4e","properties":{"airport":"LFSB","name":"B","layer":"Labels","category":"Taxiways","object_type":"Label","style_id":"label.taxiways","source_group":"LFSB Taxiways","vsmr_group_ids":[],"geometry_role":"text_label","text-field":"B"},"geometry":{"type":"Point","coordinates":[7.530959722,47.590836667]}},{"type":"Feature","id":"LFSB-da4e92de43e1b9c71c0c","properties":{"airport":"LFSB","name":"C","layer":"Labels","category":"Taxiways","object_type":"Label","style_id":"label.taxiways","source_group":"LFSB Taxiways","vsmr_group_ids":[],"geometry_role":"text_label","text-field":"C"},"geometry":{"type":"Point","coordinates":[7.534724722,47.591734444]}},{"type":"Feature","id":"LFSB-87550095bb7ef0918ea8","properties":{"airport":"LFSB","name":"C","layer":"Labels","category":"Taxiways","object_type":"Label","style_id":"label.taxiways","source_group":"LFSB Taxiways","vsmr_group_ids":[],"geometry_role":"text_label","text-field":"C"},"geometry":{"type":"Point","coordinates":[7.539364167,47.592185556]}},{"type":"Feature","id":"LFSB-b82165f3dbd01c0c7935","properties":{"airport":"LFSB","name":"C1","layer":"Labels","category":"Taxiways","object_type":"Label","style_id":"label.taxiways","source_group":"LFSB Taxiways","vsmr_group_ids":[],"geometry_role":"text_label","text-field":"C1"},"geometry":{"type":"Point","coordinates":[7.536753333,47.591745278]}},{"type":"Feature","id":"LFSB-e2746966fbf2d1e9cf5d","properties":{"airport":"LFSB","name":"D","layer":"Labels","category":"Taxiways","object_type":"Label","style_id":"label.taxiways","source_group":"LFSB Taxiways","vsmr_group_ids":[],"geometry_role":"text_label","text-field":"D"},"geometry":{"type":"Point","coordinates":[7.527676111,47.594097222]}},{"type":"Feature","id":"LFSB-f5b7f49241c1b62f8e77","properties":{"airport":"LFSB","name":"D","layer":"Labels","category":"Taxiways","object_type":"Label","style_id":"label.taxiways","source_group":"LFSB Taxiways","vsmr_group_ids":[],"geometry_role":"text_label","text-field":"D"},"geometry":{"type":"Point","coordinates":[7.529099722,47.595041111]}},{"type":"Feature","id":"LFSB-1ec1f9e30130aec90b6b","properties":{"airport":"LFSB","name":"E","layer":"Labels","category":"Taxiways","object_type":"Label","style_id":"label.taxiways","source_group":"LFSB Taxiways","vsmr_group_ids":[],"geometry_role":"text_label","text-field":"E"},"geometry":{"type":"Point","coordinates":[7.524780278,47.598154722]}},{"type":"Feature","id":"LFSB-9b7435e322879718a543","properties":{"airport":"LFSB","name":"E","layer":"Labels","category":"Taxiways","object_type":"Label","style_id":"label.taxiways","source_group":"LFSB Taxiways","vsmr_group_ids":[],"geometry_role":"text_label","text-field":"E"},"geometry":{"type":"Point","coordinates":[7.526269722,47.599048333]}},{"type":"Feature","id":"LFSB-6b68dcc487be64f0e5f0","properties":{"airport":"LFSB","name":"F","layer":"Labels","category":"Taxiways","object_type":"Label","style_id":"label.taxiways","source_group":"LFSB Taxiways","vsmr_group_ids":[],"geometry_role":"text_label","text-field":"F"},"geometry":{"type":"Point","coordinates":[7.522803056,47.601008333]}},{"type":"Feature","id":"LFSB-08fbf8d59c11c7f4ecde","properties":{"airport":"LFSB","name":"F","layer":"Labels","category":"Taxiways","object_type":"Label","style_id":"label.taxiways","source_group":"LFSB Taxiways","vsmr_group_ids":[],"geometry_role":"text_label","text-field":"F"},"geometry":{"type":"Point","coordinates":[7.524428333,47.601923611]}},{"type":"Feature","id":"LFSB-c071c812ba249e31d16c","properties":{"airport":"LFSB","name":"G","layer":"Labels","category":"Taxiways","object_type":"Label","style_id":"label.taxiways","source_group":"LFSB Taxiways","vsmr_group_ids":[],"geometry_role":"text_label","text-field":"G"},"geometry":{"type":"Point","coordinates":[7.5199125,47.605182778]}},{"type":"Feature","id":"LFSB-e2597afeb5d7da758ee3","properties":{"airport":"LFSB","name":"H","layer":"Labels","category":"Taxiways","object_type":"Label","style_id":"label.taxiways","source_group":"LFSB Taxiways","vsmr_group_ids":[],"geometry_role":"text_label","text-field":"H"},"geometry":{"type":"Point","coordinates":[7.516346944,47.610336944]}},{"type":"Feature","id":"LFSB-ed79553ddec91ff83e43","properties":{"airport":"LFSB","name":"J","layer":"Labels","category":"Taxiways","object_type":"Label","style_id":"label.taxiways","source_group":"LFSB Taxiways","vsmr_group_ids":[],"geometry_role":"text_label","text-field":"J"},"geometry":{"type":"Point","coordinates":[7.539635833,47.590595833]}},{"type":"Feature","id":"LFSB-c687560374f6782bc89b","properties":{"airport":"LFSB","name":"K","layer":"Labels","category":"Taxiways","object_type":"Label","style_id":"label.taxiways","source_group":"LFSB Taxiways","vsmr_group_ids":[],"geometry_role":"text_label","text-field":"K"},"geometry":{"type":"Point","coordinates":[7.533981667,47.589770556]}},{"type":"Feature","id":"LFSB-b3ca1fe21edaff94a377","properties":{"airport":"LFSB","name":"K","layer":"Labels","category":"Taxiways","object_type":"Label","style_id":"label.taxiways","source_group":"LFSB Taxiways","vsmr_group_ids":[],"geometry_role":"text_label","text-field":"K"},"geometry":{"type":"Point","coordinates":[7.533766389,47.588790833]}},{"type":"Feature","id":"LFSB-9097e7604ce761d84850","properties":{"airport":"LFSB","name":"L","layer":"Labels","category":"Taxiways","object_type":"Label","style_id":"label.taxiways","source_group":"LFSB Taxiways","vsmr_group_ids":[],"geometry_role":"text_label","text-field":"L"},"geometry":{"type":"Point","coordinates":[7.531976389,47.589318611]}},{"type":"Feature","id":"LFSB-31bdd615ddbef5e8046f","properties":{"airport":"LFSB","name":"L","layer":"Labels","category":"Taxiways","object_type":"Label","style_id":"label.taxiways","source_group":"LFSB Taxiways","vsmr_group_ids":[],"geometry_role":"text_label","text-field":"L"},"geometry":{"type":"Point","coordinates":[7.533005833,47.588609444]}},{"type":"Feature","id":"LFSB-11dafc172d148b8bdf4d","properties":{"airport":"LFSB","name":"L","layer":"Labels","category":"Taxiways","object_type":"Label","style_id":"label.taxiways","source_group":"LFSB Taxiways","vsmr_group_ids":[],"geometry_role":"text_label","text-field":"L"},"geometry":{"type":"Point","coordinates":[7.532629722,47.586810833]}},{"type":"Feature","id":"LFSB-15c164094f814eab4ad1","properties":{"airport":"LFSB","name":"M1","layer":"Labels","category":"Taxiways","object_type":"Label","style_id":"label.taxiways","source_group":"LFSB Taxiways","vsmr_group_ids":[],"geometry_role":"text_label","text-field":"M1"},"geometry":{"type":"Point","coordinates":[7.526733333,47.598424167]}},{"type":"Feature","id":"LFSB-58cce2be0c1284f66ca4","properties":{"airport":"LFSB","name":"M2","layer":"Labels","category":"Taxiways","object_type":"Label","style_id":"label.taxiways","source_group":"LFSB Taxiways","vsmr_group_ids":[],"geometry_role":"text_label","text-field":"M2"},"geometry":{"type":"Point","coordinates":[7.527240833,47.597691389]}},{"type":"Feature","id":"LFSB-65f9baedd35e36e537ed","properties":{"airport":"LFSB","name":"N","layer":"Labels","category":"Taxiways","object_type":"Label","style_id":"label.taxiways","source_group":"LFSB Taxiways","vsmr_group_ids":[],"geometry_role":"text_label","text-field":"N"},"geometry":{"type":"Point","coordinates":[7.525495,47.600156389]}},{"type":"Feature","id":"LFSB-6b624ac5514335a93d8b","properties":{"airport":"LFSB","name":"N1","layer":"Labels","category":"Taxiways","object_type":"Label","style_id":"label.taxiways","source_group":"LFSB Taxiways","vsmr_group_ids":[],"geometry_role":"text_label","text-field":"N1"},"geometry":{"type":"Point","coordinates":[7.526625,47.601026944]}},{"type":"Feature","id":"LFSB-e2d44aa1e4e5a1c544ae","properties":{"airport":"LFSB","name":"N2","layer":"Labels","category":"Taxiways","object_type":"Label","style_id":"label.taxiways","source_group":"LFSB Taxiways","vsmr_group_ids":[],"geometry_role":"text_label","text-field":"N2"},"geometry":{"type":"Point","coordinates":[7.52689,47.600654722]}},{"type":"Feature","id":"LFSB-67f99adb909b44919653","properties":{"airport":"LFSB","name":"N3","layer":"Labels","category":"Taxiways","object_type":"Label","style_id":"label.taxiways","source_group":"LFSB Taxiways","vsmr_group_ids":[],"geometry_role":"text_label","text-field":"N3"},"geometry":{"type":"Point","coordinates":[7.527137222,47.600300556]}},{"type":"Feature","id":"LFSB-dc333a9f52d8c044104a","properties":{"airport":"LFSB","name":"P","layer":"Labels","category":"Taxiways","object_type":"Label","style_id":"label.taxiways","source_group":"LFSB Taxiways","vsmr_group_ids":[],"geometry_role":"text_label","text-field":"P"},"geometry":{"type":"Point","coordinates":[7.525495,47.593343611]}},{"type":"Feature","id":"LFSB-b493f360d593ab6020d0","properties":{"airport":"LFSB","name":"P","layer":"Labels","category":"Taxiways","object_type":"Label","style_id":"label.taxiways","source_group":"LFSB Taxiways","vsmr_group_ids":[],"geometry_role":"text_label","text-field":"P"},"geometry":{"type":"Point","coordinates":[7.5196175,47.5914425]}},{"type":"Feature","id":"LFSB-9eaa62fcce7ccafa45bc","properties":{"airport":"LFSB","name":"P","layer":"Labels","category":"Taxiways","object_type":"Label","style_id":"label.taxiways","source_group":"LFSB Taxiways","vsmr_group_ids":[],"geometry_role":"text_label","text-field":"P"},"geometry":{"type":"Point","coordinates":[7.517430278,47.588915833]}},{"type":"Feature","id":"LFSB-b38ceff7036033cc1a38","properties":{"airport":"LFSB","name":"Q","layer":"Labels","category":"Taxiways","object_type":"Label","style_id":"label.taxiways","source_group":"LFSB Taxiways","vsmr_group_ids":[],"geometry_role":"text_label","text-field":"Q"},"geometry":{"type":"Point","coordinates":[7.529211667,47.585795833]}},{"type":"Feature","id":"LFSB-ebf47d2263b43580c9b8","properties":{"airport":"LFSB","name":"Q","layer":"Labels","category":"Taxiways","object_type":"Label","style_id":"label.taxiways","source_group":"LFSB Taxiways","vsmr_group_ids":[],"geometry_role":"text_label","text-field":"Q"},"geometry":{"type":"Point","coordinates":[7.528574722,47.584984444]}},{"type":"Feature","id":"LFSB-b3570df0c25112113da4","properties":{"airport":"LFSB","name":"Q1","layer":"Labels","category":"Taxiways","object_type":"Label","style_id":"label.taxiways","source_group":"LFSB Taxiways","vsmr_group_ids":[],"geometry_role":"text_label","text-field":"Q1"},"geometry":{"type":"Point","coordinates":[7.528412778,47.582726111]}},{"type":"Feature","id":"LFSB-bd163076c8394599ec62","properties":{"airport":"LFSB","name":"Q2","layer":"Labels","category":"Taxiways","object_type":"Label","style_id":"label.taxiways","source_group":"LFSB Taxiways","vsmr_group_ids":[],"geometry_role":"text_label","text-field":"Q2"},"geometry":{"type":"Point","coordinates":[7.527765556,47.5830425]}},{"type":"Feature","id":"LFSB-b43e92d1b2aa74111e97","properties":{"airport":"LFSB","name":"Q3","layer":"Labels","category":"Taxiways","object_type":"Label","style_id":"label.taxiways","source_group":"LFSB Taxiways","vsmr_group_ids":[],"geometry_role":"text_label","text-field":"Q3"},"geometry":{"type":"Point","coordinates":[7.526885556,47.584258333]}},{"type":"Feature","id":"LFSB-f6bf40fb5f5f265e9bc3","properties":{"airport":"LFSB","name":"Q4","layer":"Labels","category":"Taxiways","object_type":"Label","style_id":"label.taxiways","source_group":"LFSB Taxiways","vsmr_group_ids":[],"geometry_role":"text_label","text-field":"Q4"},"geometry":{"type":"Point","coordinates":[7.526223333,47.585230278]}},{"type":"Feature","id":"LFSB-1deba12ddc2aca8082d3","properties":{"airport":"LFSB","name":"Q5","layer":"Labels","category":"Taxiways","object_type":"Label","style_id":"label.taxiways","source_group":"LFSB Taxiways","vsmr_group_ids":[],"geometry_role":"text_label","text-field":"Q5"},"geometry":{"type":"Point","coordinates":[7.525606944,47.586119167]}},{"type":"Feature","id":"LFSB-0d61439c5710d77d4d4b","properties":{"airport":"LFSB","name":"S","layer":"Labels","category":"Taxiways","object_type":"Label","style_id":"label.taxiways","source_group":"LFSB Taxiways","vsmr_group_ids":[],"geometry_role":"text_label","text-field":"S"},"geometry":{"type":"Point","coordinates":[7.528323333,47.596164444]}},{"type":"Feature","id":"LFSB-44a2b58fba5cc46d375b","properties":{"airport":"LFSB","name":"S1","layer":"Labels","category":"Taxiways","object_type":"Label","style_id":"label.taxiways","source_group":"LFSB Taxiways","vsmr_group_ids":[],"geometry_role":"text_label","text-field":"S1"},"geometry":{"type":"Point","coordinates":[7.529363611,47.596848056]}},{"type":"Feature","id":"LFSB-1a9e1088ecb06e11afd6","properties":{"airport":"LFSB","name":"S2","layer":"Labels","category":"Taxiways","object_type":"Label","style_id":"label.taxiways","source_group":"LFSB Taxiways","vsmr_group_ids":[],"geometry_role":"text_label","text-field":"S2"},"geometry":{"type":"Point","coordinates":[7.529581111,47.596547222]}},{"type":"Feature","id":"LFSB-976370ceb9790ab45fc3","properties":{"airport":"LFSB","name":"S3","layer":"Labels","category":"Taxiways","object_type":"Label","style_id":"label.taxiways","source_group":"LFSB Taxiways","vsmr_group_ids":[],"geometry_role":"text_label","text-field":"S3"},"geometry":{"type":"Point","coordinates":[7.529778056,47.596252778]}},{"type":"Feature","id":"LFSB-fcd468849bdfc85f3937","properties":{"airport":"LFSB","name":"V","layer":"Labels","category":"Taxiways","object_type":"Label","style_id":"label.taxiways","source_group":"LFSB Taxiways","vsmr_group_ids":[],"geometry_role":"text_label","text-field":"V"},"geometry":{"type":"Point","coordinates":[7.531295278,47.591835833]}},{"type":"Feature","id":"LFSB-bb635f82f508a8c6bcc1","properties":{"airport":"LFSB","name":"V","layer":"Labels","category":"Taxiways","object_type":"Label","style_id":"label.taxiways","source_group":"LFSB Taxiways","vsmr_group_ids":[],"geometry_role":"text_label","text-field":"V"},"geometry":{"type":"Point","coordinates":[7.532247222,47.591081111]}},{"type":"Feature","id":"LFSB-bfd440bcc29094cf3cb8","properties":{"airport":"LFSB","name":"H","layer":"Labels","category":"Taxiways","object_type":"Label","style_id":"label.taxiways","source_group":"LFSB Taxiways","vsmr_group_ids":[],"geometry_role":"text_label","text-field":"H"},"geometry":{"type":"Point","coordinates":[7.5229425,47.605518333]}}]}
