{"type":"FeatureCollection","name":"LFSI AVISO","bbox":[4.878944167,48.621898056,4.920399167,48.6433375],"metadata":{"schema":"vSMR AVISO","schema_version":2,"geometry_mode":"shared","airport":"LFSI","coordinate_reference_system":"WGS84","coordinate_order":"longitude, latitude","default_color_palette":"dark","color_palettes":["dark","light"],"background_colors":{"dark":"#434A4F","light":"#434A4F"},"runways":[{"ends":["11L","29R"],"headings":[111,291],"thresholds":[[4.901135833,48.636818889],[4.916121944,48.632596944]]},{"ends":["11","29"],"headings":[111,291],"thresholds":[[4.884355833,48.64025],[4.914485833,48.631763889]]}],"saved_active_runways":[],"saved_active_airport_modes":[],"airport_reference":[4.908055833,48.633610833],"feature_count":139,"style_count":13,"layer_counts":{"Airfield surfaces":20,"Buildings and structures":52,"Guidance lines":3,"Labels":49,"Surface markings":6,"Terrain":9},"category_counts":{"Apron Surface":1,"Buildings":52,"Grass":5,"Grass runways":2,"Hard Surface 2":10,"Hard Surface 3":6,"Hard Surface 4":1,"Runways":2,"Stopbars":6,"Taxiways":50,"Terrain 1":4},"geometry_source":"local GNG/KMZ","geometry_source_url":"","geometry_license":"GPL-3.0"},"styles":{"polygon.grassurface.00512f":{"name":"Grass","layer":"Terrain","object_type":"Area","paint":{"fill":"#010D19","fill-opacity":1,"palette-overrides":{"light":{"fill":"#00512F"}}},"feature_count":5},"polygon.terrain1.574242":{"name":"Terrain 1","layer":"Terrain","object_type":"Area","paint":{"fill":"#574242","fill-opacity":1,"palette-overrides":{"light":{"fill":"#574242"}}},"feature_count":4},"polygon.hardsurface4.969393":{"name":"Hard Surface 4","layer":"Airfield surfaces","object_type":"Area","paint":{"fill":"#152841","fill-opacity":1,"palette-overrides":{"light":{"fill":"#969393"}}},"feature_count":1},"polygon.hardsurface3.8a807f":{"name":"Hard Surface 3","layer":"Airfield surfaces","object_type":"Area","paint":{"fill":"#222D3C","fill-opacity":1,"palette-overrides":{"light":{"fill":"#8A807F"}}},"feature_count":6},"polygon.hardsurface2.595e5b":{"name":"Hard Surface 2","layer":"Airfield surfaces","object_type":"Area","paint":{"fill":"#2F3949","fill-opacity":1,"palette-overrides":{"light":{"fill":"#595E5B"}}},"feature_count":10},"polygon.runwayconcrete.555555":{"name":"Runways","layer":"Airfield surfaces","object_type":"Area","paint":{"fill":"#111318","fill-opacity":1,"palette-overrides":{"light":{"fill":"#555555"}}},"feature_count":1},"polygon.runwaygrass.008000":{"name":"Grass runways","layer":"Airfield surfaces","object_type":"Area","paint":{"fill":"#859A77","fill-opacity":1,"palette-overrides":{"light":{"fill":"#008000"}}},"feature_count":2},"polygon.stopbar.7e0000":{"name":"Stopbars","layer":"Surface markings","object_type":"Area","paint":{"fill":"#7E0000","fill-opacity":1,"palette-overrides":{"light":{"fill":"#7E0000"}}},"feature_count":6},"polygon.building.394446":{"name":"Buildings","layer":"Buildings and structures","object_type":"Area","paint":{"fill":"#475570","fill-opacity":1,"palette-overrides":{"light":{"fill":"#394446"}}},"feature_count":52},"label.taxiways":{"name":"Taxiways","layer":"Labels","object_type":"Label","paint":{"text-color":"#CCCCCC","text-font":"Arial","text-size":12,"text-halo-color":"#000000","text-halo-width":1,"text-anchor":"center","zoomLevel":7},"feature_count":49},"line.taxiway.c0b631":{"name":"Taxiways","layer":"Guidance lines","object_type":"Line","paint":{"stroke":"#4E5A69","stroke-opacity":1,"stroke-width":1,"palette-overrides":{"light":{"stroke":"#C0B631"}}},"feature_count":1},"line.runwayconcrete.555555":{"name":"Runways","layer":"Guidance lines","object_type":"Line","paint":{"stroke":"#111318","stroke-opacity":1,"stroke-width":1,"palette-overrides":{"light":{"stroke":"#555555"}}},"feature_count":1},"line.apronsurface.808080":{"name":"Apron Surface","layer":"Guidance lines","object_type":"Line","paint":{"stroke":"#808080","stroke-opacity":1,"stroke-width":1,"palette-overrides":{"light":{"stroke":"#808080"}}},"feature_count":1}},"vsmr_groups":[],"features":[{"type":"Feature","id":"LFSI-e29600b3c071d686207a","properties":{"airport":"LFSI","name":"LFSI AVISO","layer":"Terrain","category":"Grass","object_type":"Area","style_id":"polygon.grassurface.00512f","source_group":"LFSI AVISO","vsmr_group_ids":[],"geometry_role":"filled_region"},"geometry":{"type":"Polygon","coordinates":[[[4.884504167,48.642816111],[4.882082778,48.642187778],[4.880907778,48.642023889],[4.880653611,48.642015],[4.879291944,48.642164722],[4.879218333,48.642158333],[4.879154444,48.642138333],[4.879114167,48.642108056],[4.879079444,48.642054167],[4.878944167,48.641526389],[4.8789525,48.641484722],[4.878993889,48.641434444],[4.879036667,48.641405],[4.879093333,48.641395278],[4.879290556,48.641381667],[4.880019722,48.641083611],[4.880005,48.640893333],[4.880005278,48.640783889],[4.880071667,48.640595278],[4.880174444,48.6403375],[4.880433333,48.6400625],[4.883108056,48.638552778],[4.883246389,48.638456667],[4.883300833,48.638389444],[4.883316667,48.638305],[4.882351944,48.634903056],[4.882887222,48.634336667],[4.884267778,48.633948889],[4.883593889,48.632909167],[4.886473889,48.632091111],[4.886483056,48.632046389],[4.887433333,48.631764722],[4.887884444,48.632464722],[4.888334722,48.632738056],[4.890063611,48.632543056],[4.891207222,48.632679444],[4.891356944,48.63274],[4.891869722,48.633442222],[4.894096667,48.633767778],[4.895038333,48.633534444],[4.901670833,48.631698611],[4.901763611,48.631588333],[4.901829722,48.631433611],[4.901858056,48.631301944],[4.901863333,48.631168611],[4.901809444,48.631087222],[4.8996125,48.628903889],[4.899486111,48.628835556],[4.899338333,48.628793889],[4.898811111,48.628763611],[4.898739444,48.628743333],[4.898670556,48.628706111],[4.898208333,48.628450833],[4.898109722,48.628372778],[4.898070556,48.628284722],[4.898055,48.628185278],[4.898082778,48.628086944],[4.902246667,48.624648056],[4.902406667,48.624532778],[4.902569167,48.624460556],[4.902739722,48.624404167],[4.903000833,48.624370556],[4.904008056,48.624289444],[4.904135556,48.624260278],[4.904219722,48.624223889],[4.904335556,48.624160278],[4.904438889,48.6240675],[4.904515833,48.623973056],[4.9045625,48.623856667],[4.904576111,48.623726111],[4.904585833,48.623003611],[4.904595278,48.622918056],[4.904635556,48.6228375],[4.904704722,48.622741389],[4.9047975,48.622655556],[4.904921389,48.622581389],[4.905049167,48.622536667],[4.905196667,48.622502222],[4.905380556,48.622479444],[4.909456944,48.6220925],[4.911478889,48.621945],[4.911881667,48.621914722],[4.912216667,48.621898056],[4.912511389,48.621898056],[4.912761667,48.621935278],[4.913021389,48.621990278],[4.913267222,48.622066944],[4.913465278,48.622158611],[4.914703056,48.622855556],[4.914896111,48.622998333],[4.915041389,48.623138611],[4.915173889,48.623285],[4.915254167,48.623420833],[4.915325556,48.623591111],[4.915375833,48.623769722],[4.915388889,48.623978611],[4.915356111,48.624161944],[4.9152825,48.624305556],[4.915194444,48.624430278],[4.914780556,48.624966389],[4.914728333,48.625087222],[4.914705278,48.625215278],[4.914705278,48.625341944],[4.914736389,48.625475833],[4.914782778,48.625560556],[4.914860833,48.625668889],[4.915123056,48.625980278],[4.915198611,48.626103056],[4.915269444,48.626235],[4.915581389,48.626944722],[4.915615833,48.627019167],[4.915681944,48.627109722],[4.916811667,48.628472222],[4.917283333,48.628947778],[4.9174475,48.629176389],[4.917606944,48.629407778],[4.917770556,48.629703056],[4.918554444,48.631164167],[4.918658611,48.63131],[4.918780278,48.631444722],[4.92012,48.632667222],[4.920231389,48.632765556],[4.920307778,48.632878611],[4.920362778,48.633014722],[4.920399167,48.633153611],[4.920384722,48.633279722],[4.920353333,48.633383611],[4.920287222,48.633506667],[4.920006389,48.633971389],[4.919918056,48.634078611],[4.919813333,48.634174722],[4.919696389,48.634265833],[4.919144722,48.634662222],[4.918966111,48.634768056],[4.918808056,48.634839722],[4.918666389,48.634888056],[4.918506667,48.634929722],[4.918451667,48.634959722],[4.918415556,48.6350025],[4.91839,48.635080278],[4.918373889,48.635473056],[4.918310278,48.6367125],[4.918100556,48.638251667],[4.918059444,48.638421111],[4.918021944,48.638520278],[4.917955,48.638590278],[4.917883889,48.638632222],[4.917775,48.638659444],[4.907984167,48.640053333],[4.907869722,48.640060833],[4.907783889,48.6400425],[4.907535,48.639975833],[4.907464167,48.639963889],[4.907401111,48.639961944],[4.907288889,48.639977778],[4.904528333,48.640514722],[4.903106667,48.640799167],[4.901123889,48.641070278],[4.900933889,48.641075833],[4.9007675,48.641053611],[4.900606111,48.64102],[4.900421111,48.640981667],[4.900274167,48.640965833],[4.900066667,48.64096],[4.8998575,48.640978611],[4.899646389,48.641013889],[4.899445278,48.641086944],[4.899314167,48.641164444],[4.899156944,48.641259444],[4.898991667,48.641339444],[4.898804722,48.641410556],[4.898586111,48.641464444],[4.885566389,48.6433375],[4.885458333,48.643304722],[4.884731667,48.642904722],[4.884645833,48.642855556],[4.884504167,48.642816111]]]}},{"type":"Feature","id":"LFSI-32a5e8f36c63de81d33d","properties":{"airport":"LFSI","name":"LFSI AVISO","layer":"Terrain","category":"Terrain 1","object_type":"Area","style_id":"polygon.terrain1.574242","source_group":"LFSI AVISO","vsmr_group_ids":[],"geometry_role":"filled_region"},"geometry":{"type":"Polygon","coordinates":[[[4.900218611,48.640358889],[4.900162778,48.640383333],[4.900080833,48.640399167],[4.899994722,48.640402222],[4.899908611,48.640385556],[4.899858333,48.640360833],[4.899822778,48.640321944],[4.899793333,48.640268889],[4.899766944,48.640229722],[4.899723611,48.640200278],[4.899503611,48.640119444],[4.899443889,48.640109444],[4.899376111,48.640116944],[4.899321111,48.640133889],[4.899273889,48.640162778],[4.8992275,48.640207778],[4.899138611,48.640271944],[4.899018889,48.640349167],[4.898979444,48.640378056],[4.898966111,48.6404075],[4.898963611,48.640439167],[4.898973889,48.640461667],[4.899131667,48.640613611],[4.899165556,48.640642778],[4.899229722,48.640661111],[4.8993075,48.640679722],[4.899375,48.640699722],[4.899375,48.640700833],[4.899416667,48.640729167],[4.899441111,48.640760833],[4.899455,48.6407925],[4.899456111,48.640822778],[4.899448611,48.640856667],[4.899435556,48.640887222],[4.899406667,48.640925556],[4.899375833,48.640946944],[4.899318611,48.640968611],[4.899253333,48.640981667],[4.899188611,48.640984444],[4.899130278,48.640979722],[4.8990775,48.640960278],[4.899020556,48.640923611],[4.898985833,48.640888056],[4.898971944,48.640855556],[4.898970833,48.640810556],[4.898985,48.640761944],[4.898981111,48.6407275],[4.898963056,48.640696667],[4.898838889,48.6405775],[4.898794444,48.640546944],[4.898736667,48.64053],[4.898680833,48.640524167],[4.898619722,48.640528611],[4.898568056,48.640544444],[4.898393056,48.640621111],[4.898177222,48.640699722],[4.898106667,48.640728611],[4.898071389,48.640758611],[4.898058056,48.640788611],[4.898068056,48.640816111],[4.898200833,48.640981389],[4.898236944,48.641008611],[4.898283889,48.641029444],[4.898360833,48.641047222],[4.898426944,48.641071389],[4.898472778,48.641091111],[4.898511111,48.641143889],[4.898524167,48.641182778],[4.898518889,48.641216944],[4.8985025,48.641258889],[4.898475556,48.641291389],[4.898428611,48.641321667],[4.898367778,48.641344444],[4.898308333,48.641356944],[4.898254722,48.641356944],[4.898196389,48.641343333],[4.898142778,48.641322778],[4.898086667,48.64129],[4.898053889,48.641258056],[4.898032778,48.641221944],[4.898035,48.641180278],[4.898044722,48.641134722],[4.898044167,48.641092778],[4.898031944,48.641054167],[4.897938333,48.640948611],[4.897888611,48.64091],[4.897833333,48.640888056],[4.89777,48.640878611],[4.897711667,48.640884167],[4.897668889,48.640899167],[4.896998333,48.641154167],[4.896196667,48.641463056],[4.895977222,48.641541667],[4.895786111,48.641592778],[4.8955875,48.641638333],[4.895423333,48.641672222],[4.895234444,48.641695278],[4.895048611,48.64171],[4.894859167,48.641715278],[4.894675,48.641713056],[4.894485556,48.641705833],[4.894281111,48.641688611],[4.8939825,48.641665278],[4.893709722,48.641638889],[4.893454167,48.641610556],[4.893199444,48.641583611],[4.892914444,48.641551111],[4.892853611,48.641546667],[4.892803333,48.641552778],[4.892763889,48.64157],[4.892735,48.641590833],[4.892716944,48.641634167],[4.892678056,48.641790278],[4.892689167,48.641821944],[4.892713056,48.641851111],[4.892742778,48.641883333],[4.892763333,48.641915],[4.892768333,48.641956389],[4.892763333,48.642],[4.892746111,48.642035556],[4.8927025,48.642078056],[4.892637222,48.6421075],[4.892566111,48.642125556],[4.892493333,48.642123889],[4.892433333,48.642113056],[4.89237,48.642086111],[4.892326111,48.642053889],[4.892292778,48.642009722],[4.892285833,48.641961111],[4.892294167,48.641918333],[4.892324444,48.641882222],[4.892388889,48.641844722],[4.892437778,48.641814722],[4.892474722,48.641775833],[4.892505556,48.6416575],[4.8925125,48.641608611],[4.892494167,48.641555833],[4.892459167,48.641522778],[4.8923875,48.641484167],[4.891808611,48.641416111],[4.891750556,48.641420833],[4.891701389,48.641436667],[4.891665278,48.641468056],[4.891648056,48.641510833],[4.891610833,48.641649444],[4.891611667,48.641681667],[4.8916275,48.641713333],[4.891653333,48.641742778],[4.891685,48.641773056],[4.891700556,48.641804722],[4.891707222,48.641846667],[4.891691389,48.641888056],[4.891660556,48.641930278],[4.891608056,48.641967778],[4.891543333,48.641990833],[4.891468333,48.642002222],[4.891396111,48.641996667],[4.891334444,48.64198],[4.891281944,48.641952778],[4.891238056,48.641910833],[4.891222222,48.641868611],[4.891219444,48.641816944],[4.891235278,48.641773333],[4.891261667,48.641743889],[4.891302778,48.641715278],[4.891345,48.641699444],[4.891388056,48.641671667],[4.891415556,48.641635833],[4.891436944,48.641525556],[4.891437222,48.641464444],[4.891423611,48.641424444],[4.891374444,48.641381111],[4.891295278,48.641356944],[4.890718889,48.641297778],[4.890658889,48.641303056],[4.890618611,48.641324444],[4.89059,48.641364722],[4.890543056,48.641531944],[4.890551667,48.641568889],[4.890571111,48.641598333],[4.890606944,48.641645833],[4.890632778,48.641697778],[4.890636667,48.641741111],[4.890618611,48.641778611],[4.890583611,48.641815278],[4.890526667,48.641851389],[4.890454722,48.641873611],[4.890386111,48.641880278],[4.890319722,48.641871389],[4.890266111,48.641855556],[4.89022,48.641831667],[4.890176944,48.641795278],[4.890152222,48.641760278],[4.890145833,48.641704444],[4.890159167,48.641658611],[4.890196667,48.64162],[4.890242222,48.641589722],[4.890294167,48.641561389],[4.8903275,48.641530833],[4.8903475,48.641495556],[4.890363056,48.64142],[4.890364167,48.641347222],[4.890350833,48.641308889],[4.890305556,48.641270833],[4.890266667,48.641251389],[4.890205833,48.641241944],[4.889756667,48.641190278],[4.889575556,48.641162778],[4.889420833,48.641123333],[4.889278889,48.641083333],[4.889279444,48.641083333],[4.889135556,48.6410325],[4.889025556,48.640985278],[4.889129167,48.640873611],[4.889295833,48.640941111],[4.889468889,48.640996111],[4.889674444,48.641041944],[4.889875,48.641071111],[4.890389444,48.641128611],[4.892356389,48.641350278],[4.893020833,48.641433611],[4.893128333,48.641441111],[4.893200556,48.641433056],[4.893257222,48.641411111],[4.893311389,48.641375],[4.893336111,48.641326389],[4.893368056,48.641233889],[4.893370556,48.641203333],[4.893366111,48.641175278],[4.89335,48.6411425],[4.893317778,48.641096944],[4.893298333,48.641051944],[4.893289167,48.641022222],[4.893286389,48.640981944],[4.893298056,48.640939722],[4.893335278,48.640898333],[4.893398333,48.640869722],[4.8934625,48.640851389],[4.893537778,48.640848056],[4.8936075,48.64086],[4.893685833,48.640892778],[4.893731667,48.640929167],[4.893758333,48.640973611],[4.893761667,48.641015],[4.893755278,48.641055],[4.893731944,48.641096111],[4.893696944,48.641125278],[4.893652778,48.641146944],[4.893607778,48.641173333],[4.893581389,48.641206389],[4.893563889,48.641248611],[4.893516111,48.641411944],[4.893520833,48.641441667],[4.893551389,48.641470556],[4.893594722,48.64149],[4.893675278,48.641503056],[4.894199722,48.64155],[4.894291111,48.641550278],[4.894358333,48.641537222],[4.894400833,48.641515833],[4.894444167,48.641475278],[4.894461389,48.641426944],[4.894474722,48.641321111],[4.894470556,48.641289167],[4.894458333,48.641259167],[4.894435278,48.641226389],[4.894434444,48.641225556],[4.894398333,48.6411925],[4.894372222,48.641160556],[4.8943575,48.641126389],[4.894357222,48.641093889],[4.894375556,48.641046111],[4.894411944,48.641009167],[4.894479167,48.640975],[4.8945475,48.640955278],[4.894618333,48.640953611],[4.894691944,48.640964167],[4.894758333,48.640988056],[4.894809722,48.641028056],[4.894843333,48.641079444],[4.894844167,48.641128611],[4.894835833,48.641165833],[4.894802222,48.641206944],[4.894770556,48.641236111],[4.894722778,48.641265556],[4.894699444,48.641287222],[4.8946875,48.641316111],[4.894669167,48.641464722],[4.894671944,48.641508056],[4.894690556,48.641543889],[4.894736111,48.6415725],[4.894791667,48.641581944],[4.895022778,48.641580278],[4.895185556,48.641564444],[4.895378333,48.641541389],[4.895612778,48.6414925],[4.895811667,48.641442222],[4.895974167,48.641389444],[4.896045,48.641355],[4.896065,48.641313611],[4.896067778,48.641272222],[4.896061389,48.641233611],[4.896002778,48.641156944],[4.895956667,48.641107778],[4.895917778,48.641074444],[4.895886389,48.641058056],[4.895843333,48.641048611],[4.895780556,48.641036944],[4.895748611,48.641023056],[4.895712222,48.641003333],[4.895682222,48.640981389],[4.895664444,48.640954444],[4.895645,48.640921944],[4.8956375,48.640891944],[4.895644444,48.640849167],[4.895678889,48.640803333],[4.895733611,48.640758056],[4.895792778,48.640731389],[4.895887222,48.640721111],[4.895967222,48.640726944],[4.896036667,48.640748889],[4.896078889,48.640782222],[4.896123333,48.640826944],[4.896135833,48.640872222],[4.896125833,48.6409275],[4.896106944,48.640966944],[4.896105278,48.640999167],[4.896271667,48.641196667],[4.896310556,48.641216389],[4.896357222,48.641226111],[4.896405833,48.6412225],[4.896980556,48.641004722],[4.897041944,48.6409725],[4.897072222,48.640941944],[4.89709,48.640896389],[4.89709,48.640860833],[4.897076944,48.6408225],[4.89696,48.640694722],[4.896923889,48.640668056],[4.896866111,48.640655833],[4.896803333,48.6406475],[4.896746389,48.640622778],[4.896700556,48.640588333],[4.896671944,48.640550833],[4.896661389,48.640508889],[4.896665278,48.640458889],[4.8966975,48.640406667],[4.896746944,48.640373056],[4.896825556,48.640345],[4.896910278,48.640337778],[4.896992778,48.64035],[4.897071111,48.640368889],[4.897128611,48.640401111],[4.897167222,48.640451389],[4.897171111,48.6405],[4.897152222,48.640554444],[4.897147222,48.640594722],[4.897161111,48.640645],[4.897274444,48.640780278],[4.897301944,48.640807222],[4.897336944,48.640823056],[4.897380556,48.640833611],[4.897434167,48.640827222],[4.898038333,48.640596944],[4.898086944,48.640569722],[4.8981025,48.64054],[4.898112222,48.640498333],[4.898103611,48.640454444],[4.898068056,48.640413056],[4.897967778,48.640300556],[4.897941111,48.640285278],[4.897906944,48.640271944],[4.897838611,48.640260278],[4.897780556,48.640239167],[4.897737222,48.640211944],[4.897698333,48.640176389],[4.897678889,48.640139444],[4.897672222,48.640093611],[4.8976925,48.6400475],[4.897725833,48.640001667],[4.897774722,48.639967778],[4.897854722,48.639944444],[4.897920833,48.639939722],[4.897993889,48.639946667],[4.898062222,48.639969167],[4.898120556,48.640004722],[4.898151111,48.640041667],[4.898166111,48.640084444],[4.898166111,48.640085278],[4.898153611,48.640135],[4.898144444,48.640181111],[4.898151111,48.640210556],[4.898165,48.640239167],[4.898299444,48.640402778],[4.898335,48.640425278],[4.898383889,48.640439722],[4.8984375,48.640444167],[4.898513889,48.640415556],[4.898633889,48.6403625],[4.898785833,48.640299167],[4.898929444,48.640216944],[4.89906,48.640131389],[4.899155833,48.640046944],[4.899248889,48.639946389],[4.899306111,48.639871944],[4.899319444,48.639834444],[4.899323056,48.639798611],[4.899319444,48.639763889],[4.89931,48.639741389],[4.899286111,48.639706667],[4.899248611,48.639680278],[4.899181667,48.639666667],[4.898967778,48.639641389],[4.898936389,48.639643333],[4.898895,48.639655],[4.89885,48.639678889],[4.898805833,48.639695833],[4.898747778,48.639702222],[4.898686111,48.639700278],[4.898626944,48.639686667],[4.898590833,48.639670556],[4.898554444,48.639645833],[4.898521111,48.639614722],[4.898504444,48.639577222],[4.898498333,48.639539444],[4.898510278,48.639490278],[4.898536667,48.639451389],[4.898582778,48.639416111],[4.898649722,48.639389722],[4.898730278,48.639379167],[4.898787222,48.639379167],[4.898845,48.639394167],[4.898899167,48.63942],[4.898944167,48.639455278],[4.898979444,48.639486944],[4.899017778,48.639503056],[4.8991475,48.639525833],[4.899296667,48.639546111],[4.899352778,48.639551111],[4.899397778,48.639550556],[4.899435,48.639531111],[4.899454722,48.639508889],[4.899461667,48.639476667],[4.899332222,48.637670278],[4.899117222,48.6370575],[4.899074722,48.636890833],[4.899001111,48.6367875],[4.898916111,48.636719444],[4.898802222,48.636653056],[4.898705556,48.636611944],[4.898616389,48.636593333],[4.89853,48.636578611],[4.898432222,48.636568333],[4.898337778,48.636566944],[4.898222222,48.636577222],[4.90028,48.635999722],[4.900033889,48.636197778],[4.899815556,48.636394722],[4.899730556,48.6364925],[4.899688056,48.636581667],[4.899668056,48.636686944],[4.899703056,48.636831389],[4.899812778,48.637158889],[4.900093056,48.637965],[4.900108611,48.638012222],[4.900115556,48.638061667],[4.900098333,48.638105278],[4.900065556,48.638135],[4.900003333,48.638154444],[4.899921944,48.638172778],[4.899831944,48.638195556],[4.899748333,48.638230833],[4.899679167,48.638281389],[4.899630278,48.638335833],[4.899603611,48.6383975],[4.899596944,48.638473889],[4.899621111,48.638768056],[4.899659722,48.638803056],[4.899712778,48.638825],[4.899787778,48.638830278],[4.8999975,48.638819167],[4.900066944,48.638810556],[4.900125556,48.638781944],[4.900181667,48.638745556],[4.9002525,48.638722222],[4.900320833,48.638712778],[4.9003925,48.638716389],[4.900451111,48.638736111],[4.900512778,48.6387675],[4.9005525,48.638811389],[4.900571389,48.638858056],[4.900567778,48.638918889],[4.900530556,48.638966111],[4.900476389,48.639007778],[4.900420278,48.639028889],[4.900351667,48.639039722],[4.900285,48.639033333],[4.900222222,48.639020833],[4.900163333,48.638991944],[4.90013,48.638974444],[4.900085278,48.638963056],[4.9000425,48.638961111],[4.899830833,48.638959444],[4.899769722,48.638972222],[4.899714444,48.638996667],[4.899678333,48.63903],[4.899658056,48.639062222],[4.899651111,48.639108333],[4.899666111,48.639365833],[4.899696111,48.639411111],[4.899741944,48.639445],[4.899798889,48.639465833],[4.899873333,48.639475278],[4.900251667,48.639508333],[4.900303056,48.639508333],[4.900356111,48.639501667],[4.900401667,48.639474167],[4.900456111,48.639451667],[4.900524444,48.639440278],[4.900603056,48.639446111],[4.900688889,48.639470556],[4.900751667,48.639509167],[4.900783056,48.639551667],[4.900794444,48.639613056],[4.900784444,48.639662222],[4.900753056,48.639705556],[4.900694444,48.639742222],[4.900623056,48.639758333],[4.900554444,48.639761111],[4.900468889,48.639756389],[4.900411389,48.639730833],[4.900365,48.639705],[4.900318333,48.6396725],[4.900244444,48.639649167],[4.899845833,48.639609167],[4.899748889,48.639611667],[4.899691111,48.639631111],[4.8996425,48.639666111],[4.899616944,48.639703056],[4.899581389,48.639780833],[4.899549722,48.639848333],[4.899525278,48.639884722],[4.899520556,48.639913611],[4.899526111,48.639940556],[4.899544167,48.639966111],[4.899580278,48.6399925],[4.899839167,48.640086389],[4.89989,48.640092222],[4.899960556,48.640092222],[4.900038611,48.640086667],[4.900111389,48.640099722],[4.900193056,48.640121389],[4.900240833,48.640158889],[4.900273333,48.6402],[4.900283611,48.640268056],[4.900252778,48.640319722],[4.900218611,48.640358889]]]}},{"type":"Feature","id":"LFSI-a11adc422c4a65890486","properties":{"airport":"LFSI","name":"LFSI AVISO","layer":"Terrain","category":"Terrain 1","object_type":"Area","style_id":"polygon.terrain1.574242","source_group":"LFSI AVISO","vsmr_group_ids":[],"geometry_role":"filled_region"},"geometry":{"type":"Polygon","coordinates":[[[4.909220556,48.635041944],[4.908463333,48.634286944],[4.907982222,48.633806667],[4.908775,48.633588333],[4.909261944,48.634061111],[4.910046111,48.634795],[4.913051111,48.637784167],[4.913008333,48.637790556],[4.912962778,48.637795],[4.911979444,48.637768056],[4.909268333,48.635071667],[4.909220556,48.635041944]]]}},{"type":"Feature","id":"LFSI-c9a68c07bc56b90efeff","properties":{"airport":"LFSI","name":"LFSI AVISO","layer":"Terrain","category":"Terrain 1","object_type":"Area","style_id":"polygon.terrain1.574242","source_group":"LFSI AVISO","vsmr_group_ids":[],"geometry_role":"filled_region"},"geometry":{"type":"Polygon","coordinates":[[[4.914325278,48.631426111],[4.9153325,48.631147778],[4.9153475,48.631127222],[4.915350833,48.6311025],[4.91534,48.6310625],[4.9153,48.630969167],[4.9152825,48.630903333],[4.915275278,48.630831944],[4.915270833,48.630754444],[4.915301389,48.630675278],[4.915361389,48.630559167],[4.915456667,48.630466389],[4.915701111,48.630274722],[4.915735278,48.630213333],[4.915791944,48.630152778],[4.916018889,48.629978611],[4.916045556,48.629946944],[4.916052222,48.629921389],[4.916048056,48.629892222],[4.916034722,48.629873611],[4.916006667,48.629853611],[4.915948056,48.629828889],[4.915844167,48.629811111],[4.915722778,48.629804167],[4.915600278,48.629805],[4.915480278,48.629825278],[4.915380556,48.629858056],[4.915269167,48.629920556],[4.915156944,48.629991111],[4.915025278,48.630138611],[4.915187778,48.629669444],[4.915201111,48.629704444],[4.915223611,48.629723056],[4.915264722,48.629737222],[4.915323889,48.629741944],[4.915393333,48.629730278],[4.915497222,48.629708333],[4.915596111,48.629698889],[4.915714167,48.629695833],[4.915783611,48.629695833],[4.915828611,48.629688056],[4.915875556,48.6296725],[4.915924167,48.629639722],[4.915959444,48.629593611],[4.915975556,48.629528056],[4.915965556,48.629480833],[4.915934722,48.629428611],[4.915893889,48.629382222],[4.915811944,48.629334167],[4.915733056,48.629300278],[4.915649722,48.629271389],[4.915574167,48.629255278],[4.915497778,48.629254722],[4.915429444,48.6292575],[4.915798611,48.628986944],[4.915795278,48.629070556],[4.91581,48.629103333],[4.915834444,48.629130556],[4.915918889,48.629175],[4.915981111,48.629214722],[4.916025278,48.629250278],[4.916055,48.629269722],[4.916089722,48.629276111],[4.916120278,48.629270556],[4.916146667,48.629253889],[4.916164722,48.629230833],[4.916165556,48.629188333],[4.916141389,48.6291025],[4.916144444,48.629071111],[4.916155,48.6290475],[4.916176111,48.629034167],[4.916326944,48.629010556],[4.916414444,48.629126111],[4.916474444,48.629231944],[4.916537778,48.629351111],[4.916624722,48.629488611],[4.916676944,48.629571389],[4.916681111,48.629574167],[4.916721111,48.629599722],[4.916768056,48.629605278],[4.916820278,48.629596944],[4.916867222,48.629573333],[4.916903056,48.629512222],[4.916949722,48.629413056],[4.916970278,48.629315556],[4.9170075,48.629096944],[4.91713,48.629094167],[4.917225556,48.629111667],[4.917324167,48.629148611],[4.917409444,48.629195278],[4.917494722,48.629265278],[4.917350833,48.629363056],[4.917201389,48.629434167],[4.917099722,48.629510278],[4.917023333,48.629585833],[4.916968611,48.629658889],[4.916922222,48.629746111],[4.916907778,48.6298275],[4.916916667,48.6299125],[4.916954444,48.629999722],[4.917050556,48.630136944],[4.917441389,48.630734722],[4.914256944,48.631643889],[4.914206667,48.631471111],[4.914325278,48.631426111]]]}},{"type":"Feature","id":"LFSI-f0b4d48775e3ee80218f","properties":{"airport":"LFSI","name":"LFSI AVISO","layer":"Terrain","category":"Terrain 1","object_type":"Area","style_id":"polygon.terrain1.574242","source_group":"LFSI AVISO","vsmr_group_ids":[],"geometry_role":"filled_region"},"geometry":{"type":"Polygon","coordinates":[[[4.918230278,48.631960278],[4.918318889,48.632048333],[4.918437778,48.632124722],[4.918601944,48.632185278],[4.918764167,48.632240556],[4.918888056,48.632268056],[4.919070278,48.632283333],[4.919306667,48.632284722],[4.919482222,48.632293056],[4.919466667,48.632366389],[4.919445833,48.632424444],[4.919420556,48.632485833],[4.919393333,48.632535556],[4.919344444,48.632579167],[4.919300278,48.632606111],[4.919246111,48.632631111],[4.918964722,48.632447222],[4.918874722,48.632391944],[4.918794167,48.632353889],[4.918689444,48.63232],[4.918585278,48.632287778],[4.918540278,48.632287222],[4.918506667,48.632297222],[4.918496389,48.632316944],[4.918491667,48.632354167],[4.918790833,48.632813333],[4.918883056,48.632933056],[4.918993333,48.633023333],[4.919090833,48.633083333],[4.919211667,48.633119722],[4.919375,48.633141944],[4.919561667,48.633160556],[4.9196575,48.633173611],[4.9197,48.633185278],[4.919710278,48.633212778],[4.919705833,48.633254444],[4.919676667,48.633307222],[4.919617222,48.633370278],[4.919617222,48.633372222],[4.919550833,48.633424167],[4.91949,48.633467778],[4.919435278,48.633499722],[4.919413611,48.633509444],[4.919398056,48.633509444],[4.919379722,48.633501944],[4.919278333,48.633412778],[4.919179444,48.633318889],[4.919089722,48.633239167],[4.91904,48.633189167],[4.919010556,48.633168056],[4.918980556,48.633157222],[4.918941667,48.633157222],[4.918904722,48.633168056],[4.918878889,48.633185278],[4.918869444,48.633214722],[4.918870556,48.633428611],[4.918861389,48.63361],[4.918858333,48.633713889],[4.918868889,48.633759722],[4.918893889,48.633815556],[4.919040278,48.634112222],[4.9189675,48.634137222],[4.918892778,48.634150833],[4.918831111,48.634153611],[4.918743333,48.63415],[4.918656667,48.634138611],[4.918571944,48.634122778],[4.918476667,48.634093611],[4.918554722,48.633973333],[4.918618611,48.63389],[4.918663056,48.633803333],[4.918691111,48.6337325],[4.918705,48.633649444],[4.918705556,48.633568333],[4.918719444,48.633336389],[4.918726944,48.633175833],[4.918728889,48.633074722],[4.918723056,48.632990278],[4.918701111,48.632949167],[4.918460278,48.632759167],[4.918374722,48.632697778],[4.918334722,48.632677778],[4.918308611,48.632672778],[4.918279167,48.632679167],[4.918251111,48.6327],[4.918198611,48.632786389],[4.918145278,48.632871389],[4.918144444,48.632872778],[4.918079444,48.632959167],[4.917979167,48.633060278],[4.917865556,48.633158611],[4.917735833,48.633245278],[4.917638056,48.633304167],[4.917586667,48.633346111],[4.917541667,48.633398056],[4.917485833,48.633485833],[4.917361389,48.633683611],[4.917283889,48.633675833],[4.917209722,48.633657778],[4.917154722,48.633632222],[4.917106944,48.633600833],[4.9170475,48.633550556],[4.917004444,48.633510556],[4.916984722,48.633474167],[4.916994444,48.633454722],[4.917048056,48.633438889],[4.917150833,48.633410556],[4.917263333,48.633367222],[4.917416389,48.633296389],[4.917536944,48.633245278],[4.917656111,48.633171111],[4.91778,48.633080556],[4.917894444,48.632978333],[4.917969722,48.632884722],[4.918033611,48.632800278],[4.918080556,48.63271],[4.918096389,48.632635556],[4.918100833,48.632569722],[4.918081389,48.632506667],[4.91803,48.632448611],[4.917968889,48.632394167],[4.917922778,48.632366667],[4.917876667,48.632354444],[4.917837222,48.6323575],[4.917802778,48.632372222],[4.91779,48.632400556],[4.917763333,48.632458611],[4.9177225,48.632525278],[4.917648611,48.632605278],[4.917558611,48.632666944],[4.917433611,48.632725556],[4.917335,48.632766111],[4.917246944,48.632794722],[4.9168675,48.633035556],[4.916790278,48.6329925],[4.916739722,48.632945556],[4.916698611,48.632885833],[4.916666111,48.632840278],[4.916646944,48.632779722],[4.916635833,48.632726389],[4.917015556,48.6327075],[4.917166944,48.632700833],[4.917266111,48.632673889],[4.917384444,48.632623611],[4.917489167,48.6325725],[4.917560833,48.63252],[4.917605278,48.632470556],[4.917648889,48.6324025],[4.917673611,48.632320278],[4.917685,48.632257778],[4.917671111,48.632170833],[4.917635,48.632100833],[4.917500556,48.631880556],[4.917431667,48.631780833],[4.917369722,48.631712222],[4.917295,48.631661111],[4.917195833,48.631611667],[4.917097778,48.631581111],[4.916985833,48.6315575],[4.916877778,48.631544167],[4.916748333,48.63155],[4.916604444,48.631570833],[4.914756389,48.632103333],[4.914645,48.631939722],[4.917665278,48.631079444],[4.918230278,48.631960278]]]}},{"type":"Feature","id":"LFSI-525354b56db285d5f584","properties":{"airport":"LFSI","name":"LFSI AVISO","layer":"Airfield surfaces","category":"Hard Surface 4","object_type":"Area","style_id":"polygon.hardsurface4.969393","source_group":"LFSI AVISO","vsmr_group_ids":[],"geometry_role":"filled_region"},"geometry":{"type":"Polygon","coordinates":[[[4.88427,48.640070278],[4.884505833,48.640446944],[4.880810556,48.6414825],[4.880573056,48.6411175],[4.88427,48.640070278]]]}},{"type":"Feature","id":"LFSI-bfa0494554fe8e40cec6","properties":{"airport":"LFSI","name":"LFSI AVISO","layer":"Airfield surfaces","category":"Hard Surface 3","object_type":"Area","style_id":"polygon.hardsurface3.8a807f","source_group":"LFSI AVISO","vsmr_group_ids":[],"geometry_role":"filled_region"},"geometry":{"type":"Polygon","coordinates":[[[4.918023333,48.630559722],[4.918254722,48.630931667],[4.914649444,48.631951389],[4.914413056,48.631579444],[4.918023333,48.630559722]]]}},{"type":"Feature","id":"LFSI-1dcc45ccbe9fe722d51a","properties":{"airport":"LFSI","name":"LFSI AVISO","layer":"Airfield surfaces","category":"Hard Surface 3","object_type":"Area","style_id":"polygon.hardsurface3.8a807f","source_group":"LFSI AVISO","vsmr_group_ids":[],"geometry_role":"filled_region"},"geometry":{"type":"Polygon","coordinates":[[[4.885111667,48.637792778],[4.885084444,48.637778333],[4.885051667,48.63777],[4.884996389,48.637770278],[4.8849375,48.637777778],[4.884884167,48.6377975],[4.884720556,48.637882778],[4.884663333,48.6379025],[4.884593889,48.637910278],[4.883839167,48.637951111],[4.883778056,48.637939167],[4.88373,48.637921389],[4.883699722,48.637891111],[4.883670278,48.637841944],[4.883600556,48.6374275],[4.884408056,48.637375],[4.884525556,48.637372222],[4.8846025,48.63738],[4.884834167,48.637430278],[4.884942222,48.637467778],[4.885035,48.637505833],[4.885133889,48.637575556],[4.885306389,48.637733611],[4.8851425,48.637819444],[4.885111667,48.637792778]]]}},{"type":"Feature","id":"LFSI-52529215a0433a1dc360","properties":{"airport":"LFSI","name":"LFSI AVISO","layer":"Airfield surfaces","category":"Hard Surface 3","object_type":"Area","style_id":"polygon.hardsurface3.8a807f","source_group":"LFSI AVISO","vsmr_group_ids":[],"geometry_role":"filled_region"},"geometry":{"type":"Polygon","coordinates":[[[4.885393333,48.633992778],[4.8854175,48.633965833],[4.885426111,48.633939444],[4.885421944,48.633910556],[4.885415833,48.633882778],[4.885088611,48.633369444],[4.885182222,48.633339444],[4.8851325,48.633239167],[4.886801111,48.632765833],[4.887245833,48.633469722],[4.885364444,48.634016389],[4.885393333,48.633992778]]]}},{"type":"Feature","id":"LFSI-95fb9a57f170b44f4a75","properties":{"airport":"LFSI","name":"LFSI AVISO","layer":"Airfield surfaces","category":"Hard Surface 3","object_type":"Area","style_id":"polygon.hardsurface3.8a807f","source_group":"LFSI AVISO","vsmr_group_ids":[],"geometry_role":"filled_region"},"geometry":{"type":"Polygon","coordinates":[[[4.894877222,48.634281667],[4.896013611,48.633954722],[4.896437222,48.633843333],[4.896473889,48.633851944],[4.896490278,48.633860556],[4.8965025,48.633879722],[4.896562778,48.633858056],[4.896517778,48.63378],[4.897941111,48.633408333],[4.898106111,48.633655],[4.898490556,48.633543889],[4.898475833,48.633519444],[4.898462222,48.633483056],[4.898449167,48.633439167],[4.899065833,48.633260278],[4.898960278,48.633100833],[4.900195,48.632765833],[4.900218056,48.6328075],[4.900646111,48.632685556],[4.900602778,48.632629444],[4.901888611,48.632274722],[4.902172222,48.632744167],[4.905614722,48.631904444],[4.905587222,48.631929444],[4.905583056,48.6319475],[4.905591389,48.631968611],[4.905801389,48.632298333],[4.905803056,48.632338889],[4.905783056,48.632374722],[4.905725556,48.632406389],[4.905655,48.632438889],[4.904204444,48.632834722],[4.903331944,48.633092222],[4.902685278,48.633293611],[4.898737222,48.634380833],[4.898396111,48.6344025],[4.893378056,48.635822778],[4.893118333,48.635420833],[4.895216667,48.634818333],[4.894877222,48.634281667]]]}},{"type":"Feature","id":"LFSI-6b877b92fa68051b6a1a","properties":{"airport":"LFSI","name":"LFSI AVISO","layer":"Airfield surfaces","category":"Hard Surface 3","object_type":"Area","style_id":"polygon.hardsurface3.8a807f","source_group":"LFSI AVISO","vsmr_group_ids":[],"geometry_role":"filled_region"},"geometry":{"type":"Polygon","coordinates":[[[4.902805,48.631208333],[4.901768333,48.630159167],[4.903173056,48.629541667],[4.904101667,48.630481667],[4.904194444,48.630583611],[4.902805,48.631208333]]]}},{"type":"Feature","id":"LFSI-79857bfefcdbd4d84874","properties":{"airport":"LFSI","name":"LFSI AVISO","layer":"Airfield surfaces","category":"Hard Surface 3","object_type":"Area","style_id":"polygon.hardsurface3.8a807f","source_group":"LFSI AVISO","vsmr_group_ids":[],"geometry_role":"filled_region"},"geometry":{"type":"Polygon","coordinates":[[[4.916508056,48.637811111],[4.916580278,48.637854167],[4.916650833,48.6378775],[4.916745278,48.63789],[4.916796111,48.637884444],[4.916833889,48.637866667],[4.916865,48.637834444],[4.916885556,48.637801389],[4.916902778,48.637745833],[4.917456667,48.637785833],[4.91744,48.637921944],[4.917206111,48.637915],[4.917125,48.638533889],[4.916849444,48.638527778],[4.916844167,48.638096667],[4.916834722,48.638051944],[4.916811667,48.638023056],[4.916763611,48.638005278],[4.916674722,48.637994444],[4.916545,48.637998056],[4.916418611,48.638002778],[4.916322778,48.637993611],[4.916353889,48.637699167],[4.916508056,48.637811111]]]}},{"type":"Feature","id":"LFSI-d4815d2bfa4695e556f5","properties":{"airport":"LFSI","name":"LFSI AVISO","layer":"Airfield surfaces","category":"Hard Surface 2","object_type":"Area","style_id":"polygon.hardsurface2.595e5b","source_group":"LFSI AVISO","vsmr_group_ids":[],"geometry_role":"filled_region"},"geometry":{"type":"Polygon","coordinates":[[[4.884219722,48.639366111],[4.884172222,48.639294167],[4.884130278,48.639206389],[4.884095556,48.639101667],[4.884062778,48.638961667],[4.884504722,48.638655833],[4.884564444,48.6385075],[4.884644722,48.638383333],[4.884751389,48.638263056],[4.8849,48.638143056],[4.885063333,48.638041389],[4.885131667,48.638000556],[4.885176111,48.637955],[4.885189722,48.637918889],[4.885191389,48.637886389],[4.885175833,48.637852222],[4.885138889,48.637818611],[4.885304722,48.637732222],[4.885343333,48.637758333],[4.885389722,48.637775833],[4.885450556,48.637790833],[4.885517222,48.637792222],[4.885586389,48.637779722],[4.885651111,48.637760833],[4.886058056,48.637559167],[4.886919722,48.637140278],[4.886997778,48.637096111],[4.887033056,48.637059722],[4.8870575,48.636963611],[4.887190278,48.636408889],[4.887168889,48.63637],[4.887134167,48.636333056],[4.887105,48.636285556],[4.887098333,48.636224722],[4.887114444,48.636159444],[4.887167778,48.636114722],[4.887265278,48.636084722],[4.887349167,48.6360725],[4.887433056,48.636083056],[4.887505,48.636114722],[4.887554444,48.636158056],[4.887575556,48.6362125],[4.887566111,48.636273333],[4.887543333,48.636320833],[4.88751,48.636359722],[4.887456667,48.636396667],[4.887406667,48.636431944],[4.887296944,48.636828889],[4.887289167,48.6368675],[4.887296389,48.636890556],[4.887334444,48.636903889],[4.887387778,48.636906111],[4.887477222,48.636885833],[4.887730278,48.636805278],[4.888184167,48.636675],[4.888916667,48.636470556],[4.893003056,48.635315],[4.893075833,48.635435],[4.888998611,48.636586944],[4.888555,48.636711111],[4.888528889,48.636722222],[4.888517222,48.636739722],[4.88852,48.636765556],[4.888534722,48.636781667],[4.888573056,48.636792778],[4.888661111,48.636803889],[4.888765556,48.636827778],[4.888868889,48.636857222],[4.888998333,48.636909167],[4.889110833,48.636949167],[4.8892625,48.636983611],[4.889414444,48.637023611],[4.889536111,48.637068889],[4.889598333,48.637100556],[4.889604167,48.637116389],[4.889589444,48.6371425],[4.889525556,48.637208889],[4.889472778,48.637258056],[4.889408889,48.637298611],[4.889329167,48.637326944],[4.889264444,48.63734],[4.889238889,48.637336667],[4.889197778,48.637244444],[4.889152778,48.637164444],[4.889094444,48.637095278],[4.889013333,48.63703],[4.888906667,48.636978333],[4.8887675,48.636929167],[4.888597222,48.636886389],[4.888404444,48.6368625],[4.888241389,48.636858056],[4.888112222,48.636863611],[4.887976111,48.636878611],[4.887829167,48.636909444],[4.887658333,48.636958889],[4.887505556,48.637015278],[4.887402222,48.6370725],[4.887298056,48.637134444],[4.887208333,48.637201667],[4.887114444,48.637286111],[4.887030556,48.637388056],[4.886974444,48.637478611],[4.8869325,48.637574167],[4.886904722,48.637674444],[4.886898056,48.637745278],[4.886899444,48.63783],[4.886913889,48.637920278],[4.886940278,48.6379925],[4.886975278,48.638068056],[4.887233611,48.638476944],[4.887047778,48.638528056],[4.886779722,48.638101111],[4.886716389,48.638005],[4.886648889,48.637928056],[4.886584167,48.637855],[4.886504722,48.637785833],[4.886419444,48.637726667],[4.886331667,48.637679167],[4.886275833,48.637653333],[4.886247778,48.637648889],[4.886216389,48.637650556],[4.886173333,48.637664444],[4.885251389,48.638120278],[4.885140556,48.638176111],[4.885057222,48.638225833],[4.884979722,48.638285833],[4.8849175,48.638344444],[4.884852778,48.638415],[4.8847975,48.638494444],[4.884755,48.638569722],[4.884720833,48.638647778],[4.884690278,48.638759167],[4.884683611,48.638837222],[4.884690833,48.638920833],[4.884703889,48.638990833],[4.884721667,48.639056389],[4.884752778,48.639120833],[4.884826111,48.6392475],[4.8842525,48.639418056],[4.884219722,48.639366111]]]}},{"type":"Feature","id":"LFSI-b896cb94292e66fffe99","properties":{"airport":"LFSI","name":"LFSI AVISO","layer":"Airfield surfaces","category":"Hard Surface 2","object_type":"Area","style_id":"polygon.hardsurface2.595e5b","source_group":"LFSI AVISO","vsmr_group_ids":[],"geometry_role":"filled_region"},"geometry":{"type":"Polygon","coordinates":[[[4.886128056,48.637498333],[4.886158889,48.637456111],[4.886176944,48.637412778],[4.886180833,48.637356389],[4.88617,48.637303611],[4.886151667,48.637260556],[4.886111389,48.637214444],[4.886033889,48.637158056],[4.885869167,48.637076111],[4.885447222,48.636927222],[4.885296111,48.636855],[4.8851775,48.636787222],[4.885072222,48.636710278],[4.884986389,48.636635278],[4.884896667,48.636531111],[4.884828056,48.636432222],[4.884778611,48.636334167],[4.884749167,48.636245278],[4.884726944,48.636156111],[4.884715833,48.636050556],[4.884710278,48.636002778],[4.884631389,48.635746111],[4.8846475,48.635728056],[4.884656389,48.635698889],[4.884648333,48.635669444],[4.884612778,48.635630278],[4.884490833,48.635515278],[4.884391667,48.635443056],[4.884349722,48.635411944],[4.884338333,48.635401389],[4.884286389,48.635399722],[4.884230556,48.635388333],[4.884176389,48.635373056],[4.884132222,48.635355],[4.884101667,48.635336944],[4.884066944,48.635296389],[4.884051944,48.635203333],[4.884080278,48.635168889],[4.884114167,48.635134722],[4.884158889,48.6351075],[4.884213333,48.635087778],[4.884292778,48.635077222],[4.884366111,48.635080833],[4.884419444,48.635098056],[4.884475,48.635128056],[4.884519444,48.635165556],[4.884548056,48.635213333],[4.884554167,48.635252222],[4.884578611,48.635376111],[4.884593889,48.635409722],[4.884634167,48.635449167],[4.884745556,48.635543889],[4.884776944,48.635556111],[4.884816111,48.635560278],[4.884835833,48.635555833],[4.884863611,48.635534167],[4.884902778,48.635486667],[4.884955278,48.635424722],[4.885020278,48.635361944],[4.885096667,48.635303611],[4.885197222,48.635240278],[4.885322222,48.635175556],[4.885436111,48.635126667],[4.88553,48.635094167],[4.885578889,48.635071111],[4.885610556,48.6350425],[4.885633889,48.635006389],[4.8856425,48.634966389],[4.885641111,48.634925],[4.885623889,48.634878056],[4.885580278,48.634786111],[4.885559167,48.6347675],[4.885533333,48.634751667],[4.885491944,48.634738611],[4.885444167,48.634723056],[4.885403333,48.634705278],[4.885372222,48.634676667],[4.885351111,48.634646111],[4.88534,48.634611389],[4.885346944,48.634566111],[4.885369167,48.634528333],[4.885411667,48.634485278],[4.885476389,48.634449722],[4.885537778,48.634430556],[4.885609167,48.634428889],[4.885678056,48.634428056],[4.885733611,48.634441667],[4.8857975,48.634476667],[4.885825833,48.634516667],[4.885834722,48.634564444],[4.885823056,48.634616111],[4.885804722,48.634669444],[4.885775,48.634701944],[4.885745833,48.634722222],[4.885733889,48.634751667],[4.88573,48.634781944],[4.885758889,48.634845],[4.885813333,48.634915],[4.885871944,48.634967222],[4.885922778,48.634990833],[4.885970278,48.634999722],[4.8860325,48.634996944],[4.886400556,48.634923889],[4.886658056,48.634873333],[4.886855,48.634826944],[4.886971111,48.634789444],[4.887014722,48.634769444],[4.887045278,48.634738611],[4.887063889,48.634698333],[4.8870675,48.634644722],[4.886994444,48.634458056],[4.886970833,48.634419167],[4.886951389,48.634401389],[4.886922222,48.634388889],[4.886875833,48.634372222],[4.886828611,48.634355],[4.886798889,48.634336111],[4.886772778,48.634313889],[4.886759444,48.634278333],[4.886753889,48.634238333],[4.886756111,48.634191111],[4.886776111,48.634148056],[4.886816944,48.634108056],[4.886868333,48.634084167],[4.8869125,48.634073333],[4.886924722,48.634041111],[4.887123056,48.634056667],[4.887144722,48.634090833],[4.88717,48.63411],[4.887191667,48.634132222],[4.88722,48.634163889],[4.887238889,48.634201111],[4.887240278,48.634238889],[4.88723,48.634269167],[4.887218056,48.634300278],[4.887203056,48.634353333],[4.887195,48.634474167],[4.887200278,48.634515278],[4.887224167,48.634545],[4.887258889,48.634570833],[4.8873125,48.634591944],[4.887358889,48.634596944],[4.887417778,48.634587778],[4.887477778,48.6345625],[4.887607222,48.634460556],[4.887805556,48.634291667],[4.888101389,48.6340275],[4.888179167,48.63396],[4.888425833,48.633743056],[4.8884975,48.633678889],[4.888515833,48.633654444],[4.888521944,48.6336225],[4.888510556,48.633585],[4.888367222,48.633364722],[4.888335556,48.63333],[4.888308611,48.633312222],[4.888266389,48.633298333],[4.888200556,48.6332875],[4.888134444,48.633295833],[4.888086667,48.633313333],[4.887913333,48.633179167],[4.887964722,48.633151389],[4.887996944,48.633123056],[4.888023889,48.633076389],[4.888046111,48.633026111],[4.888074444,48.632981667],[4.888125556,48.632947222],[4.888200278,48.632921667],[4.888277222,48.632908611],[4.888360278,48.632920833],[4.888433889,48.632948056],[4.88849,48.632991389],[4.888513611,48.633038056],[4.888517778,48.633078889],[4.888497222,48.633132222],[4.888488333,48.633178889],[4.888507778,48.633233611],[4.888538333,48.6332875],[4.888639722,48.633441667],[4.888684167,48.633476944],[4.888745833,48.633498611],[4.888811667,48.6335],[4.888880556,48.633476667],[4.8889825,48.633433611],[4.889103056,48.633395833],[4.889216667,48.633366944],[4.889303056,48.633352778],[4.889361667,48.633340556],[4.889406111,48.633320556],[4.889443889,48.633290278],[4.889471667,48.633254167],[4.889483333,48.633196389],[4.889484167,48.633117778],[4.889475,48.633071389],[4.889456944,48.633023056],[4.889426111,48.6329825],[4.889399167,48.632945278],[4.889380278,48.632895556],[4.889368611,48.632853889],[4.889374722,48.632823611],[4.889405,48.632787222],[4.889456111,48.632752222],[4.889520278,48.632731111],[4.889600278,48.6327175],[4.889678333,48.632715556],[4.889719167,48.632726944],[4.889771944,48.632750833],[4.889791111,48.632768611],[4.889864722,48.6327675],[4.889901667,48.632879444],[4.889868889,48.632916944],[4.889830278,48.632954444],[4.889793333,48.632983056],[4.889756111,48.633004167],[4.889731111,48.633022778],[4.889718056,48.633038889],[4.889691111,48.63319],[4.889688056,48.633258611],[4.889700833,48.633294167],[4.889727778,48.633315],[4.889768056,48.633333056],[4.889879444,48.633351944],[4.890014444,48.633373889],[4.890209167,48.633411944],[4.890906389,48.633558056],[4.892269444,48.633832778],[4.893164167,48.634011389],[4.893323611,48.634045],[4.893456389,48.634081389],[4.893580278,48.634122778],[4.893714722,48.634178889],[4.893794444,48.634216944],[4.893884167,48.634270556],[4.893979722,48.634359722],[4.894066944,48.634450278],[4.894157778,48.634569722],[4.893980278,48.634620833],[4.893920556,48.63454],[4.893847778,48.634460278],[4.893743056,48.634377778],[4.893613611,48.634296111],[4.893461944,48.634225],[4.893298333,48.634174444],[4.893035833,48.634111111],[4.891467778,48.633803611],[4.891186389,48.633745],[4.891140556,48.633748333],[4.891101944,48.633765556],[4.891069167,48.633792222],[4.891036667,48.633839722],[4.890938333,48.634109167],[4.890935278,48.634137222],[4.890943889,48.634157778],[4.890965278,48.634186111],[4.890978333,48.634233056],[4.890981667,48.6342825],[4.890968889,48.634329444],[4.890939722,48.634364722],[4.890895,48.634395556],[4.8908475,48.634411667],[4.890783333,48.634421667],[4.890711389,48.634419167],[4.890661944,48.634408333],[4.8905975,48.634384167],[4.890546667,48.634353056],[4.890505833,48.634309167],[4.890500833,48.634275556],[4.890527778,48.634216389],[4.890570556,48.634167778],[4.890628056,48.634130556],[4.890683611,48.634112222],[4.890713333,48.6340975],[4.890731111,48.634073889],[4.890843333,48.6338325],[4.890853889,48.633798333],[4.890856944,48.633763611],[4.8908475,48.633732222],[4.890824444,48.633694722],[4.8907875,48.633665556],[4.890733333,48.633650833],[4.889923611,48.633477778],[4.889763333,48.633456389],[4.889631667,48.633453889],[4.889461389,48.633459167],[4.889346111,48.633470556],[4.889256389,48.633487222],[4.8891775,48.63351],[4.889124722,48.633534167],[4.889106667,48.633559444],[4.889097778,48.63361],[4.8891125,48.6336525],[4.889145833,48.633684722],[4.889308333,48.633820833],[4.889358889,48.633851389],[4.889420278,48.633869722],[4.8894925,48.633874722],[4.889568056,48.633889444],[4.889633889,48.633913611],[4.889676111,48.63395],[4.889709444,48.633985556],[4.889726667,48.634029444],[4.889721667,48.634075833],[4.889693889,48.634118333],[4.889658056,48.634156389],[4.889600833,48.634188056],[4.889533333,48.634199722],[4.889455278,48.634201389],[4.889395278,48.634191389],[4.889333611,48.634172222],[4.889290278,48.634139722],[4.889266944,48.634106667],[4.889254167,48.634069167],[4.889251667,48.634023333],[4.889249444,48.633985],[4.889234167,48.633952222],[4.889100833,48.633831111],[4.888986389,48.633737222],[4.888928889,48.633706944],[4.888872222,48.633696944],[4.888813611,48.633693333],[4.888756944,48.633698889],[4.888691667,48.633721389],[4.888497222,48.633881389],[4.888296944,48.634059722],[4.888025556,48.634298889],[4.887892222,48.634411667],[4.887836111,48.634463611],[4.887820556,48.634495278],[4.887820556,48.634537778],[4.887848889,48.634570833],[4.887908333,48.634612778],[4.888034444,48.634665],[4.88811,48.634687778],[4.888168056,48.634692778],[4.888253889,48.634690556],[4.888347222,48.634701111],[4.888417778,48.634737778],[4.888465556,48.634771389],[4.888496389,48.634810556],[4.888505556,48.634865556],[4.888471389,48.634947222],[4.888418611,48.634973611],[4.888352222,48.634997222],[4.888279444,48.635011667],[4.888221944,48.635009722],[4.888148056,48.634995278],[4.888086944,48.634971389],[4.888038056,48.634938056],[4.8880075,48.634903056],[4.887988611,48.634849167],[4.887977222,48.634816111],[4.887884444,48.634741389],[4.887810833,48.634709167],[4.887752222,48.6346825],[4.887698889,48.634671111],[4.887630833,48.634667778],[4.887571389,48.634675278],[4.887516667,48.634699167],[4.887407222,48.6347575],[4.887309444,48.634801944],[4.88721,48.6348425],[4.887134722,48.634869444],[4.887084167,48.634889444],[4.887058889,48.634903056],[4.887033611,48.634927222],[4.887023333,48.634957222],[4.887023611,48.634995],[4.887043611,48.635066667],[4.887075833,48.635157222],[4.8871025,48.635196111],[4.887151111,48.635228889],[4.887213611,48.635255833],[4.887266389,48.635280278],[4.887308333,48.6353175],[4.887334167,48.6353625],[4.887339722,48.635405556],[4.887340556,48.635439167],[4.887329444,48.635476111],[4.887221111,48.635555833],[4.887166111,48.635559444],[4.887110556,48.635558056],[4.887044722,48.635552778],[4.886994444,48.635538056],[4.886955556,48.635519167],[4.886919167,48.635493611],[4.886879167,48.635461667],[4.8868575,48.635430556],[4.886854722,48.635391389],[4.88686,48.635349167],[4.886886944,48.635313333],[4.886918889,48.635274722],[4.886927222,48.635224167],[4.886905833,48.635164722],[4.886864444,48.63509],[4.886829722,48.635060833],[4.886785,48.635034444],[4.886725833,48.635013889],[4.886674722,48.635009167],[4.886607778,48.635011111],[4.886116389,48.635099444],[4.885914444,48.635135833],[4.885759444,48.635168889],[4.885642778,48.635199722],[4.885583333,48.635225278],[4.885552222,48.635256389],[4.885548333,48.635298611],[4.885573056,48.635346667],[4.885616389,48.635372222],[4.885746389,48.635445833],[4.885748333,48.635446944],[4.885814167,48.635466389],[4.885875833,48.635466389],[4.885952222,48.635463056],[4.886030833,48.635481111],[4.886073889,48.635502778],[4.8861175,48.6355425],[4.886136111,48.635585556],[4.88614,48.635636667],[4.886122778,48.635682222],[4.88608,48.635722778],[4.886035556,48.635752778],[4.885973333,48.635785],[4.885895833,48.635808333],[4.885710556,48.6357575],[4.885686667,48.635729167],[4.885676111,48.635696389],[4.885670556,48.635655278],[4.885669167,48.635603056],[4.88566,48.635573056],[4.88564,48.635553889],[4.885453889,48.635447222],[4.885411111,48.635428611],[4.885373333,48.635418611],[4.885319167,48.635415833],[4.885266667,48.635419167],[4.885215556,48.635431944],[4.885169167,48.635453611],[4.885129444,48.635483056],[4.885068333,48.635546944],[4.885020556,48.635611111],[4.884978611,48.635675833],[4.884939722,48.635746111],[4.8849225,48.635828056],[4.88491,48.635918056],[4.884903611,48.636000833],[4.884909167,48.636081944],[4.8849325,48.636215556],[4.884968611,48.63633],[4.885045833,48.636454444],[4.885137222,48.636555],[4.885235833,48.636646389],[4.885378889,48.636740556],[4.885558889,48.636821944],[4.885730278,48.636888333],[4.885819167,48.636921111],[4.8858725,48.636932778],[4.88591,48.636929722],[4.885926944,48.636910833],[4.885925,48.636889722],[4.885873889,48.636642778],[4.8856625,48.636261667],[4.885693056,48.636233333],[4.885743056,48.636216389],[4.885837222,48.636206389],[4.885961944,48.636204167],[4.886075833,48.636219444],[4.886144167,48.636228333],[4.886174444,48.636246389],[4.886040556,48.636544444],[4.88603,48.636601667],[4.88603,48.636690833],[4.886064167,48.636823611],[4.886126111,48.636991667],[4.886193056,48.637079167],[4.886306111,48.637170833],[4.8863075,48.637171944],[4.886431944,48.637226944],[4.886548611,48.6372475],[4.886654167,48.637240556],[4.886763611,48.637220278],[4.886083056,48.637548056],[4.886128056,48.637498333]]]}},{"type":"Feature","id":"LFSI-9018c59a73b38e2dab76","properties":{"airport":"LFSI","name":"LFSI AVISO","layer":"Airfield surfaces","category":"Hard Surface 2","object_type":"Area","style_id":"polygon.hardsurface2.595e5b","source_group":"LFSI AVISO","vsmr_group_ids":[],"geometry_role":"filled_region"},"geometry":{"type":"Polygon","coordinates":[[[4.892999722,48.635316389],[4.893808889,48.635084444],[4.893936944,48.635025833],[4.894004167,48.634983056],[4.894044722,48.634927778],[4.894063889,48.634856111],[4.894061389,48.634795278],[4.894042778,48.634729722],[4.893979167,48.634618056],[4.894155,48.6345675],[4.894236667,48.634679444],[4.894286389,48.634732778],[4.894351944,48.634779167],[4.89443,48.634814167],[4.894517222,48.634834167],[4.894595278,48.634842222],[4.894668333,48.634839167],[4.894742778,48.634827778],[4.895143611,48.634705556],[4.896064167,48.634435278],[4.8969275,48.634204722],[4.897402778,48.634068333],[4.8975375,48.634028056],[4.897663611,48.633974167],[4.897796944,48.633908889],[4.897923333,48.633829722],[4.8980275,48.633741944],[4.898106389,48.633652222],[4.898490278,48.633541389],[4.898555556,48.6336],[4.898612778,48.633630556],[4.898711389,48.633653611],[4.898820833,48.633656667],[4.898920556,48.633650833],[4.899611667,48.63345],[4.900577222,48.633186389],[4.902168611,48.632724722],[4.902223333,48.632722778],[4.902321111,48.632699167],[4.904255278,48.632152778],[4.905489444,48.631804167],[4.905644167,48.631755278],[4.905744167,48.631718611],[4.905836944,48.631671944],[4.905913056,48.631618333],[4.905961944,48.631556944],[4.905982778,48.631508056],[4.905983889,48.631474722],[4.905969722,48.631439444],[4.904981944,48.630455833],[4.904928333,48.630413333],[4.904868611,48.630388056],[4.904806944,48.630371944],[4.904745278,48.630370278],[4.904685278,48.630381667],[4.904627222,48.630403056],[4.90419,48.630587222],[4.9040975,48.630480556],[4.904388889,48.630348056],[4.90451,48.630293889],[4.904565556,48.630265833],[4.904599444,48.630228611],[4.904617778,48.630174722],[4.904617778,48.630124444],[4.904609722,48.630085278],[4.904781667,48.630013056],[4.905908611,48.631138333],[4.906121944,48.6313525],[4.90618,48.631388333],[4.9062725,48.631421111],[4.906372222,48.6314375],[4.906532778,48.631436111],[4.906689444,48.631425833],[4.906870833,48.6314075],[4.912769444,48.629751944],[4.913660556,48.629506667],[4.915266944,48.629039167],[4.915812222,48.628878889],[4.9158,48.628991944],[4.915723056,48.629060556],[4.915641111,48.629125556],[4.915562222,48.629171389],[4.915478333,48.629223889],[4.915434444,48.629258611],[4.915396111,48.629270833],[4.915363611,48.629288056],[4.915343056,48.629309722],[4.915284167,48.629401944],[4.915223889,48.629502778],[4.915182778,48.629587778],[4.915176389,48.629620278],[4.915183611,48.629651944],[4.915193611,48.629671944],[4.915028611,48.630140833],[4.914965556,48.630224167],[4.914895833,48.630314167],[4.914831667,48.630416944],[4.914545556,48.630879444],[4.91435,48.630822778],[4.9145875,48.630446667],[4.914665278,48.630304167],[4.914721667,48.630195556],[4.914751944,48.630082222],[4.914759722,48.629975833],[4.914754444,48.629859444],[4.914732778,48.62977],[4.914672778,48.629613333],[4.914626111,48.629553056],[4.914555278,48.629516389],[4.914471111,48.629492222],[4.914365556,48.629478889],[4.914281111,48.629479444],[4.914170556,48.629496944],[4.907060833,48.631501389],[4.9068725,48.631558056],[4.906809444,48.631573333],[4.906751111,48.631595],[4.9067125,48.631624444],[4.906689722,48.631664722],[4.906685556,48.631711389],[4.906693056,48.631760833],[4.906720556,48.631806667],[4.906772222,48.631856667],[4.907536667,48.632616389],[4.907243056,48.632745278],[4.906547222,48.632055],[4.906455833,48.631968333],[4.906375,48.631915278],[4.906295,48.631875278],[4.906223056,48.631851111],[4.906146944,48.6318425],[4.906063889,48.631839722],[4.905964722,48.631837778],[4.905882778,48.631845833],[4.9057725,48.631863611],[4.902366667,48.632831667],[4.898795278,48.633823333],[4.898694444,48.633864444],[4.898633889,48.633906667],[4.898596667,48.633955278],[4.898575556,48.634009722],[4.898574167,48.634060278],[4.898583889,48.634112778],[4.898743889,48.634380278],[4.898716944,48.634406389],[4.898693333,48.634437222],[4.898679722,48.634465556],[4.898679722,48.634494722],[4.898753889,48.634723611],[4.898927778,48.635213333],[4.898728333,48.635244444],[4.898510556,48.634635],[4.898468611,48.634505833],[4.898432778,48.634488056],[4.898370556,48.634475278],[4.898358611,48.634271667],[4.898348611,48.634226944],[4.898318611,48.634179444],[4.8982775,48.6341375],[4.898224167,48.634106944],[4.898163333,48.634082778],[4.8980925,48.634065],[4.898006667,48.634060278],[4.897922778,48.634066944],[4.897809167,48.634094444],[4.893073611,48.635435278],[4.892999722,48.635316389]]]}},{"type":"Feature","id":"LFSI-038d0d574b85d7e61ef1","properties":{"airport":"LFSI","name":"LFSI AVISO","layer":"Airfield surfaces","category":"Hard Surface 2","object_type":"Area","style_id":"polygon.hardsurface2.595e5b","source_group":"LFSI AVISO","vsmr_group_ids":[],"geometry_role":"filled_region"},"geometry":{"type":"Polygon","coordinates":[[[4.912930278,48.629667222],[4.912975833,48.629613056],[4.912995,48.629566667],[4.912993611,48.629530556],[4.912926111,48.629382222],[4.912783333,48.629143611],[4.912630278,48.6288625],[4.9122225,48.628122778],[4.912005,48.627758333],[4.911898056,48.627571667],[4.911799722,48.627394444],[4.911735,48.627266111],[4.911681667,48.627159167],[4.911623333,48.627005278],[4.911581111,48.626875],[4.911532222,48.626699167],[4.911496944,48.626561944],[4.911480278,48.626434167],[4.911455,48.626241944],[4.911451667,48.626105833],[4.911445556,48.6259175],[4.911445833,48.625781389],[4.911457222,48.625633889],[4.911492778,48.625478611],[4.911546944,48.625268333],[4.911593333,48.625107778],[4.911644444,48.624963333],[4.911653333,48.624929722],[4.9116525,48.624906111],[4.911641389,48.62488],[4.911608056,48.624855],[4.9115525,48.624831944],[4.911475833,48.624808889],[4.911421111,48.6248025],[4.911245278,48.624789167],[4.911216389,48.624806944],[4.911176389,48.624824722],[4.91089,48.624828056],[4.910884444,48.624448611],[4.911133611,48.624447778],[4.911292778,48.624629167],[4.911288889,48.624649722],[4.911468889,48.6246725],[4.911555278,48.6246775],[4.911631667,48.624673611],[4.911695556,48.624660556],[4.911745556,48.624633056],[4.911788056,48.624577778],[4.911979167,48.624630833],[4.911908889,48.624719444],[4.911860556,48.624810833],[4.911791389,48.625001944],[4.911744167,48.625145278],[4.911719722,48.625246944],[4.911708889,48.625323611],[4.911712222,48.625371667],[4.911736111,48.625434167],[4.911795833,48.625505833],[4.91216,48.625900556],[4.912213889,48.625936111],[4.912272222,48.625964444],[4.912332778,48.625991389],[4.912375556,48.626028056],[4.9124725,48.626143611],[4.912483889,48.626180833],[4.912484722,48.626223056],[4.912474444,48.626269722],[4.912465556,48.626310833],[4.912449722,48.6263475],[4.912187222,48.626348611],[4.912121111,48.626288889],[4.912076944,48.626249722],[4.912050556,48.626218611],[4.912066111,48.626051667],[4.912064722,48.626034444],[4.912055833,48.626010278],[4.911770278,48.625672778],[4.911746667,48.625658611],[4.911708333,48.625657222],[4.911671389,48.625661944],[4.911637778,48.6256775],[4.911618889,48.625699722],[4.911612778,48.625725556],[4.911608611,48.626025278],[4.911618889,48.626247778],[4.911640556,48.626418889],[4.9116675,48.626607778],[4.911713333,48.626784167],[4.911769167,48.626951667],[4.911828611,48.627120833],[4.911905,48.627281111],[4.912000278,48.627453056],[4.9122475,48.627893611],[4.912566389,48.628455],[4.912739444,48.628775556],[4.912791389,48.628858611],[4.9128275,48.6289075],[4.912871944,48.628939167],[4.912935278,48.628964167],[4.913006944,48.628978611],[4.913091667,48.628985],[4.913183333,48.628974444],[4.913326944,48.628931944],[4.914080556,48.628712222],[4.914106667,48.628703889],[4.914118611,48.628696944],[4.914126111,48.628683611],[4.914131111,48.628665833],[4.914128333,48.628655278],[4.914109167,48.628615556],[4.914036389,48.628588056],[4.913982222,48.628564722],[4.913954722,48.628543889],[4.913816389,48.628313056],[4.913810833,48.628293611],[4.913812222,48.628271111],[4.913843056,48.628198611],[4.914048056,48.628135833],[4.914201667,48.628285556],[4.914243611,48.628241389],[4.914515556,48.628306944],[4.9144425,48.628570833],[4.914442778,48.628582778],[4.914452778,48.628590833],[4.914466944,48.628592778],[4.914496111,48.628589722],[4.915167778,48.628403333],[4.915389444,48.628345278],[4.915492778,48.628312222],[4.915466389,48.628523889],[4.915415,48.628513056],[4.915348333,48.628508889],[4.915253611,48.628526667],[4.913358889,48.629064167],[4.913271944,48.629101667],[4.913205278,48.629149444],[4.913166389,48.629209444],[4.913148333,48.629265278],[4.913144722,48.629315278],[4.913153056,48.629349444],[4.913248889,48.629463056],[4.913307778,48.629490556],[4.913383333,48.629508889],[4.913471667,48.629523611],[4.913550833,48.629523611],[4.913628333,48.629524167],[4.91285,48.629731944],[4.912930278,48.629667222]]]}},{"type":"Feature","id":"LFSI-b17b8104f8007299be46","properties":{"airport":"LFSI","name":"LFSI AVISO","layer":"Airfield surfaces","category":"Hard Surface 2","object_type":"Area","style_id":"polygon.hardsurface2.595e5b","source_group":"LFSI AVISO","vsmr_group_ids":[],"geometry_role":"filled_region"},"geometry":{"type":"Polygon","coordinates":[[[4.915431667,48.628957778],[4.915522778,48.6288875],[4.915564444,48.628829167],[4.915581944,48.628754167],[4.915595833,48.628683056],[4.915595833,48.628633611],[4.915581389,48.628591111],[4.915548056,48.628559722],[4.915509167,48.628537778],[4.915463611,48.628522222],[4.915488889,48.628314444],[4.915523611,48.628288611],[4.91555,48.628251111],[4.915560278,48.628208056],[4.915561389,48.628166389],[4.915543333,48.628078333],[4.915499722,48.627995],[4.915395278,48.627848611],[4.915154167,48.627557222],[4.914885278,48.627264722],[4.914690556,48.627056389],[4.914625556,48.626990278],[4.914594722,48.626964722],[4.914555556,48.626949722],[4.914501944,48.626946944],[4.914440833,48.626953056],[4.914238611,48.627025833],[4.914236111,48.627036111],[4.913948333,48.627158333],[4.913906111,48.627161111],[4.913863611,48.62716],[4.913610278,48.626887778],[4.913830556,48.626791111],[4.913909722,48.626853333],[4.914129444,48.626910833],[4.914302778,48.62685],[4.914341111,48.626826667],[4.914366667,48.6268025],[4.914376944,48.626777222],[4.914376389,48.626750833],[4.914365,48.626720556],[4.914323056,48.62666],[4.91293,48.625136944],[4.912583611,48.624762778],[4.9125175,48.624686389],[4.912459444,48.624640833],[4.912399167,48.624610278],[4.912323056,48.624578056],[4.912255556,48.624560833],[4.912211667,48.624551667],[4.912166389,48.624548333],[4.912120556,48.624551667],[4.912064167,48.624567778],[4.912025278,48.624585556],[4.911976944,48.624630833],[4.911788056,48.624578889],[4.911913333,48.624321944],[4.911946944,48.624249444],[4.911961667,48.624201944],[4.911965556,48.62415],[4.911959167,48.624100833],[4.911945556,48.624066389],[4.911903889,48.624018889],[4.912033333,48.62392],[4.912070556,48.623941389],[4.912116944,48.623950556],[4.912193889,48.623948611],[4.912271667,48.623934444],[4.912345833,48.623902222],[4.912424167,48.623849722],[4.912464722,48.623815],[4.912510278,48.623761111],[4.912555556,48.6237225],[4.912613056,48.623684444],[4.912696944,48.623675278],[4.912782222,48.623677778],[4.912886944,48.623710833],[4.912938333,48.623745278],[4.912984444,48.623798611],[4.913052222,48.623835833],[4.912945833,48.623960278],[4.912836389,48.623974722],[4.912765833,48.623982778],[4.912686111,48.623979444],[4.912616389,48.623970833],[4.912544722,48.623976111],[4.912486667,48.623991111],[4.912385556,48.624032778],[4.912333611,48.624064444],[4.912295833,48.624093056],[4.912274444,48.624129722],[4.912273333,48.624165556],[4.912285,48.624203333],[4.912343056,48.624266944],[4.913038056,48.62503],[4.913987778,48.626050556],[4.914053611,48.626106667],[4.914102778,48.626127778],[4.914152778,48.626132778],[4.914208889,48.626125],[4.914273333,48.6261025],[4.914495,48.626012222],[4.91449,48.625999444],[4.914532778,48.625925278],[4.914745833,48.625843889],[4.914800278,48.625854722],[4.914973611,48.626093056],[4.9147675,48.62619],[4.914716667,48.626192778],[4.914621111,48.626154722],[4.914590556,48.62615],[4.914564167,48.626150278],[4.914524167,48.626160556],[4.914354722,48.626223056],[4.914318056,48.626241389],[4.914287778,48.626266944],[4.914271111,48.626289444],[4.914268889,48.626320556],[4.914279444,48.626355556],[4.914313333,48.626409722],[4.914815833,48.626947222],[4.915305278,48.627488333],[4.915449722,48.627648889],[4.915561944,48.627778333],[4.915646667,48.627904722],[4.915715278,48.628008889],[4.915755556,48.628087778],[4.915778611,48.628164444],[4.915796111,48.628268889],[4.915808889,48.628354722],[4.915816667,48.628439444],[4.915823056,48.628538333],[4.915829167,48.6286275],[4.9158225,48.628751944],[4.915816389,48.628830556],[4.915810278,48.628881944],[4.915286667,48.629034722],[4.915431667,48.628957778]]]}},{"type":"Feature","id":"LFSI-9cd13a552f64ae804777","properties":{"airport":"LFSI","name":"LFSI AVISO","layer":"Airfield surfaces","category":"Hard Surface 2","object_type":"Area","style_id":"polygon.hardsurface2.595e5b","source_group":"LFSI AVISO","vsmr_group_ids":[],"geometry_role":"filled_region"},"geometry":{"type":"Polygon","coordinates":[[[4.913626111,48.625645556],[4.9136725,48.625651667],[4.913737222,48.625649167],[4.913796111,48.625629444],[4.913869444,48.625584167],[4.913976389,48.625475556],[4.914315,48.625036944],[4.914647222,48.624591389],[4.914782222,48.624413056],[4.914836944,48.624327222],[4.914885556,48.624234444],[4.914919444,48.624143333],[4.914925556,48.624088056],[4.914918333,48.624051667],[4.9148925,48.624015556],[4.914839722,48.6239725],[4.914784444,48.623943056],[4.914620278,48.623896389],[4.914345556,48.623898889],[4.914288889,48.623881111],[4.914190833,48.623794722],[4.914326667,48.623631389],[4.914481944,48.62363],[4.914526944,48.623643611],[4.914566111,48.623665278],[4.914658056,48.623742778],[4.914688333,48.623764167],[4.914730833,48.623775278],[4.914908889,48.623833611],[4.914913889,48.623834167],[4.914918611,48.6238325],[4.914921944,48.623826389],[4.91492,48.623768889],[4.914897778,48.623700556],[4.914855556,48.623599444],[4.914819722,48.623541111],[4.9147575,48.623460278],[4.914684167,48.623375],[4.914604167,48.6233],[4.914540556,48.623245556],[4.914458889,48.623188333],[4.914326111,48.623099444],[4.914272778,48.623070278],[4.914239722,48.623056111],[4.914198889,48.623050833],[4.914155556,48.623051389],[4.914078611,48.623066944],[4.914014167,48.623087778],[4.913973056,48.623115],[4.913941111,48.623150278],[4.913912778,48.623196111],[4.913891667,48.623243056],[4.913866944,48.623299722],[4.913835833,48.623331944],[4.913786667,48.623358611],[4.913731667,48.6233775],[4.913677778,48.623385556],[4.913604444,48.623383333],[4.913463333,48.623379722],[4.913366111,48.623244722],[4.913396111,48.623196944],[4.913434444,48.623148889],[4.913483333,48.623107222],[4.913533889,48.623085556],[4.913591667,48.623070833],[4.913653611,48.623065],[4.913696389,48.623062222],[4.913746944,48.623054722],[4.913791111,48.623039444],[4.913843611,48.623011944],[4.913879167,48.622966389],[4.9138975,48.622926667],[4.9139025,48.62289],[4.913898889,48.622862222],[4.913839167,48.622818611],[4.9139075,48.622723889],[4.914184167,48.622886667],[4.914451667,48.623038333],[4.914616111,48.623149167],[4.914725556,48.623235833],[4.914810833,48.623318333],[4.914893889,48.623409722],[4.914967222,48.623512778],[4.915021667,48.623610556],[4.915058056,48.623698611],[4.915082222,48.623784167],[4.915094444,48.623873056],[4.915093611,48.623987778],[4.915085278,48.62408],[4.915071667,48.624163611],[4.915044444,48.624245278],[4.915003056,48.6243275],[4.914940833,48.624433611],[4.914862778,48.62455],[4.914448611,48.625083056],[4.914306389,48.6252725],[4.914045,48.625613889],[4.913971667,48.625723889],[4.913935278,48.6257775],[4.9139075,48.625823056],[4.913893889,48.625861667],[4.9138875,48.625906389],[4.913895,48.625953611],[4.913584167,48.625628056],[4.913626111,48.625645556]]]}},{"type":"Feature","id":"LFSI-ece1dca09577e6746583","properties":{"airport":"LFSI","name":"LFSI AVISO","layer":"Airfield surfaces","category":"Hard Surface 2","object_type":"Area","style_id":"polygon.hardsurface2.595e5b","source_group":"LFSI AVISO","vsmr_group_ids":[],"geometry_role":"filled_region"},"geometry":{"type":"Polygon","coordinates":[[[4.911803056,48.623911667],[4.911717222,48.623838056],[4.911631111,48.623794722],[4.91154,48.623758056],[4.911422222,48.623725],[4.911336944,48.623713333],[4.911216944,48.623708056],[4.911068611,48.6237125],[4.910415556,48.623759167],[4.910335278,48.623772778],[4.910286389,48.623793056],[4.910256667,48.623816944],[4.910234722,48.623846944],[4.910229167,48.623879167],[4.910239722,48.623924167],[4.910266944,48.624006389],[4.910295,48.62405],[4.910336667,48.624088611],[4.910375556,48.624119722],[4.910400833,48.624158889],[4.910413056,48.624209167],[4.910410278,48.624256944],[4.910385,48.624291667],[4.910339444,48.624335278],[4.910287222,48.624365833],[4.9102125,48.624405],[4.910153333,48.624431389],[4.909970278,48.62437],[4.9099425,48.624282778],[4.909931667,48.624236111],[4.909926111,48.624196389],[4.909935,48.624169444],[4.909978611,48.624121667],[4.910015278,48.624078889],[4.910035556,48.624030278],[4.910039722,48.623976944],[4.910032778,48.6239225],[4.910021389,48.623880278],[4.9100025,48.62385],[4.909971389,48.623826389],[4.909940556,48.623816667],[4.909714167,48.62383],[4.909609722,48.623835],[4.909542778,48.623827778],[4.909486389,48.6238125],[4.909436667,48.623786944],[4.909381389,48.623746111],[4.909337222,48.623704722],[4.909309167,48.623656389],[4.909299167,48.623615556],[4.909304444,48.623561389],[4.909355278,48.623132778],[4.909275556,48.623108056],[4.909200556,48.623093889],[4.9091375,48.623093889],[4.909076944,48.623094444],[4.909028333,48.623084722],[4.908990278,48.623073056],[4.908913611,48.623071944],[4.9089075,48.622894167],[4.908980556,48.622880556],[4.909030833,48.622838333],[4.909077222,48.622814722],[4.909115,48.622801944],[4.909261944,48.622796667],[4.90931,48.622794167],[4.909351111,48.622781944],[4.909395,48.622771944],[4.909408889,48.622662778],[4.909433889,48.6226025],[4.909468333,48.622551389],[4.909523056,48.622498056],[4.909589167,48.622451111],[4.909676667,48.622410556],[4.909773333,48.622378611],[4.909886111,48.622363889],[4.911697222,48.6222775],[4.912300833,48.622246944],[4.912450556,48.622246944],[4.912593333,48.622256389],[4.912715556,48.6222675],[4.912850833,48.622286667],[4.912973056,48.622314167],[4.913080833,48.622342778],[4.913220278,48.622384722],[4.913398611,48.622455556],[4.913531111,48.622515],[4.913697778,48.622605556],[4.913908889,48.622726111],[4.913841667,48.622818889],[4.913699444,48.622730833],[4.913540556,48.622656111],[4.913296111,48.6225375],[4.913158889,48.622483889],[4.913042222,48.622448333],[4.912898333,48.622406944],[4.912791111,48.622381944],[4.912654167,48.622361667],[4.912529444,48.622352222],[4.912393056,48.622348333],[4.912024167,48.622360278],[4.9106425,48.622428333],[4.910042222,48.622456389],[4.909938889,48.622460556],[4.909872778,48.622468333],[4.909816944,48.622478889],[4.909761667,48.622494167],[4.909709167,48.622515833],[4.909662222,48.622546389],[4.909624444,48.622576944],[4.909596389,48.622609444],[4.909580833,48.622640833],[4.909559444,48.622694444],[4.909514167,48.623050833],[4.909499167,48.623209167],[4.909479444,48.623382778],[4.9094725,48.623506667],[4.909467222,48.623606944],[4.909481389,48.623638889],[4.909508333,48.623668611],[4.909555278,48.623691389],[4.909609444,48.623701389],[4.909688056,48.623702778],[4.910351111,48.623643333],[4.910396389,48.623635833],[4.910426944,48.623621944],[4.910453611,48.623595278],[4.910476667,48.623563611],[4.910487778,48.623516111],[4.910458333,48.623353333],[4.910425833,48.623331111],[4.910376667,48.623303056],[4.910335556,48.623278333],[4.910309444,48.623240833],[4.910291389,48.6232125],[4.910298333,48.623120833],[4.910353611,48.623070556],[4.910436111,48.623049167],[4.910521944,48.623032778],[4.910590833,48.623027222],[4.910668056,48.6230225],[4.910751389,48.62302],[4.910824167,48.623140278],[4.910706667,48.623310833],[4.910671944,48.6233425],[4.910675556,48.623464722],[4.910687778,48.623501667],[4.910713333,48.623544444],[4.910746389,48.623571389],[4.910792778,48.623591944],[4.910863056,48.623597222],[4.911078611,48.623589167],[4.911229444,48.623587778],[4.911356944,48.623596667],[4.911482778,48.623616944],[4.911593333,48.623644167],[4.911702778,48.623680833],[4.911810556,48.623733056],[4.911880833,48.623778333],[4.911956944,48.623842222],[4.9120325,48.623922222],[4.911905278,48.624018889],[4.911803056,48.623911667]]]}},{"type":"Feature","id":"LFSI-87016c7d1637ab1ebd40","properties":{"airport":"LFSI","name":"LFSI AVISO","layer":"Airfield surfaces","category":"Hard Surface 2","object_type":"Area","style_id":"polygon.hardsurface2.595e5b","source_group":"LFSI AVISO","vsmr_group_ids":[],"geometry_role":"filled_region"},"geometry":{"type":"Polygon","coordinates":[[[4.887406667,48.640899722],[4.887371389,48.6409825],[4.887356944,48.641055556],[4.887348333,48.641125556],[4.887346944,48.641211944],[4.887346944,48.641363889],[4.887233056,48.641358333],[4.887128611,48.641343333],[4.887031111,48.641327222],[4.886945556,48.641303056],[4.886840556,48.641256111],[4.8869425,48.641151667],[4.8870275,48.641088611],[4.887121944,48.641023056],[4.887201944,48.640944722],[4.887278889,48.640846667],[4.887439722,48.640544722],[4.887470278,48.640482778],[4.887475833,48.640437778],[4.887464444,48.640398611],[4.8876575,48.640354444],[4.887406667,48.640899722]]]}},{"type":"Feature","id":"LFSI-6b4b1898c9133b670035","properties":{"airport":"LFSI","name":"LFSI AVISO","layer":"Airfield surfaces","category":"Hard Surface 2","object_type":"Area","style_id":"polygon.hardsurface2.595e5b","source_group":"LFSI AVISO","vsmr_group_ids":[],"geometry_role":"filled_region"},"geometry":{"type":"Polygon","coordinates":[[[4.887975833,48.641570556],[4.888298333,48.641036944],[4.888332222,48.640954167],[4.888354167,48.640858611],[4.888365556,48.640755],[4.888368333,48.640636944],[4.888353056,48.640555833],[4.888309722,48.640488333],[4.888213056,48.640353333],[4.888098333,48.640183889],[4.888273333,48.640134722],[4.888316389,48.640176667],[4.888399722,48.640226111],[4.888546111,48.640297222],[4.8886825,48.640356944],[4.888815556,48.640399722],[4.888962778,48.640434722],[4.889092778,48.640458056],[4.889195,48.640462778],[4.889304722,48.6404575],[4.889416389,48.640436667],[4.889541111,48.640402778],[4.889714722,48.640344167],[4.889871111,48.640285278],[4.889919444,48.6402625],[4.889960278,48.640366389],[4.889986111,48.640433611],[4.889991667,48.640494722],[4.889968333,48.640564722],[4.889945833,48.640616389],[4.889918333,48.640640278],[4.889525556,48.640570556],[4.889412222,48.640555],[4.889293333,48.640547222],[4.889183611,48.640545833],[4.889024167,48.640530556],[4.888859167,48.640508611],[4.888736944,48.640475556],[4.888652778,48.64045],[4.888652778,48.640449444],[4.888610833,48.640435],[4.888568611,48.640426389],[4.888544444,48.640425833],[4.888523333,48.640432778],[4.888515278,48.640446667],[4.888523611,48.640463611],[4.888611944,48.640550278],[4.888726667,48.640644444],[4.88883,48.640716944],[4.888923889,48.640773889],[4.889023333,48.640826667],[4.8891325,48.640874444],[4.889026667,48.640986944],[4.888947778,48.640955833],[4.888893333,48.640957222],[4.888830278,48.640968889],[4.888791111,48.640980833],[4.888783333,48.641001944],[4.888791944,48.641024444],[4.888914722,48.6412575],[4.888961111,48.641331111],[4.889003056,48.641383611],[4.889087222,48.641466111],[4.8893475,48.641695833],[4.889330556,48.641713611],[4.8892575,48.641746111],[4.889155278,48.641769722],[4.889058056,48.641791111],[4.888967222,48.641801111],[4.888879444,48.641802778],[4.888858889,48.641690556],[4.888861111,48.641523333],[4.888858056,48.641460278],[4.888835278,48.641396111],[4.888613056,48.640993056],[4.888578611,48.640963611],[4.888539722,48.640952778],[4.888506111,48.6409625],[4.888480833,48.640986944],[4.888175556,48.641521111],[4.888109167,48.641663889],[4.8880825,48.6417525],[4.888071944,48.641827222],[4.888066111,48.641921389],[4.888054444,48.642036944],[4.887995556,48.642039167],[4.887927222,48.642031111],[4.8878425,48.642016111],[4.887748333,48.641992778],[4.887680556,48.641972222],[4.887634722,48.6419475],[4.887607222,48.641921944],[4.887905556,48.6416775],[4.887975833,48.641570556]]]}},{"type":"Feature","id":"LFSI-1bb4532917c6fbbecb28","properties":{"airport":"LFSI","name":"LFSI AVISO","layer":"Airfield surfaces","category":"Hard Surface 2","object_type":"Area","style_id":"polygon.hardsurface2.595e5b","source_group":"LFSI AVISO","vsmr_group_ids":[],"geometry_role":"filled_region"},"geometry":{"type":"Polygon","coordinates":[[[4.884678611,48.635943889],[4.884628333,48.635902778],[4.884572778,48.635873611],[4.884482222,48.635847222],[4.883923333,48.635771667],[4.883692222,48.635730278],[4.883551389,48.635698611],[4.883435833,48.6356625],[4.8833225,48.635613333],[4.883236111,48.635564167],[4.883152222,48.635501389],[4.883084167,48.6354325],[4.883023056,48.635363611],[4.883021944,48.635363611],[4.882980833,48.635289722],[4.882951667,48.6351975],[4.882948333,48.635107222],[4.882966667,48.634997222],[4.883010278,48.634891944],[4.88308,48.634793611],[4.883189444,48.634696389],[4.883318333,48.634621389],[4.883575278,48.634531667],[4.885328056,48.634033056],[4.885363333,48.634016944],[4.885482778,48.633983611],[4.887246667,48.633465278],[4.887297222,48.633535556],[4.887345833,48.633576667],[4.887414167,48.633603056],[4.887995556,48.633756389],[4.888125556,48.633785278],[4.888196667,48.633795],[4.888280833,48.633790833],[4.888358333,48.633775278],[4.8884325,48.633750278],[4.888128333,48.634011944],[4.888130278,48.633975],[4.888120556,48.6339475],[4.888100278,48.633918611],[4.8880725,48.6338925],[4.8880325,48.633867222],[4.887423333,48.633709167],[4.887286389,48.633668889],[4.887198611,48.633649167],[4.887129444,48.633641111],[4.887056111,48.633647222],[4.885271667,48.634152222],[4.883966111,48.634535278],[4.883698889,48.634617222],[4.883573611,48.634660556],[4.883484722,48.634696667],[4.883394167,48.634742778],[4.883316667,48.634795278],[4.883246389,48.634866944],[4.883193333,48.634941389],[4.883161667,48.635014444],[4.883140833,48.635080278],[4.883140278,48.635148889],[4.883157778,48.635229722],[4.883204444,48.635334444],[4.883282778,48.635425556],[4.883370278,48.635496667],[4.883466389,48.635550278],[4.883592778,48.635597222],[4.8837425,48.635628889],[4.884181667,48.635713889],[4.884494444,48.635758889],[4.884551667,48.635761667],[4.88459,48.635756389],[4.884634444,48.635745833],[4.884714444,48.636006389],[4.884678611,48.635943889]]]}},{"type":"Feature","id":"LFSI-a8b69c2fa9283c3c8c00","properties":{"airport":"LFSI","name":"LFSI AVISO","layer":"Airfield surfaces","category":"Runways","object_type":"Area","style_id":"polygon.runwayconcrete.555555","source_group":"LFSI AVISO","vsmr_group_ids":[],"geometry_role":"filled_region"},"geometry":{"type":"Polygon","coordinates":[[[4.884264167,48.640071111],[4.884558889,48.639985833],[4.884581389,48.639973056],[4.884588889,48.639959444],[4.884586389,48.639940833],[4.884307222,48.639503333],[4.884251944,48.6394175],[4.884826944,48.639245833],[4.885024722,48.639557778],[4.885094444,48.639624444],[4.885175833,48.639666667],[4.885277778,48.639690278],[4.885378889,48.639700556],[4.885496389,48.639694722],[4.885620278,48.639678889],[4.8858,48.639643056],[4.887453889,48.639169444],[4.887046667,48.638527222],[4.887233333,48.638476111],[4.887385278,48.638723889],[4.887443889,48.638788333],[4.887508611,48.638836944],[4.887601111,48.638886667],[4.887717222,48.638935],[4.887843056,48.638968056],[4.887966389,48.638979722],[4.888085,48.638980278],[4.888201944,48.638965278],[4.898621111,48.636025556],[4.898709722,48.635988333],[4.898775,48.635948611],[4.898821389,48.635906389],[4.898856389,48.635851389],[4.898879167,48.635792778],[4.898881667,48.635726667],[4.898725556,48.6352425],[4.898928056,48.635211389],[4.899051389,48.635589722],[4.899072222,48.635628889],[4.899113611,48.635673611],[4.8991825,48.635719167],[4.899271944,48.635754444],[4.899369167,48.6357725],[4.899456667,48.635775833],[4.899545556,48.635766667],[4.907684167,48.633473611],[4.907724722,48.633425278],[4.907753333,48.633368611],[4.907764722,48.633327222],[4.907761111,48.633290556],[4.90775,48.633262222],[4.907713611,48.6332225],[4.907240833,48.632744444],[4.907536111,48.632615278],[4.908071111,48.633158889],[4.908128889,48.633191389],[4.908193889,48.633215833],[4.908268611,48.633239167],[4.908345,48.633251667],[4.908424167,48.633260833],[4.913657778,48.631790278],[4.913769722,48.631739722],[4.913837222,48.631683611],[4.913930833,48.631534167],[4.914350556,48.630819444],[4.9145475,48.6308775],[4.914239722,48.631392222],[4.914227222,48.631430556],[4.914226111,48.631468889],[4.914237222,48.631529167],[4.91426,48.631578611],[4.914281667,48.631614167],[4.914415833,48.631575833],[4.914653333,48.631951111],[4.888327778,48.639372222],[4.888228056,48.639440556],[4.888166667,48.639500556],[4.8881175,48.639555833],[4.888079722,48.639630278],[4.888055278,48.639708056],[4.888057222,48.639782222],[4.888096667,48.639870278],[4.888276667,48.640136111],[4.888099722,48.640188611],[4.887959722,48.639931111],[4.887940556,48.639903889],[4.887920556,48.6398825],[4.887899444,48.639881389],[4.887873333,48.639894444],[4.887844444,48.639934444],[4.887656667,48.640357778],[4.887465556,48.640400833],[4.887441667,48.640377778],[4.8873875,48.640356111],[4.887290556,48.640328611],[4.887191944,48.640295278],[4.887124722,48.6402625],[4.887045833,48.640215],[4.8870025,48.640168611],[4.886973333,48.640104444],[4.886965556,48.640039444],[4.886976667,48.639977222],[4.887005556,48.639914167],[4.887084444,48.639841111],[4.887206111,48.639755833],[4.8872925,48.639709444],[4.8872925,48.639695278],[4.887280278,48.639684444],[4.887258889,48.639675833],[4.884504444,48.640448056],[4.884264167,48.640071111]]]}},{"type":"Feature","id":"LFSI-27230086704873d8d997","properties":{"airport":"LFSI","name":"LFSI AVISO","layer":"Airfield surfaces","category":"Grass runways","object_type":"Area","style_id":"polygon.runwaygrass.008000","source_group":"LFSI AVISO","vsmr_group_ids":[],"geometry_role":"filled_region"},"geometry":{"type":"Polygon","coordinates":[[[4.901431944,48.636248333],[4.915886389,48.632172778],[4.916439444,48.633032778],[4.916376944,48.633106667],[4.916285,48.63325],[4.916061111,48.633666944],[4.915551389,48.634689722],[4.915400278,48.634981944],[4.915318056,48.635202778],[4.915250556,48.635472222],[4.915231944,48.635660556],[4.9152375,48.635784722],[4.915270278,48.635890833],[4.915474167,48.6362175],[4.9157475,48.636689167],[4.916019444,48.63715],[4.916290278,48.637614722],[4.916323889,48.637663889],[4.916357222,48.637699167],[4.916340278,48.637851667],[4.916102222,48.637783889],[4.915769167,48.637223889],[4.915487778,48.636743056],[4.915216944,48.636275556],[4.915055278,48.636039722],[4.915012778,48.635965278],[4.914987222,48.635881944],[4.914972778,48.635813333],[4.914967778,48.635672222],[4.914988889,48.635481111],[4.915020556,48.635295278],[4.915056389,48.635181667],[4.915128056,48.634986667],[4.915197778,48.634808889],[4.915282222,48.634638333],[4.915541111,48.634121667],[4.915785278,48.633603889],[4.915837222,48.633474444],[4.915858611,48.63339],[4.915853333,48.633333056],[4.915834167,48.6332825],[4.915804444,48.633252778],[4.915760556,48.633238056],[4.915713611,48.633231389],[4.915668889,48.633231389],[4.902606944,48.636915833],[4.906210556,48.637146389],[4.909468611,48.637354722],[4.911602222,48.637493889],[4.912815833,48.6375725],[4.913025,48.63778],[4.902966944,48.637127222],[4.9022575,48.637093889],[4.902090833,48.637088333],[4.901962778,48.637116389],[4.901431944,48.636248333]]]}},{"type":"Feature","id":"LFSI-4196b1c47465f8fedff0","properties":{"airport":"LFSI","name":"LFSI AVISO","layer":"Airfield surfaces","category":"Grass runways","object_type":"Area","style_id":"polygon.runwaygrass.008000","source_group":"LFSI AVISO","vsmr_group_ids":[],"geometry_role":"filled_region"},"geometry":{"type":"Polygon","coordinates":[[[4.910414444,48.634748056],[4.910395556,48.634782222],[4.910391667,48.634811389],[4.910411389,48.634852222],[4.910787778,48.63522],[4.912134722,48.636568056],[4.913081944,48.637525],[4.913140833,48.637563889],[4.913198333,48.637587778],[4.913252778,48.637601944],[4.913838889,48.637645],[4.915431944,48.637735],[4.916104167,48.637782222],[4.916340556,48.637847778],[4.916324444,48.637994722],[4.916084722,48.637964167],[4.913021389,48.637779444],[4.912815,48.637572778],[4.912821944,48.637570833],[4.912823056,48.637566667],[4.910214722,48.635001389],[4.910092222,48.634886111],[4.910058333,48.634853889],[4.91004,48.634841111],[4.910023056,48.634833056],[4.910000278,48.634825278],[4.910495278,48.634676667],[4.910414444,48.634748056]]]}},{"type":"Feature","id":"LFSI-cec7a6318833762c821b","properties":{"airport":"LFSI","name":"LFSI AVISO","layer":"Surface markings","category":"Stopbars","object_type":"Area","style_id":"polygon.stopbar.7e0000","source_group":"LFSI AVISO","vsmr_group_ids":[],"geometry_role":"filled_region"},"geometry":{"type":"Polygon","coordinates":[[[4.888093611,48.64018],[4.8882725,48.640128333],[4.888281944,48.640141944],[4.888103333,48.640193611],[4.888093611,48.64018]]]}},{"type":"Feature","id":"LFSI-56cab24bce4fb7a8d809","properties":{"airport":"LFSI","name":"LFSI AVISO","layer":"Surface markings","category":"Stopbars","object_type":"Area","style_id":"polygon.stopbar.7e0000","source_group":"LFSI AVISO","vsmr_group_ids":[],"geometry_role":"filled_region"},"geometry":{"type":"Polygon","coordinates":[[[4.884248056,48.6394125],[4.884824444,48.639241944],[4.884834722,48.639255],[4.884255,48.639424167],[4.884248056,48.6394125]]]}},{"type":"Feature","id":"LFSI-0feee96815f76b72884b","properties":{"airport":"LFSI","name":"LFSI AVISO","layer":"Surface markings","category":"Stopbars","object_type":"Area","style_id":"polygon.stopbar.7e0000","source_group":"LFSI AVISO","vsmr_group_ids":[],"geometry_role":"filled_region"},"geometry":{"type":"Polygon","coordinates":[[[4.887042778,48.638522778],[4.887230556,48.638471389],[4.887238056,48.638481111],[4.887050556,48.638534722],[4.887042778,48.638522778]]]}},{"type":"Feature","id":"LFSI-16ffaaa2ffef355f59b8","properties":{"airport":"LFSI","name":"LFSI AVISO","layer":"Surface markings","category":"Stopbars","object_type":"Area","style_id":"polygon.stopbar.7e0000","source_group":"LFSI AVISO","vsmr_group_ids":[],"geometry_role":"filled_region"},"geometry":{"type":"Polygon","coordinates":[[[4.898723611,48.635239444],[4.898929722,48.635208611],[4.898933333,48.635219167],[4.8987275,48.635250833],[4.898723611,48.635239444]]]}},{"type":"Feature","id":"LFSI-d0a89d891aa5b8e18990","properties":{"airport":"LFSI","name":"LFSI AVISO","layer":"Surface markings","category":"Stopbars","object_type":"Area","style_id":"polygon.stopbar.7e0000","source_group":"LFSI AVISO","vsmr_group_ids":[],"geometry_role":"filled_region"},"geometry":{"type":"Polygon","coordinates":[[[4.907235833,48.632740833],[4.907532778,48.632609722],[4.907545556,48.632620833],[4.907247778,48.6327525],[4.907235833,48.632740833]]]}},{"type":"Feature","id":"LFSI-39777ded0ab6fc6e6c4c","properties":{"airport":"LFSI","name":"LFSI AVISO","layer":"Surface markings","category":"Stopbars","object_type":"Area","style_id":"polygon.stopbar.7e0000","source_group":"LFSI AVISO","vsmr_group_ids":[],"geometry_role":"filled_region"},"geometry":{"type":"Polygon","coordinates":[[[4.914352222,48.630815],[4.914551667,48.630873889],[4.914543333,48.630886667],[4.914344167,48.630825556],[4.914352222,48.630815]]]}},{"type":"Feature","id":"LFSI-84a63ce30f912449f4b4","properties":{"airport":"LFSI","name":"LFSI AVISO","layer":"Terrain","category":"Grass","object_type":"Area","style_id":"polygon.grassurface.00512f","source_group":"LFSI AVISO","vsmr_group_ids":[],"geometry_role":"filled_region"},"geometry":{"type":"Polygon","coordinates":[[[4.886817778,48.6373575],[4.886829444,48.637358611],[4.886834722,48.637363889],[4.886833056,48.637370833],[4.886797778,48.637421667],[4.8867675,48.637473889],[4.886744444,48.637525],[4.886730833,48.637573889],[4.886715556,48.637583056],[4.886695,48.637587778],[4.886674444,48.637582222],[4.8866475,48.637561111],[4.88662,48.637530833],[4.886583333,48.637475833],[4.886584444,48.637468056],[4.886799444,48.637360278],[4.886817778,48.6373575]]]}},{"type":"Feature","id":"LFSI-44ae7291b30a9157c931","properties":{"airport":"LFSI","name":"LFSI AVISO","layer":"Terrain","category":"Grass","object_type":"Area","style_id":"polygon.grassurface.00512f","source_group":"LFSI AVISO","vsmr_group_ids":[],"geometry_role":"filled_region"},"geometry":{"type":"Polygon","coordinates":[[[4.914754167,48.629341667],[4.914765833,48.629329722],[4.914949722,48.629280278],[4.914991944,48.629273333],[4.915032778,48.629273333],[4.915063889,48.629276111],[4.9150825,48.629287778],[4.915096667,48.6293075],[4.9151025,48.629328611],[4.915100278,48.629347222],[4.915083889,48.629376111],[4.91504,48.6294525],[4.914985278,48.6295225],[4.914953611,48.629549167],[4.9149175,48.629562778],[4.914881389,48.629562222],[4.914860833,48.629553889],[4.914841667,48.629533611],[4.914758611,48.629370833],[4.914750556,48.629351944],[4.914754167,48.629341667]]]}},{"type":"Feature","id":"LFSI-076f4ccfe1534faf3929","properties":{"airport":"LFSI","name":"LFSI AVISO","layer":"Terrain","category":"Grass","object_type":"Area","style_id":"polygon.grassurface.00512f","source_group":"LFSI AVISO","vsmr_group_ids":[],"geometry_role":"filled_region"},"geometry":{"type":"Polygon","coordinates":[[[4.915490833,48.630959444],[4.915473889,48.630896111],[4.915459444,48.630832778],[4.915469444,48.630765833],[4.915488056,48.6306875],[4.915530833,48.630608333],[4.915614444,48.630511389],[4.915767222,48.630386944],[4.916024444,48.6301775],[4.916151389,48.630073611],[4.9162025,48.630044444],[4.916252778,48.630032222],[4.916294167,48.630043611],[4.916318056,48.630070833],[4.916336389,48.630120833],[4.916330833,48.630197222],[4.916285,48.630287222],[4.916201111,48.630391667],[4.915591667,48.631012222],[4.915568333,48.631024444],[4.915549722,48.631024444],[4.915523889,48.631014167],[4.915490833,48.630959444]]]}},{"type":"Feature","id":"LFSI-ec3da3fb7e57a5703e17","properties":{"airport":"LFSI","name":"LFSI AVISO","layer":"Terrain","category":"Grass","object_type":"Area","style_id":"polygon.grassurface.00512f","source_group":"LFSI AVISO","vsmr_group_ids":[],"geometry_role":"filled_region"},"geometry":{"type":"Polygon","coordinates":[[[4.915835556,48.631008611],[4.915817778,48.631001667],[4.915810833,48.630992222],[4.915825,48.630973056],[4.916043056,48.630764444],[4.916208611,48.6305975],[4.916332778,48.630467222],[4.916419722,48.630375],[4.916443889,48.630348889],[4.916468333,48.6303425],[4.916486944,48.630343889],[4.9165125,48.630355556],[4.916536944,48.630393611],[4.916551389,48.630466667],[4.916548056,48.6305575],[4.916528056,48.630643056],[4.916491667,48.6307125],[4.916424167,48.630774722],[4.916351111,48.6308225],[4.916256944,48.630880833],[4.916169167,48.630913333],[4.915855,48.631006944],[4.915835556,48.631008611]]]}},{"type":"Feature","id":"LFSI-fe4e57f5a03b261c1c44","properties":{"airport":"LFSI","name":"LFSI AVISO","layer":"Buildings and structures","category":"Buildings","object_type":"Area","style_id":"polygon.building.394446","source_group":"LFSI AVISO","vsmr_group_ids":[],"geometry_role":"filled_region"},"geometry":{"type":"Polygon","coordinates":[[[4.884278333,48.637561389],[4.884292222,48.637738611],[4.883996111,48.637755833],[4.883974167,48.637577778],[4.884278333,48.637561389]]]}},{"type":"Feature","id":"LFSI-b1e0adba9770c4d09e24","properties":{"airport":"LFSI","name":"LFSI AVISO","layer":"Buildings and structures","category":"Buildings","object_type":"Area","style_id":"polygon.building.394446","source_group":"LFSI AVISO","vsmr_group_ids":[],"geometry_role":"filled_region"},"geometry":{"type":"Polygon","coordinates":[[[4.884259167,48.637381389],[4.884278333,48.637533056],[4.883972778,48.637553056],[4.883950556,48.637402222],[4.884259167,48.637381389]]]}},{"type":"Feature","id":"LFSI-629ad1dc4ae2913c31a8","properties":{"airport":"LFSI","name":"LFSI AVISO","layer":"Buildings and structures","category":"Buildings","object_type":"Area","style_id":"polygon.building.394446","source_group":"LFSI AVISO","vsmr_group_ids":[],"geometry_role":"filled_region"},"geometry":{"type":"Polygon","coordinates":[[[4.885903056,48.635801111],[4.885761667,48.636023333],[4.885566944,48.635968889],[4.885703889,48.635746111],[4.885903056,48.635801111]]]}},{"type":"Feature","id":"LFSI-3d5fbae08d306463a125","properties":{"airport":"LFSI","name":"LFSI AVISO","layer":"Buildings and structures","category":"Buildings","object_type":"Area","style_id":"polygon.building.394446","source_group":"LFSI AVISO","vsmr_group_ids":[],"geometry_role":"filled_region"},"geometry":{"type":"Polygon","coordinates":[[[4.884016389,48.635206111],[4.8840675,48.635350833],[4.883698889,48.635400556],[4.883650556,48.635263333],[4.884016389,48.635206111]]]}},{"type":"Feature","id":"LFSI-32e01fc37e6e2406c1db","properties":{"airport":"LFSI","name":"LFSI AVISO","layer":"Buildings and structures","category":"Buildings","object_type":"Area","style_id":"polygon.building.394446","source_group":"LFSI AVISO","vsmr_group_ids":[],"geometry_role":"filled_region"},"geometry":{"type":"Polygon","coordinates":[[[4.886100278,48.634326944],[4.885846389,48.634511667],[4.885684444,48.634415556],[4.885936111,48.6342275],[4.886100278,48.634326944]]]}},{"type":"Feature","id":"LFSI-e6060715670653d13b08","properties":{"airport":"LFSI","name":"LFSI AVISO","layer":"Buildings and structures","category":"Buildings","object_type":"Area","style_id":"polygon.building.394446","source_group":"LFSI AVISO","vsmr_group_ids":[],"geometry_role":"filled_region"},"geometry":{"type":"Polygon","coordinates":[[[4.887662222,48.635638889],[4.887493611,48.635747222],[4.887194167,48.635568333],[4.887351667,48.635453611],[4.887662222,48.635638889]]]}},{"type":"Feature","id":"LFSI-b316b185eb76983981fe","properties":{"airport":"LFSI","name":"LFSI AVISO","layer":"Buildings and structures","category":"Buildings","object_type":"Area","style_id":"polygon.building.394446","source_group":"LFSI AVISO","vsmr_group_ids":[],"geometry_role":"filled_region"},"geometry":{"type":"Polygon","coordinates":[[[4.887188056,48.633817778],[4.887131111,48.634066944],[4.886916944,48.634050833],[4.886978056,48.633795833],[4.887188056,48.633817778]]]}},{"type":"Feature","id":"LFSI-0e195804295fd39752ad","properties":{"airport":"LFSI","name":"LFSI AVISO","layer":"Buildings and structures","category":"Buildings","object_type":"Area","style_id":"polygon.building.394446","source_group":"LFSI AVISO","vsmr_group_ids":[],"geometry_role":"filled_region"},"geometry":{"type":"Polygon","coordinates":[[[4.888880833,48.634848333],[4.888845,48.634996389],[4.8884625,48.634960833],[4.888506667,48.634809167],[4.888880833,48.634848333]]]}},{"type":"Feature","id":"LFSI-4655eeb896bb7a98603c","properties":{"airport":"LFSI","name":"LFSI AVISO","layer":"Buildings and structures","category":"Buildings","object_type":"Area","style_id":"polygon.building.394446","source_group":"LFSI AVISO","vsmr_group_ids":[],"geometry_role":"filled_region"},"geometry":{"type":"Polygon","coordinates":[[[4.8851575,48.633255],[4.884538056,48.633433056],[4.884198889,48.632921389],[4.884813889,48.632736389],[4.8851575,48.633255]]]}},{"type":"Feature","id":"LFSI-67c12855683d9ad0a018","properties":{"airport":"LFSI","name":"LFSI AVISO","layer":"Buildings and structures","category":"Buildings","object_type":"Area","style_id":"polygon.building.394446","source_group":"LFSI AVISO","vsmr_group_ids":[],"geometry_role":"filled_region"},"geometry":{"type":"Polygon","coordinates":[[[4.886269722,48.632576111],[4.886326944,48.632556944],[4.886294722,48.632506667],[4.886584167,48.632428333],[4.886610556,48.632463889],[4.8866475,48.632454167],[4.886854444,48.63277],[4.886819444,48.63278],[4.886855278,48.632834722],[4.886554167,48.632928056],[4.886499444,48.632856389],[4.886461944,48.632865833],[4.886475833,48.632891667],[4.8854175,48.633198611],[4.885405833,48.633177778],[4.885195,48.633239722],[4.884980833,48.632906389],[4.886245556,48.632543333],[4.886269722,48.632576111]]]}},{"type":"Feature","id":"LFSI-070dc4bda592c014c2da","properties":{"airport":"LFSI","name":"LFSI AVISO","layer":"Buildings and structures","category":"Buildings","object_type":"Area","style_id":"polygon.building.394446","source_group":"LFSI AVISO","vsmr_group_ids":[],"geometry_role":"filled_region"},"geometry":{"type":"Polygon","coordinates":[[[4.887635556,48.633368333],[4.887930278,48.633185],[4.888068889,48.633289444],[4.887771111,48.633463056],[4.887635556,48.633368333]]]}},{"type":"Feature","id":"LFSI-543799b323abdefbf805","properties":{"airport":"LFSI","name":"LFSI AVISO","layer":"Buildings and structures","category":"Buildings","object_type":"Area","style_id":"polygon.building.394446","source_group":"LFSI AVISO","vsmr_group_ids":[],"geometry_role":"filled_region"},"geometry":{"type":"Polygon","coordinates":[[[4.889693056,48.634435],[4.889486111,48.634459722],[4.889419722,48.634219167],[4.889632778,48.634191944],[4.889693056,48.634435]]]}},{"type":"Feature","id":"LFSI-6acfa1144733081dc117","properties":{"airport":"LFSI","name":"LFSI AVISO","layer":"Buildings and structures","category":"Buildings","object_type":"Area","style_id":"polygon.building.394446","source_group":"LFSI AVISO","vsmr_group_ids":[],"geometry_role":"filled_region"},"geometry":{"type":"Polygon","coordinates":[[[4.890225278,48.632710278],[4.890268056,48.632860278],[4.889902222,48.632911389],[4.889850556,48.632762778],[4.890225278,48.632710278]]]}},{"type":"Feature","id":"LFSI-5c6bcf5ee3fcf7c7e633","properties":{"airport":"LFSI","name":"LFSI AVISO","layer":"Buildings and structures","category":"Buildings","object_type":"Area","style_id":"polygon.building.394446","source_group":"LFSI AVISO","vsmr_group_ids":[],"geometry_role":"filled_region"},"geometry":{"type":"Polygon","coordinates":[[[4.890630833,48.634430556],[4.890351389,48.6346025],[4.890208333,48.634504444],[4.890481389,48.634333889],[4.890630833,48.634430556]]]}},{"type":"Feature","id":"LFSI-949f5a91a9832ffbce47","properties":{"airport":"LFSI","name":"LFSI AVISO","layer":"Buildings and structures","category":"Buildings","object_type":"Area","style_id":"polygon.building.394446","source_group":"LFSI AVISO","vsmr_group_ids":[],"geometry_role":"filled_region"},"geometry":{"type":"Polygon","coordinates":[[[4.893613056,48.635383889],[4.893723056,48.635566944],[4.89354,48.635616667],[4.893428889,48.635440278],[4.893613056,48.635383889]]]}},{"type":"Feature","id":"LFSI-d96d334c7c401f2cbde4","properties":{"airport":"LFSI","name":"LFSI AVISO","layer":"Buildings and structures","category":"Buildings","object_type":"Area","style_id":"polygon.building.394446","source_group":"LFSI AVISO","vsmr_group_ids":[],"geometry_role":"filled_region"},"geometry":{"type":"Polygon","coordinates":[[[4.893848889,48.635314722],[4.893962222,48.635498889],[4.893778056,48.635555833],[4.8936625,48.635375],[4.893848889,48.635314722]]]}},{"type":"Feature","id":"LFSI-7d68b37ac3ff1c810a14","properties":{"airport":"LFSI","name":"LFSI AVISO","layer":"Buildings and structures","category":"Buildings","object_type":"Area","style_id":"polygon.building.394446","source_group":"LFSI AVISO","vsmr_group_ids":[],"geometry_role":"filled_region"},"geometry":{"type":"Polygon","coordinates":[[[4.894089167,48.635250556],[4.894195,48.635433056],[4.894011111,48.635484722],[4.893903889,48.635306667],[4.894089167,48.635250556]]]}},{"type":"Feature","id":"LFSI-b24ba3d679ae648998e3","properties":{"airport":"LFSI","name":"LFSI AVISO","layer":"Buildings and structures","category":"Buildings","object_type":"Area","style_id":"polygon.building.394446","source_group":"LFSI AVISO","vsmr_group_ids":[],"geometry_role":"filled_region"},"geometry":{"type":"Polygon","coordinates":[[[4.894323333,48.635185278],[4.894433889,48.635367778],[4.894249722,48.635421389],[4.894134444,48.635244444],[4.894323333,48.635185278]]]}},{"type":"Feature","id":"LFSI-bcdd2732b1ded61a37f8","properties":{"airport":"LFSI","name":"LFSI AVISO","layer":"Buildings and structures","category":"Buildings","object_type":"Area","style_id":"polygon.building.394446","source_group":"LFSI AVISO","vsmr_group_ids":[],"geometry_role":"filled_region"},"geometry":{"type":"Polygon","coordinates":[[[4.894559722,48.635121944],[4.894668056,48.635302222],[4.894482778,48.635356944],[4.894368611,48.635178333],[4.894559722,48.635121944]]]}},{"type":"Feature","id":"LFSI-9e2a069482ca03cc7eb1","properties":{"airport":"LFSI","name":"LFSI AVISO","layer":"Buildings and structures","category":"Buildings","object_type":"Area","style_id":"polygon.building.394446","source_group":"LFSI AVISO","vsmr_group_ids":[],"geometry_role":"filled_region"},"geometry":{"type":"Polygon","coordinates":[[[4.894796389,48.635055],[4.894908056,48.635233611],[4.894719444,48.635288333],[4.89461,48.635109722],[4.894796389,48.635055]]]}},{"type":"Feature","id":"LFSI-9a974c13045d5f12e8cc","properties":{"airport":"LFSI","name":"LFSI AVISO","layer":"Buildings and structures","category":"Buildings","object_type":"Area","style_id":"polygon.building.394446","source_group":"LFSI AVISO","vsmr_group_ids":[],"geometry_role":"filled_region"},"geometry":{"type":"Polygon","coordinates":[[[4.895348333,48.635101111],[4.895169444,48.635162222],[4.895046944,48.634978611],[4.895232222,48.634921667],[4.895348333,48.635101111]]]}},{"type":"Feature","id":"LFSI-3a7397e4acceab2331a3","properties":{"airport":"LFSI","name":"LFSI AVISO","layer":"Buildings and structures","category":"Buildings","object_type":"Area","style_id":"polygon.building.394446","source_group":"LFSI AVISO","vsmr_group_ids":[],"geometry_role":"filled_region"},"geometry":{"type":"Polygon","coordinates":[[[4.895591389,48.635025278],[4.895408611,48.635082222],[4.895291111,48.634906111],[4.895476389,48.634849167],[4.895591389,48.635025278]]]}},{"type":"Feature","id":"LFSI-5576fe0e8d427b4512ac","properties":{"airport":"LFSI","name":"LFSI AVISO","layer":"Buildings and structures","category":"Buildings","object_type":"Area","style_id":"polygon.building.394446","source_group":"LFSI AVISO","vsmr_group_ids":[],"geometry_role":"filled_region"},"geometry":{"type":"Polygon","coordinates":[[[4.895715278,48.634781111],[4.8958275,48.634960556],[4.895639722,48.635012222],[4.895526111,48.634839722],[4.895715278,48.634781111]]]}},{"type":"Feature","id":"LFSI-badafd78d2b495e7b899","properties":{"airport":"LFSI","name":"LFSI AVISO","layer":"Buildings and structures","category":"Buildings","object_type":"Area","style_id":"polygon.building.394446","source_group":"LFSI AVISO","vsmr_group_ids":[],"geometry_role":"filled_region"},"geometry":{"type":"Polygon","coordinates":[[[4.895948889,48.634717222],[4.896059444,48.6348975],[4.895870833,48.634948333],[4.895755833,48.634773611],[4.895948889,48.634717222]]]}},{"type":"Feature","id":"LFSI-e0f16a92b74b8240e9bb","properties":{"airport":"LFSI","name":"LFSI AVISO","layer":"Buildings and structures","category":"Buildings","object_type":"Area","style_id":"polygon.building.394446","source_group":"LFSI AVISO","vsmr_group_ids":[],"geometry_role":"filled_region"},"geometry":{"type":"Polygon","coordinates":[[[4.896179722,48.634655278],[4.896291111,48.634830833],[4.896104444,48.634883056],[4.895994722,48.634708056],[4.896179722,48.634655278]]]}},{"type":"Feature","id":"LFSI-3f75db0e056e92d4ac23","properties":{"airport":"LFSI","name":"LFSI AVISO","layer":"Buildings and structures","category":"Buildings","object_type":"Area","style_id":"polygon.building.394446","source_group":"LFSI AVISO","vsmr_group_ids":[],"geometry_role":"filled_region"},"geometry":{"type":"Polygon","coordinates":[[[4.896416944,48.634585833],[4.896528333,48.634764444],[4.896341389,48.634813889],[4.896226389,48.634640278],[4.896416944,48.634585833]]]}},{"type":"Feature","id":"LFSI-73fff7fef152d4acb791","properties":{"airport":"LFSI","name":"LFSI AVISO","layer":"Buildings and structures","category":"Buildings","object_type":"Area","style_id":"polygon.building.394446","source_group":"LFSI AVISO","vsmr_group_ids":[],"geometry_role":"filled_region"},"geometry":{"type":"Polygon","coordinates":[[[4.897463889,48.6342775],[4.897582222,48.634465833],[4.8965475,48.634765556],[4.89643,48.634568889],[4.897463889,48.6342775]]]}},{"type":"Feature","id":"LFSI-2afa9ce543888e13acb6","properties":{"airport":"LFSI","name":"LFSI AVISO","layer":"Buildings and structures","category":"Buildings","object_type":"Area","style_id":"polygon.building.394446","source_group":"LFSI AVISO","vsmr_group_ids":[],"geometry_role":"filled_region"},"geometry":{"type":"Polygon","coordinates":[[[4.8950575,48.634136111],[4.894891944,48.633870278],[4.895852778,48.633621389],[4.896078889,48.633979722],[4.896006944,48.634002222],[4.895987222,48.633973333],[4.895195556,48.634195278],[4.895213889,48.634223333],[4.894893056,48.634318333],[4.894825278,48.634202778],[4.8950575,48.634136111]]]}},{"type":"Feature","id":"LFSI-181ab8876370a4eb26ee","properties":{"airport":"LFSI","name":"LFSI AVISO","layer":"Buildings and structures","category":"Buildings","object_type":"Area","style_id":"polygon.building.394446","source_group":"LFSI AVISO","vsmr_group_ids":[],"geometry_role":"filled_region"},"geometry":{"type":"Polygon","coordinates":[[[4.896330833,48.633666667],[4.896449444,48.633851667],[4.896173333,48.633933056],[4.8960575,48.633746111],[4.896330833,48.633666667]]]}},{"type":"Feature","id":"LFSI-d6c45198c96134449c8e","properties":{"airport":"LFSI","name":"LFSI AVISO","layer":"Buildings and structures","category":"Buildings","object_type":"Area","style_id":"polygon.building.394446","source_group":"LFSI AVISO","vsmr_group_ids":[],"geometry_role":"filled_region"},"geometry":{"type":"Polygon","coordinates":[[[4.896908611,48.633521944],[4.896838056,48.633408056],[4.896756944,48.633430833],[4.896775,48.633462778],[4.896521111,48.633533889],[4.896385,48.633318056],[4.896636944,48.633244167],[4.896664167,48.633285556],[4.896746111,48.633262778],[4.8967175,48.633220278],[4.89768,48.632960278],[4.897996389,48.633451389],[4.897900278,48.633477222],[4.897880278,48.633447778],[4.897091667,48.633669722],[4.897110278,48.633698333],[4.897020833,48.633725],[4.897003889,48.633699444],[4.896687222,48.633785278],[4.89657,48.633608889],[4.896908611,48.633521944]]]}},{"type":"Feature","id":"LFSI-3a34ba6150060854dfff","properties":{"airport":"LFSI","name":"LFSI AVISO","layer":"Buildings and structures","category":"Buildings","object_type":"Area","style_id":"polygon.building.394446","source_group":"LFSI AVISO","vsmr_group_ids":[],"geometry_role":"filled_region"},"geometry":{"type":"Polygon","coordinates":[[[4.899118889,48.6326125],[4.899085,48.632562222],[4.899953333,48.632308611],[4.900262222,48.632804444],[4.900185833,48.632824722],[4.900169444,48.632801667],[4.899381111,48.633025833],[4.899395556,48.633046944],[4.899316111,48.633069167],[4.899024444,48.632640556],[4.899118889,48.6326125]]]}},{"type":"Feature","id":"LFSI-64ee49ad1755b0fc091e","properties":{"airport":"LFSI","name":"LFSI AVISO","layer":"Buildings and structures","category":"Buildings","object_type":"Area","style_id":"polygon.building.394446","source_group":"LFSI AVISO","vsmr_group_ids":[],"geometry_role":"filled_region"},"geometry":{"type":"Polygon","coordinates":[[[4.900613611,48.632679722],[4.900535556,48.632559444],[4.900736944,48.632499167],[4.900943333,48.632805],[4.900734167,48.632864722],[4.900721667,48.6328425],[4.900501944,48.632902778],[4.900391944,48.632740556],[4.900613611,48.632679722]]]}},{"type":"Feature","id":"LFSI-7e5f0dd51ffe0cda6a40","properties":{"airport":"LFSI","name":"LFSI AVISO","layer":"Buildings and structures","category":"Buildings","object_type":"Area","style_id":"polygon.building.394446","source_group":"LFSI AVISO","vsmr_group_ids":[],"geometry_role":"filled_region"},"geometry":{"type":"Polygon","coordinates":[[[4.901665833,48.631876111],[4.901932222,48.632327778],[4.901853333,48.632349444],[4.901840278,48.632328333],[4.901052778,48.632553611],[4.901065833,48.632571667],[4.900934167,48.632611389],[4.900649444,48.632167222],[4.901665833,48.631876111]]]}},{"type":"Feature","id":"LFSI-b6fe03d7191649592d57","properties":{"airport":"LFSI","name":"LFSI AVISO","layer":"Buildings and structures","category":"Buildings","object_type":"Area","style_id":"polygon.building.394446","source_group":"LFSI AVISO","vsmr_group_ids":[],"geometry_role":"filled_region"},"geometry":{"type":"Polygon","coordinates":[[[4.914035556,48.627862222],[4.914178889,48.628113889],[4.913777778,48.628219167],[4.913633611,48.627964722],[4.914035556,48.627862222]]]}},{"type":"Feature","id":"LFSI-b6b849713c4f620a8775","properties":{"airport":"LFSI","name":"LFSI AVISO","layer":"Buildings and structures","category":"Buildings","object_type":"Area","style_id":"polygon.building.394446","source_group":"LFSI AVISO","vsmr_group_ids":[],"geometry_role":"filled_region"},"geometry":{"type":"Polygon","coordinates":[[[4.914656667,48.628002778],[4.914494722,48.628320833],[4.914274167,48.628270556],[4.914436944,48.627946667],[4.914656667,48.628002778]]]}},{"type":"Feature","id":"LFSI-dccbaa9faae6882a6348","properties":{"airport":"LFSI","name":"LFSI AVISO","layer":"Buildings and structures","category":"Buildings","object_type":"Area","style_id":"polygon.building.394446","source_group":"LFSI AVISO","vsmr_group_ids":[],"geometry_role":"filled_region"},"geometry":{"type":"Polygon","coordinates":[[[4.913384167,48.626589167],[4.913590833,48.626503056],[4.913855833,48.626799167],[4.913653333,48.626883056],[4.913384167,48.626589167]]]}},{"type":"Feature","id":"LFSI-7dc4b0d3a754f117c800","properties":{"airport":"LFSI","name":"LFSI AVISO","layer":"Buildings and structures","category":"Buildings","object_type":"Area","style_id":"polygon.building.394446","source_group":"LFSI AVISO","vsmr_group_ids":[],"geometry_role":"filled_region"},"geometry":{"type":"Polygon","coordinates":[[[4.912405556,48.626340278],[4.912406389,48.626665278],[4.912193333,48.626663611],[4.912186944,48.626340833],[4.912405556,48.626340278]]]}},{"type":"Feature","id":"LFSI-2ef520ba037ff998a914","properties":{"airport":"LFSI","name":"LFSI AVISO","layer":"Buildings and structures","category":"Buildings","object_type":"Area","style_id":"polygon.building.394446","source_group":"LFSI AVISO","vsmr_group_ids":[],"geometry_role":"filled_region"},"geometry":{"type":"Polygon","coordinates":[[[4.911151944,48.624458056],[4.910938889,48.624459722],[4.910936944,48.624198333],[4.91115,48.624197222],[4.911151944,48.624458056]]]}},{"type":"Feature","id":"LFSI-652e37ff24ab6a13f283","properties":{"airport":"LFSI","name":"LFSI AVISO","layer":"Buildings and structures","category":"Buildings","object_type":"Area","style_id":"polygon.building.394446","source_group":"LFSI AVISO","vsmr_group_ids":[],"geometry_role":"filled_region"},"geometry":{"type":"Polygon","coordinates":[[[4.910144444,48.624421111],[4.909950278,48.624635833],[4.909771944,48.624562778],[4.909954444,48.6243475],[4.910144444,48.624421111]]]}},{"type":"Feature","id":"LFSI-62d02c36da5ce3d8b84f","properties":{"airport":"LFSI","name":"LFSI AVISO","layer":"Buildings and structures","category":"Buildings","object_type":"Area","style_id":"polygon.building.394446","source_group":"LFSI AVISO","vsmr_group_ids":[],"geometry_role":"filled_region"},"geometry":{"type":"Polygon","coordinates":[[[4.908924722,48.62289],[4.908923889,48.62305],[4.908550278,48.623057778],[4.908544722,48.622897222],[4.908924722,48.62289]]]}},{"type":"Feature","id":"LFSI-71797390554136740199","properties":{"airport":"LFSI","name":"LFSI AVISO","layer":"Buildings and structures","category":"Buildings","object_type":"Area","style_id":"polygon.building.394446","source_group":"LFSI AVISO","vsmr_group_ids":[],"geometry_role":"filled_region"},"geometry":{"type":"Polygon","coordinates":[[[4.911096667,48.622953611],[4.911174444,48.623093889],[4.910817222,48.623184167],[4.910725,48.623041389],[4.911096667,48.622953611]]]}},{"type":"Feature","id":"LFSI-722bae9635ad5375bb38","properties":{"airport":"LFSI","name":"LFSI AVISO","layer":"Buildings and structures","category":"Buildings","object_type":"Area","style_id":"polygon.building.394446","source_group":"LFSI AVISO","vsmr_group_ids":[],"geometry_role":"filled_region"},"geometry":{"type":"Polygon","coordinates":[[[4.913376389,48.623243333],[4.913464167,48.623366111],[4.913113611,48.623476667],[4.9130225,48.623347222],[4.913376389,48.623243333]]]}},{"type":"Feature","id":"LFSI-78bf63a7b4eb93b437ff","properties":{"airport":"LFSI","name":"LFSI AVISO","layer":"Buildings and structures","category":"Buildings","object_type":"Area","style_id":"polygon.building.394446","source_group":"LFSI AVISO","vsmr_group_ids":[],"geometry_role":"filled_region"},"geometry":{"type":"Polygon","coordinates":[[[4.913934722,48.623516111],[4.914268056,48.623625278],[4.914172222,48.623763056],[4.913836667,48.623658611],[4.913934722,48.623516111]]]}},{"type":"Feature","id":"LFSI-f27576c96e571b56edfa","properties":{"airport":"LFSI","name":"LFSI AVISO","layer":"Buildings and structures","category":"Buildings","object_type":"Area","style_id":"polygon.building.394446","source_group":"LFSI AVISO","vsmr_group_ids":[],"geometry_role":"filled_region"},"geometry":{"type":"Polygon","coordinates":[[[4.913343056,48.623965],[4.913231111,48.624097222],[4.912907778,48.623982778],[4.913017778,48.623848889],[4.913343056,48.623965]]]}},{"type":"Feature","id":"LFSI-68f5eb9dec44ac0d8d70","properties":{"airport":"LFSI","name":"LFSI AVISO","layer":"Buildings and structures","category":"Buildings","object_type":"Area","style_id":"polygon.building.394446","source_group":"LFSI AVISO","vsmr_group_ids":[],"geometry_role":"filled_region"},"geometry":{"type":"Polygon","coordinates":[[[4.914964444,48.626092222],[4.915176389,48.626320833],[4.914974444,48.626406389],[4.914758889,48.626185],[4.914964444,48.626092222]]]}},{"type":"Feature","id":"LFSI-712d3d6327b25fa58f3b","properties":{"airport":"LFSI","name":"LFSI AVISO","layer":"Buildings and structures","category":"Buildings","object_type":"Area","style_id":"polygon.building.394446","source_group":"LFSI AVISO","vsmr_group_ids":[],"geometry_role":"filled_region"},"geometry":{"type":"Polygon","coordinates":[[[4.902026389,48.630481389],[4.902278611,48.630725278],[4.902163056,48.6307775],[4.901913611,48.630533611],[4.902026389,48.630481389]]]}},{"type":"Feature","id":"LFSI-b5652f3f886703f3a5ca","properties":{"airport":"LFSI","name":"LFSI AVISO","layer":"Buildings and structures","category":"Buildings","object_type":"Area","style_id":"polygon.building.394446","source_group":"LFSI AVISO","vsmr_group_ids":[],"geometry_role":"filled_region"},"geometry":{"type":"Polygon","coordinates":[[[4.901929722,48.630360833],[4.901972778,48.630403333],[4.901853333,48.630453889],[4.901810556,48.630411389],[4.901929722,48.630360833]]]}},{"type":"Feature","id":"LFSI-3a9407d3708c1ee917cb","properties":{"airport":"LFSI","name":"LFSI AVISO","layer":"Buildings and structures","category":"Buildings","object_type":"Area","style_id":"polygon.building.394446","source_group":"LFSI AVISO","vsmr_group_ids":[],"geometry_role":"filled_region"},"geometry":{"type":"Polygon","coordinates":[[[4.901773889,48.630148056],[4.901923889,48.630296111],[4.901677778,48.630401667],[4.901526667,48.630254444],[4.901773889,48.630148056]]]}},{"type":"Feature","id":"LFSI-4e16f13e1008e90c5d36","properties":{"airport":"LFSI","name":"LFSI AVISO","layer":"Buildings and structures","category":"Buildings","object_type":"Area","style_id":"polygon.building.394446","source_group":"LFSI AVISO","vsmr_group_ids":[],"geometry_role":"filled_region"},"geometry":{"type":"Polygon","coordinates":[[[4.901071944,48.629586111],[4.901184722,48.6296675],[4.902182778,48.629228056],[4.902093611,48.629133056],[4.902304167,48.629039722],[4.902786667,48.629512222],[4.902561111,48.629608611],[4.902473889,48.629517222],[4.901463056,48.629954722],[4.901540833,48.630056389],[4.901336944,48.630141389],[4.900871111,48.629674167],[4.901071944,48.629586111]]]}},{"type":"Feature","id":"LFSI-c9c4fb2fe51d67799d4b","properties":{"airport":"LFSI","name":"LFSI AVISO","layer":"Buildings and structures","category":"Buildings","object_type":"Area","style_id":"polygon.building.394446","source_group":"LFSI AVISO","vsmr_group_ids":[],"geometry_role":"filled_region"},"geometry":{"type":"Polygon","coordinates":[[[4.917405556,48.638371944],[4.917386389,48.638509167],[4.917090833,48.638495556],[4.917102222,48.638359722],[4.917405556,48.638371944]]]}},{"type":"Feature","id":"LFSI-415b46db55b74ecabdfa","properties":{"airport":"LFSI","name":"LFSI AVISO","layer":"Buildings and structures","category":"Buildings","object_type":"Area","style_id":"polygon.building.394446","source_group":"LFSI AVISO","vsmr_group_ids":[],"geometry_role":"filled_region"},"geometry":{"type":"Polygon","coordinates":[[[4.91733,48.638113611],[4.917327222,48.638150278],[4.917500833,48.638161111],[4.917486667,48.638272222],[4.917315833,48.638263333],[4.917312222,48.638299444],[4.917103611,48.638291944],[4.917115,48.638104722],[4.91733,48.638113611]]]}},{"type":"Feature","id":"LFSI-98335d97605667b97f5d","properties":{"airport":"LFSI","name":"LFSI AVISO","layer":"Buildings and structures","category":"Buildings","object_type":"Area","style_id":"polygon.building.394446","source_group":"LFSI AVISO","vsmr_group_ids":[],"geometry_role":"filled_region"},"geometry":{"type":"Polygon","coordinates":[[[4.917426667,48.637911389],[4.917411389,48.638049167],[4.917176111,48.638041111],[4.9171875,48.637903611],[4.917426667,48.637911389]]]}},{"type":"Feature","id":"LFSI-5e87917ae83169424ab6","properties":{"airport":"LFSI","name":"LFSI Groundlayout","layer":"Guidance lines","category":"Taxiways","object_type":"Line","style_id":"line.taxiway.c0b631","source_group":"LFSI Groundlayout","vsmr_group_ids":[],"geometry_role":"linework"},"geometry":{"type":"MultiLineString","coordinates":[[[4.886055556,48.637638889],[4.887083333,48.638944444]],[[4.886722222,48.639055556],[4.886916667,48.639305556]],[[4.887083333,48.638944444],[4.887305556,48.639194444]],[[4.88725,48.639638889],[4.887333333,48.639777778]],[[4.887444444,48.639583333],[4.887527778,48.639722222]],[[4.887333333,48.639777778],[4.887916667,48.640833333]],[[4.887527778,48.639722222],[4.888083333,48.640722222]],[[4.887916667,48.640833333],[4.889833333,48.641388889]],[[4.888083333,48.640722222],[4.889888889,48.64125]],[[4.889833333,48.641388889],[4.893944444,48.641611111]],[[4.889888889,48.64125],[4.893916667,48.641472222]],[[4.893944444,48.641611111],[4.895833333,48.641305556]],[[4.893916667,48.641472222],[4.895722222,48.641166667]],[[4.895833333,48.641305556],[4.899083333,48.638944444]],[[4.895722222,48.641166667],[4.898861111,48.638888889]],[[4.899083333,48.638944444],[4.898805556,48.637722222]],[[4.898861111,48.638888889],[4.898611111,48.63775]],[[4.898805556,48.637722222],[4.898611111,48.63775]],[[4.894472222,48.634916667],[4.893277778,48.633972222]],[[4.894277778,48.634972222],[4.893138889,48.634083333]],[[4.893277778,48.633972222],[4.892444444,48.633666667]],[[4.893138889,48.634083333],[4.892361111,48.633777778]],[[4.892444444,48.633666667],[4.890444444,48.633444444]],[[4.892361111,48.633777778],[4.890472222,48.633583333]],[[4.890444444,48.633444444],[4.889555556,48.63375]],[[4.890472222,48.633583333],[4.889694444,48.633833333]],[[4.889555556,48.63375],[4.888416667,48.634805556]],[[4.889694444,48.633833333],[4.888555556,48.634916667]],[[4.888416667,48.634805556],[4.8875,48.635055556]],[[4.888555556,48.634916667],[4.887555556,48.635194444]],[[4.8875,48.635055556],[4.885777778,48.635]],[[4.887555556,48.635194444],[4.885833333,48.635138889]],[[4.885777778,48.635],[4.885027778,48.635277778]],[[4.885833333,48.635138889],[4.885194444,48.635388889]],[[4.885027778,48.635277778],[4.884611111,48.636277778]],[[4.885194444,48.635388889],[4.884833333,48.636277778]],[[4.884611111,48.636277778],[4.885583333,48.6375]],[[4.884833333,48.636277778],[4.885777778,48.637444444]],[[4.91675,48.630916667],[4.916694444,48.630777778]],[[4.916583333,48.630972222],[4.9165,48.630833333]],[[4.916694444,48.630777778],[4.914638889,48.627]],[[4.9165,48.630833333],[4.914444444,48.627055556]],[[4.914638889,48.627],[4.913944444,48.626305556]],[[4.914444444,48.627055556],[4.913722222,48.626305556]],[[4.913833333,48.626194444],[4.912416667,48.624722222]],[[4.913722222,48.626305556],[4.912277778,48.624833333]],[[4.912416667,48.624722222],[4.91175,48.624527778]],[[4.912277778,48.624833333],[4.911722222,48.624666667]],[[4.91175,48.624527778],[4.910194444,48.624638889]],[[4.911722222,48.624666667],[4.910222222,48.62475]],[[4.91225,48.629861111],[4.911166667,48.628527778]],[[4.912055556,48.629916667],[4.910972222,48.628583333]],[[4.911166667,48.628527778],[4.910305556,48.625083333]],[[4.910972222,48.628583333],[4.910111111,48.625111111]],[[4.910305556,48.625083333],[4.910222222,48.62475]],[[4.910111111,48.625111111],[4.91,48.624722222]],[[4.910194444,48.624638889],[4.91,48.623916667]],[[4.91,48.624722222],[4.909805556,48.623888889]],[[4.91,48.623916667],[4.911222222,48.622694444]],[[4.909805556,48.623888889],[4.911083333,48.622555556]],[[4.911222222,48.622694444],[4.913166667,48.622555556]],[[4.911083333,48.622555556],[4.913222222,48.622416667]],[[4.913166667,48.622555556],[4.915777778,48.623722222]],[[4.913222222,48.622416667],[4.915972222,48.623638889]],[[4.915777778,48.623722222],[4.916083333,48.624694444]],[[4.915972222,48.623638889],[4.916305556,48.624722222]],[[4.916083333,48.624694444],[4.914972222,48.625805556]],[[4.916305556,48.624722222],[4.915111111,48.625916667]],[[4.914972222,48.625805556],[4.913833333,48.626194444]],[[4.915111111,48.625916667],[4.913944444,48.626305556]],[[4.904444444,48.632361111],[4.905611111,48.633638889]],[[4.905,48.632194444],[4.906138889,48.633444444]],[[4.905611111,48.633638889],[4.905888889,48.633972222]],[[4.906138889,48.633444444],[4.906472222,48.633805556]],[[4.898361111,48.636083333],[4.898277778,48.635833333]],[[4.897972222,48.636194444],[4.897888889,48.635888889]],[[4.898277778,48.635833333],[4.89775,48.63425]],[[4.897888889,48.635888889],[4.897388889,48.634361111]],[[4.884222222,48.640055556],[4.884055556,48.639805556]],[[4.883833333,48.640166667],[4.883666667,48.639916667]],[[4.884055556,48.639805556],[4.883694444,48.639222222]],[[4.883666667,48.639916667],[4.883222222,48.639166667]],[[4.883694444,48.639222222],[4.885722222,48.637805556]],[[4.883222222,48.639166667],[4.885583333,48.6375]],[[4.886055556,48.637638889],[4.894611111,48.635194444]],[[4.885777778,48.637444444],[4.894277778,48.634972222]],[[4.894611111,48.635194444],[4.897388889,48.634361111]],[[4.894472222,48.634916667],[4.897444444,48.634055556]],[[4.89775,48.63425],[4.904444444,48.632361111]],[[4.897444444,48.634055556],[4.904527778,48.632027778]],[[4.900555556,48.629722222],[4.899694444,48.629]],[[4.900416667,48.629805556],[4.899416667,48.628972222]],[[4.900555556,48.629722222],[4.900416667,48.629805556]],[[4.899694444,48.629],[4.899805556,48.628944444]],[[4.899416667,48.628972222],[4.899833333,48.628777778]],[[4.899805556,48.628944444],[4.900666667,48.629666667]],[[4.899833333,48.628777778],[4.900833333,48.629583333]],[[4.900666667,48.629666667],[4.900833333,48.629583333]],[[4.905,48.632194444],[4.912333333,48.630138889]],[[4.904527778,48.632027778],[4.912055556,48.629916667]],[[4.912333333,48.630138889],[4.914694444,48.6295]],[[4.91225,48.629861111],[4.914944444,48.629138889]],[[4.914694444,48.6295],[4.915555556,48.630944444]],[[4.914944444,48.629138889],[4.915944444,48.630861111]],[[4.915555556,48.630944444],[4.915722222,48.631222222]],[[4.915944444,48.630861111],[4.916083333,48.631111111]]]}},{"type":"Feature","id":"LFSI-aa89cad0800ec0e7c816","properties":{"airport":"LFSI","name":"LFSI Groundlayout","layer":"Guidance lines","category":"Runways","object_type":"Line","style_id":"line.runwayconcrete.555555","source_group":"LFSI Groundlayout","vsmr_group_ids":[],"geometry_role":"linework"},"geometry":{"type":"MultiLineString","coordinates":[[[4.918,48.630583333],[4.91675,48.630916667]],[[4.918222222,48.630944444],[4.916888889,48.631305556]],[[4.918,48.630583333],[4.918222222,48.630944444]],[[4.916583333,48.630972222],[4.916083333,48.631111111]],[[4.916888889,48.631305556],[4.916138889,48.631527778]],[[4.915722222,48.631222222],[4.906472222,48.633805556]],[[4.916138889,48.631527778],[4.906472222,48.63425]],[[4.905888889,48.633972222],[4.898361111,48.636083333]],[[4.906472222,48.63425],[4.898361111,48.636527778]],[[4.897972222,48.636194444],[4.887305556,48.639194444]],[[4.898361111,48.636527778],[4.887444444,48.639583333]],[[4.886916667,48.639305556],[4.884222222,48.640055556]],[[4.88725,48.639638889],[4.88425,48.640472222]],[[4.883833333,48.640166667],[4.8805,48.641111111]],[[4.88425,48.640472222],[4.88075,48.641472222]],[[4.8805,48.641111111],[4.88075,48.641472222]]]}},{"type":"Feature","id":"LFSI-0ced71bef49f92fa7529","properties":{"airport":"LFSI","name":"LFSI Groundlayout","layer":"Guidance lines","category":"Apron Surface","object_type":"Line","style_id":"line.apronsurface.808080","source_group":"LFSI Groundlayout","vsmr_group_ids":[],"geometry_role":"linework"},"geometry":{"type":"MultiLineString","coordinates":[[[4.901333333,48.631416667],[4.903361111,48.630388889],[4.902972222,48.630055556],[4.9025,48.630277778],[4.90175,48.629611111],[4.902138889,48.629416667],[4.901694444,48.629],[4.89975,48.630027778]],[[4.901333333,48.631416667],[4.89975,48.630027778]],[[4.899416667,48.628805556],[4.899444444,48.629055556],[4.899916667,48.629027778],[4.899916667,48.628805556]],[[4.899416667,48.628805556],[4.899916667,48.628805556]],[[4.885472222,48.637833333],[4.886305556,48.638083333],[4.886611111,48.637277778],[4.885972222,48.637444444]],[[4.885472222,48.637833333],[4.885972222,48.637444444]],[[4.883333333,48.639111111],[4.882805556,48.639555556],[4.883277778,48.640361111],[4.884,48.640166667]],[[4.883333333,48.639111111],[4.884,48.640166667]],[[4.898555556,48.638],[4.898944444,48.637916667],[4.898722222,48.63675],[4.898777778,48.636111111],[4.898583333,48.635888889],[4.898277778,48.635833333],[4.897944444,48.635888889],[4.897611111,48.636138889],[4.897583333,48.636555556],[4.89825,48.637222222]],[[4.898555556,48.638],[4.89825,48.637222222]],[[4.898,48.634444444],[4.904305556,48.632722222],[4.905166667,48.632138889],[4.901805556,48.628944444],[4.901555556,48.629083333],[4.903083333,48.630472222],[4.902527778,48.63075],[4.904138889,48.632194444],[4.893027778,48.635361111],[4.893833333,48.635638889],[4.897277778,48.634666667]],[[4.898,48.634444444],[4.897277778,48.634666667]],[[4.914972222,48.629444444],[4.915638889,48.629222222],[4.916611111,48.631055556],[4.915944444,48.63125]],[[4.914972222,48.629444444],[4.915944444,48.63125]],[[4.906555556,48.63475],[4.907083333,48.634555556],[4.906583333,48.634],[4.906055556,48.634138889]],[[4.906555556,48.63475],[4.906055556,48.634138889]]]}},{"type":"Feature","id":"LFSI-3860bed5173c5f228fb8","properties":{"airport":"LFSI","name":"11","layer":"Labels","category":"Taxiways","object_type":"Label","style_id":"label.taxiways","source_group":"LFSI Taxiways","vsmr_group_ids":[],"geometry_role":"text_label","text-field":"11"},"geometry":{"type":"Point","coordinates":[4.884770556,48.640123056]}},{"type":"Feature","id":"LFSI-ed2d7d062ff1533faee2","properties":{"airport":"LFSI","name":"29","layer":"Labels","category":"Taxiways","object_type":"Label","style_id":"label.taxiways","source_group":"LFSI Taxiways","vsmr_group_ids":[],"geometry_role":"text_label","text-field":"29"},"geometry":{"type":"Point","coordinates":[4.914011389,48.63186]}},{"type":"Feature","id":"LFSI-9e2e32c0a0b2492af017","properties":{"airport":"LFSI","name":"11","layer":"Labels","category":"Taxiways","object_type":"Label","style_id":"label.taxiways","source_group":"LFSI Taxiways","vsmr_group_ids":[],"geometry_role":"text_label","text-field":"11"},"geometry":{"type":"Point","coordinates":[4.9021425,48.636513333]}},{"type":"Feature","id":"LFSI-bb51b65bc182fe1760da","properties":{"airport":"LFSI","name":"29","layer":"Labels","category":"Taxiways","object_type":"Label","style_id":"label.taxiways","source_group":"LFSI Taxiways","vsmr_group_ids":[],"geometry_role":"text_label","text-field":"29"},"geometry":{"type":"Point","coordinates":[4.915549167,48.632726944]}},{"type":"Feature","id":"LFSI-694a67f83672c07b778b","properties":{"airport":"LFSI","name":"A","layer":"Labels","category":"Taxiways","object_type":"Label","style_id":"label.taxiways","source_group":"LFSI Taxiways","vsmr_group_ids":[],"geometry_role":"text_label","text-field":"A"},"geometry":{"type":"Point","coordinates":[4.885216667,48.639150278]}},{"type":"Feature","id":"LFSI-4c4bf725b6584f5f0ee0","properties":{"airport":"LFSI","name":"A","layer":"Labels","category":"Taxiways","object_type":"Label","style_id":"label.taxiways","source_group":"LFSI Taxiways","vsmr_group_ids":[],"geometry_role":"text_label","text-field":"A"},"geometry":{"type":"Point","coordinates":[4.884830278,48.638298333]}},{"type":"Feature","id":"LFSI-0778948501fdef1cbc35","properties":{"airport":"LFSI","name":"B","layer":"Labels","category":"Taxiways","object_type":"Label","style_id":"label.taxiways","source_group":"LFSI Taxiways","vsmr_group_ids":[],"geometry_role":"text_label","text-field":"B"},"geometry":{"type":"Point","coordinates":[4.887575278,48.6384]}},{"type":"Feature","id":"LFSI-2bbd875f464c8a56ea8e","properties":{"airport":"LFSI","name":"B","layer":"Labels","category":"Taxiways","object_type":"Label","style_id":"label.taxiways","source_group":"LFSI Taxiways","vsmr_group_ids":[],"geometry_role":"text_label","text-field":"B"},"geometry":{"type":"Point","coordinates":[4.886798333,48.637935833]}},{"type":"Feature","id":"LFSI-8b8eb3cb6c85933a4c93","properties":{"airport":"LFSI","name":"C","layer":"Labels","category":"Taxiways","object_type":"Label","style_id":"label.taxiways","source_group":"LFSI Taxiways","vsmr_group_ids":[],"geometry_role":"text_label","text-field":"C"},"geometry":{"type":"Point","coordinates":[4.899263056,48.635104722]}},{"type":"Feature","id":"LFSI-69cebc1c0e85d68dd121","properties":{"airport":"LFSI","name":"C","layer":"Labels","category":"Taxiways","object_type":"Label","style_id":"label.taxiways","source_group":"LFSI Taxiways","vsmr_group_ids":[],"geometry_role":"text_label","text-field":"C"},"geometry":{"type":"Point","coordinates":[4.898641389,48.634640556]}},{"type":"Feature","id":"LFSI-642d89db9a67ee233f3b","properties":{"airport":"LFSI","name":"D","layer":"Labels","category":"Taxiways","object_type":"Label","style_id":"label.taxiways","source_group":"LFSI Taxiways","vsmr_group_ids":[],"geometry_role":"text_label","text-field":"D"},"geometry":{"type":"Point","coordinates":[4.906738333,48.632885278]}},{"type":"Feature","id":"LFSI-0a1c283813e171666d92","properties":{"airport":"LFSI","name":"D","layer":"Labels","category":"Taxiways","object_type":"Label","style_id":"label.taxiways","source_group":"LFSI Taxiways","vsmr_group_ids":[],"geometry_role":"text_label","text-field":"D"},"geometry":{"type":"Point","coordinates":[4.906859167,48.632205833]}},{"type":"Feature","id":"LFSI-7f8df5d45c47b98ef0ef","properties":{"airport":"LFSI","name":"E","layer":"Labels","category":"Taxiways","object_type":"Label","style_id":"label.taxiways","source_group":"LFSI Taxiways","vsmr_group_ids":[],"geometry_role":"text_label","text-field":"E"},"geometry":{"type":"Point","coordinates":[4.913851111,48.630903611]}},{"type":"Feature","id":"LFSI-319b28752a37ee3aef3d","properties":{"airport":"LFSI","name":"E","layer":"Labels","category":"Taxiways","object_type":"Label","style_id":"label.taxiways","source_group":"LFSI Taxiways","vsmr_group_ids":[],"geometry_role":"text_label","text-field":"E"},"geometry":{"type":"Point","coordinates":[4.914889167,48.629878889]}},{"type":"Feature","id":"LFSI-ebae4b940c4f34fda7aa","properties":{"airport":"LFSI","name":"F","layer":"Labels","category":"Taxiways","object_type":"Label","style_id":"label.taxiways","source_group":"LFSI Taxiways","vsmr_group_ids":[],"geometry_role":"text_label","text-field":"F"},"geometry":{"type":"Point","coordinates":[4.883866111,48.635707222]}},{"type":"Feature","id":"LFSI-d032e62aea839bc5498b","properties":{"airport":"LFSI","name":"F","layer":"Labels","category":"Taxiways","object_type":"Label","style_id":"label.taxiways","source_group":"LFSI Taxiways","vsmr_group_ids":[],"geometry_role":"text_label","text-field":"F"},"geometry":{"type":"Point","coordinates":[4.884446111,48.634330278]}},{"type":"Feature","id":"LFSI-5d8fac1dfe7a883b4100","properties":{"airport":"LFSI","name":"G","layer":"Labels","category":"Taxiways","object_type":"Label","style_id":"label.taxiways","source_group":"LFSI Taxiways","vsmr_group_ids":[],"geometry_role":"text_label","text-field":"G"},"geometry":{"type":"Point","coordinates":[4.893893056,48.634402778]}},{"type":"Feature","id":"LFSI-670a737077b1f9d1a079","properties":{"airport":"LFSI","name":"G","layer":"Labels","category":"Taxiways","object_type":"Label","style_id":"label.taxiways","source_group":"LFSI Taxiways","vsmr_group_ids":[],"geometry_role":"text_label","text-field":"G"},"geometry":{"type":"Point","coordinates":[4.891835278,48.633804722]}},{"type":"Feature","id":"LFSI-6b04cdb2d92c0ce982cf","properties":{"airport":"LFSI","name":"G","layer":"Labels","category":"Taxiways","object_type":"Label","style_id":"label.taxiways","source_group":"LFSI Taxiways","vsmr_group_ids":[],"geometry_role":"text_label","text-field":"G"},"geometry":{"type":"Point","coordinates":[4.889155833,48.6334425]}},{"type":"Feature","id":"LFSI-f53ae8b2336c6222fd10","properties":{"airport":"LFSI","name":"G","layer":"Labels","category":"Taxiways","object_type":"Label","style_id":"label.taxiways","source_group":"LFSI Taxiways","vsmr_group_ids":[],"geometry_role":"text_label","text-field":"G"},"geometry":{"type":"Point","coordinates":[4.887912778,48.634294167]}},{"type":"Feature","id":"LFSI-4683d10f0aa49f318d82","properties":{"airport":"LFSI","name":"G","layer":"Labels","category":"Taxiways","object_type":"Label","style_id":"label.taxiways","source_group":"LFSI Taxiways","vsmr_group_ids":[],"geometry_role":"text_label","text-field":"G"},"geometry":{"type":"Point","coordinates":[4.886296944,48.635009722]}},{"type":"Feature","id":"LFSI-520c323bdcb142025784","properties":{"airport":"LFSI","name":"G","layer":"Labels","category":"Taxiways","object_type":"Label","style_id":"label.taxiways","source_group":"LFSI Taxiways","vsmr_group_ids":[],"geometry_role":"text_label","text-field":"G"},"geometry":{"type":"Point","coordinates":[4.884915833,48.635571389]}},{"type":"Feature","id":"LFSI-a8f14826c9a2c880e975","properties":{"airport":"LFSI","name":"G","layer":"Labels","category":"Taxiways","object_type":"Label","style_id":"label.taxiways","source_group":"LFSI Taxiways","vsmr_group_ids":[],"geometry_role":"text_label","text-field":"G"},"geometry":{"type":"Point","coordinates":[4.885606389,48.636921111]}},{"type":"Feature","id":"LFSI-ec1d244c2037870702ec","properties":{"airport":"LFSI","name":"P","layer":"Labels","category":"Taxiways","object_type":"Label","style_id":"label.taxiways","source_group":"LFSI Taxiways","vsmr_group_ids":[],"geometry_role":"text_label","text-field":"P"},"geometry":{"type":"Point","coordinates":[4.910160833,48.630569444]}},{"type":"Feature","id":"LFSI-c51b7f670967ed5d2adb","properties":{"airport":"LFSI","name":"P","layer":"Labels","category":"Taxiways","object_type":"Label","style_id":"label.taxiways","source_group":"LFSI Taxiways","vsmr_group_ids":[],"geometry_role":"text_label","text-field":"P"},"geometry":{"type":"Point","coordinates":[4.901621389,48.6329725]}},{"type":"Feature","id":"LFSI-83e9b1df9f741b5112c1","properties":{"airport":"LFSI","name":"P","layer":"Labels","category":"Taxiways","object_type":"Label","style_id":"label.taxiways","source_group":"LFSI Taxiways","vsmr_group_ids":[],"geometry_role":"text_label","text-field":"P"},"geometry":{"type":"Point","coordinates":[4.896171111,48.634485278]}},{"type":"Feature","id":"LFSI-54e29daf7035a3badd7d","properties":{"airport":"LFSI","name":"P","layer":"Labels","category":"Taxiways","object_type":"Label","style_id":"label.taxiways","source_group":"LFSI Taxiways","vsmr_group_ids":[],"geometry_role":"text_label","text-field":"P"},"geometry":{"type":"Point","coordinates":[4.8902775,48.636135833]}},{"type":"Feature","id":"LFSI-858daaf67b63c82a8ae4","properties":{"airport":"LFSI","name":"X","layer":"Labels","category":"Taxiways","object_type":"Label","style_id":"label.taxiways","source_group":"LFSI Taxiways","vsmr_group_ids":[],"geometry_role":"text_label","text-field":"X"},"geometry":{"type":"Point","coordinates":[4.889506389,48.641080833]}},{"type":"Feature","id":"LFSI-aa791e1405e8549cc89f","properties":{"airport":"LFSI","name":"X","layer":"Labels","category":"Taxiways","object_type":"Label","style_id":"label.taxiways","source_group":"LFSI Taxiways","vsmr_group_ids":[],"geometry_role":"text_label","text-field":"X"},"geometry":{"type":"Point","coordinates":[4.891039444,48.641262222]}},{"type":"Feature","id":"LFSI-2d0b83e26095ab1fbba5","properties":{"airport":"LFSI","name":"X","layer":"Labels","category":"Taxiways","object_type":"Label","style_id":"label.taxiways","source_group":"LFSI Taxiways","vsmr_group_ids":[],"geometry_role":"text_label","text-field":"X"},"geometry":{"type":"Point","coordinates":[4.892751944,48.6414525]}},{"type":"Feature","id":"LFSI-cdcae167fd6ebaec5a5c","properties":{"airport":"LFSI","name":"X","layer":"Labels","category":"Taxiways","object_type":"Label","style_id":"label.taxiways","source_group":"LFSI Taxiways","vsmr_group_ids":[],"geometry_role":"text_label","text-field":"X"},"geometry":{"type":"Point","coordinates":[4.894243611,48.641615556]}},{"type":"Feature","id":"LFSI-d1537a26e355bdf9d770","properties":{"airport":"LFSI","name":"X","layer":"Labels","category":"Taxiways","object_type":"Label","style_id":"label.taxiways","source_group":"LFSI Taxiways","vsmr_group_ids":[],"geometry_role":"text_label","text-field":"X"},"geometry":{"type":"Point","coordinates":[4.89568,48.641543056]}},{"type":"Feature","id":"LFSI-8d184165501ea98b5149","properties":{"airport":"LFSI","name":"X","layer":"Labels","category":"Taxiways","object_type":"Label","style_id":"label.taxiways","source_group":"LFSI Taxiways","vsmr_group_ids":[],"geometry_role":"text_label","text-field":"X"},"geometry":{"type":"Point","coordinates":[4.897171667,48.640981389]}},{"type":"Feature","id":"LFSI-2ea4bc29fd2c85e73eb2","properties":{"airport":"LFSI","name":"X","layer":"Labels","category":"Taxiways","object_type":"Label","style_id":"label.taxiways","source_group":"LFSI Taxiways","vsmr_group_ids":[],"geometry_role":"text_label","text-field":"X"},"geometry":{"type":"Point","coordinates":[4.898594167,48.640465]}},{"type":"Feature","id":"LFSI-bb624e075565b19f14a5","properties":{"airport":"LFSI","name":"X","layer":"Labels","category":"Taxiways","object_type":"Label","style_id":"label.taxiways","source_group":"LFSI Taxiways","vsmr_group_ids":[],"geometry_role":"text_label","text-field":"X"},"geometry":{"type":"Point","coordinates":[4.899464167,48.639721944]}},{"type":"Feature","id":"LFSI-d8c1dfb4ed224dd7b455","properties":{"airport":"LFSI","name":"X","layer":"Labels","category":"Taxiways","object_type":"Label","style_id":"label.taxiways","source_group":"LFSI Taxiways","vsmr_group_ids":[],"geometry_role":"text_label","text-field":"X"},"geometry":{"type":"Point","coordinates":[4.899464167,48.638616944]}},{"type":"Feature","id":"LFSI-3a8ba4167a53b6d87a58","properties":{"airport":"LFSI","name":"X","layer":"Labels","category":"Taxiways","object_type":"Label","style_id":"label.taxiways","source_group":"LFSI Taxiways","vsmr_group_ids":[],"geometry_role":"text_label","text-field":"X"},"geometry":{"type":"Point","coordinates":[4.8996575,48.637855833]}},{"type":"Feature","id":"LFSI-033406a716c74deb08f7","properties":{"airport":"LFSI","name":"X","layer":"Labels","category":"Taxiways","object_type":"Label","style_id":"label.taxiways","source_group":"LFSI Taxiways","vsmr_group_ids":[],"geometry_role":"text_label","text-field":"X"},"geometry":{"type":"Point","coordinates":[4.899298611,48.636768889]}},{"type":"Feature","id":"LFSI-fc25bd0dc354dd85c5f5","properties":{"airport":"LFSI","name":"X","layer":"Labels","category":"Taxiways","object_type":"Label","style_id":"label.taxiways","source_group":"LFSI Taxiways","vsmr_group_ids":[],"geometry_role":"text_label","text-field":"X"},"geometry":{"type":"Point","coordinates":[4.908513889,48.6339125]}},{"type":"Feature","id":"LFSI-f2bc6184c60411f5d134","properties":{"airport":"LFSI","name":"X","layer":"Labels","category":"Taxiways","object_type":"Label","style_id":"label.taxiways","source_group":"LFSI Taxiways","vsmr_group_ids":[],"geometry_role":"text_label","text-field":"X"},"geometry":{"type":"Point","coordinates":[4.910240278,48.635575556]}},{"type":"Feature","id":"LFSI-85ae1468c23769402f41","properties":{"airport":"LFSI","name":"X","layer":"Labels","category":"Taxiways","object_type":"Label","style_id":"label.taxiways","source_group":"LFSI Taxiways","vsmr_group_ids":[],"geometry_role":"text_label","text-field":"X"},"geometry":{"type":"Point","coordinates":[4.911589167,48.636885]}},{"type":"Feature","id":"LFSI-1b7143f6d1e11b13308d","properties":{"airport":"LFSI","name":"X","layer":"Labels","category":"Taxiways","object_type":"Label","style_id":"label.taxiways","source_group":"LFSI Taxiways","vsmr_group_ids":[],"geometry_role":"text_label","text-field":"X"},"geometry":{"type":"Point","coordinates":[4.916935,48.630562778]}},{"type":"Feature","id":"LFSI-693e3868f33a35b754b5","properties":{"airport":"LFSI","name":"X","layer":"Labels","category":"Taxiways","object_type":"Label","style_id":"label.taxiways","source_group":"LFSI Taxiways","vsmr_group_ids":[],"geometry_role":"text_label","text-field":"X"},"geometry":{"type":"Point","coordinates":[4.916493056,48.629774167]}},{"type":"Feature","id":"LFSI-30e9eceb19a40ab59329","properties":{"airport":"LFSI","name":"X","layer":"Labels","category":"Taxiways","object_type":"Label","style_id":"label.taxiways","source_group":"LFSI Taxiways","vsmr_group_ids":[],"geometry_role":"text_label","text-field":"X"},"geometry":{"type":"Point","coordinates":[4.915830278,48.629240833]}},{"type":"Feature","id":"LFSI-373e3a3f9406fd539c6a","properties":{"airport":"LFSI","name":"X","layer":"Labels","category":"Taxiways","object_type":"Label","style_id":"label.taxiways","source_group":"LFSI Taxiways","vsmr_group_ids":[],"geometry_role":"text_label","text-field":"X"},"geometry":{"type":"Point","coordinates":[4.915503056,48.629762778]}},{"type":"Feature","id":"LFSI-eba8d570f55e1a7d8e8c","properties":{"airport":"LFSI","name":"X","layer":"Labels","category":"Taxiways","object_type":"Label","style_id":"label.taxiways","source_group":"LFSI Taxiways","vsmr_group_ids":[],"geometry_role":"text_label","text-field":"X"},"geometry":{"type":"Point","coordinates":[4.915414722,48.630632222]}},{"type":"Feature","id":"LFSI-639b1d4e5f88a41937b0","properties":{"airport":"LFSI","name":"X","layer":"Labels","category":"Taxiways","object_type":"Label","style_id":"label.taxiways","source_group":"LFSI Taxiways","vsmr_group_ids":[],"geometry_role":"text_label","text-field":"X"},"geometry":{"type":"Point","coordinates":[4.916033611,48.630667222]}},{"type":"Feature","id":"LFSI-d951d5950640741a0dba","properties":{"airport":"LFSI","name":"X","layer":"Labels","category":"Taxiways","object_type":"Label","style_id":"label.taxiways","source_group":"LFSI Taxiways","vsmr_group_ids":[],"geometry_role":"text_label","text-field":"X"},"geometry":{"type":"Point","coordinates":[4.917518611,48.631490278]}},{"type":"Feature","id":"LFSI-6af62232d5b9a97968ec","properties":{"airport":"LFSI","name":"X","layer":"Labels","category":"Taxiways","object_type":"Label","style_id":"label.taxiways","source_group":"LFSI Taxiways","vsmr_group_ids":[],"geometry_role":"text_label","text-field":"X"},"geometry":{"type":"Point","coordinates":[4.918234444,48.632383333]}}]}
