{"type":"FeatureCollection","name":"LFST AVISO","bbox":[7.60298764784393,48.52726455717717,7.651814187692969,48.55178520979841],"metadata":{"schema":"vSMR AVISO","schema_version":2,"geometry_mode":"shared","airport":"LFST","coordinate_reference_system":"WGS84","coordinate_order":"longitude, latitude","default_color_palette":"dark","color_palettes":["dark","light"],"background_colors":{"dark":"#434A4F","light":"#434A4F"},"runways":[{"ends":["05","23"],"headings":[46,226],"thresholds":[[7.616030833,48.531193889],[7.640441944,48.545441944]]}],"saved_active_runways":[],"saved_active_airport_modes":[],"airport_reference":[7.634443889,48.541943889],"feature_count":173,"style_count":12,"layer_counts":{"Airfield surfaces":12,"Buildings and structures":61,"Guidance lines":41,"Labels":58,"Terrain":1},"category_counts":{"Buildings":61,"Gates":47,"Grass":1,"Hard Surface 2":1,"Hard Surface 3":3,"Hard Surface 4":3,"Runways":1,"Taxiways":52,"prohibitedarea":4},"geometry_source":"local GNG/KMZ","geometry_source_url":"","geometry_license":"GPL-3.0"},"styles":{"polygon.grassurface4.1d2b2b":{"name":"Gras Surface 4","layer":"Terrain","object_type":"Area","paint":{"fill":"#1D2B2B","fill-opacity":1,"palette-overrides":{"light":{"fill":"#1D2B2B"}}},"feature_count":0},"polygon.grassurface.00512f":{"name":"Grass","layer":"Terrain","object_type":"Area","paint":{"fill":"#010D19","fill-opacity":1,"palette-overrides":{"light":{"fill":"#00512F"}}},"feature_count":1},"polygon.hardsurface4.969393":{"name":"Hard Surface 4","layer":"Airfield surfaces","object_type":"Area","paint":{"fill":"#152841","fill-opacity":1,"palette-overrides":{"light":{"fill":"#969393"}}},"feature_count":3},"polygon.hardsurface2.595e5b":{"name":"Hard Surface 2","layer":"Airfield surfaces","object_type":"Area","paint":{"fill":"#2F3949","fill-opacity":1,"palette-overrides":{"light":{"fill":"#595E5B"}}},"feature_count":1},"polygon.runwayconcrete.555555":{"name":"Runways","layer":"Airfield surfaces","object_type":"Area","paint":{"fill":"#111318","fill-opacity":1,"palette-overrides":{"light":{"fill":"#555555"}}},"feature_count":1},"polygon.hardsurface3.8a807f":{"name":"Hard Surface 3","layer":"Airfield surfaces","object_type":"Area","paint":{"fill":"#222D3C","fill-opacity":1,"palette-overrides":{"light":{"fill":"#8A807F"}}},"feature_count":3},"polygon.building.394446":{"name":"Buildings","layer":"Buildings and structures","object_type":"Area","paint":{"fill":"#475570","fill-opacity":1,"palette-overrides":{"light":{"fill":"#394446"}}},"feature_count":61},"polygon.stopbar.7e0000":{"name":"Stopbars","layer":"Surface markings","object_type":"Area","paint":{"fill":"#7E0000","fill-opacity":1,"palette-overrides":{"light":{"fill":"#7E0000"}}},"feature_count":0},"line.taxiway.c0b631":{"name":"Taxiways","layer":"Guidance lines","object_type":"Line","paint":{"stroke":"#4E5A69","stroke-opacity":1,"stroke-width":1,"palette-overrides":{"light":{"stroke":"#C0B631"}}},"feature_count":41},"label.gates":{"name":"Gates","layer":"Labels","object_type":"Label","paint":{"text-color":"#CCCCCC","text-font":"Arial","text-size":12,"text-halo-color":"#000000","text-halo-width":1,"text-anchor":"center","zoomLevel":9},"feature_count":47},"label.taxiways":{"name":"Taxiways","layer":"Labels","object_type":"Label","paint":{"text-color":"#CCCCCC","text-font":"Arial","text-size":12,"text-halo-color":"#000000","text-halo-width":1,"text-anchor":"center","zoomLevel":7},"feature_count":11},"polygon.prohibitedarea":{"name":"prohibitedarea","layer":"Airfield surfaces","object_type":"Area","paint":{"fill":"#7E0000","fill-opacity":1},"feature_count":4}},"vsmr_groups":[],"features":[{"type":"Feature","id":"LFST-8df8742ea390ccfcaf9e","properties":{"airport":"LFST","name":"COLOR_GrasSurface","layer":"Terrain","category":"Grass","object_type":"Area","style_id":"polygon.grassurface.00512f","source_group":"COLOR_GrasSurface","vsmr_group_ids":[],"geometry_role":"filled_region"},"geometry":{"type":"Polygon","coordinates":[[[7.614435392319079,48.52782275754465],[7.614486438128618,48.52788704204383],[7.614192074123247,48.52914951151957],[7.621209207789499,48.53021953669169],[7.620258482101702,48.53187602678438],[7.632066793559622,48.53878582110189],[7.632124659186013,48.53882840163341],[7.632166447698562,48.53887843170552],[7.632216269937437,48.5389529436071],[7.63227091545361,48.53902532705021],[7.632385037699403,48.53912326055432],[7.632542569254883,48.53919884477326],[7.632854377636018,48.53927615412485],[7.633031211947932,48.53929213235727],[7.633248237502459,48.53929853337692],[7.633450798128452,48.53927938744594],[7.633645322867368,48.53924321029626],[7.63381998028162,48.53920079173223],[7.634018654355732,48.53911056458485],[7.634224261587672,48.53899280682432],[7.634452990845986,48.53885341397772],[7.634633188507099,48.53871882952667],[7.634776422933978,48.53860106727242],[7.634933519078131,48.53846189288669],[7.635146057184066,48.53829366093364],[7.635415476651182,48.53814626763025],[7.635658038761559,48.53801321401515],[7.635856704917745,48.53792757206282],[7.636096948625772,48.53784957901495],[7.636938942973737,48.53755817924431],[7.6372738912896,48.53747559860815],[7.63770963118013,48.5374055049776],[7.638266330063621,48.53736269446158],[7.638783084600382,48.53736270429566],[7.639166535928752,48.53739330144322],[7.639543055006108,48.53747131094048],[7.639956531809784,48.53761508690553],[7.640372319906277,48.5377940391752],[7.640793612717893,48.53796917509833],[7.641613556425684,48.53844608799991],[7.641737690869668,48.53851434749949],[7.641874449003825,48.53856728300958],[7.64207665794128,48.53860662898471],[7.642356486183757,48.53862473628697],[7.642798318815158,48.53863448200641],[7.644570409392877,48.53863165466942],[7.644690336357217,48.5386469747043],[7.644751352398775,48.5386622964666],[7.644801849592382,48.53869015613561],[7.64506884701885,48.53888311919588],[7.645097528152219,48.53893121992396],[7.645107091347154,48.5389818529889],[7.645097537369705,48.53904514507743],[7.645066951978265,48.53909198206168],[7.64397705490977,48.54025802354647],[7.643936181887623,48.54029916094692],[7.643918198199444,48.54032514225669],[7.643918199532238,48.54034787549879],[7.643926376033454,48.5403716910652],[7.643960720538954,48.54052795222763],[7.643977074029856,48.54058207859488],[7.643986886649692,48.54062321466144],[7.643981983815033,48.54066110349318],[7.643965636836882,48.54071739569537],[7.643944386166579,48.54079858627819],[7.643914959164045,48.54086137398287],[7.64380335935559,48.54106679430451],[7.643778746219601,48.54111483020604],[7.643767088434004,48.54115686137246],[7.643773914427953,48.54119508978987],[7.643792054325857,48.54122682704471],[7.643820558359091,48.54125084406812],[7.643881452365568,48.5412851535703],[7.643954006336379,48.54131517387208],[7.64413668535677,48.54136406218793],[7.646917309221813,48.54217714841883],[7.647058533964772,48.54221488327354],[7.647190688154044,48.54224146732165],[7.64731895432297,48.54225775810576],[7.647447219666057,48.54226718653761],[7.647824922240194,48.54229172313023],[7.647951892642326,48.54230286671927],[7.648090524460731,48.54232172941052],[7.648174740752292,48.54233802194656],[7.648242115253769,48.54236117763817],[7.648300422077958,48.54239462715026],[7.64834188812941,48.54244180205942],[7.648379467817772,48.54249155050977],[7.648411868169074,48.54256188580057],[7.649020193439191,48.54390595286453],[7.649051301021061,48.54398315032991],[7.649087591821646,48.54406377846379],[7.649092783471976,48.54411990186121],[7.649096676817521,48.54416021695025],[7.649098006567732,48.54437312350255],[7.649105786347132,48.54441000725443],[7.649130409369993,48.54444517423335],[7.649165398478464,48.54448548711596],[7.649219823062623,48.5445292296905],[7.649306641889191,48.54458926758218],[7.650230677011809,48.54522077878161],[7.650378401551969,48.54531683748305],[7.650441175964737,48.54536373907628],[7.650470984370161,48.54540576755794],[7.650482652016151,48.54544093531369],[7.650487842255349,48.54548125023279],[7.650486552995391,48.54551556125752],[7.650474898732815,48.54555244644945],[7.650438632428036,48.54562107123614],[7.650323082922032,48.54581172954881],[7.650237650366583,48.54599242904518],[7.650117819095776,48.5463184158237],[7.65002366688411,48.5465820390713],[7.649955219940336,48.54692091213105],[7.649942437798112,48.54728657429473],[7.649959629926173,48.5476550680302],[7.650044468987389,48.54802379867163],[7.650145654544042,48.5483844104057],[7.650309604577812,48.54875047327334],[7.650485805365812,48.54902902120422],[7.65068484039543,48.54929461048628],[7.651547360754005,48.55052879162789],[7.651627448069824,48.55065417455128],[7.651727096600132,48.55080070452853],[7.651782627604627,48.55091809781406],[7.651811705505174,48.55102433595184],[7.651814187692969,48.55116040223236],[7.651792074119896,48.55127305627008],[7.65174782141036,48.55137838537189],[7.651665316684109,48.55148931604875],[7.651554648428929,48.55158549253034],[7.651421838835026,48.55166518519278],[7.651228148772478,48.55173755613671],[7.650901627018623,48.55178520979841],[7.650574750041876,48.55177746997914],[7.650256514876377,48.55175093565225],[7.649985322911332,48.5517225651146],[7.64920013587836,48.55160293363852],[7.648057324481705,48.55138908650186],[7.646544325037534,48.55104475405383],[7.644248348989171,48.55050026340921],[7.639636876881157,48.54941183410813],[7.633144793214863,48.54780164211402],[7.631776680734199,48.54733935986309],[7.631605347372322,48.54728855688671],[7.631497943864394,48.54725976753034],[7.631385424075208,48.54723944247092],[7.631239657676057,48.5472241933725],[7.631088231548699,48.54722248773443],[7.630973146675188,48.54724279349131],[7.630842716391535,48.54726986968308],[7.630735301840861,48.54729864068732],[7.630633000532676,48.54733418392029],[7.630556275446672,48.54735618561317],[7.630464209016072,48.54736464210139],[7.630318442451573,48.54735277791752],[7.622151235220301,48.54532545871709],[7.614076895894833,48.54080570859159],[7.616274122369157,48.53740186330364],[7.616807233853436,48.53655664234588],[7.614295664093609,48.53509126055645],[7.613669735541519,48.53558596699025],[7.613607228482751,48.53563035275449],[7.613578266339487,48.53564245512234],[7.613540166928061,48.53564244604699],[7.613499024476916,48.53563335429344],[7.613410650384891,48.53560306005544],[7.613313131077842,48.53557579089262],[7.613235409667354,48.53557375400846],[7.613082501635398,48.5355801913125],[7.612887445597076,48.53555693427136],[7.61270611548669,48.53551652559622],[7.612526329197074,48.53544180759538],[7.612332846872352,48.53533378564429],[7.612163740166813,48.53524090606233],[7.611871186157295,48.53514629269537],[7.61162821767768,48.53510300412704],[7.611448703654133,48.5350849470744],[7.611151923053199,48.53511095694209],[7.611032225627947,48.53513494093171],[7.610934293757115,48.53515052520095],[7.610874455751104,48.5351445058672],[7.610798309584972,48.53511806952939],[7.610678647549691,48.53508321649769],[7.61039841808242,48.53509433260764],[7.610222100149566,48.53511488738495],[7.610087262104037,48.53514146179511],[7.609894661092778,48.53525516214431],[7.609803860905268,48.53534355298183],[7.609676011864894,48.53554789750267],[7.609594230543799,48.53572470593791],[7.609422627000564,48.53590209376411],[7.609293760897895,48.53609434460278],[7.609243134962671,48.53620077243063],[7.609213239262196,48.53632609081728],[7.607863355473028,48.53588545007699],[7.608250145730011,48.53538768420421],[7.608487911760735,48.53489962192775],[7.608557906876738,48.53491251764862],[7.608583862628466,48.53486788806686],[7.607850358373652,48.53461385152215],[7.607894977723446,48.53456092732303],[7.607901151971978,48.53452326240507],[7.607832704899069,48.53450068375304],[7.607785673045258,48.53453581442387],[7.607753810536906,48.53456291647884],[7.60771890729319,48.53460206708514],[7.607723436721563,48.53463219197635],[7.607723413631293,48.53466733615986],[7.607696095031232,48.53470247246411],[7.607668785648556,48.53472355108754],[7.607638448700182,48.53473659587119],[7.60760963280867,48.5347426122482],[7.607573237457476,48.53474460993494],[7.607533819225479,48.53473154493906],[7.60721393651338,48.53460995328421],[7.606981986826701,48.53451851032538],[7.603710896558669,48.5332845199279],[7.603554141430351,48.53322311453449],[7.603397401526914,48.53314165066883],[7.603329739767339,48.53307791413663],[7.603295937000054,48.53300828911498],[7.603285301413603,48.53293395203445],[7.60298764784393,48.53040535349538],[7.606086337273958,48.5298041365928],[7.606324471334769,48.52986523398555],[7.607328593347926,48.53012744286201],[7.607480102111661,48.53016789669365],[7.607530939158034,48.53018878978616],[7.607569068356772,48.53021772420686],[7.608739698225692,48.5310959537015],[7.609119009183836,48.53138038116703],[7.609301436482863,48.5315080021439],[7.609495566487454,48.53162702766252],[7.609691555725253,48.53171319185833],[7.609784783473234,48.53175344111204],[7.609900255751974,48.53179256319676],[7.609996913122021,48.53182091594558],[7.610052509688972,48.53184189266032],[7.610105541449894,48.53186003598537],[7.610149168642812,48.53186797916014],[7.610390051381708,48.53191125884408],[7.610439668837772,48.53191693733986],[7.610484156488495,48.53191694910738],[7.6105235140064,48.53191186068822],[7.610556886868654,48.53189997226197],[7.610585129268712,48.5318835501973],[7.610605673556103,48.53186429342409],[7.610626220554986,48.53184050436955],[7.610641627902083,48.53182747812262],[7.610658744601002,48.53181728499759],[7.610681844905011,48.53181559146496],[7.610710076006947,48.5318178650188],[7.610728893579308,48.53182466837392],[7.610751125483706,48.53184450292563],[7.610815244904538,48.53192043538302],[7.610829782509299,48.53193120334493],[7.610847741908067,48.5319425387337],[7.61086570603895,48.53194594263791],[7.610917760415479,48.53194100190773],[7.611514108731628,48.5318675062749],[7.611572194597565,48.53186792547754],[7.613360406042644,48.53164047893954],[7.613813890652208,48.53109466129917],[7.61238323036345,48.53025008301302],[7.612296376340817,48.53029398797828],[7.611507571490299,48.53087699245559],[7.611486438444286,48.53088014685929],[7.611461895556124,48.5308860087931],[7.61143804064252,48.5308810372733],[7.61141418388569,48.53087922555648],[7.611387163457275,48.53086616665226],[7.611065767345271,48.53071988951811],[7.610963042851639,48.53067337711396],[7.610856443061085,48.53059367571479],[7.610687863984866,48.53018625718667],[7.610293468113285,48.52997380273241],[7.610280284103041,48.52990575492755],[7.610440460291374,48.52958886950953],[7.609730355203963,48.52832389032238],[7.609717248029177,48.52813343423939],[7.60979244663432,48.52791595500505],[7.610129114316573,48.52763555088721],[7.610167833964042,48.5273312256194],[7.610274689105836,48.52726455717717],[7.614435392319079,48.52782275754465]]]}},{"type":"Feature","id":"LFST-953c9d00f35cd04a0c9f","properties":{"airport":"LFST","name":"COLOR_HardSurface4","layer":"Airfield surfaces","category":"Hard Surface 4","object_type":"Area","style_id":"polygon.hardsurface4.969393","source_group":"COLOR_HardSurface4","vsmr_group_ids":[],"geometry_role":"filled_region"},"geometry":{"type":"Polygon","coordinates":[[[7.614214414165144,48.53256545910611],[7.614613504506478,48.53279973584372],[7.614528896477335,48.53278391261381],[7.614450792238038,48.5327781478391],[7.614364005707457,48.53277956458968],[7.614279385862226,48.53278672863497],[7.614199102994112,48.53279820377688],[7.614131826568443,48.5328312326039],[7.61360338020963,48.53323793066156],[7.613277527573857,48.53348802279015],[7.613112602906513,48.53359809421649],[7.612960479546265,48.53368840507141],[7.612748720429683,48.53378241798612],[7.612631331532,48.53383034019398],[7.612453425690322,48.53389552885698],[7.612257735822771,48.53395437084554],[7.61202106790269,48.53400409388195],[7.611793917412033,48.53404661894963],[7.611569514177338,48.53407011814056],[7.611368376421668,48.53408365681178],[7.611112431486982,48.53408630884864],[7.610818272817578,48.53406811216002],[7.610591163532701,48.53403996636355],[7.61037910862121,48.53400548206083],[7.610109075587737,48.53393991160124],[7.609879813170966,48.53386450816326],[7.60965931010336,48.5337786746878],[7.60952631598726,48.53371488765733],[7.609367075582279,48.53363486569662],[7.609260331919909,48.53358151734022],[7.609209926276151,48.53355305629923],[7.609173117762333,48.5335774099277],[7.609116754173377,48.5336154627667],[7.609053490786469,48.53365503641275],[7.608994834629677,48.53368166805581],[7.608931572471644,48.53371895756084],[7.608877516726564,48.53374330635012],[7.608842644035169,48.5337558522757],[7.608811407119596,48.5337224725471],[7.60883729528135,48.53370979494955],[7.608881000945738,48.53368848877555],[7.608951159932237,48.53365424669349],[7.609021323126792,48.53361315226803],[7.609068481291345,48.53358651744482],[7.609119095952728,48.5335484630416],[7.609140954370983,48.53352867351273],[7.609093394406916,48.53350445059466],[7.609043771094877,48.53349002208972],[7.608999366074636,48.53348539705889],[7.608960182967877,48.5334848095977],[7.608919255447684,48.5334888343657],[7.60888267944204,48.53349631987426],[7.608845227182426,48.533512453999],[7.608812122761122,48.53353781478772],[7.608791208362469,48.53356375556277],[7.608774648025067,48.53358912096089],[7.608768534444586,48.53361794882244],[7.608767646419372,48.53364504837527],[7.608773728067996,48.53366638395584],[7.608785031617393,48.53369175714455],[7.608805913788846,48.53371655640586],[7.608843330760726,48.53375630137293],[7.608805876440381,48.5337753184545],[7.608862469907614,48.53378361568781],[7.608924287615666,48.53379228174817],[7.608977398206271,48.53380036876757],[7.608997417782968,48.53381248273005],[7.60902179045271,48.53382564688424],[7.609036585549179,48.53383775939586],[7.609058337555834,48.53386428861049],[7.609073997968121,48.53388505022331],[7.6090783342683,48.53391272779628],[7.609075700198877,48.53394732253743],[7.609070453506916,48.53398249315619],[7.609060853407101,48.53401708598075],[7.609049517607563,48.53404245288785],[7.609018975613548,48.53406967698923],[7.608981523342844,48.5340852345745],[7.608940590951468,48.53409617845238],[7.608894436207841,48.53410366130716],[7.608839577930839,48.53410479921966],[7.608784725521485,48.53409671164816],[7.608735101698154,48.53408228301225],[7.608705508192248,48.53406324722769],[7.60868463145413,48.53402979907847],[7.608675941968698,48.53400154366998],[7.608678572643277,48.53397271483881],[7.608689044865606,48.53393639252295],[7.608702996026553,48.5339064136834],[7.608721296877807,48.53388277856252],[7.608726528734615,48.53387124819999],[7.608720440832572,48.5338597146707],[7.608683527148283,48.53381473023449],[7.608611243498277,48.53383258430299],[7.608528508948886,48.53385331834664],[7.608453612557158,48.53387174816564],[7.6083700078261,48.53389132865454],[7.608262933537445,48.53390110040635],[7.608180210321067,48.53390395986973],[7.608102712326385,48.53390566757996],[7.608039147457538,48.53390564944236],[7.607972970663872,48.53390505392859],[7.607940914664278,48.53390457211798],[7.60794795747665,48.53386528926525],[7.607992152399412,48.53386642778567],[7.608074873770605,48.53386645142684],[7.608167174107738,48.53386532455016],[7.60823335189195,48.53386419017202],[7.60830998089995,48.53385959917355],[7.608368327857535,48.53384923704525],[7.608434514517947,48.53383426435728],[7.608511153853186,48.53381352865355],[7.608580823480013,48.53379855684103],[7.608653980172956,48.53377724343531],[7.608634826265637,48.53375653506774],[7.608620906464385,48.5337375036564],[7.608601763663801,48.53371616440322],[7.608583486085689,48.5337034742649],[7.608555635471015,48.53368270915213],[7.608530396378599,48.53366309793496],[7.608500801347793,48.53364694504023],[7.608477297112215,48.53363771295367],[7.608451179160274,48.53363078648515],[7.608412870389438,48.53362443316404],[7.608374561621821,48.53361807982618],[7.608347569217728,48.53361691900324],[7.608306643745157,48.53361748398499],[7.608247428482184,48.53362438627567],[7.608184730550338,48.53363071093917],[7.608134223047678,48.53363703906061],[7.608075541434629,48.53365143727092],[7.608036346560962,48.5336687238271],[7.607995401146123,48.5336998480645],[7.60797708874197,48.53374078080915],[7.607966617563546,48.53377479669984],[7.607950021754819,48.53385378494317],[7.607937789056285,48.53391835966702],[7.607930805620775,48.53394504316702],[7.607933407330942,48.53396118846662],[7.60794210430952,48.53397733551246],[7.607956028067566,48.53399002450536],[7.607982137104878,48.53401078925873],[7.607995183358575,48.53403385663865],[7.608003876606957,48.53405576959007],[7.608001245171927,48.53408517499114],[7.60799410280367,48.53411167997967],[7.607987119472357,48.53413820118092],[7.607967951575388,48.53415549343195],[7.607936593838581,48.5341716290104],[7.607909594382969,48.53418084674166],[7.607860824883071,48.53419178798453],[7.607814671028073,48.53419754064993],[7.607778098884179,48.53419810672683],[7.60773804636216,48.53419463565107],[7.607704090652776,48.53418885995852],[7.607671007991925,48.53417962494979],[7.607644024795109,48.53416404919061],[7.607630105626331,48.53414444105879],[7.607618794558229,48.53413117618936],[7.607598770586328,48.53412598108011],[7.607594505860995,48.53399105744325],[7.607611052450693,48.53398760268433],[7.607639794539882,48.5339766557608],[7.607651123811323,48.53396224425464],[7.607671161000191,48.53394725866516],[7.607698162655403,48.53393458145288],[7.607731256537019,48.53392651871444],[7.607746063483147,48.53392018048208],[7.607756519695044,48.53390922825332],[7.607758268010516,48.53389885011183],[7.607752178807015,48.53388962289099],[7.607730414189926,48.53388327409135],[7.607684267399577,48.53387864803816],[7.607637002495126,48.53387319334253],[7.607573444947622,48.53386221972568],[7.607507278227919,48.53384663258018],[7.607442853419171,48.53383046930653],[7.607377557881174,48.53381430573419],[7.607319230282304,48.53379526118879],[7.607255943440636,48.53376910267211],[7.607191953731385,48.53373827294553],[7.607136247839746,48.5337053909185],[7.607076311560325,48.53368428411687],[7.60711397234016,48.533649234491],[7.607169353977097,48.53367887742476],[7.607218097728112,48.53370599149327],[7.607259880158428,48.5337261844046],[7.607302531453383,48.53374926051072],[7.607358245178697,48.53377061063177],[7.607429630168497,48.53379542483492],[7.607490573490205,48.53380928073578],[7.607548035820779,48.53382025264286],[7.607600276342827,48.53382718687413],[7.607656870665815,48.53383412234196],[7.607704758294338,48.53383990209258],[7.607738715798746,48.53384279485231],[7.60775351822645,48.53384337571125],[7.607759615405931,48.53384049451049],[7.607764843313518,48.53383530668713],[7.607770077312672,48.53382089339303],[7.607771838094952,48.53379148770751],[7.607772730038052,48.53375919881056],[7.607772749357817,48.53372979262264],[7.607761959291397,48.53369046569708],[7.607736559032061,48.53365731656886],[7.607711152590351,48.53363363652356],[7.607688920118926,48.53361574405989],[7.607654769393499,48.5336004784456],[7.607624587397776,48.53359047458487],[7.607591226632446,48.53358204796699],[7.607554688487737,48.53357309436674],[7.607518151066008,48.53356308862723],[7.607471290175241,48.53354676715522],[7.607440315572777,48.53353413269577],[7.607425223400027,48.5335309719494],[7.607402185132432,48.53353043917792],[7.607383117642666,48.53353201181139],[7.607345670794883,48.53353252695528],[7.607311510786701,48.5335314648709],[7.607271789032595,48.53353145326817],[7.607245569867516,48.53353565409259],[7.607225703021168,48.53354459131365],[7.607070691137318,48.53368921246485],[7.607052091824229,48.53370252637722],[7.60703937023105,48.53371830444328],[7.607038566261699,48.53373250783589],[7.607046498290373,48.53375092228049],[7.607058402519035,48.53376933789031],[7.607073483456094,48.53378933261423],[7.607073466181554,48.53381510956495],[7.60707026656716,48.5338477243662],[7.607055157396205,48.53386981446072],[7.607036872566475,48.5338887472581],[7.60700587772644,48.53390609813498],[7.606973296808796,48.53391924004831],[7.606939927447163,48.53392343870203],[7.606889080365957,48.53392763217275],[7.606845384662362,48.53392972351651],[7.606804080096254,48.53392024219485],[7.606777872429737,48.53390708292154],[7.60674531243092,48.5338891872087],[7.606712747117594,48.53387918240289],[7.606690510965675,48.53386707640122],[7.606664305818622,48.53385023467894],[7.606644457658886,48.53383129059048],[7.606635732734044,48.5338107716252],[7.606630982525697,48.53378657142153],[7.606635769169518,48.53375711345038],[7.606645322794789,48.53372713083563],[7.60665248738677,48.53370556448438],[7.606673157772992,48.53368347608966],[7.606694617577445,48.53366875277633],[7.606724812631402,48.53365929266044],[7.606768511692133,48.53365194079228],[7.606806647163533,48.53364826967383],[7.606836837195948,48.53364617438211],[7.606867030413554,48.53363934453883],[7.606884513696334,48.53363093274226],[7.606901997327538,48.53362199487512],[7.606909947007012,48.53361410630683],[7.606906776346518,48.53360358416061],[7.606895663096478,48.53359042934295],[7.606824101815337,48.53355455574751],[7.606731180231989,48.53351402153116],[7.606658113993849,48.53348191013316],[7.606596167080331,48.53345401049223],[7.60654613566418,48.53342769255597],[7.606499281311563,48.53340242766443],[7.60645480742385,48.53338137194255],[7.606403189059607,48.53335242314673],[7.60621194458545,48.53326121732644],[7.606246320865234,48.5332294566457],[7.606445030048341,48.5333280239851],[7.606520472391334,48.53337013137025],[7.60662530282209,48.53342119048488],[7.606763068722837,48.53349277689981],[7.606905225767512,48.53356225895771],[7.606927462550948,48.53357331280057],[7.606937789861514,48.53357384191808],[7.606952095019953,48.53356595522597],[7.606982296320012,48.53354702595636],[7.607009327292733,48.53351704847233],[7.607032390275177,48.53348075708332],[7.607045120299771,48.53345235355717],[7.607046727859956,48.53342447281965],[7.60704436577305,48.53339290848843],[7.607032473637094,48.53335660680405],[7.607017397074936,48.53333029933404],[7.606985638873507,48.5333018827045],[7.606639898251095,48.53312734638787],[7.606599387397203,48.5331199694771],[7.606543783131392,48.53311153592598],[7.606507239782186,48.53311099894191],[7.606467516563791,48.53311361736477],[7.606436528820339,48.53312097293257],[7.606406331180811,48.53313464145667],[7.606360696981451,48.5331537138513],[7.606313811602332,48.53317421612969],[7.606288377595511,48.53319209454082],[7.606211270193828,48.53326151129486],[7.60620649854665,48.53326887469938],[7.606201725812943,48.53327781628685],[7.606203308165831,48.53328728585125],[7.606212838489541,48.5333148708031],[7.606222659305022,48.53334746389631],[7.606223625261476,48.53337418809264],[7.606217701406591,48.53340025840544],[7.606199965215694,48.53342697696238],[7.606171405030338,48.53344847783043],[7.606146786158796,48.53346411366252],[7.606008941539796,48.53352077879385],[7.605978424735453,48.53352468036167],[7.605942990356322,48.53352271419857],[7.605895751296298,48.53351031560594],[7.605848519946107,48.53348683633832],[7.605816051706851,48.53346596875813],[7.605791463506655,48.5334372819409],[7.605776716782353,48.5334112053276],[7.60576690029523,48.53337274595922],[7.605762983859594,48.53334276182736],[7.605780727968257,48.53330496266886],[7.605802402992612,48.53327628994296],[7.60583293144186,48.53325544155318],[7.605869363087461,48.53323850579318],[7.605911692049096,48.5332339560621],[7.605958938989157,48.53323462222294],[7.605987483382066,48.53323593449626],[7.606008158165172,48.53323007454429],[7.606024901516157,48.53321573994253],[7.606056275734041,48.53318527259596],[7.605369026582034,48.53284672917516],[7.605413704920164,48.53281168227214],[7.606090751662153,48.53314943386604],[7.606129524409127,48.53311765292356],[7.606162028892851,48.53308572439664],[7.606180748858568,48.53305965793439],[7.606189628778308,48.53302902589346],[7.6061886637382,48.53300099809197],[7.60618179460166,48.53297036129955],[7.606164097116124,48.53294102484499],[7.606139512590588,48.53290712367627],[7.606101149048026,48.5328712629194],[7.606052941510104,48.53283670275264],[7.605992922711913,48.53280148715238],[7.605705861860283,48.53265937925278],[7.60567732233514,48.5326515488712],[7.605636970652665,48.5326443666674],[7.605599565967616,48.5326456587873],[7.605565105987546,48.5326586842747],[7.605533595733121,48.53267627326424],[7.605507003823146,48.53269842639282],[7.605484476637729,48.5327218844559],[7.605472648906395,48.53274469390978],[7.605455895947076,48.53277271626824],[7.605431271220038,48.53279682538052],[7.605342632624074,48.53286849633291],[7.605294370432711,48.53291215221945],[7.605275538865765,48.53293782380086],[7.605262721150437,48.53296845455325],[7.605240987953755,48.53307925424995],[7.605232664764436,48.53312259693525],[7.605201142175398,48.53315713269524],[7.605165689179378,48.53318189019155],[7.605115470434855,48.53320794670274],[7.605056401086543,48.53322226798542],[7.604986512060736,48.53322550521711],[7.604926474113743,48.53321766485428],[7.604864479635092,48.53319287696501],[7.604835950198858,48.53317070674009],[7.604811363663611,48.53314071611189],[7.604799574678642,48.53310877408084],[7.604796652010175,48.53306640598306],[7.604798644877206,48.53303251286105],[7.604806545498204,48.53299601437268],[7.60482920479858,48.53296799395386],[7.604864660608808,48.53293932573605],[7.604913892144256,48.53291717983376],[7.604957211254135,48.53290415732329],[7.605028360953487,48.53287932504202],[7.605087434560273,48.53285848575207],[7.605129776181583,48.53283568583125],[7.605163258033314,48.53281418673232],[7.605217422848027,48.53277509533265],[7.605126772658172,48.53272419455816],[7.605060226889677,48.53267669400032],[7.604977038817687,48.53262579678005],[7.604914330791194,48.53258338443971],[7.604856742515047,48.53254351721903],[7.604802995413578,48.53250365113691],[7.604754383187833,48.5324451337618],[7.604732540017361,48.53243035591238],[7.604788688611494,48.53241220957566],[7.604798931763601,48.53243487459996],[7.604842432758828,48.53247897672187],[7.604900011842687,48.53253156175371],[7.604965272069551,48.53258584484097],[7.605036942155037,48.53262910777481],[7.605103492096495,48.53267067336528],[7.605167483232165,48.53270969456575],[7.605199480036891,48.53272750944839],[7.605223800628931,48.53273684339511],[7.605241724689367,48.53273854466493],[7.605266054878051,48.53273431292917],[7.605296801294883,48.53270973465201],[7.60533907824986,48.53267498566549],[7.605363430525996,48.53263938326801],[7.605371136118,48.53260631928439],[7.605371156439564,48.53257749221222],[7.605357097417578,48.53254187794733],[7.605339190704945,48.53251558889519],[7.605314672700418,48.53248725644995],[7.605272439649482,48.53246011204163],[7.605236607908507,48.53243381744618],[7.605203338759812,48.53240498008434],[7.605180302959185,48.53238971154672],[7.60514958437311,48.53237528847036],[7.605104780574798,48.53236255672318],[7.605045890968167,48.53235236412728],[7.605008760360359,48.53235235255137],[7.604976749404613,48.53235488613288],[7.604935770445787,48.532365047593],[7.604356599786815,48.53255150540866],[7.604334827957255,48.53255912919307],[7.604318170230497,48.53257692884596],[7.604301505729318,48.53260405488572],[7.604286113586838,48.5326422034472],[7.604266882760626,48.53267695935903],[7.604238697290329,48.53270069030653],[7.604196429512631,48.53272187319607],[7.604147767221734,48.53273287977683],[7.604090148448042,48.53273540492993],[7.604023573842593,48.53272860078216],[7.603957009140383,48.53270823091938],[7.603914780917364,48.53267515100763],[7.603894320374645,48.53264038236641],[7.603894347712117,48.53260307674359],[7.603896937651101,48.53256322837286],[7.60391232944388,48.53252592769009],[7.603927715004586,48.5324971055609],[7.603962303648595,48.53247168099591],[7.604010969501203,48.53245558739801],[7.60409291872409,48.53244798296316],[7.604146693001042,48.53244969588417],[7.604191499754249,48.53245818876673],[7.604236305896066,48.53246752949243],[7.60426703352209,48.53246923499286],[7.60431697712912,48.53245653304775],[7.60462893068177,48.53235064820637],[7.604650707254274,48.53233624152359],[7.604657118824849,48.53232267786042],[7.604650727961331,48.53230741442913],[7.604616056526168,48.53227154480878],[7.604578958323717,48.53222659681692],[7.604562342299341,48.532186742397],[7.60453933975773,48.53212568957375],[7.604527245726533,48.53206503785059],[7.604511925446509,48.53200398747777],[7.604505559127517,48.5319548098694],[7.604500473173818,48.5319056326557],[7.60450691652599,48.53184798049478],[7.604506988777455,48.53184414019196],[7.604580343609564,48.53184880996663],[7.604576042183428,48.53186665518288],[7.604569600724762,48.53192176376187],[7.60457468551553,48.53197263666927],[7.604579764824983,48.5320311402538],[7.604592522641527,48.53209473337001],[7.604615526426723,48.53215409043421],[7.604637258438993,48.53220157712923],[7.604660276948831,48.53224058568358],[7.604680745721928,48.53226433206181],[7.604699940840782,48.5322787516325],[7.604725542654571,48.53228639037435],[7.604762673221332,48.53228640204487],[7.604792123409341,48.53228386773458],[7.604824138596722,48.53227539922608],[7.604852316300432,48.53226184238813],[7.604894586448115,48.53223641998315],[7.604938147815387,48.53219573658075],[7.604953530288983,48.53217030574509],[7.604959951439874,48.53214317639838],[7.604956137520793,48.53210502174315],[7.604953607014828,48.53206262821415],[7.604945949040753,48.53202871162317],[7.604937014371349,48.53198970749496],[7.604924228949868,48.53196426784954],[7.604893517942011,48.53193967045353],[7.60486153084428,48.53190913764422],[7.604811612167907,48.53188792563616],[7.604766812495615,48.53187010662237],[7.60470920447804,48.53185906639605],[7.6046528731719,48.53185311368623],[7.604501798169512,48.53184373959171],[7.604480032772248,48.53184288485931],[7.604463383892752,48.53184881457877],[7.604446730724068,48.53186067928617],[7.604419832877198,48.5318750842891],[7.60438781421036,48.53188863981436],[7.604350675332827,48.53190049799189],[7.604306159164356,48.53190711305096],[7.604233182056159,48.53190285054534],[7.604176852640467,48.53189435404172],[7.604124369238163,48.53187907589007],[7.604089813899053,48.53185956418379],[7.604057823615571,48.5318341182875],[7.604045037408977,48.53181037425158],[7.604041213676586,48.53178663308329],[7.604037398607566,48.53175102193707],[7.604046380243082,48.53172474128881],[7.604056639745389,48.53170185248395],[7.604219930531242,48.53159801138697],[7.604266023083637,48.53159802610199],[7.604323638738943,48.53159804446429],[7.604359481120566,48.53160823014362],[7.604417085134045,48.53162435770552],[7.604455478434624,48.53164810983503],[7.604479790371148,48.53166846604545],[7.604496412890369,48.53169899409913],[7.604505367387553,48.53171001904775],[7.604528411233884,48.53171341776058],[7.604561553709487,48.53163058789775],[7.604611549438345,48.53154412250304],[7.60467820710679,48.53143307447237],[7.604738366207171,48.53145683335807],[7.604692222144161,48.53152888653295],[7.604653768566198,48.53158907210964],[7.604629401161924,48.53164587068886],[7.604594779315135,48.53171877525386],[7.604654953311901,48.53172218563866],[7.604699764330237,48.53172389545218],[7.604734340451563,48.53171457992525],[7.604776601081118,48.53170187538356],[7.604812465403629,48.53168153813021],[7.604843211942565,48.53165611213441],[7.604858591258186,48.5316349205926],[7.604873977828563,48.53160355479781],[7.604894480321207,48.53157982128462],[7.604911145391931,48.53155099943362],[7.604909875937508,48.53153573764429],[7.604897083985711,48.53151962439735],[7.604865090510382,48.53149841801785],[7.604798533240547,48.53146957006884],[7.604738643155036,48.53145679191683],[7.604678698233829,48.53143311763851],[7.604643650025174,48.53141610645105],[7.604263939787521,48.53124425335664],[7.604244740884393,48.53123576869063],[7.604224256720348,48.53123406645867],[7.604198651825524,48.53123151472442],[7.604156399463515,48.53123319695781],[7.60410134619563,48.53123148364421],[7.604039894332333,48.53122552898618],[7.603979722186807,48.53122042256699],[7.603928517986867,48.53120768827989],[7.603892677847051,48.53119495892346],[7.603855242243453,48.53116924033839],[7.603824534723427,48.53114125123915],[7.60379895168358,48.53110902451271],[7.603782331630606,48.53107595279957],[7.603781072480961,48.53104712531563],[7.603788771301403,48.53102423571807],[7.603807998710068,48.53099371911582],[7.603831060246429,48.530972530171],[7.603868205407116,48.53095134573151],[7.603901502091266,48.53094033433693],[7.603960404128333,48.53093102686807],[7.604018023951906,48.53092426250173],[7.604075633239466,48.53093191165732],[7.604125556848813,48.5309446454709],[7.604184434154265,48.53096925206719],[7.604220264924335,48.53099469917408],[7.604245855535305,48.5310167515405],[7.604257366203184,48.53103371232182],[7.604265035263351,48.53105151971856],[7.60427014489405,48.53106763059202],[7.604277817659673,48.53108035085407],[7.604294449062287,48.53109816109342],[7.604330283059317,48.53111936884082],[7.604785941876075,48.53131706295851],[7.604837851695219,48.5312725229966],[7.604890370389413,48.53123777737791],[7.604940327719405,48.53120387880225],[7.604977474979573,48.5311793026157],[7.605014622803889,48.53115387857481],[7.60505176938584,48.53113015022646],[7.605093096380506,48.53110204989382],[7.605129941858435,48.53113894646055],[7.605024979416777,48.53119739334686],[7.604974470405683,48.5312323758673],[7.604902657711952,48.53127518714774],[7.604865563605325,48.53130286075734],[7.604852143278595,48.5313174827103],[7.604848168166556,48.53133055715269],[7.604859141983011,48.53134354830648],[7.604884236563406,48.53135706338296],[7.604910903134736,48.53136642286969],[7.604940707002569,48.53137682236125],[7.604976005761825,48.53138254796881],[7.605012876127506,48.53138463749602],[7.605042690357012,48.53138049072395],[7.605082708332565,48.5313690739852],[7.605108604797158,48.53135817236049],[7.605138428198606,48.53134103784795],[7.605160406517051,48.53132390089429],[7.605176899518675,48.53129793059595],[7.605184761116628,48.53127455515958],[7.605183210117978,48.53124909877045],[7.605180876466906,48.53122104459552],[7.605175405890074,48.53119143092406],[7.605154246370578,48.53116025385285],[7.605141701675935,48.53114985979125],[7.605129689770145,48.53113806878302],[7.605078687103594,48.53108691803523],[7.605047956088242,48.53109114773689],[7.604987783429127,48.53108688970237],[7.604935297614553,48.53107585120452],[7.604896902136615,48.53105549069234],[7.604864911980231,48.53103004504342],[7.60484316329352,48.53100629830429],[7.604821418866301,48.53097661657689],[7.604809908616767,48.53095880801774],[7.604886827056365,48.53082063175006],[7.604933422603426,48.53080217160196],[7.604975678813057,48.53079455411795],[7.60502177478074,48.53078863352044],[7.605072986622348,48.5307903451859],[7.60513699692047,48.53079884365258],[7.605198441787864,48.53081412410754],[7.60524835655886,48.53083957521528],[7.605270107155584,48.53086077832044],[7.60528672628128,48.53089639335444],[7.605284141680966,48.53093030673711],[7.605278996420188,48.53096421932298],[7.605270019139949,48.53098541290484],[7.60525720504952,48.53100067031578],[7.605254637201146,48.53101084377398],[7.605257190082233,48.53102186667459],[7.605268708284905,48.53102865307957],[7.605281512208046,48.53102780918545],[7.605304567161633,48.53101509850508],[7.605408302109185,48.53097528138645],[7.605559406935676,48.53093887013159],[7.605785257240294,48.53089797465422],[7.605956828423674,48.53088785262108],[7.605956794932784,48.53088811999628],[7.6059548225342,48.53093521978609],[7.605941430981353,48.53093617565615],[7.605791624080709,48.53094800000816],[7.605582905366797,48.53098354602142],[7.60543564226926,48.53101911062913],[7.605341181585445,48.53105466807195],[7.60532453068037,48.53106398932608],[7.605324521714403,48.53107670714035],[7.605330910234455,48.53109536191445],[7.605361617351085,48.53112504631028],[7.605392325097052,48.53115388284283],[7.605434556497208,48.53118187506089],[7.605478077208243,48.53119714985119],[7.605522883037469,48.53120564217422],[7.605584336227946,48.53120990032769],[7.605627867085925,48.53121076153413],[7.605675242509269,48.53120653677305],[7.605721339365481,48.53119976804416],[7.605772562857389,48.53118537016901],[7.605819952419363,48.53116079684901],[7.605858380169046,48.53113537292013],[7.605891684196742,48.53111333884002],[7.605918585337816,48.53109299850883],[7.605944210844093,48.53106587494422],[7.605953193174173,48.53103705061081],[7.605958345060671,48.53099296371494],[7.6059545422549,48.53093785198204],[7.605966348522704,48.5305935372151],[7.605965077007371,48.5305808190146],[7.605954840898709,48.53057148950907],[7.605926680895001,48.53056130669832],[7.605892126364884,48.53054094768483],[7.605869097093754,48.53051720075759],[7.60586399348364,48.53049176355784],[7.605865302071038,48.53045106692677],[7.605879411473165,48.53041376559212],[7.605902477777391,48.53038409767287],[7.605938352515311,48.53034680292916],[7.60598317824514,48.53032562013568],[7.606030557571462,48.53031461233954],[7.606080493976652,48.53030869244069],[7.606145790699301,48.53030786429585],[7.606195716599036,48.53031720574057],[7.60623539476361,48.53033417481097],[7.606266105466631,48.53035877185201],[7.606291684433096,48.53039862876683],[7.606308302939146,48.53043593941663],[7.60630443749678,48.53047154819052],[7.606292895397244,48.53049952395551],[7.606262150771499,48.53052410251424],[7.606230126990492,48.53054698495937],[7.606198108999173,48.5305613888479],[7.606173772965805,48.53057579504184],[7.60615967772551,48.53059274788494],[7.606154536583598,48.53062157339315],[7.606151807995642,48.53086575485472],[7.606153076111076,48.53088356021405],[7.606176117414201,48.53089035001953],[7.606323735600276,48.53090454057777],[7.606485040875512,48.53092832886747],[7.606660417411106,48.53097077395487],[7.606736121010556,48.53099800641845],[7.606699883188393,48.53103995782198],[7.606630749907673,48.53101629764172],[7.606464335123839,48.53097470309317],[7.606317112209,48.53095261471617],[7.606183967168787,48.53093900893936],[7.606162200381634,48.53094069807261],[7.6061519495634,48.53095256494109],[7.606146790868229,48.5310068260815],[7.606155719327741,48.53105600434646],[7.606173614227602,48.53109925033539],[7.606200477920632,48.53113317263039],[7.606231189067478,48.53115776967188],[7.606261906065903,48.53117388816455],[7.606310548376962,48.53118916418424],[7.606361756032777,48.53119765810482],[7.606416807032657,48.53120276174413],[7.606466741323619,48.53120108099064],[7.606524359941956,48.5311960110897],[7.606567905225933,48.53117567556842],[7.606607618681758,48.53114177321886],[7.606638368004306,48.53111041176263],[7.606978955722655,48.5307199012991],[7.606995461895143,48.53070436799786],[7.607001874340737,48.53068826065583],[7.606992925183902,48.53066875736437],[7.606971181363997,48.53063653248308],[7.606966082324186,48.53060346464307],[7.606976353988786,48.53056022707657],[7.607003269800545,48.53051699438222],[7.60703017475347,48.53048987093054],[7.607073720973001,48.53046699160757],[7.607113418279963,48.53045598113773],[7.607158234555773,48.53044836356456],[7.607227371815131,48.53044838377554],[7.607287542348007,48.53045518416123],[7.607340025873672,48.53046961300377],[7.607384821330316,48.53049336599953],[7.607412971465739,48.53051880985463],[7.607433432391173,48.53055527361086],[7.607385974661288,48.53068413385223],[7.607352671529995,48.53070616838486],[7.607315527329279,48.53072820178415],[7.607273266384336,48.53074345082811],[7.607229728483011,48.53075361235236],[7.60719643998873,48.53075360260552],[7.60716954918135,48.53075952970728],[7.60714392564056,48.53078495782774],[7.606897916077,48.53106227887911],[7.607048680938176,48.53113455230681],[7.607218906590729,48.53122277912759],[7.60749920905279,48.53136106118134],[7.607499215124593,48.53136229920013],[7.607459102907466,48.53139697056319],[7.607384055487567,48.53135677787562],[7.607188230262851,48.53125667383684],[7.607008127201547,48.53116905300162],[7.606863494965839,48.53110118191289],[7.606754585019257,48.53122154500826],[7.606740483510118,48.53124782432219],[7.606737900433565,48.53128088989634],[7.606753241550641,48.53131480864554],[7.606780113204743,48.53133770870349],[7.606822347290971,48.53136315685574],[7.607052729615948,48.53148107668765],[7.607105210097069,48.53150144065282],[7.607151290602021,48.53151925915128],[7.607201213883091,48.53153453518977],[7.607234500614181,48.53153793635656],[7.607289557750551,48.53153456104683],[7.607313893905923,48.53152015459798],[7.607516302253766,48.53134809891855],[7.607522713502897,48.53133368725134],[7.607518880307895,48.53132181616958],[7.607507370707043,48.53130146431057],[7.607492039164367,48.53125228428069],[7.607503590822078,48.53120904704645],[7.607517691952781,48.53118276764195],[7.607545878453075,48.53115394874924],[7.60758430258675,48.53113276350219],[7.607630404221619,48.53111836329225],[7.60768162332208,48.53110989952616],[7.607727723316082,48.53109804281893],[7.607750773345547,48.53109211446206],[7.607959398982114,48.53119900414863],[7.607951590936723,48.53120820616158],[7.607952865158891,48.53121753294129],[7.607956695101894,48.53123449114601],[7.607968201525228,48.53125993009148],[7.607963062424123,48.53128705998832],[7.607938714290594,48.5313201193745],[7.607915650965024,48.5313463962694],[7.607875943118973,48.53137266838186],[7.607822152044299,48.53139808857158],[7.607793978933735,48.53140655901244],[7.607752996820412,48.5314235043035],[7.607697919188096,48.53145825045701],[7.608299790297148,48.53174690999009],[7.608348837213037,48.53177350011144],[7.608320355034781,48.53182230516739],[7.607740177616873,48.5315167441554],[7.607692817076764,48.53149807766037],[7.607644172279493,48.53148534575272],[7.607618565904213,48.5314844904663],[7.607591674690557,48.53149041766876],[7.60752993620895,48.53153838431699],[7.607513270403114,48.5315705979701],[7.607514524391368,48.53161044750522],[7.607524737451586,48.53165538676459],[7.607549035491106,48.53169863439631],[7.607578458327873,48.53173679637699],[7.60765012441242,48.53178768837931],[7.607728194071257,48.53183603863123],[7.6078592943879,48.53190389010179],[7.607927134899048,48.53193188876575],[7.608010347491705,48.53194802181593],[7.608079486135216,48.53194888941004],[7.608142229052397,48.53194042874594],[7.608190894638418,48.53192178979791],[7.608248527606536,48.53189552268388],[7.60829207937271,48.53186501227997],[7.608311303297322,48.53183619067673],[7.608357445789748,48.53175904897277],[7.608365147596141,48.53172852838167],[7.608362610979804,48.53169122203975],[7.608365195766849,48.53165391715821],[7.608374177353543,48.53162424472987],[7.608401579871778,48.53159034697245],[7.608431045322817,48.53156322393269],[7.608473313662905,48.53153695232403],[7.608708890910874,48.53154719265824],[7.608749849012924,48.53156755260686],[7.608781836673923,48.53160062789647],[7.608809975698234,48.53164557207685],[7.608820192588828,48.53168627197564],[7.608817600073685,48.53173629470786],[7.608788122786613,48.53178207065547],[7.608757378630154,48.53180664986095],[7.608713833072973,48.53182783405464],[7.608656210081055,48.53183884002153],[7.608606271953202,48.53184560884622],[7.608553772002735,48.53185407263739],[7.608519194310446,48.53186678072308],[7.608976928838667,48.53209004409731],[7.609126332717675,48.53216717466702],[7.609199277579066,48.53222400103962],[7.609274779622243,48.53228676304597],[7.609331080638933,48.53234273691293],[7.60940190898592,48.53242844909137],[7.609337232038902,48.53245326610946],[7.609255523648968,48.53236730393389],[7.609204341494253,48.5323155707087],[7.609133955612311,48.53226128861041],[7.609067410436481,48.53220785538694],[7.608924212664101,48.53212816648779],[7.608469161947573,48.53189553015056],[7.608433430810424,48.53192442658928],[7.608415488916853,48.53195070502141],[7.608410346746783,48.53198292205881],[7.608432087158434,48.53202277737009],[7.608460229936743,48.53206178661582],[7.608505015790668,48.53210334410443],[7.608543406987129,48.53213387766496],[7.60859844509458,48.53216102447306],[7.608653494106909,48.53217121417204],[7.608702149457958,48.53216868423863],[7.608763615973215,48.53215428790387],[7.608805875465261,48.53214242973934],[7.608851971170174,48.53213820331884],[7.608891660216823,48.53214160578915],[7.608932623213198,48.53215518285825],[7.608962057596589,48.53217723526376],[7.608979963959042,48.53220691516396],[7.608976104094314,48.53223658901346],[7.608967215452771,48.53225907487575],[7.608964632175519,48.53229468404788],[7.60897101413544,48.53232605643498],[7.60899659890848,48.53236167341775],[7.609027303581524,48.5323998353762],[7.609088732330671,48.53244563652387],[7.609141215699662,48.53246430382944],[7.609192425144786,48.53247279651123],[7.609242358491343,48.53247450598548],[7.609302540689509,48.53246689184877],[7.609411398653272,48.53242452897391],[7.609456223797788,48.53240504057164],[7.609486966950831,48.53238215688356],[7.609502349343151,48.53235333400461],[7.609507486661082,48.53232789974826],[7.609495979200938,48.53230246094827],[7.60948574894006,48.53228210962946],[7.609696779963695,48.53223575709567],[7.60974158061932,48.53225526989218],[7.60978253550944,48.53228241233144],[7.609824764005459,48.5323205771984],[7.609856756982327,48.53234686932845],[7.609878495032707,48.53239265934584],[7.60988103230428,48.53243081348993],[7.609877166189751,48.53247150947237],[7.609857944980087,48.53249693992785],[7.609836165652206,48.53251813041208],[7.609805422650742,48.53254101418028],[7.609770845814268,48.53255202693528],[7.609736274231251,48.53255456112676],[7.609699147132735,48.53254861607283],[7.609659465080831,48.53253334392043],[7.609622342223323,48.53252061600606],[7.609592893188792,48.53252145584594],[7.609563442047966,48.53252568710167],[7.609522649465714,48.53253800679156],[7.609497034140073,48.53255071761649],[7.60949189787536,48.53257445613664],[7.60950724386404,48.53260413523032],[7.609541798532966,48.53269672096213],[7.609566066644586,48.5327916872825],[7.609564729905847,48.53288240733838],[7.609565958671536,48.53296549741464],[7.609551515508011,48.53304930123543],[7.609477802471196,48.53304628382292],[7.609486567118644,48.53297819358233],[7.609493028159386,48.53288323563675],[7.609489242992367,48.53279336203921],[7.609477776644815,48.53270179061609],[7.609438155878028,48.53258816719342],[7.609425362203308,48.53257205442804],[7.609407439112276,48.53256865807577],[7.609385672259736,48.53256949997271],[7.609351099564091,48.53257372976397],[7.609305001914173,48.53258049992211],[7.609264021487661,48.53259405435066],[7.609226873116701,48.53262202334844],[7.60918867145103,48.53266101424889],[7.609148946777999,48.53271357028745],[7.609127145692063,48.53276867480781],[7.60912967546995,48.53281785106392],[7.609137328368545,48.53286448516969],[7.609166753069781,48.53290264673988],[7.609197460330095,48.53293741723817],[7.609237133499365,48.532967103076],[7.609275527934976,48.53299424499618],[7.609307524751692,48.53301460230316],[7.609352327025382,48.53303241956147],[7.609418795741353,48.53304365007124],[7.609551951896956,48.53304962141476],[7.609577561665681,48.53304623697154],[7.609607020469598,48.53303013575799],[7.609631360353985,48.53300979387227],[7.60965954031419,48.5329911487332],[7.609690278919333,48.53297589569887],[7.60973253727051,48.53296658075942],[7.609781194378713,48.53296235465952],[7.609855455451784,48.53296407043121],[7.609890019523629,48.53297425400773],[7.610028214273433,48.53311588294461],[7.610020840794065,48.53314705107798],[7.610001613163737,48.53318265580748],[7.609978549040766,48.53321062880913],[7.609940116072598,48.53324538050577],[7.609876080497175,48.53327164673842],[7.609803089959981,48.53328519269911],[7.609748034268156,48.53328348208143],[7.609691706062276,48.53326905328976],[7.609643064950138,48.53324699586267],[7.609603389224993,48.53322070158957],[7.60957523807572,48.5331927147292],[7.609558605163434,48.53317320954657],[7.609541966464235,48.53316303075787],[7.60951892214726,48.53315878520086],[7.609459216118739,48.53326313700268],[7.609396421999195,48.53335129668058],[7.609342601563687,48.53342165384538],[7.609317040730117,48.53344638830444],[7.609267914008786,48.53341939912593],[7.609281153878107,48.53340383202696],[7.609325999976042,48.53335212522429],[7.609364449335478,48.53329193811272],[7.609395210986984,48.53324022742169],[7.60944648152482,48.5331520645754],[7.609388871042714,48.53314102669754],[7.609328697693232,48.53313337949576],[7.609295406607803,48.53313506607082],[7.609262108606368,48.53314777473603],[7.609217278060831,48.53317489373801],[7.609194214583903,48.53320117088214],[7.609168580707522,48.53324270868413],[7.609163441018167,48.5332715343196],[7.609163418612869,48.5333071442011],[7.609174916522794,48.5333478443855],[7.609209462569257,48.53338685521719],[7.609249139817045,48.53341060606587],[7.609290538156981,48.53343182272291],[7.609168410396856,48.53354047792402],[7.608626110566375,48.5332769044689],[7.608607441349102,48.53325314240669],[7.608581404460997,48.53323070910014],[7.608517599403779,48.53319877724896],[7.608384776495846,48.53313922466478],[7.608349612932585,48.53313058933956],[7.608318350927242,48.53313144302712],[7.608264942032894,48.53313746565533],[7.608214140481349,48.53314003884752],[7.608152923977103,48.53313398366859],[7.608099532395666,48.53311326752986],[7.608064378351851,48.53308996895017],[7.608029237802221,48.53304596942399],[7.608020145188659,48.533007152557],[7.608017563614304,48.53297092516945],[7.608038428684136,48.53293384195293],[7.608060595724979,48.53289762163715],[7.608097083557714,48.53287261841528],[7.60814008298885,48.53284934214071],[7.608173958940894,48.53283492873341],[7.608190965315123,48.53272194096286],[7.608282142783418,48.5327236919868],[7.608279470827702,48.53282719589804],[7.6083172398379,48.53283496945717],[7.608378443700438,48.53286000041431],[7.608425316736252,48.53288933995692],[7.608452650391051,48.53292039904016],[7.608464355078151,48.53294886609797],[7.608469543116449,48.53298336907894],[7.608470816280464,48.53302908395147],[7.608478619979271,48.53304719944905],[7.608649202073002,48.53313005106072],[7.60869217388529,48.53314990148258],[7.608729943740514,48.53315681236152],[7.60878465129402,48.53315682765614],[7.608830248598172,48.53314476484592],[7.608871941487294,48.53312752571107],[7.608904525161333,48.53309648339082],[7.608935834114343,48.53302145127202],[7.608952825832636,48.53292916440272],[7.608943777382007,48.53281961952306],[7.608909976515661,48.53271625717463],[7.608867043919383,48.53263516662256],[7.608820190647121,48.53257477587914],[7.608701708090056,48.53247607461918],[7.608517937619155,48.53265025578715],[7.607932668967912,48.53235216934479],[7.607814171897935,48.53244802411407],[7.607595411469463,48.53234704405033],[7.607479423741101,48.53244016451937],[7.606958721285888,48.53217358836575],[7.607061681707796,48.53208391474841],[7.606917815209561,48.53200479841662],[7.606874850898553,48.53197632196902],[7.606869654741488,48.53195561951966],[7.606877486784382,48.53193060822872],[7.60690876316291,48.53190732894386],[7.606954376604453,48.53187025326895],[7.606972624169373,48.53185214534463],[7.606981758098885,48.53182799694531],[7.606989590075952,48.53180298564414],[7.607000026156712,48.53177932136434],[7.607001346651765,48.53175258307548],[7.607013089653496,48.53172239769295],[7.607032647781773,48.53169221458972],[7.606993571660574,48.53165716670754],[7.606929782928978,48.53160539561145],[7.606892035422177,48.53156743279455],[7.606757920295193,48.53150184017133],[7.606572806908574,48.53141287905185],[7.606446499440169,48.53135936394588],[7.606299343153273,48.53131878047981],[7.606101375947505,48.53129715727],[7.605941165439345,48.53129883370289],[7.605721806745995,48.53133017677613],[7.60557198256993,48.53138015807285],[7.605448277426761,48.53143456983145],[7.605333603084539,48.53150957527551],[7.605255399532385,48.53158372937203],[7.605188911666332,48.5316673749954],[7.605139206306164,48.53177441569693],[7.605122203758374,48.5318727397653],[7.605126056285691,48.53195036940812],[7.605142834776188,48.53203377847758],[7.605180536753709,48.53213470713243],[7.605237792163761,48.53221407840108],[7.60532856323564,48.53229843329089],[7.605436621204873,48.53237350746389],[7.6055577169554,48.53243133476379],[7.607423761770629,48.53335638686801],[7.607575976120373,48.53342487854313],[7.607701708648563,48.53346895567604],[7.607840752007409,48.53349942389453],[7.607972556785001,48.53350426615238],[7.608092273313032,48.53350269889196],[7.608170879123493,48.5334955146127],[7.608310969747754,48.53347393432912],[7.608402885399263,48.53345394179728],[7.608487549145537,48.53342834195066],[7.608555285944627,48.53339873356721],[7.60859762703604,48.53337152023387],[7.608612155939801,48.53334349833644],[7.60862184888015,48.53331387359048],[7.608625257375056,48.53329219534204],[7.608626560204801,48.53327720921005],[7.609168257259872,48.53354054811719],[7.60929053761997,48.53343267909518],[7.609342452671369,48.53345992501511],[7.609520872989009,48.5335493334509],[7.609620307367139,48.5336008173507],[7.609804680608394,48.53368646551228],[7.609958691702172,48.53374541255572],[7.610119213795549,48.53380148762873],[7.610297098839465,48.53384894674394],[7.610459803336241,48.53388490780178],[7.610648546067564,48.53391800202825],[7.610845973089535,48.53394247792318],[7.611054254133947,48.53395833600365],[7.611247356240131,48.53395982262964],[7.611470841418095,48.53394982293673],[7.611713686020662,48.53392619272046],[7.611932843260378,48.53389320368366],[7.612165029113642,48.5338415401352],[7.612342975954824,48.53378411575329],[7.612535701102725,48.53371408082039],[7.612735360466926,48.53362649026063],[7.612913324291464,48.53353602055055],[7.61305223371177,48.53344554099277],[7.613678554826341,48.53297758365902],[7.614214414165144,48.53256545910611]]]}},{"type":"Feature","id":"LFST-193cb88e8ca73d0771ad","properties":{"airport":"LFST","name":"COLOR_HardSurface4","layer":"Airfield surfaces","category":"Hard Surface 4","object_type":"Area","style_id":"polygon.hardsurface4.969393","source_group":"COLOR_HardSurface4","vsmr_group_ids":[],"geometry_role":"filled_region"},"geometry":{"type":"Polygon","coordinates":[[[7.615124536365167,48.53103255304802],[7.615189733002277,48.53097835581659],[7.613073013678717,48.52974224861976],[7.613482561991041,48.52943367352933],[7.615581106324507,48.53065732901702],[7.615649642293986,48.53060534513828],[7.616302686187908,48.53099609786523],[7.615762492131402,48.53140439653308],[7.615124536365167,48.53103255304802]]]}},{"type":"Feature","id":"LFST-bc041417e9bec14ba42d","properties":{"airport":"LFST","name":"COLOR_HardSurface4","layer":"Airfield surfaces","category":"Hard Surface 4","object_type":"Area","style_id":"polygon.hardsurface4.969393","source_group":"COLOR_HardSurface4","vsmr_group_ids":[],"geometry_role":"filled_region"},"geometry":{"type":"Polygon","coordinates":[[[7.636739563051984,48.53888377671287],[7.636772238340819,48.53888047009688],[7.63677809942158,48.53886537977408],[7.636784422878917,48.53880784289228],[7.636806815122537,48.53873260555384],[7.636830854262335,48.53864870932658],[7.636858350209574,48.53857216694516],[7.636891840096718,48.53850690685424],[7.636953794574666,48.53839613240105],[7.637008751603894,48.53834052809062],[7.637109397581825,48.53825395068762],[7.637199433511917,48.53818005640238],[7.637282203828118,48.53812588321194],[7.637404480734018,48.53806704444646],[7.637479742573259,48.53802915931044],[7.637510769978404,48.53802705039255],[7.637530670953652,48.53803904829254],[7.637530075851544,48.53805512221876],[7.637498858014348,48.53807902661602],[7.637363564601296,48.53814973728971],[7.637249009780048,48.53821980468466],[7.637127593834229,48.53831531464479],[7.637018327250309,48.5384356777602],[7.63695093769903,48.53853591256073],[7.63690564485985,48.53863020900722],[7.636882333636899,48.53871694304049],[7.636848652745842,48.53880399857356],[7.636848675851279,48.53885331103456],[7.636853265364849,48.53886922419849],[7.63687597570248,48.53887196054878],[7.636979510342721,48.53886645694367],[7.63702954932294,48.53886375869659],[7.637080264498,48.53884613083574],[7.637132060464475,48.53881929490554],[7.63717991418702,48.53878570029762],[7.6372083522545,48.53874697359606],[7.637234252695313,48.5386968574089],[7.637242465741856,48.53864155555042],[7.637232072578786,48.53859256468219],[7.637196079282063,48.53854895482006],[7.637137133050686,48.53849917567278],[7.637075296883779,48.53845751380874],[7.637019285541735,48.53843569216161],[7.637127963843753,48.53831537019312],[7.637161404672758,48.53833335102314],[7.637230544488172,48.5383525070783],[7.637301601313955,48.53836627870172],[7.637372174997033,48.5383732188962],[7.637443358216032,48.53837253307643],[7.637496432980615,48.53835947671042],[7.637556995535306,48.53833858105712],[7.637602332934222,48.53831359324584],[7.637637191785347,48.53828664822979],[7.637670474700132,48.53825366638592],[7.637700176297832,48.53820253858493],[7.637710787928286,48.53815765194226],[7.637707888669474,48.53811666363105],[7.637695692092326,48.53809041706269],[7.637690086472277,48.53807613743759],[7.637721149778565,48.5380660457738],[7.637762867773423,48.53805486284222],[7.637820079277797,48.53805156721755],[7.63789478978244,48.53806826798591],[7.637949689733265,48.53808101884602],[7.638019492668578,48.53809330748198],[7.63808110993069,48.53810356781458],[7.638143658827971,48.5381107563915],[7.638227613137476,48.53811195607301],[7.638391909170434,48.53811294612254],[7.638490156864115,48.53812130941148],[7.638650021909177,48.53813993266102],[7.638767847015928,48.53816518469846],[7.638878077299369,48.53819675788817],[7.638968175889058,48.53822766972143],[7.639029900851559,48.53823944766866],[7.639108284432705,48.53824310169476],[7.639190716427975,48.53823902298576],[7.639312030084595,48.53819197173256],[7.639374847735136,48.53820295487582],[7.639427294281703,48.5382134990344],[7.639485382405653,48.5382550571662],[7.639603910494976,48.53836059739157],[7.639701680077287,48.53847462545686],[7.63984515214879,48.53870171471115],[7.639799085290262,48.53871262792594],[7.639747558526047,48.53862354514995],[7.639664950566114,48.53849692991913],[7.639598134906089,48.53841088796378],[7.63952700832988,48.53833695648902],[7.639488373089474,48.53830222474134],[7.639471552929169,48.5383018911084],[7.639446010315265,48.53830610552448],[7.639422663044688,48.53832308410949],[7.63938259579513,48.53835940213193],[7.639344482171373,48.53840506988198],[7.63932246378344,48.53844082792376],[7.639317628065814,48.53848204128609],[7.639319480073241,48.53852646910937],[7.639331343767688,48.53856630889636],[7.639353702495917,48.53860838953464],[7.639382084487314,48.53864429490745],[7.639436915465412,48.53868879002845],[7.639482621747171,48.5387138920329],[7.639539266539208,48.53872924428062],[7.639596898532346,48.53874028846271],[7.639663071793816,48.53874422370277],[7.639726002047764,48.53873884918715],[7.639767700568541,48.53872557855176],[7.639799459984957,48.53871251352896],[7.639846006479356,48.53870173870131],[7.640236562060512,48.53926266825692],[7.640172454072913,48.53928131933718],[7.639878999067458,48.53883738684171],[7.639823601382738,48.53885110218911],[7.639769772843811,48.53887276643874],[7.639729612988431,48.53890267064529],[7.639694710285802,48.53893574406752],[7.639669458770264,48.53897718212703],[7.639662003607217,48.53901406920964],[7.639661861480627,48.53905472821314],[7.639678239911358,48.53909900444299],[7.639700869102819,48.53913429162816],[7.639734106927792,48.53917724726885],[7.639753252365886,48.53920597784596],[7.639787887150186,48.53924022604304],[7.63983123193335,48.53926953869469],[7.639869947349962,48.5392903308826],[7.639922159331021,48.53930270664166],[7.639963856801577,48.53930874394696],[7.640020431743409,48.53931165372228],[7.640068453839328,48.53930749771791],[7.640099260203089,48.53930187649916],[7.640172266476595,48.53928094992192],[7.640237422611302,48.53926193496816],[7.640251625173169,48.53926349364281],[7.640317883090382,48.53924677521222],[7.640396757601144,48.53936562483214],[7.640320667821707,48.53938535520696],[7.640613303881631,48.53983896701737],[7.640547157855055,48.53985612610714],[7.640259103317493,48.53940748785161],[7.640216299253739,48.53941672894882],[7.640170801803253,48.53943396642174],[7.640129996291782,48.53945609371954],[7.640092646177301,48.53948099116497],[7.640059310331018,48.53951655425069],[7.640042337232411,48.53955304829228],[7.640035781306109,48.53959857060517],[7.640043115172044,48.53964078453158],[7.640063356408571,48.53968115924485],[7.640091338649835,48.53972345180143],[7.640115814657216,48.53976225643272],[7.640131663269997,48.53978661842123],[7.640182411400536,48.53982820449579],[7.640235649707519,48.53985892306811],[7.640281367384203,48.53987548804006],[7.640314550436269,48.53988380980346],[7.640353176193662,48.53988594834351],[7.640399012604988,48.53988884198396],[7.640441139452019,48.53988537661679],[7.640491532452371,48.539875899921],[7.640546634451974,48.5398562062181],[7.640613864562553,48.5398390134822],[7.640701982618545,48.5399694472476],[7.640774835433685,48.54010643400106],[7.640820621405999,48.54024672437093],[7.640842286309031,48.54040207423456],[7.640782305355847,48.54039890037795],[7.640768902820105,48.5402741358714],[7.640749135087914,48.54017907621199],[7.640713766707529,48.54009385220387],[7.64065459773269,48.54001407850095],[7.640602188902395,48.54002577585314],[7.640544664492339,48.54004194801967],[7.640508042584713,48.54006178756357],[7.640479822270048,48.54009287591746],[7.640455413123084,48.54013175881268],[7.640449535092701,48.54017150531567],[7.640450466469197,48.54021535658864],[7.640458156455486,48.54026259485181],[7.64047302860252,48.5403038554697],[7.640502964397102,48.54034303871716],[7.640545057600805,48.5403697869406],[7.640598567740464,48.54038898737723],[7.640657921882445,48.54039865489858],[7.640719088519101,48.54040323071134],[7.640781813548192,48.54039912596937],[7.640842872153224,48.54040217600664],[7.640848196478944,48.54049799158528],[7.640819484955705,48.54059887194159],[7.640762409051762,48.54072087695751],[7.640696786944094,48.54082218343856],[7.640601612609741,48.54094953066374],[7.640546255194529,48.54101167374741],[7.640476177939071,48.54098867132284],[7.640549101364568,48.54091375423754],[7.640605051620577,48.5408292929836],[7.640664593948565,48.54071930925776],[7.640717816654908,48.54062701971282],[7.640742719192819,48.54056441366953],[7.640714905308883,48.54055520602212],[7.640660141441503,48.54054899279858],[7.640613169534937,48.54054541511285],[7.640569958073868,48.5405489141828],[7.640530659481987,48.54056164331853],[7.640472456858706,48.54058359125101],[7.640430363229605,48.54060288121001],[7.640391098319881,48.54063143488091],[7.640364385260836,48.54065312490869],[7.64034649741687,48.54067669910737],[7.640321732194777,48.54071055758716],[7.640305436509996,48.54074127584573],[7.640299100974279,48.54077456242734],[7.640298236769391,48.54080839856746],[7.640304453179299,48.54083482154076],[7.640318613994578,48.54086603340407],[7.640349807435869,48.54090763073927],[7.640385701265757,48.54093888751094],[7.640439144103373,48.54097247705921],[7.640476190640511,48.54098932025354],[7.640546217091329,48.54101160491526],[7.640569067989123,48.54102744075662],[7.640601183486783,48.54102536283616],[7.640657557096504,48.54102361333373],[7.6407017344747,48.54103375186474],[7.640767475458697,48.54105688873862],[7.640823086877166,48.54109041081663],[7.640855627154599,48.54112033282397],[7.64087839358448,48.54116566446648],[7.640887896622218,48.54120781101663],[7.640877885652464,48.54125056322696],[7.640853323812163,48.54128729292104],[7.640803166652836,48.54131546544782],[7.640733088818421,48.54133850140659],[7.640667516787316,48.54134844925938],[7.640603401530712,48.54134828097779],[7.640539608162504,48.54133731246733],[7.640494820752323,48.54131856062642],[7.640443545722981,48.54128490379705],[7.640414884713735,48.54124838713643],[7.640403095202688,48.54121997908797],[7.6404060597194,48.54120046470853],[7.640403197155914,48.54117537638247],[7.640401469529293,48.54115097218515],[7.640380837641834,48.54113578679892],[7.640292041626752,48.54118601921987],[7.640196689790786,48.54123573571375],[7.640109820535537,48.54127145594199],[7.640010403156607,48.54130978884506],[7.639982216826057,48.5412646251751],[7.640078686666214,48.54123069986023],[7.640160859548533,48.54119434073638],[7.640247690635313,48.54114704681659],[7.640338299031379,48.54109172280624],[7.640298769298813,48.5410681576004],[7.640239787185939,48.54104840746916],[7.640183887892704,48.5410415098894],[7.640112793997373,48.54105019005786],[7.640061823733744,48.54106687791959],[7.640014563035549,48.54108992477227],[7.639989086112998,48.54111373438231],[7.639969283753185,48.54114096464566],[7.639956290878169,48.54117229969829],[7.639957018621855,48.54121327988357],[7.639969112738163,48.54124599458136],[7.639982409766281,48.54126500435374],[7.640009740730173,48.54130999156047],[7.639918232431495,48.54133827789506],[7.639675771339192,48.54096531984751],[7.639745698065061,48.54094145147877],[7.639856722487897,48.54088787086476],[7.639964045075473,48.54082395269086],[7.640077999335542,48.54073402255586],[7.64014339178056,48.54065233116587],[7.640198875865667,48.54055036907107],[7.640222259225355,48.54044978518203],[7.640220860157654,48.54033426225477],[7.640193912216954,48.54024085015774],[7.640142780016821,48.54014661859192],[7.640062886172481,48.54002343332612],[7.639916306659433,48.5398090734305],[7.639847351697853,48.53969676861452],[7.639763969934559,48.53966793965357],[7.639568434031469,48.53936228622659],[7.639593613568126,48.53931101477779],[7.639205593784801,48.53871530730024],[7.639138966526991,48.53861190600975],[7.639054690745157,48.53852251616198],[7.638949226276479,48.53844500353389],[7.638811968000015,48.53837135145065],[7.638669357334377,48.53831967501323],[7.638509494143673,48.53828760755452],[7.638337450788271,48.53827499168428],[7.638193886710325,48.5382816883154],[7.638046358725916,48.53830421572793],[7.637904032042957,48.53834192595137],[7.637775550674033,48.53839415648805],[7.63765824371095,48.53846062634895],[7.637570314590665,48.53853516109998],[7.637502992310095,48.53861354478674],[7.637448376906814,48.53870387644417],[7.637411442191708,48.53882208988788],[7.637409322688475,48.53891191572486],[7.637424931756613,48.53898884982698],[7.637440806387543,48.53904557968485],[7.637708180360345,48.53913403875173],[7.637997324731352,48.53905326392897],[7.638370847800666,48.53963078455254],[7.638533862465852,48.53958758037457],[7.638901874793104,48.54016633881494],[7.638588044450831,48.54025755439718],[7.638400171203092,48.54052994871755],[7.638473188487211,48.54065128551235],[7.638553106921262,48.54075090896064],[7.63865889239826,48.54083290001313],[7.638784018877917,48.54090082706021],[7.638933876105664,48.54095901091155],[7.639090287086971,48.54099006323553],[7.639271191104098,48.54100801357779],[7.639466773541564,48.54099651095952],[7.639606170805735,48.54097872218575],[7.639674786228159,48.54096649532975],[7.639917454396019,48.54133886879232],[7.640010325070151,48.54131018111993],[7.640088371646112,48.54143117995236],[7.640555672356739,48.54215502193191],[7.641302192392986,48.54329897248531],[7.6413157543805,48.54332221836453],[7.64132954839577,48.54332770692395],[7.641351841644537,48.5433270149675],[7.641373438106176,48.54331648345776],[7.641374459538715,48.54328884046007],[7.641358768141133,48.54315138993532],[7.641354749042559,48.54301049987852],[7.641348966544898,48.54299194312763],[7.641337239224724,48.54297357088869],[7.641190915443492,48.54275820797935],[7.641165687237228,48.54273848059854],[7.641133547701475,48.54268425550924],[7.641104705411099,48.54259245552674],[7.641456747771523,48.54255786176155],[7.641508348335185,48.54267656656034],[7.641524859721043,48.54272042934419],[7.641534961481411,48.5427368797826],[7.64155307459532,48.54274026200326],[7.641576784104156,48.54273853991493],[7.641613033225621,48.54272459515053],[7.641623947271428,48.54271045070532],[7.641689105894005,48.54259995497431],[7.642047885530725,48.54268151213298],[7.641964638349476,48.54283102828463],[7.641702397296244,48.54306104568018],[7.641671390524394,48.54310162773035],[7.641635139628368,48.54311615133732],[7.641617055827272,48.54313152134598],[7.641592429416681,48.54315978757832],[7.64157534218757,48.5431892301257],[7.641561293829334,48.54321646281752],[7.641547893240135,48.54325284266122],[7.641547992899456,48.54325424991809],[7.641540371103481,48.54328198829396],[7.641535323353283,48.54331599334121],[7.641533098798203,48.54335978320035],[7.641566932399604,48.54350081152889],[7.641572845080589,48.54355422124124],[7.641589798325037,48.54361254386426],[7.641597455061302,48.54365929760025],[7.641624128241366,48.54374957541011],[7.641640818323403,48.54378070459018],[7.641689028681268,48.54387573964452],[7.641720580382721,48.54397353801894],[7.641740636914715,48.54407265224953],[7.641743439807193,48.54417358744352],[7.64172713633682,48.54429109249121],[7.641696062218881,48.54438412187093],[7.64166948534418,48.54443765695759],[7.641665413980993,48.54445164068894],[7.641658785967616,48.54446794835455],[7.641653780818201,48.54447969711039],[7.641654418024468,48.54448869440942],[7.641662593547426,48.54449423732257],[7.641672391939725,48.54449522131988],[7.641685011510293,48.5444948295918],[7.641705912550472,48.5444877400273],[7.641799193347159,48.54444491164591],[7.642420487211893,48.5441505032117],[7.643111835899932,48.54382946735772],[7.643169838991701,48.54387919231538],[7.644605088975023,48.54321428882663],[7.644619894464777,48.54323830382935],[7.644628451778215,48.54327668267687],[7.644619567699202,48.54332977308977],[7.644602203251363,48.54335929606704],[7.644571476563529,48.54339245455179],[7.644540339890988,48.54341982905716],[7.644497751001234,48.54343661001408],[7.64445651136139,48.54344497602604],[7.644394431232174,48.54344754865886],[7.644360743741156,48.54343893400088],[7.644331545445795,48.54342502724702],[7.64430903684717,48.54342315016542],[7.644284996745681,48.54342711734433],[7.644256467444719,48.54343637660421],[7.643829131171451,48.5436499266403],[7.643787807974687,48.54367569133201],[7.643782151468343,48.5436919689635],[7.643781516360537,48.54372419257386],[7.643794758935094,48.54374632397733],[7.643823154367119,48.54377635773741],[7.643873739794387,48.54380377003982],[7.643932879609771,48.54382834029807],[7.644032172754038,48.54386564277966],[7.644095801948492,48.54388492088264],[7.644135587299646,48.54389721067811],[7.644223923047182,48.54389446669298],[7.644269487242379,48.54390593286014],[7.64430026288877,48.54391463801399],[7.644329612334644,48.54391694668994],[7.644357034533775,48.54390578958563],[7.644378222470641,48.54388902944007],[7.644424785831707,48.54387341322957],[7.644482906772428,48.54385614980085],[7.644510192346628,48.54384306466232],[7.64454225453661,48.54381501731599],[7.644628367947592,48.54370257696076],[7.64487002396457,48.54379039270489],[7.644968513382291,48.54367405832798],[7.645554563277304,48.54391283566803],[7.645446232253851,48.54403149203473],[7.645676973937253,48.54411700362431],[7.645552439261881,48.54427186827683],[7.64554493291012,48.54428949165091],[7.645544722877428,48.5443139731549],[7.645546531561291,48.54435320572721],[7.645552556000819,48.54438329020672],[7.645563069584083,48.54440808256464],[7.645580847849722,48.5444255643088],[7.645603388653306,48.54444160990352],[7.64561007879029,48.54445363950653],[7.645614038982345,48.54446833025389],[7.645623641340253,48.54448026936259],[7.645655889536807,48.54449601330374],[7.646003781848765,48.54465748203807],[7.64614093351409,48.54469830501419],[7.646341908327761,48.54474957396642],[7.64651139552212,48.54476620460824],[7.646696760889176,48.54475979870907],[7.646876329029593,48.54472652142433],[7.647016110470075,48.54468095502727],[7.647169914741374,48.54460581862773],[7.647283799294023,48.54452434447809],[7.647371245913468,48.54444047174024],[7.647429160132388,48.54435172032659],[7.647469830617948,48.54423326760708],[7.647474426606557,48.54411976671861],[7.647450956392106,48.54399412034272],[7.647389406485594,48.54388074373368],[7.647317018707202,48.54378338769791],[7.647215903036287,48.54371568262945],[7.647122695717403,48.54365541939895],[7.647031260824166,48.5436144645795],[7.644673940849804,48.54270042402019],[7.644415008921486,48.54268040647927],[7.644226538895779,48.54269797564083],[7.644035412868515,48.54273839103725],[7.643885430073112,48.54279550296008],[7.643730134940978,48.54289303545005],[7.643603838826531,48.54301485473241],[7.643522867153325,48.54313172120872],[7.643500296679575,48.54322047076403],[7.643489671906433,48.54330306971777],[7.64349231945941,48.54338830533641],[7.643514876573487,48.54346563322521],[7.643543797356436,48.54350600371545],[7.643571668281723,48.54352797261278],[7.643616794127444,48.54354379106542],[7.643668556988022,48.54355170125767],[7.643712356950418,48.54354994528454],[7.643749520976635,48.54354291677669],[7.64378934037881,48.54352446501477],[7.644117185540129,48.54336806382598],[7.644179568412697,48.54334346163949],[7.644195496704642,48.54332588778438],[7.64419815275726,48.54330304123863],[7.644203464265374,48.54326613530203],[7.644211429749665,48.54323713788144],[7.644231340998475,48.54320111106789],[7.644256560373124,48.54317826514965],[7.644292397194774,48.54316420670531],[7.644337524674887,48.54315190593865],[7.644379997407318,48.5431431199393],[7.644598991465585,48.54319497012632],[7.64460562662115,48.54321342336542],[7.643169680611832,48.54387905596823],[7.643112395033011,48.54382908353853],[7.643154672603596,48.54381042608704],[7.643198888103477,48.54380166662451],[7.643239025956259,48.54377509653613],[7.643274018497264,48.54374511961612],[7.643299749493697,48.54370901040218],[7.643318276909358,48.54366949430942],[7.643322396666335,48.54363065899732],[7.643323429355268,48.54358909826968],[7.643313141573782,48.54354958109114],[7.643292562307391,48.54351483279453],[7.643292562366303,48.54351415147184],[7.643270953801846,48.54348212842689],[7.643250375267369,48.54343988554831],[7.643231854095034,48.54340786259884],[7.643190691937791,48.5433826520369],[7.643155703870088,48.54336425494522],[7.643111453782794,48.54334653879582],[7.643062058153527,48.54332950373701],[7.643007516197455,48.54332132568536],[7.642957090124797,48.54331927971083],[7.642952968398877,48.54337651083222],[7.642955023402404,48.5434112584569],[7.642959135936318,48.54345350071835],[7.642972509090082,48.54351073245563],[7.64299484410448,48.54356420832396],[7.643023654208923,48.54361939668527],[7.643064812141585,48.54369229993234],[7.643112145077115,48.54376315943664],[7.643154334679966,48.54381017241649],[7.643112139206211,48.54382924783364],[7.643072007680489,48.54378427888472],[7.643025704145523,48.54371069411647],[7.642987632718352,48.54364732951194],[7.642938607554943,48.54356820561221],[7.642905683605557,48.54348644545661],[7.6428902551791,48.54339855408165],[7.642880656940156,48.54331626306067],[7.642543365253955,48.54330373378806],[7.642501171630441,48.54330509456111],[7.642471326782347,48.54331190646158],[7.642451772587284,48.54332280677413],[7.642432217554271,48.54334188296442],[7.642404429336485,48.54336436539813],[7.642365320978932,48.54338548464843],[7.642315922595929,48.54339638355773],[7.642254175475951,48.54340183125867],[7.642203749374456,48.54339978492855],[7.642037043076431,48.54331597414113],[7.642024695835121,48.54329757781349],[7.642023670419668,48.54326419291333],[7.642028819633245,48.54323080831355],[7.642037055852251,48.54320014915448],[7.641671735400002,48.5431013389367],[7.641703642238113,48.5430611424434],[7.642056612725372,48.54316472126749],[7.642086037727667,48.54313945044278],[7.642121634560768,48.54312416609392],[7.64216300336437,48.54311079276022],[7.642195713114539,48.54310442510862],[7.642242852714403,48.54310379040052],[7.64229576409388,48.54310697745345],[7.642350598609968,48.54311908143422],[7.642397736699101,48.54313309579064],[7.642427558173591,48.54314774626693],[7.642450644656476,48.54317003946716],[7.64246218780799,48.54318214143851],[7.642489124009979,48.54318914874237],[7.642540878930369,48.54319615713815],[7.642646702042422,48.54320125709613],[7.642751563546842,48.54320189848085],[7.642832374178767,48.54320317569309],[7.642890096813979,48.54319617196428],[7.642938198219538,48.54319872159463],[7.642988066545446,48.5432046791431],[7.6430592288434,48.54320570617854],[7.643114921429584,48.54320263575069],[7.643161332686022,48.54319137130147],[7.643201556343147,48.54317498557111],[7.643237139828245,48.54314835759634],[7.643272723498715,48.543119681199],[7.643302119957022,48.54308076249903],[7.643320688155082,48.54303262553361],[7.643322152619072,48.54299073361394],[7.643320275428849,48.54295276257483],[7.643309935602973,48.54292350586501],[7.643289253014771,48.54289985104842],[7.643246004821185,48.5428824201305],[7.643189593944895,48.5428624987993],[7.643145117739936,48.54285034524863],[7.643123492984849,48.54284909947001],[7.64310374755198,48.54286030326391],[7.643079298995781,48.54289391596011],[7.643053909399176,48.54293686572454],[7.643014413694049,48.54301156111045],[7.642984321139181,48.54307442983546],[7.642953287851921,48.54314227831172],[7.64293823927114,48.54319830045441],[7.642890288500426,48.54319580856975],[7.642913801305049,48.54311551029518],[7.642934491703683,48.54305388615287],[7.642957062723656,48.54298977219513],[7.642991857440724,48.54291507664754],[7.643068608803669,48.54282432754065],[7.643059207171916,48.54281934736817],[7.643043223819415,48.54281685683529],[7.643006555098015,48.54282308010633],[7.642950141630558,48.54283303741306],[7.642893728854288,48.54283552499642],[7.642845778435432,48.54283303312125],[7.642798768889476,48.54282369404513],[7.642737657565355,48.5428006599217],[7.6427038119558,48.54278136177457],[7.642673728660665,48.54274712440507],[7.642654927818821,48.54271350998298],[7.642644587995084,48.54268861056335],[7.642753430821236,48.54255406533028],[7.642789159509045,48.54254410723712],[7.64283899111101,48.54253539466907],[7.642888822111635,48.54253290682951],[7.642943353315388,48.54253913379308],[7.642989422416582,48.54254847276538],[7.643032670189644,48.5425659037809],[7.643066515279175,48.54259080409869],[7.643093076051358,48.54261361807579],[7.643116578208717,48.54264723263991],[7.643124097488537,48.54267399934141],[7.643127856277316,48.54269703104526],[7.643141018067774,48.54270948104745],[7.643158881552726,48.54271446153422],[7.643172984813584,48.5427125946553],[7.643270762582725,48.54275554910873],[7.643308369325346,48.54277360227155],[7.643356318170021,48.54279414570671],[7.64340614794055,48.54280908691791],[7.643458798732457,48.54281967090139],[7.6435123906758,48.54281905035397],[7.643558461200395,48.54281531714292],[7.64360453214951,48.54280660411883],[7.643645902433729,48.5427929111128],[7.643676931101124,48.54277050309396],[7.6437088996903,48.54275120746623],[7.643755911901504,48.54272879995391],[7.643794461998718,48.54270888203368],[7.643819850131215,48.54267651415864],[7.643832075499592,48.54264165593294],[7.643830198038007,48.54260017675268],[7.64382079941109,48.54255473576027],[7.643795417864885,48.54250182453646],[7.643768154856834,48.54246385265328],[7.643743711072837,48.54244393263297],[7.643716445170621,48.54244393172664],[7.643644048081857,48.54246198106002],[7.643575411039107,48.542489367593],[7.643498311900034,48.54251986613347],[7.643442837353458,48.54255098786602],[7.643374199058391,48.5425920686701],[7.643333768021153,48.54261883357523],[7.643294276670023,48.54265120077401],[7.643271708381345,48.54269041581587],[7.643265123888474,48.54272589660788],[7.64327076261452,48.54275515313429],[7.643172984845299,48.54271219867768],[7.643194611499926,48.54269041289488],[7.643245386222133,48.54264870903292],[7.643289704886471,48.54259095045741],[7.64334141957872,48.54254986907094],[7.643420399999663,48.54250941113006],[7.643521004849414,48.5424701988628],[7.643680649364921,48.54240093310879],[7.643657145472309,48.54238661539815],[7.64362894063966,48.54237167503945],[7.643596034721389,48.54235797946643],[7.643562189363234,48.54233494673533],[7.643537746071902,48.54231129184633],[7.643509543508458,48.54226896257785],[7.643496383342181,48.54223659342657],[7.643498266401629,48.54220360233368],[7.643511432270344,48.54216500935693],[7.643533999235861,48.54213699879028],[7.643554685831598,48.54210836567176],[7.643588534064554,48.54209342745533],[7.643623322130901,48.54208284658694],[7.643677853894086,48.54207724619661],[7.643737086043972,48.54207911564198],[7.643799138307658,48.54208720988468],[7.643848966790358,48.54211211053095],[7.643886572767331,48.54213701075292],[7.643918536317078,48.54217934006988],[7.643935456805568,48.54222104640952],[7.643956137158519,48.54227582482144],[7.643965536846906,48.54230757131487],[7.643982829646998,48.54232726726999],[7.643997871234014,48.54234967682345],[7.643964023196741,48.54236150277011],[7.643929234714646,48.54237644104963],[7.643914190965459,48.54238391026149],[7.643913249855309,48.5423963597203],[7.643919829896422,48.54241503416179],[7.643932990896571,48.54243993355914],[7.64395179334393,48.54246172075945],[7.643967775154725,48.54248413034229],[7.643979056235295,48.5425028049381],[7.64400161980195,48.54252085740503],[7.644033585724699,48.54253455282997],[7.644071192754469,48.54255011586934],[7.64411068039003,48.54256318904627],[7.644149228356689,48.54256879248521],[7.644205640213116,48.54257439644805],[7.644245128529292,48.54257813247944],[7.64429495941513,48.54257751146028],[7.644341969887924,48.54257377798293],[7.644385219705631,48.54256755446929],[7.644430350323354,48.54255510623853],[7.644465139050494,48.54253643296497],[7.644505569243587,48.54251402499401],[7.644538477744431,48.54249223925888],[7.644569505987546,48.54246734109266],[7.644595833465204,48.54243808546421],[7.644620280907574,48.54240198255415],[7.644632505744018,48.542365879311],[7.644625925799089,48.54234098013093],[7.644606182636644,48.54232292783792],[7.644451989941952,48.5423166989893],[7.644335404961142,48.54231856317412],[7.644144543556381,48.54233225204243],[7.643997871234134,48.54234967682232],[7.643983013023192,48.54232726726309],[7.644009338623992,48.54232726809087],[7.644066691385271,48.5423191777023],[7.644143788568489,48.54230673056504],[7.644274477316573,48.5422899276129],[7.644429610366059,48.54228557466905],[7.644615875250016,48.54229263857243],[7.6446393806525,48.54228516948768],[7.644657245003,48.54227521035752],[7.644665707511534,48.54226276108597],[7.644663827768651,48.54225155649954],[7.644645964741034,48.54223910655306],[7.644612118548726,48.54222354381646],[7.644581093222418,48.5422036238156],[7.64455570931826,48.54217996910765],[7.644540668303406,48.5421444876414],[7.644535029259054,48.5421090064178],[7.644542552616032,48.54207912780987],[7.644683586669347,48.54199634225352],[7.644715553261161,48.5419963430644],[7.644765383465344,48.54199758925556],[7.644822734773047,48.54200692779835],[7.64487162407911,48.54202124590226],[7.644923735613438,48.54204382208393],[7.644950059869513,48.54206623182844],[7.644969802544487,48.54209299872059],[7.644979203147544,48.54211852043594],[7.644980141893745,48.5421459093636],[7.644977319954782,48.54217143077633],[7.644962275156015,48.54220255418225],[7.644933127373488,48.54223496654904],[7.644897398600127,48.54225799729894],[7.644871072436878,48.54226920123339],[7.644835344417455,48.54227791502957],[7.644808077934964,48.54229098634256],[7.644804316136851,48.54230903801903],[7.64480807582685,48.54232895730478],[7.644797135829102,48.54234732013098],[7.644766784788162,48.54237945966116],[7.644754560781375,48.54240435837214],[7.644751738252705,48.54243921691141],[7.644751736103763,48.54247781035972],[7.644754554929436,48.54250955664097],[7.64476771611164,48.54253943575203],[7.644794980343013,48.54256993767464],[7.64482130420896,48.5426035519372],[7.644865492088975,48.54263529919142],[7.644912501106933,48.54265833185155],[7.644974553581731,48.54267887493188],[7.645037546467838,48.54269630564751],[7.645103360143668,48.54271124648596],[7.64516729369676,48.54272120745948],[7.645229347275036,48.54272245372045],[7.645293281642235,48.54271623031114],[7.645355336046311,48.54270004721185],[7.645419271558476,48.54267046555842],[7.645458761179668,48.54264930217899],[7.645486028206445,48.54262440369028],[7.645500132163248,48.54260386227338],[7.645500132925398,48.54258518801969],[7.645481329334434,48.54257211567534],[7.645455944256554,48.54256028816154],[7.645392011212675,48.54253912277364],[7.645330898728522,48.54252106979709],[7.645257564419376,48.54248745468652],[7.645176708613466,48.54245446185513],[7.64501969761872,48.54240279305348],[7.644873968905623,48.54235859398946],[7.644796873112654,48.54234738757778],[7.644808156557472,48.54232937144977],[7.644926006568302,48.54234743820461],[7.645068914816557,48.54239101466687],[7.645216523732808,48.54244455062152],[7.645381996141642,48.54251302614021],[7.645512181903094,48.54255330958105],[7.645542268638817,48.54254770785344],[7.645558252345754,48.54254148339527],[7.645564834195859,48.54253090144826],[7.645562954244545,48.54251969687777],[7.645546971409489,48.54250475720777],[7.645531929244875,48.5424786130129],[7.645526289313393,48.54244748918462],[7.645530991495177,48.54241885544035],[7.645542274948149,48.54239333418064],[7.645564840792982,48.54236781311601],[7.645590227242705,48.54234166961561],[7.645617493676395,48.54232548573485],[7.645653221866821,48.54230992446991],[7.645692710551844,48.54230183294057],[7.645735019687258,48.5422974763024],[7.645735959886597,48.54229747631753],[7.645782969672341,48.54230245687394],[7.645783909848758,48.54230307935381],[7.64582621842508,48.54231428457566],[7.645891090964541,48.54234976662401],[7.645914595280694,48.54237030865715],[7.64592587702837,48.5423896055427],[7.645909889562319,48.54251012624905],[7.645887323856535,48.5425331574972],[7.645855330964439,48.542556059186],[7.645806439523124,48.54257846757028],[7.64576036899669,48.54259216129341],[7.645723700878248,48.54259589556267],[7.6456992555591,48.54259589515984],[7.645681391291075,48.54260585446234],[7.645678569770837,48.54262950846393],[7.645655657497419,48.54265352559918],[7.645640614271974,48.54265165790633],[7.645628391136869,48.54266348473442],[7.645599243575106,48.54269336305627],[7.645583259055197,48.54271888425125],[7.645568214515484,48.54275000774423],[7.645569153498835,48.54278050903116],[7.645584194902677,48.54282906232306],[7.645606758023988,48.54287699325834],[7.6456265012534,48.54290687237287],[7.645658467406324,48.54293239436767],[7.645718639559624,48.5429672539281],[7.645780692441157,48.54299588875546],[7.645860640774512,48.54303562218958],[7.645930215844756,48.543055542404],[7.645983807413918,48.54307297245137],[7.646027997112559,48.54308293265139],[7.646094752055532,48.54308915829625],[7.646150224597672,48.5430904039608],[7.646216039818905,48.54307982271248],[7.646274333483301,48.54306301660138],[7.646328866387813,48.54304123062934],[7.646375877512426,48.54302193444078],[7.646404084455767,48.54299890318399],[7.646418188315227,48.54297151444984],[7.6464155387494,48.54295052080892],[7.645656059874211,48.54265374390098],[7.645678625733392,48.54262946776951],[7.646441700277244,48.54292384464708],[7.646444521643385,48.54289209847855],[7.6464351204765,48.54285226002642],[7.646421018236504,48.54281428894271],[7.646416317972127,48.54278129774719],[7.646427601291046,48.54274581680883],[7.646438884250292,48.54272527525609],[7.646469911775242,48.54269415182692],[7.646501879241336,48.54267361046119],[7.646547949573366,48.54266240634767],[7.646590258901467,48.54265929434897],[7.646646671207174,48.54266178472339],[7.646705904065751,48.54266800994893],[7.646758555404441,48.5426804598331],[7.646806554658112,48.54271146356267],[7.64682817871064,48.54275503697475],[7.646846041671691,48.54281728458513],[7.646834758381029,48.54286708247595],[7.646815013405755,48.54290318585732],[7.646760480621966,48.54293928897736],[7.646703573504448,48.54295929546662],[7.646580918909727,48.54300832743283],[7.646553652388485,48.54302575649569],[7.646527325729473,48.54305936991976],[7.646499118539869,48.54309671815767],[7.646488775503522,48.54312784180225],[7.646488774777602,48.54316145544407],[7.646497235865533,48.54320129390494],[7.646514608189712,48.54323473922603],[7.646546574823432,48.54327208802935],[7.646581362295574,48.54330196714659],[7.646618970471348,48.5433299788384],[7.646655638712712,48.5433436735895],[7.646744958904135,48.54337479801908],[7.646799491337603,48.5433897378006],[7.646850262970981,48.54340156516082],[7.646905735865898,48.54340343294055],[7.646967790426848,48.54339596361641],[7.647023263535615,48.54338040205873],[7.647075915996526,48.5433635955075],[7.647121046711012,48.5433449214727],[7.647153954588635,48.54332500241809],[7.647181221202861,48.54329636867903],[7.647199862376725,48.54325880567002],[7.646803093170995,48.54310069498464],[7.64669684969366,48.54306396817017],[7.646628214612441,48.54303906860216],[7.646597187953599,48.54302039407275],[7.64658120457214,48.54300856689218],[7.646703574216098,48.5429593923395],[7.646702633599814,48.54298304639993],[7.646686649545313,48.5430085677757],[7.646698871955238,48.54302910956719],[7.646732719262934,48.5430502739879],[7.646807935903171,48.54307579602476],[7.646943325963854,48.54312372744786],[7.647120593406378,48.54319287099833],[7.647233418977144,48.54322772999652],[7.647517786464681,48.5429226892112],[7.647535650494357,48.54290152509444],[7.647540351561412,48.5428884531344],[7.647530949491051,48.54286791146659],[7.647516846382969,48.54284487989727],[7.647507444352335,48.54281313367131],[7.647503683570709,48.5427782750734],[7.647514966107833,48.54273781419703],[7.647541291938829,48.54271104779438],[7.647575139397064,48.54268863869311],[7.647618388894588,48.5426712093904],[7.647657877552811,48.54266373967696],[7.647722751793871,48.54267120935203],[7.647781984824751,48.54268365880316],[7.647826174566077,48.54269361833151],[7.647872244770828,48.54271104754252],[7.647894809835085,48.54273407907047],[7.647914554317554,48.54275711059602],[7.647924896725565,48.54278263204439],[7.647930538139381,48.54281313329686],[7.647918315610031,48.54284612449436],[7.647903272425573,48.54287787073814],[7.647870788626962,48.54290666982084],[7.647830359656831,48.54293032396676],[7.647795571909828,48.5429471308527],[7.64776172432909,48.54295211069972],[7.647730697364152,48.54295024331559],[7.647706251881234,48.54295024333763],[7.647683686827569,48.54295584562281],[7.647663942421438,48.54298074462062],[7.647641525879676,48.54299895739029],[7.647362695902409,48.54330615195109],[7.647331668560953,48.54333540819926],[7.64728465737357,48.54338022624935],[7.64726115165282,48.54341695217536],[7.647251749300543,48.54343936122649],[7.64726115127726,48.54347172992447],[7.647278075018368,48.5435059660672],[7.647299699894838,48.54353895726232],[7.647325085718661,48.54356634620653],[7.64735705316625,48.54358626546658],[7.647401243539111,48.54360556226202],[7.647446374202918,48.5436155219296],[7.647499966911249,48.54361987932464],[7.647551679195804,48.54361925691118],[7.647588347914144,48.54360929732555],[7.647643821067136,48.54358315341641],[7.647694593074914,48.54355451957214],[7.647615614368679,48.54349040471073],[7.647524413068927,48.54342628980493],[7.647331668557475,48.54333603067241],[7.647362719324732,48.54330668608709],[7.647579909471121,48.54340130247952],[7.647676752105232,48.54345670268962],[7.647775431774129,48.54352979094323],[7.647808339455828,48.54351111666281],[7.64782714379971,48.54349119745143],[7.647827143797253,48.54349057497724],[7.647830904595725,48.54346941084044],[7.647830904590789,48.54346816589084],[7.647829024030822,48.54343766464614],[7.647839366341129,48.54341027574792],[7.647860051060926,48.54338413175776],[7.647887317333946,48.54336545745003],[7.64792492603304,48.54335238537291],[7.647965355425734,48.54334865039444],[7.648122372159689,48.54334864974794],[7.648152459426926,48.54337168119275],[7.648175965097197,48.54338724294882],[7.648209791285028,48.54344526855315],[7.648225775334911,48.54347327986839],[7.648228596373414,48.54350813847475],[7.648209792206351,48.54353739491626],[7.648189107511074,48.54356167155049],[7.648162781433097,48.54357847850094],[7.648041435218619,48.54362737776824],[7.648009467579485,48.54362986779878],[7.647987842391723,48.5436255105509],[7.647965276931384,48.54361306112196],[7.647944591949775,48.54360434652849],[7.647927667907548,48.54360310163357],[7.647911684091817,48.54360434663171],[7.647889118773044,48.54361555125725],[7.647877836114397,48.54362302099927],[7.647879716609856,48.54363422555227],[7.647895700519212,48.54365538968973],[7.647950233934216,48.54372386180663],[7.647990664112481,48.5437960687529],[7.648027333554504,48.54387014310461],[7.648060242262822,48.54395106469197],[7.648074346528457,48.54403385379243],[7.648078108107446,48.54409734624499],[7.648009471083681,48.54410108131279],[7.648004769520142,48.54405377320396],[7.647994426369367,48.54398094368038],[7.647978442012908,48.54391994122704],[7.647943653025298,48.54384150954237],[7.647901342416321,48.54376930260463],[7.64786937444689,48.54370705520233],[7.647831765263042,48.54365974716862],[7.647818602094308,48.54365227748692],[7.647802618281794,48.54365289998109],[7.647747145102763,48.54367655412838],[7.647672202867346,48.54371332115338],[7.647632713392197,48.54373884266291],[7.647606387054847,48.54377681366226],[7.647586642280131,48.54380980483958],[7.647580060671513,48.54383906115693],[7.647580060647313,48.54387391973701],[7.647592275861812,48.54392576592209],[7.647612020654433,48.54396996164258],[7.647637406862748,48.54399984042653],[7.647657801276826,48.54402477865453],[7.647704812879716,48.54405465744159],[7.647751824508346,48.54407706648815],[7.647793194759172,48.54409262830222],[7.647839266166381,48.54410009790844],[7.647906962920683,48.5441025876523],[7.647993464354159,48.5441025873864],[7.648044236937876,48.54409947481993],[7.648086547423352,48.54409636227486],[7.648125380599566,48.54409014183949],[7.648152647214832,48.54407831468252],[7.64818273444452,48.54405964027655],[7.648212821660678,48.54404096583697],[7.648242908935989,48.54402851616292],[7.648283338827984,48.54402229115952],[7.64833693206795,48.54402478073178],[7.648376421895177,48.54403038273969],[7.648437537256809,48.54404656666221],[7.64848360897445,48.54406648551779],[7.648520278587396,48.54409698652301],[7.648535322834745,48.54412748769616],[7.648534383235885,48.54416545869988],[7.648527802409282,48.54421525675869],[7.648509121405677,48.54424929613558],[7.648484675533151,48.54427170545349],[7.648445185813816,48.54428913507025],[7.648390652120796,48.54429785011983],[7.648344580513086,48.5442990953893],[7.648284405259447,48.54429224854032],[7.648230811590464,48.54427668697381],[7.648180038630608,48.54425490062022],[7.648154652147992,48.54424245124423],[7.648124564591305,48.54423933900743],[7.648091656441361,48.5442480538106],[7.648080373784172,48.54426672810232],[7.648063710548641,48.54430997858358],[7.648043025818532,48.54437098122145],[7.64801011806425,48.54444567829523],[7.647988158051822,48.54449781865684],[7.647934564884817,48.54458309783692],[7.647897895758362,48.54463476330427],[7.647848063209715,48.54469514342791],[7.647795409519567,48.54467211196291],[7.647838660460915,48.54462231394633],[7.647884615594993,48.54455007062492],[7.647940636037697,48.5444570005128],[7.647980801309167,48.54436323068612],[7.648018852379181,48.54425966399956],[7.648020966167966,48.54423377234671],[7.648004054172562,48.54422187623513],[7.647977629304307,48.54421907722951],[7.647921709650481,48.54421481043838],[7.647881327692803,48.54421313963766],[7.647820123865596,48.54422232977846],[7.647777218111946,48.54423653256711],[7.647736205268904,48.5442544948688],[7.647696454336619,48.54427036851961],[7.647664275003621,48.54428874850311],[7.647639667270029,48.54431255891911],[7.647603975059942,48.54435983867821],[7.647588831788705,48.54438448455106],[7.64757747432088,48.54441121905649],[7.647559238847048,48.54443875111322],[7.647558607838563,48.54446256153227],[7.647563024595224,48.54448553650132],[7.647576905913778,48.54451018237706],[7.647595632951559,48.54454098545251],[7.647610776252591,48.54456228951284],[7.647622133734666,48.54458442902903],[7.647638538997475,48.54459988491512],[7.647679552177227,48.54462077122474],[7.647848336751164,48.54469531620404],[7.647869158902408,48.54470367069382],[7.647888088107031,48.54470575928683],[7.647901969509858,48.544704506081],[7.647925946450012,48.54469740465714],[7.647946137555759,48.54469155642202],[7.647980841036068,48.54468487268191],[7.648011758711828,48.54468445484081],[7.648062236651477,48.54469406236191],[7.648108297783704,48.54470158124119],[7.648206730890729,48.54481144292595],[7.648206731209076,48.54484026607059],[7.648204838495969,48.54485739287396],[7.64819726702294,48.54487869697312],[7.648187802587945,48.54489791244465],[7.648160039912966,48.54492422935019],[7.648127860337461,48.54494678673338],[7.648095049712964,48.5449630781985],[7.648056560261378,48.54497602786811],[7.648006082192433,48.544983964842],[7.647955604052445,48.54498229407404],[7.647889351424222,48.54496391427268],[7.647855455831229,48.5449481457317],[7.64781822811546,48.54492934808832],[7.647791096006101,48.54490052498736],[7.64777405955537,48.54487170187372],[7.64777027363837,48.54484287874435],[7.647769642591456,48.54482282786809],[7.647766487692593,48.54480946061937],[7.647758915973801,48.54480027064446],[7.647724212350626,48.54478732115729],[7.647688279364379,48.54477245376921],[7.647672504946488,48.54475407379905],[7.647623919900242,48.54472692157642],[7.647578489783234,48.54470854160348],[7.647534952634327,48.54469517433152],[7.647478165070316,48.54468473111703],[7.647432735033264,48.5446801360697],[7.647375316505871,48.54468055369441],[7.647325469619233,48.54468765493029],[7.647276884637755,48.54469935114639],[7.647244073958282,48.54471146510911],[7.647217572953191,48.54472900953522],[7.64717592849451,48.54475449069687],[7.647121811699524,48.54478286370467],[7.647100989300759,48.54480918038985],[7.647080797840935,48.54483591479961],[7.647062499274173,48.54486264921184],[7.647055917146011,48.54489465585204],[7.647060333597095,48.54492974490037],[7.64707484559392,48.54497193534134],[7.64708620278121,48.54500869531834],[7.647103869946581,48.54502665763285],[7.64712784698072,48.54503584772188],[7.647150562126503,48.54503877189338],[7.647188666442886,48.54503293036979],[7.647271955773398,48.54500744927536],[7.647386162913843,48.54495648688763],[7.647482702402646,48.54490552441028],[7.647553371693685,48.54486918227136],[7.647622147975055,48.54482365009013],[7.647688400268187,48.54477226966008],[7.647724365827457,48.54478772551868],[7.647678935692623,48.5448282450644],[7.647538421889091,48.54492224775804],[7.647347235757325,48.54501456502899],[7.647150053494327,48.54507832356285],[7.647139655068007,48.54508849588723],[7.647147857628438,48.54510311636565],[7.647155429255923,48.54511439501738],[7.64718003731889,48.5451256737407],[7.647181930243708,48.54512609146733],[7.647210324232427,48.54513319292367],[7.647251337800409,48.54514238303906],[7.647284148677864,48.5451486490361],[7.647310649653559,48.54516953544355],[7.647329578863578,48.54519961181864],[7.647342829262056,48.545228852721],[7.647345983943172,48.54526561267888],[7.647344090782964,48.54530362580064],[7.647324530189598,48.54533704388551],[7.647286671097378,48.54536712009556],[7.647251966947984,48.54538717085401],[7.647207798132838,48.54539677840075],[7.647157950511787,48.54540137319861],[7.647096745303806,48.54539928428927],[7.647043111952126,48.54539134722089],[7.647009039141652,48.54537547343167],[7.646986324097806,48.54535291607623],[7.646969918983939,48.54532242195747],[7.64696991899463,48.54532158650635],[7.646962978630327,48.54528900380594],[7.646964871882902,48.54526477568484],[7.64696487190978,48.54526268705267],[7.646977491870118,48.54523386400083],[7.64698884990521,48.54520128139955],[7.646988850221497,48.54517580007948],[7.646981001917529,48.54514743156873],[7.646969644593509,48.54512487427708],[7.646941882137995,48.54508143057183],[7.646915484060431,48.5450216610429],[7.646888655932611,48.54498067289846],[7.64685976396807,48.54494856545658],[7.646830872025971,48.54491714113987],[7.646803011766332,48.54489937947528],[7.646772055749822,48.54489118164769],[7.646733934526844,48.5448802148759],[7.646694582530702,48.5448723988584],[7.646675693587413,48.54486875137718],[7.646658378638637,48.5448697933371],[7.646627683943692,48.54487291938885],[7.64658754475308,48.5448750032402],[7.646545831605145,48.54487239762922],[7.646514349928399,48.54487291839399],[7.646467914225877,48.54488385995682],[7.646428561813547,48.54489792784954],[7.646373468404873,48.54491772709217],[7.646340412105015,48.54493908968908],[7.646308929877151,48.54495993124399],[7.646288466064766,48.54498702548485],[7.646263279705588,48.54502401956864],[7.646252260266846,48.54505528228834],[7.646240531229265,48.54508459458153],[7.64624210498519,48.54509762080267],[7.646259419835784,48.54510387359454],[7.646315300029796,48.54510647949883],[7.646428634409657,48.54511273332063],[7.646557709735625,48.54511638190677],[7.646658451565203,48.54511429857845],[7.646797758821354,48.5451038786538],[7.646941001600592,48.54508147441624],[7.64696854761624,48.54512472157958],[7.646835536294563,48.54514816797753],[7.646671830467568,48.54515962984441],[7.646452244761271,48.54515702262045],[7.646271610466428,48.54514000782269],[7.646236193510141,48.54513636007826],[7.646221239434043,48.54514365457582],[7.646216516776459,48.54515720177061],[7.646219664711271,48.54516605962758],[7.646233044176068,48.54517752283082],[7.646255867924239,48.54519888605837],[7.646275543424588,48.5452238965756],[7.646292857642807,48.5452546385857],[7.646303875638383,48.54528017003936],[7.646205490762576,48.54542085169387],[7.646179517974117,48.54542606185187],[7.646115766788806,48.54543127151332],[7.646062247447687,48.54542970767039],[7.646008728288742,48.5454224122801],[7.645963079806767,48.54540990649953],[7.645916644657862,48.54538645870021],[7.645889098643412,48.54536561639043],[7.645863126886587,48.54534008467468],[7.645863126904572,48.54533956362822],[7.645850534931949,48.54531611629668],[7.645845813936973,48.54527860079781],[7.645847389072335,48.54524838005658],[7.645867066563492,48.54521034386927],[7.64589225297355,48.54518324976773],[7.645923735613365,48.54515928203093],[7.645957446781302,48.54514595296572],[7.645990705465269,48.5451352502371],[7.646017497074899,48.54512974610757],[7.646035050207587,48.54512577087466],[7.646043827120323,48.54511262134897],[7.646047926265127,48.54509923775664],[7.646058198472472,48.54506344955515],[7.646098224263794,48.54500439098364],[7.64611563774401,48.54496913034584],[7.64611871143879,48.54493861617498],[7.646111542345611,48.54491352662075],[7.646097203659632,48.54488165603583],[7.646078767929929,48.5448511415805],[7.646055210773683,48.54482537370747],[7.646022435364896,48.5447982495121],[7.645987611191831,48.5447799404972],[7.64594766564652,48.54476502186868],[7.645905706748504,48.54475256613807],[7.645873775006593,48.54474225341957],[7.645833275961196,48.54473658108576],[7.645801343941827,48.54473400254007],[7.645753056276741,48.54473812669858],[7.645719566363319,48.54474276670315],[7.645680624709296,48.54474585974729],[7.645647913603533,48.54475153094723],[7.645618317561736,48.54476390516618],[7.645580154159177,48.54478143535037],[7.645547442451135,48.5448015436783],[7.645506163304933,48.54482835479391],[7.645485134238326,48.54484330717813],[7.645482797052241,48.54485980673645],[7.645495257775734,48.54487372850392],[7.645523016141061,48.54488672572409],[7.645976291357721,48.54504915102028],[7.646005107961704,48.54505946368798],[7.646032367125171,48.54506358897238],[7.64605806873657,48.54506358932743],[7.646047942778697,48.54509916648777],[7.646023142755583,48.54509397080054],[7.645973297438369,48.54508314217934],[7.645852578857937,48.54504807862884],[7.645702265527515,48.5449975461535],[7.645527030895769,48.54492535737081],[7.645499772230664,48.54491401340169],[7.645470955412732,48.54491452848556],[7.64544447484883,48.54492071534234],[7.645424224494617,48.54493721456149],[7.645204132949168,48.54519249675397],[7.64519011310788,48.54520848046625],[7.645190891065559,48.5452265269288],[7.645198678401435,48.54524818282326],[7.645208802047875,48.54527447927647],[7.645214252632599,48.54530129124367],[7.645209578180254,48.54533119667379],[7.645193221117969,48.54536161747529],[7.645179200798065,48.54538688219464],[7.645155834433861,48.54541111549127],[7.645129352913624,48.54543070820672],[7.64508417953037,48.54544359753613],[7.645039006439003,48.54545029949692],[7.644998506752058,48.54544978298569],[7.644954891972771,48.54544411024551],[7.644910498635284,48.54543328135752],[7.644864548079305,48.5454142026255],[7.644832616794988,48.54539306175051],[7.644806982919945,48.54536079326839],[7.644790629050786,48.54532934049165],[7.644782842942528,48.54528860690652],[7.644786739406479,48.54524787360652],[7.644786739435217,48.54524735799511],[7.644800760054182,48.54521951526014],[7.644821789788816,48.54519889126993],[7.644854501855352,48.54518187684292],[7.644892665476675,48.5451700186588],[7.644937059797874,48.54515764499281],[7.644978338436141,48.5451514585881],[7.645028171839585,48.54514912232886],[7.645043748584399,48.54514860706351],[7.645053094953638,48.54514190430692],[7.645313100833304,48.5448352140072],[7.645343476681621,48.54480324663285],[7.645363727199603,48.54478262252668],[7.645372295228031,48.54476251380272],[7.645370738117609,48.5447501390701],[7.645356493308217,48.54474068312457],[7.644784843981323,48.54451741013646],[7.644757585374132,48.54451173772953],[7.644736557090457,48.54451122159531],[7.644718643644371,48.54451895533726],[7.644706181451393,48.54453597024556],[7.644699950248739,48.54454628233909],[7.644705401655745,48.54455298544195],[7.645343250305343,48.54480285941939],[7.645312874393437,48.54483482682333],[7.644686452858314,48.54458938093978],[7.644670876396013,48.54458783370116],[7.64465997266046,48.54459041148937],[7.644652183455598,48.54460639528475],[7.644654519070579,48.5446213481211],[7.644659969430522,48.5446460976662],[7.644664640815901,48.54467342525517],[7.644670090764933,48.54470539336835],[7.64467554134566,48.54472653361837],[7.64467086702397,48.54474973606219],[7.644657625595757,48.54477242267112],[7.644637374800656,48.54479304665489],[7.644606999368426,48.54481057669999],[7.644576623971608,48.54482707551791],[7.644536123956787,48.54483996477722],[7.644485499357474,48.54484872884202],[7.64442552926684,48.54484872722995],[7.644381914958256,48.54484408552696],[7.644333627973805,48.54483377194027],[7.644219176410778,48.54469349707173],[7.644217620129354,48.54467287250334],[7.644223852545197,48.54464657642504],[7.644239431140011,48.54461667132438],[7.644262797839188,48.5445893445258],[7.644292394617535,48.54456923647839],[7.644318875736234,48.54455428446567],[7.644354702528407,48.54454294200067],[7.644399096139713,48.54453572466551],[7.644446604470064,48.54453727281317],[7.644479315095851,48.54453882054115],[7.644494113086964,48.54453418042824],[7.644500344173071,48.54452644640876],[7.6444995657571,48.54451974342509],[7.64453149963712,48.54448674507665],[7.64455875959547,48.54446921496974],[7.644569663895493,48.54445684054863],[7.644575568538048,48.54443341765708],[7.64389242565035,48.54416397064536],[7.643860682368945,48.54414976954726],[7.643816069232101,48.54414295205293],[7.643804915821306,48.54414295168534],[7.643788613317,48.54416112723888],[7.643781748608419,48.54417532707888],[7.643781878702054,48.54418903726716],[7.644531265881445,48.54448660650023],[7.64449952650212,48.54451913928069],[7.64375270029968,48.54421411648558],[7.643740210852883,48.54422194904359],[7.643732979598288,48.54423326310218],[7.643738236857896,48.54424892922522],[7.643748752219837,48.54426938233997],[7.643757952741241,48.54429288156251],[7.64376944415798,48.54431860456275],[7.643767470891989,48.54433601111004],[7.643764840324545,48.54435341763251],[7.643756951046674,48.54437387012696],[7.643734985193158,48.54440997904923],[7.643718550921095,48.54442956093946],[7.643700145141334,48.54444348560241],[7.643675166315846,48.5444565397114],[7.643478563663068,48.54447764919133],[7.643466732678257,48.54447025095755],[7.643452929560787,48.54446502848673],[7.643439783333061,48.54446502801659],[7.643422035754634,48.54446720320086],[7.643412832634788,48.54447634133823],[7.643401657680647,48.5444841739095],[7.643389825639759,48.54448939546326],[7.643211688386591,48.54455814489633],[7.64320051340589,48.54456597743989],[7.643197225937053,48.54457642127218],[7.643190651906353,48.54458686497873],[7.643070373544562,48.54447801626441],[7.643268357175012,48.54440972600755],[7.643300566810551,48.54439275577219],[7.643315029027196,48.54437622004419],[7.643318974101023,48.54436185974615],[7.643315689067558,48.5443440178632],[7.643308460957807,48.54431703736822],[7.643308462581069,48.54429789011083],[7.643322926379548,48.54426220711743],[7.643347248957739,48.54423621822607],[7.643371571091746,48.54421533118578],[7.643406409969349,48.54419618519752],[7.643443877258001,48.54418661292009],[7.643490546900191,48.5441761706395],[7.643541159777401,48.54417312628348],[7.643566794750704,48.54417312718707],[7.643579283957513,48.54416834080719],[7.643586515101537,48.54415876743027],[7.643588487566428,48.54415180486046],[7.643585858753241,48.54414658278652],[7.643611495615854,48.54412264960145],[7.643637789351323,48.54410393841217],[7.643697539021394,48.54403422728912],[7.643715530736552,48.5439992933824],[7.643713134332717,48.54397150448269],[7.643703542625628,48.54394053947486],[7.643690352446059,48.54391830796727],[7.643655575635428,48.54389528177041],[7.64358961920647,48.54385796309373],[7.643569232711878,48.54384605289468],[7.643540450964572,48.54383970016647],[7.643510469852599,48.54383493531835],[7.643480488460829,48.54383334633287],[7.64344331094988,48.54383890277693],[7.643406133093027,48.54384842902976],[7.643366556175124,48.54386430691886],[7.643307790400577,48.54388812374488],[7.643269411885251,48.54391352921461],[7.643360549636298,48.54398578348057],[7.64343250173122,48.54403024817818],[7.64352364151502,48.54408344714476],[7.643611184911492,48.54412235455263],[7.643585998395579,48.54414617265365],[7.643484064078292,48.54410408883926],[7.643420505607665,48.54407232792182],[7.643353350116118,48.54403262718552],[7.64327900052999,48.54397704683491],[7.643220697590854,48.5439325244123],[7.642577399843143,48.54423845082103],[7.641910984608526,48.54455133708348],[7.641794749663157,48.54462000414026],[7.641666013105004,48.54472011100241],[7.641541024876157,48.54482270010086],[7.64156476849325,48.54483842163818],[7.641599761251101,48.54484338775385],[7.64163100558688,48.54484090722107],[7.64169349503076,48.54482932704801],[7.642302400753422,48.54475158257456],[7.64237238813871,48.54474248455298],[7.642425789883196,48.5447259445824],[7.642798231034675,48.54458530549089],[7.643070533029508,48.5444779806841],[7.643190499635657,48.54458720001961],[7.64306257666644,48.5446272036208],[7.643052233091822,48.54464480921239],[7.643056664055239,48.54465948104563],[7.64307586939278,48.54467317535057],[7.643110837240437,48.54469799041512],[7.643275246719927,48.54482485018409],[7.643302689034009,48.5448596764347],[7.643307260291761,48.54489298773779],[7.643277524986203,48.54492478362879],[7.643243217780446,48.54492932478557],[7.641560430501824,48.54513381709006],[7.641543365281187,48.54515032626171],[7.641513172112422,48.54518682058654],[7.641473791005087,48.5452233144045],[7.641442286684175,48.54524764332292],[7.641409471594329,48.54525720001468],[7.641377970873517,48.54525198462347],[7.641354345929916,48.54524329385217],[7.641297904819631,48.54525284922975],[7.641249339142111,48.54526153606345],[7.641120706480189,48.54527803894952],[7.64106295351326,48.54528151148944],[7.641032764578208,48.54528237872109],[7.640994697683392,48.54530323133636],[7.640956632005123,48.54531452549609],[7.640930381055108,48.54531278608048],[7.640901503833835,48.54531973600488],[7.640897564673597,48.54533103212299],[7.640919875186134,48.54535362610931],[7.641424474727425,48.54565055671645],[7.641357501017348,48.54569488764741],[7.643537410157107,48.54697396863399],[7.643152695211366,48.54728017179433],[7.640944410965762,48.54600928565656],[7.640877435956124,48.5460567093958],[7.640179565004557,48.54564819104149],[7.640685355132078,48.54526500930866],[7.640282029308258,48.54500500149779],[7.64030071891592,48.54499778543838],[7.640363012931966,48.54500603763761],[7.640420636721645,48.5450008860626],[7.640512524428229,48.54498439519224],[7.64067633569576,48.54495211376646],[7.640784531044281,48.54493046557241],[7.640899018934848,48.54489132731786],[7.641000927709927,48.54484136085946],[7.641082707140415,48.5447947246191],[7.641196885399522,48.54472202200797],[7.641298797470024,48.5446387405869],[7.641393162451953,48.5445437984572],[7.641466546980067,48.54442657860992],[7.641505555923302,48.54434579224335],[7.641528967408073,48.54426776445681],[7.641542818053844,48.54416532208029],[7.64153905534404,48.54407037466118],[7.641526484865242,48.54398875270742],[7.641485960265626,48.54390295865414],[7.641412857904182,48.54377055829003],[7.640373977405375,48.54220361237131],[7.639964356866706,48.54158322341598],[7.639830682264219,48.54136715708989],[7.639721631485312,48.54138939828881],[7.639630211544414,48.54140208293312],[7.639571230981521,48.54140988863442],[7.639453270746301,48.54141964260441],[7.639369224533792,48.54142354151391],[7.639372181581319,48.54137375429229],[7.639445906343154,48.54136985463817],[7.639563866789246,48.54135814823012],[7.639616949219437,48.54135131834412],[7.639706895059993,48.54133570493508],[7.639789469374819,48.54131423359213],[7.639754622510404,48.54127201962483],[7.639724911354648,48.54124919631495],[7.639684502185117,48.54123109391491],[7.639642903956676,48.54121613919399],[7.639613190036252,48.54121141550089],[7.639558514284026,48.54121613336132],[7.639513347230888,48.5412208518465],[7.639477688871443,48.54122557099196],[7.639455104836641,48.54123107798655],[7.639430142225223,48.54124524115905],[7.639393291175192,48.54127514228491],[7.639369515581498,48.54129874880338],[7.639352871883698,48.54131999500484],[7.639340983556695,48.54133494602179],[7.639340981628657,48.54134675012724],[7.639344544312465,48.54136563694969],[7.63935524046361,48.54137272018026],[7.639371638052657,48.54137421693832],[7.63936837104811,48.54142384301958],[7.639381404478145,48.5414378687744],[7.639400955074067,48.54145621032148],[7.639418060701082,48.54147940644039],[7.639435978292433,48.54151986393995],[7.639438418316395,48.54154575609833],[7.639433525299564,48.54157434482947],[7.639418040898263,48.54160185397522],[7.639389519575019,48.54163637462499],[7.639361815052603,48.54165794932714],[7.639332481558709,48.54167628740175],[7.639266794891604,48.54168901002213],[7.639209763149635,48.54169008470443],[7.639139696809245,48.5416841459964],[7.639094073487385,48.54167281488127],[7.639068819585335,48.54165555168307],[7.63903868012245,48.54162156621396],[7.63902238972322,48.54159621243604],[7.639016692624567,48.54156061053335],[7.639010995623517,48.54152446921329],[7.63901263040093,48.54149318318531],[7.639015896744226,48.54144949069048],[7.639021605173055,48.5414182049533],[7.639028128326273,48.541386919259],[7.639046869522408,48.54137289580845],[7.639063979154319,48.54137127882063],[7.639081903607541,48.54136912248179],[7.639118566517729,48.54136912518086],[7.639136490517393,48.54136966591899],[7.639152785687227,48.54136643059988],[7.639160934354667,48.54135833994757],[7.639167741494499,48.54132859560767],[7.639168562791609,48.54128921827321],[7.639162050356079,48.54125685281407],[7.639148204648498,48.54122880214356],[7.639121324023213,48.5411964351724],[7.639082086064651,48.54116414622453],[7.639031571792884,48.54113179764844],[7.638951774147074,48.54110668178896],[7.638880667251722,48.54108522837673],[7.638848272891248,48.54108261032213],[7.638779532773869,48.5410820819577],[7.638728964346884,48.54108730931545],[7.638675233880567,48.54110142949014],[7.638630193920246,48.54111973530684],[7.638594634806452,48.54114118059388],[7.638559864928456,48.54116733402893],[7.63852825613883,48.54118982583856],[7.638510870318946,48.54120761065677],[7.638504547388568,48.5412185957442],[7.63851007608303,48.54123062801246],[7.638530616010348,48.54124841581646],[7.638603301591582,48.54127928576374],[7.63867835897575,48.54130230899671],[7.638763687405532,48.54132847170411],[7.638862449792921,48.54134417292186],[7.638950151006492,48.54135725761245],[7.639016519796236,48.54136563255974],[7.639046603053561,48.54137276125593],[7.639027637743538,48.54138688416614],[7.639021311533702,48.54141774794354],[7.638884627273912,48.54139262780145],[7.638778754694049,48.54137117171525],[7.638701326464441,48.54135024084989],[7.638630220075204,48.54132460231179],[7.638498410298191,48.54128130984124],[7.638482608837352,48.54127607736311],[7.638468386580978,48.54127659935956],[7.638453373069545,48.54128339876902],[7.638447840336234,48.54129386078976],[7.638453366641107,48.54131897112776],[7.638461261894438,48.54135192849587],[7.638454936192556,48.54137808413855],[7.638438336426015,48.5414178401687],[7.638415417448499,48.54144765636381],[7.638386968812013,48.54147067152069],[7.638361682074568,48.54148584008914],[7.638325333668883,48.54150048464363],[7.638283195857943,48.54150466618891],[7.638222356037241,48.54150623062055],[7.638180480840671,48.54149890348722],[7.638132285948814,48.5414847752285],[7.638080141634866,48.54146436914824],[7.638043799023806,48.54144814933019],[7.63801693900094,48.54142617593628],[7.638000351180962,48.54140106464936],[7.637993246352776,48.54136810730014],[7.637987722744287,48.54132991885562],[7.637999579539931,48.54130376368724],[7.63801854779222,48.54127551661919],[7.638215694730295,48.54113521298525],[7.638220436504009,48.54112945901866],[7.638212536874938,48.54112108840534],[7.638159605307129,48.54108708107401],[7.638099296643926,48.54104094256805],[7.638032938606621,48.5409786854238],[7.637990701169073,48.54093385636398],[7.637949624153704,48.54088677184549],[7.637914868593334,48.54083707219434],[7.637890698139596,48.54080438737488],[7.637873316752586,48.54079863153879],[7.637939695511376,48.54074998663717],[7.637952332332166,48.54077614388564],[7.637968918034536,48.54081119453863],[7.638017894538589,48.54086664967335],[7.638061342501477,48.54091059560724],[7.638102419896162,48.54095611069038],[7.638153768875531,48.54100162660383],[7.638201166216723,48.54105341965958],[7.63823908689578,48.54108010203332],[7.63828016763517,48.541109400284],[7.638340211785842,48.54113608447007],[7.638363127136579,48.54112562384048],[7.638399478986089,48.54109057749091],[7.638430299020014,48.54106076191471],[7.638451638424957,48.54102623747254],[7.638464287113454,48.54098857358594],[7.638465875310367,48.54094463134419],[7.63845561100694,48.5409048731487],[7.638432704368374,48.54086772956924],[7.638393206848679,48.54082273780625],[7.638351336352189,48.54079239329881],[7.638296824802476,48.54075838589885],[7.638261272715681,48.5407421661988],[7.63821307877758,48.54072646859219],[7.638157772386633,48.54071861724789],[7.638108785734918,48.54071704386495],[7.638060588709807,48.54071808614323],[7.638020292012868,48.54072331405064],[7.637973673519463,48.54073324952484],[7.637939695510956,48.54074998663857],[7.637872526748044,48.54079810835899],[7.637854951774607,48.54080595373123],[7.637845468502,48.54081589227569],[7.637833612260452,48.54083943182264],[7.637811484127726,48.54086506297981],[7.637773553288357,48.54089278527353],[7.637729302716869,48.54091422953665],[7.63768031275702,48.54092887277657],[7.637616312305142,48.54093462160779],[7.637554684140671,48.54093043127314],[7.637487760898562,48.54091386485053],[7.63743482793497,48.54089031966783],[7.637385847266089,48.54085840483722],[7.637369261101867,48.54082753910014],[7.637358207419737,48.54078830387578],[7.637358215006049,48.54075063898455],[7.637373565834937,48.54071290190961],[7.63739490528986,48.54068099327897],[7.637430465755132,48.54065379401523],[7.637463653766052,48.54063705698402],[7.637509483103637,48.54062241355611],[7.63757901549678,48.54060881841757],[7.637743002174138,48.54058098287787],[7.637496792730305,48.54019763368067],[7.637569023287281,48.54017652432729],[7.637855801454174,48.54062441377267],[7.637906456612003,48.54061137604511],[7.637954298661724,48.54059336967878],[7.637995575550192,48.54057039436431],[7.638031225875723,48.5405393449404],[7.638055619807778,48.54050953666369],[7.638074386001077,48.54047786476804],[7.638081895720223,48.54044805506401],[7.638082839262927,48.54041886586536],[7.638077214694117,48.54039994381313],[7.63806596387512,48.54037199573363],[7.637993990736351,48.54025677318839],[7.637963980829632,48.54022385514006],[7.637927403257021,48.5401996312132],[7.63788707322245,48.54017789114275],[7.637839237504163,48.54016484509922],[7.637790463324487,48.54015428314009],[7.637731369907847,48.54014993076525],[7.637676027177709,48.54015241020642],[7.637626311122936,48.54016172165031],[7.637569090029892,48.54017600079089],[7.637494045205697,48.54019835196942],[7.637126777276229,48.54030508435645],[7.636978659115952,48.54041086569444],[7.63695045986182,48.54043976600739],[7.63690589058635,48.54046746050562],[7.636834947983857,48.54049033537654],[7.636766737159069,48.54049695258048],[7.636703985781674,48.54049092523602],[7.636636689688157,48.54047285454284],[7.636592131123439,48.54044996882122],[7.636552121320208,48.54042045992119],[7.636526196577496,48.54037531412624],[7.636523478581028,48.54032774447109],[7.636536219373729,48.54028920845874],[7.636558963224331,48.5402548884006],[7.636598074513699,48.54023321494481],[7.636638094167769,48.54021635871575],[7.636689937975556,48.54019348213863],[7.636743598590408,48.54018024003562],[7.636810898923554,48.54017663347836],[7.636823631143672,48.54017723682142],[7.636832727085972,48.54017061406443],[7.636851827651341,48.54016098152831],[7.636871836004955,48.54015917696741],[7.636891842700355,48.54016520026286],[7.636910030619985,48.5401706212502],[7.636931856992375,48.54017303186002],[7.636956412108436,48.54017363625882],[7.636991881302357,48.5401712309428],[7.637033716800083,48.5401682240418],[7.637050086588228,48.54017003197433],[7.637061908857293,48.54017304377819],[7.637086464742158,48.5401700352807],[7.637385820793265,48.54009891139918],[7.637410377883747,48.54008988137146],[7.637426750126308,48.5400796463308],[7.637426752083143,48.54007001200749],[7.63717630248798,48.53969600259658],[7.637168479594328,48.53968470553701],[7.637102090890013,48.53968108663629],[7.637193050370621,48.53960804328002],[7.637485802093165,48.54005365618644],[7.637509449052915,48.54004763682155],[7.637547648065308,48.54003740371942],[7.637592215308904,48.54001693470946],[7.637626778622096,48.53999586265695],[7.637665891566979,48.53996274807957],[7.637695912290225,48.53991758980986],[7.637707743139826,48.5398766449782],[7.637707750906213,48.53983690342557],[7.637695027476763,48.53979174147065],[7.637613199853746,48.53967672477546],[7.637586831437774,48.53964902383217],[7.637546821609984,48.53962011741261],[7.637504990770512,48.53960204943425],[7.637457702821974,48.53958638953801],[7.637405866242966,48.53957795496497],[7.63736857954102,48.53957554310639],[7.637329473371297,48.53957614178277],[7.637286728687364,48.53958035299899],[7.637233978897468,48.53959058475282],[7.637193050494702,48.53960744112833],[7.637101181513978,48.5396808944359],[7.637055176232295,48.53971127546306],[7.637005150336529,48.53974198022065],[7.636968769113834,48.53975823475864],[7.636915108405258,48.53977448768111],[7.636873272631912,48.53978050524232],[7.636837803224941,48.53978531908953],[7.636792331963185,48.53978049769117],[7.636741405969223,48.5397666436015],[7.636701394258438,48.53974857551259],[7.636669568463478,48.53972629317806],[7.636645928093757,48.53970220517526],[7.636627745188436,48.53967450481965],[7.636621386644025,48.53963957985273],[7.636622303236966,48.539606462002],[7.63663140391174,48.53957755993439],[7.636650507674951,48.53955227168072],[7.636686893134936,48.5395161464384],[7.636732369469915,48.53949627997397],[7.636776934669925,48.53948424126078],[7.636830593619268,48.53947521412119],[7.636878794758008,48.53947160573045],[7.636915172269032,48.53947221125573],[7.636957005032285,48.53947944086187],[7.636984286366877,48.53948847553738],[7.637000654412955,48.53949750922234],[7.637021571440885,48.53949811327162],[7.637041007456662,48.53949086876038],[7.636890465844126,48.53926171161932],[7.63686955669969,48.53922437673804],[7.636850466872072,48.53918523559543],[7.636831378087399,48.5391412772932],[7.636813199183417,48.53909551263361],[7.636786845091788,48.53900458633983],[7.636861418845999,48.53900338897139],[7.636877370661828,48.53906608993595],[7.636895547069726,48.53912389748547],[7.636914635123524,48.53917146865161],[7.636960840910061,48.53925065542571],[7.637114488122934,48.53948008638687],[7.637171786157411,48.5394644358572],[7.637228176579162,48.53943975304475],[7.637270016634863,48.53941145602677],[7.637307312213569,48.53936991140576],[7.63732823887737,48.53932294600348],[7.637334616260272,48.53926754926766],[7.637320983403248,48.53922479577788],[7.637292799623618,48.539182040989],[7.637264616961814,48.53913308000284],[7.637239159447797,48.53910056191606],[7.63719824244683,48.53906382741965],[7.637154594473074,48.53904033984263],[7.637096395113463,48.53901925951093],[7.637048197817409,48.53900661008606],[7.636999998515339,48.53900359495503],[7.636862790513518,48.53900314836063],[7.636785642131676,48.53900456007235],[7.636764926954283,48.53900219328958],[7.636725638896335,48.53900077069495],[7.636202125234634,48.53902207780532],[7.636145919091614,48.53902594553912],[7.63607263183685,48.53903765055971],[7.636022086715302,48.53905521397202],[7.635975330801561,48.53907863389806],[7.635928572145973,48.53911376611443],[7.635904559482476,48.53913802490058],[7.635889391123527,48.5391639577668],[7.635881800644602,48.53920411348933],[7.635885585058504,48.5392308848696],[7.635899477903338,48.53925682067923],[7.636025660860981,48.53942579547093],[7.636042078053586,48.53946428042352],[7.636045858736993,48.53950778368265],[7.63603700803746,48.53953371719749],[7.636019311970708,48.53956215962608],[7.635994498046972,48.53958486776918],[7.635964168226597,48.5396057795456],[7.635918676452169,48.53962417999873],[7.635863076893273,48.53964006962757],[7.635799898588145,48.53964508273386],[7.635735459877697,48.5396367101836],[7.635673551437183,48.53961495235796],[7.635628071464476,48.53958315708525],[7.635595228140235,48.53954634356374],[7.635581341523139,48.53949447332218],[7.635590200389579,48.53943507609986],[7.635606633906866,48.53940328724942],[7.635649609361761,48.53933887397819],[7.63569005312422,48.53929370206388],[7.635697638070731,48.53927780754618],[7.635691340493851,48.53919247420637],[7.635687884266646,48.53916027436717],[7.635677781746186,48.53913601208045],[7.635653779017422,48.53911760450379],[7.635615877475477,48.53909919550119],[7.635565339866119,48.53908413151401],[7.635531225367933,48.53908078157723],[7.635489528496898,48.53908245039423],[7.635428877072334,48.53909080996528],[7.635344217743347,48.53910251331759],[7.634793300479559,48.53923282759039],[7.63467957336861,48.53926878845576],[7.634302022411332,48.53942184222217],[7.634017331728304,48.53955322698607],[7.633722879124665,48.53972720341402],[7.632816788678271,48.54040383300561],[7.632781826463289,48.54044387572473],[7.632759067615562,48.54049406840817],[7.632751475675326,48.54053004095498],[7.632741353152806,48.54057772548828],[7.632740085900562,48.54059027422799],[7.632721168399237,48.5406096724324],[7.634011195508752,48.54136519986227],[7.634045369630805,48.54134540923124],[7.634098041749551,48.541363324843],[7.634150715423473,48.54137558482271],[7.634216202959467,48.54138596106],[7.634311589303331,48.54139257029686],[7.634389894039247,48.54138880887074],[7.634472472137985,48.54137656444705],[7.634563597895545,48.54134358363066],[7.634643336200244,48.54130211799474],[7.63470014154723,48.54127048626292],[7.63480693523872,48.54120640117312],[7.634977808905377,48.54108765189735],[7.635071789293248,48.54102262234382],[7.635519291384972,48.54129889960397],[7.635271515046044,48.54151095923396],[7.635184647217934,48.54159955453576],[7.63512329532195,48.54166924819716],[7.635084841418789,48.54172485755389],[7.635079137243737,48.54176256101741],[7.635080551157323,48.54180215045532],[7.635086233419304,48.54185305159178],[7.6351033075151,48.5418954705458],[7.635126073495702,48.54195014396748],[7.635160232528984,48.54199162222913],[7.635187277186337,48.54201613282238],[7.635132236928825,48.54205411848234],[7.632393463759113,48.54043763949626],[7.632443691316286,48.54041631408083],[7.632506819401805,48.54037542296501],[7.632551137426056,48.54036653757598],[7.632596800441105,48.54035053939801],[7.632659924948387,48.5403212067046],[7.632720366518195,48.54028209329679],[7.633514202546468,48.53968692478432],[7.633632397442717,48.53960691855255],[7.633758648598247,48.53952958041609],[7.633886240016359,48.5394611333619],[7.634102353088377,48.53935546540893],[7.634272506231571,48.53928325914323],[7.63443366585336,48.53922192841119],[7.634533047230308,48.53918548572803],[7.634667344951371,48.53914193382466],[7.634796310862422,48.53909906663415],[7.634774835550633,48.53905816481162],[7.634769474343295,48.53901815386829],[7.634778886868934,48.5389692533148],[7.636739563051984,48.53888377671287]]]}},{"type":"Feature","id":"LFST-cc655bee482b0b84b29c","properties":{"airport":"LFST","name":"COLOR_HardSurface2","layer":"Airfield surfaces","category":"Hard Surface 2","object_type":"Area","style_id":"polygon.hardsurface2.595e5b","source_group":"COLOR_HardSurface2","vsmr_group_ids":[],"geometry_role":"filled_region"},"geometry":{"type":"Polygon","coordinates":[[[7.615226339978866,48.53249450082861],[7.615198450786531,48.53252030426301],[7.615173743183867,48.53254619025525],[7.615157907069188,48.5325720381963],[7.615145647128385,48.53261426021015],[7.615152754971919,48.53267165012409],[7.615191580710943,48.53273960022045],[7.615313134305392,48.53285165514593],[7.615472990922076,48.53297189210488],[7.615601316196463,48.53306388576924],[7.61602852148187,48.5333556132247],[7.616182396877276,48.53344954532445],[7.621443337581613,48.53652209775299],[7.621584554518817,48.53659136319946],[7.621694192832365,48.53663598242603],[7.621822710987683,48.53667544486147],[7.621965298722381,48.53671177693066],[7.622086228902651,48.53673881640716],[7.622201026582593,48.53676173600923],[7.622257581662792,48.53677110695419],[7.622320127442467,48.53677835125387],[7.622390652281597,48.53677626814564],[7.622462689994391,48.53676856732057],[7.622549470477891,48.53675330785742],[7.623170759920583,48.53712068729836],[7.623149789861774,48.53716650022574],[7.623135617220093,48.53721856411784],[7.623135600272191,48.53727479987391],[7.623151319522612,48.53733938377454],[7.623174888965289,48.53739980614128],[7.62320785577691,48.53746536507157],[7.623254924021152,48.53752980521843],[7.62335515043532,48.53762516641842],[7.623474446186878,48.53770744883361],[7.623678658106552,48.53782585058564],[7.631610797840638,48.54245678678698],[7.631852892918182,48.54258828413098],[7.63197707865076,48.54264820626936],[7.63210630750218,48.54269041874841],[7.632237081721414,48.54271263373979],[7.632381617504896,48.54272155243077],[7.63251971823043,48.54272159753221],[7.632656163513762,48.54270803599172],[7.632706317373508,48.54269642855615],[7.633337231281725,48.54306049898227],[7.633334562585641,48.54307859844019],[7.633330344026279,48.54312992627422],[7.633338641207961,48.54317903952014],[7.633363260082959,48.54328925804333],[7.633391658455773,48.54337369608152],[7.633440161887684,48.5434613109909],[7.633513712172566,48.54354325561863],[7.633625635642458,48.5436261879873],[7.633717886785483,48.54368619801605],[7.633850116268746,48.54376296125031],[7.637054436515108,48.54563373882966],[7.637276456957139,48.54575162028507],[7.637481201691944,48.54585725542131],[7.637723519007757,48.545972965034],[7.637882850395401,48.54604472380883],[7.638031490806101,48.54609727330156],[7.638177867164416,48.54612927909997],[7.638296905327861,48.54615408499566],[7.63839276967852,48.54616426966199],[7.638478691352515,48.54616717570071],[7.638546041989462,48.54616229774224],[7.638582828776599,48.54615576941602],[7.638609675155818,48.54614995829731],[7.639246913178328,48.54649615583688],[7.63873197486336,48.54688746339665],[7.633638868951227,48.54390880506111],[7.633405862482048,48.54377147051108],[7.633223795397859,48.54366970275687],[7.632989050380834,48.54355161879937],[7.632838601827299,48.5434863496493],[7.63270159660753,48.54342994826359],[7.632572982405621,48.54338350818867],[7.632444390297359,48.5433514462531],[7.632320827984818,48.54333371597653],[7.632186902651834,48.54332452590107],[7.632064935964225,48.54332192283146],[7.632030876078573,48.54332229345145],[7.631992048444964,48.54332828237659],[7.631961610652298,48.54333606309554],[7.631928225450975,48.5433459865591],[7.631878041962949,48.54336668767715],[7.631792845654941,48.54340351712537],[7.63169654426216,48.54344720747152],[7.631617820641898,48.54348793951058],[7.631543412341538,48.54353127324566],[7.631475043402327,48.54357236844709],[7.631402002923082,48.54362044659013],[7.631340251433521,48.54366749141938],[7.631280561160915,48.54371447242404],[7.630754460209452,48.54341094540857],[7.630866588494589,48.54334592967457],[7.630894242411246,48.54332797782458],[7.630917870044835,48.54331151825356],[7.630949615345743,48.54328270084993],[7.631019438108895,48.54321831040373],[7.631088730731874,48.54314641404183],[7.631142224501588,48.54308598802991],[7.631191722841475,48.5430263295612],[7.631218624352554,48.54298309879974],[7.631235942084702,48.54295042227112],[7.631245448261447,48.54292414207394],[7.631250090291468,48.54290211548188],[7.631254635952017,48.54287872417731],[7.631251967080912,48.54285555616848],[7.631240698930899,48.54282706307218],[7.631206107101319,48.54274675666583],[7.631189702607076,48.54271922692892],[7.631168482188013,48.54269663313419],[7.631134460441293,48.54266828097924],[7.630991890756096,48.54254977568937],[7.630859022253096,48.54245267938051],[7.630562456379197,48.54227644664654],[7.630418425884087,48.54219679128298],[7.630224117371707,48.54210487583105],[7.630072257316057,48.54204597758108],[7.629985578084364,48.54201788674641],[7.629936356471538,48.54200189420276],[7.629881848462892,48.54199058774225],[7.629832878952925,48.54198458062269],[7.62978513276672,48.54198127100108],[7.629742925062228,48.54198326072714],[7.629719316860815,48.54198535883495],[7.629685932145042,48.54199528164266],[7.629628149395058,48.54201074616393],[7.629546209399529,48.54203516409853],[7.629466022358282,48.54206978533141],[7.629401310448392,48.542101856018],[7.629311731526631,48.54214976074726],[7.629227257552795,48.54219682358288],[7.629147888553462,48.54224304456719],[7.629090018393399,48.54228654892743],[7.629033564008251,48.54233548017201],[7.628993166373414,48.54237776016481],[7.62849426018803,48.54209155652824],[7.628556220350351,48.54203962114272],[7.628594941989226,48.54200286385304],[7.628648160074405,48.54195198139925],[7.628716423679633,48.54188011836922],[7.628791468184124,48.5418018909728],[7.628865907486326,48.54171336234868],[7.628909127158807,48.5416525314113],[7.62893147408052,48.54160328751339],[7.628942657264699,48.54157148492408],[7.628948976232728,48.54154393583088],[7.628951365312941,48.54151924366804],[7.628949515009391,48.54144721054864],[7.628932934333339,48.54136659954078],[7.628899547006116,48.54128362114226],[7.628841046180092,48.54120281364509],[7.62876750024621,48.54112866477323],[7.628658967207274,48.54103800053525],[7.628503738640373,48.54093188931218],[7.628372058835014,48.54084249709052],[7.628203272526943,48.54073881794071],[7.626929437248904,48.53999222583495],[7.626619138427966,48.53981083380506],[7.626318936414338,48.53965285309913],[7.626165853270517,48.53957930527726],[7.626036920375256,48.53952730740618],[7.625909352632807,48.53947847222009],[7.625790733257305,48.53945357984907],[7.625674858710627,48.53943693115747],[7.625561922053661,48.53942657664709],[7.62546802289731,48.53942763549015],[7.625368677425701,48.53943583026644],[7.62531174938474,48.53944504824764],[7.625249946466157,48.53946374869798],[7.625156048532029,48.53949897161338],[7.625057795876837,48.53954344523155],[7.624925013149104,48.53961301939665],[7.624809541108036,48.53967957222793],[7.624740247798285,48.53972646566048],[7.624663960001625,48.53979843762447],[7.62460898801864,48.53985317599675],[7.624051866823162,48.53953922077181],[7.624147996850481,48.53948238248935],[7.624259022939304,48.53940602272377],[7.624364148591567,48.53931152791382],[7.624468862835223,48.53919889796],[7.624533807202527,48.53910806352363],[7.624571609509411,48.53904059566586],[7.624588420660823,48.53901272754502],[7.62459326675261,48.53899268783893],[7.624594599070107,48.53897607169142],[7.624593491749472,48.53896035966322],[7.624587388596009,48.53894480199276],[7.624581285446803,48.53892924431505],[7.624549612270521,48.5388705529293],[7.624489544325364,48.53880230100584],[7.624418555601644,48.53873345677581],[7.624352787760471,48.53867612858017],[7.624237970399332,48.53859014905679],[7.624125167262821,48.53851189205338],[7.623936408524001,48.5383876367786],[7.622753579554851,48.53768872988294],[7.622693206488904,48.53764947062409],[7.622657484391624,48.53762792594281],[7.622630474142347,48.53761505214637],[7.622605595341827,48.53760688048464],[7.622576602707573,48.53760419979998],[7.622540466638796,48.53760233568488],[7.622490211241213,48.5376044835143],[7.622456248484566,48.53760791621816],[7.622422411379947,48.53761313301082],[7.622382747842893,48.53762508564266],[7.622334320086647,48.5376467339076],[7.622221594301641,48.53770785890946],[7.622058500588267,48.53780361350376],[7.621881467594602,48.53792436794856],[7.621612902515247,48.53811772163606],[7.62127435750658,48.5379108248176],[7.621404674836747,48.53780462644333],[7.621548061308543,48.53769247133187],[7.621690597756468,48.5375682556506],[7.621799309924635,48.53747040053671],[7.621856990147373,48.53739774559232],[7.621893524830192,48.53734908417296],[7.621910311600127,48.53732399618339],[7.621917461705014,48.5373039306529],[7.621927292130348,48.5372533567713],[7.62191642810373,48.53720586374348],[7.621899310522537,48.53716455083277],[7.62187282764039,48.53712012549888],[7.621823072336234,48.53706325997424],[7.621741991984181,48.5369978563083],[7.621657415016411,48.53693551858831],[7.621550907100065,48.53686812256679],[7.62147103187699,48.53681521646658],[7.621355103775991,48.53674152467403],[7.621233870336363,48.53666701844082],[7.614612352306143,48.53280262614098],[7.614209737816635,48.53256751438494],[7.614707663536631,48.53219291182435],[7.615226339978866,48.53249450082861]]]}},{"type":"Feature","id":"LFST-f42949e838f6e1a0e517","properties":{"airport":"LFST","name":"COLOR_RunwayConcrete","layer":"Airfield surfaces","category":"Runways","object_type":"Area","style_id":"polygon.runwayconcrete.555555","source_group":"COLOR_RunwayConcrete","vsmr_group_ids":[],"geometry_role":"filled_region"},"geometry":{"type":"Polygon","coordinates":[[[7.616299702791139,48.53099298326285],[7.640720607977959,48.54524229938831],[7.640184600317843,48.5456497243717],[7.640289547381382,48.54571216567773],[7.639204213697298,48.54653133851554],[7.638558569106586,48.54615997838643],[7.638582882435156,48.5461575179251],[7.638613264241208,48.54614974996666],[7.638722916227638,48.54611478027316],[7.638875231179709,48.54606002738237],[7.638976383599109,48.54601422926387],[7.639031219686041,48.54598778518002],[7.639065901732575,48.54596793870613],[7.639107636888687,48.54593848807937],[7.639332304304238,48.54575735890089],[7.639356276452145,48.5457318720436],[7.639373075021441,48.54571428664251],[7.639384247617549,48.54569005003373],[7.639389291603398,48.54567026961131],[7.639387041521017,48.54565668795787],[7.639380451459021,48.54563641520698],[7.639369822705364,48.54561370808531],[7.639063226516667,48.54507905550272],[7.639023002069754,48.54502057807719],[7.638981350513909,48.54497835597],[7.638934615419775,48.54493714472596],[7.638883037778617,48.54490034971019],[7.638786443268946,48.54484156324774],[7.634957895110204,48.54260716676528],[7.634796328723274,48.54251418597129],[7.6346771194018,48.54244509366858],[7.634595069491934,48.54241523058078],[7.634511985220391,48.5423938865829],[7.63444007376658,48.54238222652886],[7.634375628952035,48.54237727906647],[7.634304860149537,48.54238178605114],[7.634240014292692,48.54238765261064],[7.634174604104147,48.54240202363513],[7.634106195078083,48.54242343144902],[7.634020813026615,48.54246851139687],[7.633727386557092,48.54266146267609],[7.63364636266072,48.54271875208757],[7.633566882190495,48.54278139445728],[7.633517103091552,48.54282244890937],[7.633462551798429,48.54287506058433],[7.633419519928641,48.54292577234288],[7.633374159780524,48.54298241419111],[7.633349134722717,48.5430240812266],[7.633337519695338,48.54305761747402],[7.633330964803589,48.54308646758246],[7.632669556205758,48.54270436728909],[7.63272350207497,48.54269266677278],[7.63275673457554,48.54268469381713],[7.632793129220719,48.54267199364395],[7.632835174810808,48.54265680385256],[7.632888304744581,48.5426335553374],[7.632933400689419,48.54261114825766],[7.633035084105466,48.54254936184908],[7.633128355524994,48.54248397814133],[7.633224680022252,48.54241232744193],[7.633352231107427,48.54230612290982],[7.633433166378911,48.54223109087775],[7.633512503450044,48.54214993588938],[7.633558767164123,48.54209416484106],[7.633590170084168,48.54204381319882],[7.633603967615706,48.54199169217062],[7.633601322612408,48.5419377657333],[7.633593112981155,48.54190404313197],[7.633564342279473,48.54184321046748],[7.633529410757198,48.54179414180431],[7.633471277601709,48.54174656324982],[7.633382150103946,48.54168914288082],[7.624854331462501,48.53671054583322],[7.624591337030129,48.53655756557535],[7.624504057147588,48.53650905312853],[7.624446492502677,48.53648553560092],[7.624367630101128,48.53646390999686],[7.624255246835514,48.5364392645368],[7.624187652932499,48.53643209817331],[7.624134526133959,48.53643188855541],[7.624082806277242,48.53643842221002],[7.624032319833556,48.53644923658776],[7.623991434687527,48.53646407316347],[7.623935437568186,48.53648924819964],[7.623818244503074,48.53655914531122],[7.623510294119001,48.53676423959082],[7.623443058965796,48.53680981058248],[7.623381271133665,48.53685860930525],[7.623334899043337,48.53690137903853],[7.623291316207316,48.53694406258997],[7.623249722969963,48.53698853559608],[7.623212659283062,48.53703714701338],[7.623184516438048,48.53708737434099],[7.623171095532621,48.53712172255732],[7.623162337993388,48.53715814976717],[7.622494352254446,48.53676289167564],[7.622544126261161,48.53675518490449],[7.622586958242044,48.53674152272057],[7.622634439041756,48.53672771696445],[7.622689593931431,48.53670380258509],[7.622758974618826,48.53667019421115],[7.622830575114719,48.53663049237773],[7.622895976340733,48.5365933049546],[7.622940686700687,48.53656662811908],[7.622985136826967,48.53653625744019],[7.623013198061283,48.53651132870307],[7.623111236293257,48.5364238781933],[7.623255626515775,48.53629108745459],[7.623372459837832,48.53617615216817],[7.623407004596205,48.53613744957176],[7.623427150276589,48.53610597845599],[7.623434582924606,48.53607921883798],[7.623438530210944,48.53605589382136],[7.62343826453826,48.53602567016917],[7.623431230363778,48.53599195371501],[7.623411892521091,48.53595553241147],[7.623376724495118,48.53590602656516],[7.62332674284516,48.53584463869508],[7.623289436243851,48.53580445348996],[7.623257949404156,48.53578074691049],[7.623215072046692,48.53575417783884],[7.617225183432601,48.53225730082601],[7.617098871851486,48.53218764119783],[7.617006647206825,48.53213970612689],[7.616905385093132,48.53210172181545],[7.616799887085961,48.5320727341707],[7.616661709750447,48.53204636603077],[7.615985175371708,48.53194168350111],[7.615913721704526,48.53193002706675],[7.615871549839845,48.53192555241409],[7.615845445568342,48.53192635707045],[7.61582381351873,48.53192875625051],[7.615800603194867,48.53193351390853],[7.615779254662125,48.53193994655679],[7.615764037626034,48.5319467676544],[7.615735465339637,48.53196208485375],[7.615697685984273,48.53198288294633],[7.615617513851241,48.5320332831725],[7.615547173460429,48.5320830920875],[7.615484444438931,48.53213353205089],[7.61543033518943,48.53218323349287],[7.615381771265668,48.53223670158444],[7.61533203394015,48.53229829020417],[7.615296238587208,48.5323473224611],[7.615260319852282,48.5324061346597],[7.615239984583074,48.5324518031326],[7.615223757056651,48.53249388024371],[7.615219326377767,48.5325176925817],[7.614685203181795,48.53220818829267],[7.616299702791139,48.53099298326285]]]}},{"type":"Feature","id":"LFST-3bad06dceb1b0c4d6d9b","properties":{"airport":"LFST","name":"COLOR_HardSurface3","layer":"Airfield surfaces","category":"Hard Surface 3","object_type":"Area","style_id":"polygon.hardsurface3.8a807f","source_group":"COLOR_HardSurface3","vsmr_group_ids":[],"geometry_role":"filled_region"},"geometry":{"type":"Polygon","coordinates":[[[7.621374648416557,48.53837714242529],[7.621359321121144,48.53839914992856],[7.621347846513221,48.53843093236136],[7.621352721489143,48.53845522605487],[7.621366261963106,48.53848274428073],[7.621397476940248,48.53852158979835],[7.621447615281028,48.53857451766827],[7.621579926945651,48.53868429538626],[7.621799341499738,48.53883509042809],[7.622436955729892,48.53922167058107],[7.622695361890981,48.53936875355899],[7.622956958133729,48.53949797823115],[7.623128196213265,48.53957789548362],[7.6232817479377,48.53963705447295],[7.623427228827495,48.53968075130633],[7.623543821747374,48.53970368962231],[7.623596792617784,48.53970694235689],[7.623640803045106,48.53970278936636],[7.62369590045604,48.53969130983755],[7.623753713543177,48.53967346073114],[7.623828928916248,48.53964808997274],[7.623897186138302,48.53961657686446],[7.623960430302407,48.53958598859969],[7.624012243795184,48.53955784861709],[7.62408726587773,48.53951736946767],[7.624637426435521,48.53982513203886],[7.624557075947019,48.53990281110932],[7.624466998185149,48.54001664065422],[7.624417597781761,48.54010895965253],[7.624405394746498,48.54016032031468],[7.624401310690745,48.54017720825012],[7.624372996726732,48.54020951127221],[7.624295191458623,48.54025800981007],[7.62333075070972,48.54099846203607],[7.623220187885904,48.54108123408255],[7.623130799506585,48.54111445720603],[7.623056887959184,48.54113168429562],[7.622964867748272,48.54113208774253],[7.622846358853055,48.54109811419468],[7.621787100861415,48.5404843768264],[7.621885773222736,48.54012596517166],[7.621125688032169,48.53967054971871],[7.620689739378832,48.5394139614572],[7.620554195397653,48.53933198997608],[7.620399281284396,48.53931268009805],[7.620358478887495,48.53942022678617],[7.620087772964217,48.53961750990908],[7.619264207648673,48.53913209136861],[7.61918119393483,48.53918523214814],[7.618363927927801,48.53870104591198],[7.618443298035446,48.5386436007594],[7.618434224369808,48.5386266893671],[7.618427355057509,48.53860014583489],[7.618423672267715,48.53857927149377],[7.618466321056436,48.53854390709211],[7.619696317485145,48.53761682333672],[7.619799861032042,48.5376754269044],[7.619943428671398,48.53775834256125],[7.620050529583297,48.53781734737557],[7.620207764296707,48.53790312590179],[7.62031854363415,48.53795597040622],[7.620416393387909,48.53800486560596],[7.620481748573054,48.53803530717475],[7.620566722430144,48.53807022025372],[7.620721373915382,48.53811980159198],[7.620771447561932,48.53813110023666],[7.620812069621408,48.53812894659031],[7.620852565238028,48.53812499702097],[7.620885837445536,48.53811497105579],[7.620920086503986,48.53809951550383],[7.621193193191191,48.53796329932376],[7.621224540081255,48.53794523351414],[7.621254341102846,48.53792451569644],[7.621305995783438,48.53788602503768],[7.621654536298587,48.5380876432754],[7.621609537143925,48.53811776724546],[7.621562669905295,48.53815622955095],[7.621500167159856,48.53822730112654],[7.621374648416557,48.53837714242529]]]}},{"type":"Feature","id":"LFST-f4b10df76a2f14dc3e9f","properties":{"airport":"LFST","name":"COLOR_HardSurface3","layer":"Airfield surfaces","category":"Hard Surface 3","object_type":"Area","style_id":"polygon.hardsurface3.8a807f","source_group":"COLOR_HardSurface3","vsmr_group_ids":[],"geometry_role":"filled_region"},"geometry":{"type":"Polygon","coordinates":[[[7.628512955493254,48.5420761342799],[7.629007435790902,48.54236245925362],[7.628953390331354,48.54242009367182],[7.628896235292453,48.54249005380453],[7.628846574210186,48.54255367345684],[7.628817900695044,48.54259653234018],[7.628804820219061,48.54261704850529],[7.628791924436939,48.54264018220526],[7.628785556426001,48.54266223958394],[7.628783388294627,48.54268766472202],[7.628784717860004,48.54272522351075],[7.628795087832964,48.54275987943826],[7.628815175489823,48.54280123013508],[7.628911874692069,48.54290541396061],[7.629014170710605,48.54299963501368],[7.629266114368281,48.54317340680973],[7.629579601320257,48.54335970383546],[7.629856291216193,48.54348072784724],[7.630138257706049,48.5435732872037],[7.630219462043004,48.54358528710381],[7.630280703083363,48.54357920456427],[7.630416869450645,48.54355928768265],[7.630484893367404,48.54353729174421],[7.630578929259737,48.54350297498236],[7.630679969167817,48.54345587867357],[7.63073936605001,48.54342368062078],[7.630783279501485,48.54339614927639],[7.631307236005069,48.54369504866635],[7.631225261675505,48.5437658177458],[7.631142212872351,48.54384376460223],[7.631071122885413,48.54391191918285],[7.630946611985263,48.54402972984737],[7.630895001100077,48.54408262492426],[7.630848640004555,48.54414268575825],[7.630832139651971,48.54417774390533],[7.630823749865026,48.54421569173767],[7.630829782120481,48.5442563339437],[7.630844293779974,48.54430508890103],[7.63086812516522,48.54435146165389],[7.630904745390652,48.54439979313739],[7.630986560376158,48.54446112168237],[7.631063051871337,48.54451423978705],[7.631019817452711,48.54459618872643],[7.632155519142683,48.5452575550182],[7.632110710623388,48.54529935389153],[7.632923743215438,48.5457725041914],[7.632865820973295,48.54582559563211],[7.63280422614224,48.5458714724895],[7.632757377200874,48.54590223619206],[7.632021965953815,48.54645335419921],[7.631952593880509,48.54641153202687],[7.631902359902791,48.54644223146573],[7.631844013620725,48.54645463808018],[7.631775293409245,48.54644946859098],[7.631700236954573,48.54643141563089],[7.631322762289368,48.54626342396095],[7.630891383277616,48.54601351286752],[7.630572376833335,48.54582467070035],[7.630147307071726,48.54557388934931],[7.630091916256452,48.54552490076595],[7.629962228643842,48.54541117549773],[7.629846903021211,48.54530144531881],[7.629736673096962,48.54521707994887],[7.62963501669179,48.54514928688885],[7.62851424139382,48.54449465189075],[7.628430065473606,48.54446895144317],[7.6274923906737,48.54392632546921],[7.627120161724097,48.54359141696342],[7.624945126621652,48.54232001916093],[7.624881260259613,48.54227952671116],[7.624834199890551,48.54222428900621],[7.624777557439762,48.54212411916761],[7.624756064183327,48.54209762148052],[7.624708867719409,48.54206250418963],[7.624424415592078,48.54189668623305],[7.624408526459088,48.54187590547681],[7.62440116430694,48.54185128268722],[7.62440796662391,48.54182384163168],[7.624432067726463,48.54178173030213],[7.62451699689654,48.5417152319832],[7.625186884101827,48.54120493375105],[7.625272780367347,48.54115044659337],[7.625351578588734,48.54113009990105],[7.625446613460887,48.54113528148581],[7.625625716065434,48.54116611618102],[7.625762452826987,48.54118270917095],[7.625894753765472,48.54118534556187],[7.626047236716378,48.54118704797486],[7.626149732114147,48.54119271895046],[7.626221852419654,48.54120621655854],[7.626320638216058,48.54124004872143],[7.626463484014807,48.54131017979567],[7.627614553113025,48.54196971126434],[7.627188395816253,48.54233845825583],[7.627192590088264,48.5423770544386],[7.627215748181067,48.54239313596127],[7.627250109567343,48.54241593770058],[7.627315031307367,48.54245040347869],[7.627594057403355,48.54258438524752],[7.627697878771677,48.54259960107856],[7.627778896401343,48.54259257896847],[7.627862199704758,48.54257915684095],[7.627936380497127,48.54252872274055],[7.62801553733651,48.5424615127571],[7.628092101799999,48.54240457259326],[7.628512955493254,48.5420761342799]]]}},{"type":"Feature","id":"LFST-3ee18ba559e7ac7b5587","properties":{"airport":"LFST","name":"COLOR_HardSurface3","layer":"Airfield surfaces","category":"Hard Surface 3","object_type":"Area","style_id":"polygon.hardsurface3.8a807f","source_group":"COLOR_HardSurface3","vsmr_group_ids":[],"geometry_role":"filled_region"},"geometry":{"type":"Polygon","coordinates":[[[7.632243536866912,48.54666599394101],[7.63217441108935,48.54662839430378],[7.63207544061869,48.54670336482354],[7.631979320467113,48.54677437011664],[7.63175857302225,48.54664764881536],[7.632014133052127,48.54645778712452],[7.632299530391268,48.54662455294984],[7.632243536866912,48.54666599394101]]]}},{"type":"Feature","id":"LFST-77fdf9593f47bea4c4eb","properties":{"airport":"LFST","name":"COLOR_Building","layer":"Buildings and structures","category":"Buildings","object_type":"Area","style_id":"polygon.building.394446","source_group":"COLOR_Building","vsmr_group_ids":[],"geometry_role":"filled_region"},"geometry":{"type":"Polygon","coordinates":[[[7.62758543501687,48.54396649117666],[7.627584638769922,48.54396604358004],[7.627577472550524,48.54396201512229],[7.627564712294932,48.54395586125715],[7.627547197399598,48.54394601076778],[7.627532083028663,48.5439375014674],[7.627523372266031,48.54393157691678],[7.627518089077285,48.54392148053332],[7.627516909396912,48.54391070569358],[7.627526081994034,48.54390283456033],[7.627540711348741,48.54389618013847],[7.627554274715131,48.54389397615908],[7.627566144789295,48.54389283647141],[7.627575510986093,48.54389615819726],[7.627585611214787,48.54390184044284],[7.627592591931771,48.54390674124561],[7.627601920520213,48.5439119895475],[7.627619801266396,48.54392205106127],[7.627657954101588,48.54388164826101],[7.627670844504493,48.54388703824598],[7.627746920370299,48.54377585781803],[7.627746730142027,48.54377163102388],[7.627740203414368,48.54376549231939],[7.627744144809778,48.54376034486662],[7.627748848258788,48.54375729292951],[7.627753530277182,48.54375425487403],[7.62775883787884,48.54375080111121],[7.627768258951422,48.54374891780855],[7.627780419779906,48.54374779923864],[7.62779441649757,48.54374459232431],[7.627807310966843,48.54374632902275],[7.6278072846436,48.54377401791529],[7.627795181417358,48.54377606511798],[7.62778217849402,48.54377604609715],[7.627772617733417,48.54377718430803],[7.627693615282835,48.54389891289533],[7.62779051555786,48.54395895547633],[7.627772056976216,48.54397302257569],[7.627783661219283,48.54398048393656],[7.627985433604703,48.54395244641535],[7.628001226126154,48.54395449655734],[7.628010831803467,48.54396073196806],[7.628018853099534,48.5439652300819],[7.628030248477535,48.54396992310534],[7.628003187036388,48.54399347725096],[7.627992593812769,48.54399103577027],[7.628003115131285,48.54398299502538],[7.627989497750363,48.54398318187312],[7.627972978584348,48.54397740980827],[7.627735710562817,48.54400383823296],[7.627717406385564,48.54400841432393],[7.627704886498917,48.5440043711066],[7.627681731893563,48.54401552398662],[7.62766505558379,48.54400818505072],[7.627576465219386,48.54407487562686],[7.628296746161556,48.54449738951865],[7.628404178568626,48.54441743849222],[7.628391423859298,48.54441029772628],[7.628375480726584,48.54440137188431],[7.628361965281341,48.54439279420518],[7.628350052517245,48.5443851148724],[7.62834309571711,48.54437618085539],[7.628341848314868,48.54436745675324],[7.628348673928482,48.54435932543619],[7.628363406166292,48.54435277534007],[7.628379487880093,48.54434908014697],[7.628392189630504,48.54434843426057],[7.628403184218664,48.54435072743888],[7.628418018543613,48.54435614303113],[7.628443685216759,48.54436955093838],[7.628471669135601,48.54438425651387],[7.628476288404249,48.5443791776855],[7.628489346141101,48.5443750690096],[7.628621900822152,48.54426384550561],[7.628627065106752,48.54425771346347],[7.628637019107396,48.54425189595804],[7.628648890535096,48.54424565319412],[7.628665777883736,48.54424473442853],[7.628685975847398,48.54424496641837],[7.628688275517412,48.54427173754289],[7.628673318108921,48.54427142706519],[7.628658981133034,48.5442715159049],[7.628650353228423,48.54427567587612],[7.628516242655037,48.54438445280231],[7.628511797902391,48.54439143328353],[7.628506593883495,48.54440092805049],[7.628498949444912,48.54440530510503],[7.628484225141456,48.54440577346544],[7.628541262934585,48.54443770043733],[7.628526095051495,48.54444876587698],[7.628535432973131,48.54445005850025],[7.628556347355357,48.54445295421812],[7.628800111535838,48.54447332476725],[7.628816183239547,48.54447336998845],[7.628829507517107,48.54447996879426],[7.628839837865044,48.54449026735255],[7.628849072754837,48.54449726207794],[7.628810114978613,48.54451635122012],[7.628802917505335,48.54450954889337],[7.628813157101866,48.5445006487225],[7.628802397393041,48.54449917127859],[7.628794069119271,48.54449449853143],[7.628546981704762,48.54447431319723],[7.628528193270414,48.54447177550981],[7.628520222433584,48.54446531203267],[7.628516454278236,48.54445765611614],[7.62849673954523,48.54446815465971],[7.62848051549067,48.54445907218874],[7.628404119824676,48.54451834750948],[7.62887888248798,48.54479070602075],[7.628908254416508,48.54480527486571],[7.628945369330291,48.54483167970507],[7.628906877320352,48.54484967114769],[7.6289152859806,48.54487705757568],[7.628643130929145,48.54509713577298],[7.628668870570083,48.54522616721809],[7.628603125974776,48.54523458796256],[7.628589739112757,48.54520600795138],[7.628610444613511,48.54519347960877],[7.628590305908746,48.54517015331162],[7.628437729907893,48.545286647135],[7.6281876161094,48.5451318379238],[7.628075779339875,48.54506627624583],[7.627381262565884,48.54465352890254],[7.627274656071612,48.54459088787197],[7.627213641799237,48.54455677922542],[7.627196395421771,48.54449886017094],[7.626758829530691,48.54424194776072],[7.626721674093404,48.54404625791931],[7.626804786423842,48.54398115541089],[7.626494536372292,48.54379258526261],[7.6265929565501,48.54379032136583],[7.626440774398919,48.54369924089413],[7.626531007635602,48.54363809262637],[7.626637483387777,48.54370060613257],[7.626671050274647,48.54367410017297],[7.626698427044218,48.54369544047857],[7.626794849670802,48.54361959749201],[7.62688609027943,48.543676716863],[7.626909982224133,48.54365087801074],[7.627120326334023,48.54377154361902],[7.627083550870768,48.5437931894539],[7.627498561216138,48.54402811348385],[7.62758543501687,48.54396649117666]]]}},{"type":"Feature","id":"LFST-4d7b16842eabb9dd9f8c","properties":{"airport":"LFST","name":"COLOR_Building","layer":"Buildings and structures","category":"Buildings","object_type":"Area","style_id":"polygon.building.394446","source_group":"COLOR_Building","vsmr_group_ids":[],"geometry_role":"filled_region"},"geometry":{"type":"Polygon","coordinates":[[[7.622810398608772,48.5417872275157],[7.623240057941105,48.54146006317787],[7.623803702641439,48.54179306149465],[7.624608423162997,48.54215324402815],[7.624236247956664,48.54248953473454],[7.624127153033329,48.54243825528791],[7.624376093753646,48.54219274864975],[7.624203537160293,48.54210424180231],[7.624049283149947,48.54225400498568],[7.623912508467708,48.54218644193071],[7.624063092419934,48.54203959273882],[7.623790006986388,48.54190939116418],[7.623711943106148,48.54187193498395],[7.623643684386172,48.54186430223188],[7.62363135004986,48.54189970072947],[7.623594947141892,48.54191577072262],[7.62362287540931,48.54193718968568],[7.623380212006579,48.54211844420165],[7.623262895906084,48.54205335986993],[7.623415691513131,48.54193173963232],[7.623383513868962,48.54190308670987],[7.623219630629283,48.54202749724796],[7.623065981496446,48.54193549112928],[7.623308692642428,48.54175447109301],[7.623187928379438,48.54168776388239],[7.622948969424515,48.54187509437629],[7.622810398608772,48.5417872275157]]]}},{"type":"Feature","id":"LFST-46ccd4354a3a4e12bfb8","properties":{"airport":"LFST","name":"COLOR_Building","layer":"Buildings and structures","category":"Buildings","object_type":"Area","style_id":"polygon.building.394446","source_group":"COLOR_Building","vsmr_group_ids":[],"geometry_role":"filled_region"},"geometry":{"type":"Polygon","coordinates":[[[7.61656116005242,48.53947240950134],[7.617049418742519,48.53911358620921],[7.617362066513111,48.53928640642123],[7.617042490711889,48.53952881685021],[7.616974020091476,48.53948190345949],[7.616806883821572,48.5396112066855],[7.61656116005242,48.53947240950134]]]}},{"type":"Feature","id":"LFST-16e15a45560d170cb5a8","properties":{"airport":"LFST","name":"COLOR_Building","layer":"Buildings and structures","category":"Buildings","object_type":"Area","style_id":"polygon.building.394446","source_group":"COLOR_Building","vsmr_group_ids":[],"geometry_role":"filled_region"},"geometry":{"type":"Polygon","coordinates":[[[7.615979978335008,48.53938500162758],[7.616844485634755,48.5387371238334],[7.617013726854093,48.53883503362518],[7.616158829690933,48.5394871539557],[7.615979978335008,48.53938500162758]]]}},{"type":"Feature","id":"LFST-2997797dbb8c47fb1ea6","properties":{"airport":"LFST","name":"COLOR_Building","layer":"Buildings and structures","category":"Buildings","object_type":"Area","style_id":"polygon.building.394446","source_group":"COLOR_Building","vsmr_group_ids":[],"geometry_role":"filled_region"},"geometry":{"type":"Polygon","coordinates":[[[7.617288125001878,48.5394988829481],[7.617706411023518,48.53974735982035],[7.617613479939869,48.53982390368101],[7.61718346867813,48.53958449306812],[7.617288125001878,48.5394988829481]]]}},{"type":"Feature","id":"LFST-33c3e66116d7c7874d0b","properties":{"airport":"LFST","name":"COLOR_Building","layer":"Buildings and structures","category":"Buildings","object_type":"Area","style_id":"polygon.building.394446","source_group":"COLOR_Building","vsmr_group_ids":[],"geometry_role":"filled_region"},"geometry":{"type":"Polygon","coordinates":[[[7.617658347183529,48.54001504561231],[7.618044677131142,48.53971351355078],[7.61819592611314,48.53980260549403],[7.618240571063337,48.53976229828869],[7.618665841148184,48.54000771309569],[7.618574798802782,48.54008079402416],[7.618110687705828,48.53982057345759],[7.617764771319793,48.54007354127605],[7.617658347183529,48.54001504561231]]]}},{"type":"Feature","id":"LFST-836b93d3875a6ea6d2d8","properties":{"airport":"LFST","name":"COLOR_Building","layer":"Buildings and structures","category":"Buildings","object_type":"Area","style_id":"polygon.building.394446","source_group":"COLOR_Building","vsmr_group_ids":[],"geometry_role":"filled_region"},"geometry":{"type":"Polygon","coordinates":[[[7.618835613558894,48.5402685204428],[7.619221253502553,48.53997490274988],[7.619340752041497,48.54004338280559],[7.619240519489718,48.5401277333685],[7.619605031840882,48.54033670166081],[7.619508009992866,48.54040663756318],[7.619135375001303,48.54019639655999],[7.618951710257429,48.5403352940161],[7.618835613558894,48.5402685204428]]]}},{"type":"Feature","id":"LFST-3e892d12a7f63b8e0062","properties":{"airport":"LFST","name":"COLOR_Building","layer":"Buildings and structures","category":"Buildings","object_type":"Area","style_id":"polygon.building.394446","source_group":"COLOR_Building","vsmr_group_ids":[],"geometry_role":"filled_region"},"geometry":{"type":"Polygon","coordinates":[[[7.620013292306956,48.54151325862711],[7.620172379326194,48.54138530540138],[7.620963721849783,48.54185720022875],[7.620803156465515,48.54197475607041],[7.620013292306956,48.54151325862711]]]}},{"type":"Feature","id":"LFST-f5f534b858786bf633bb","properties":{"airport":"LFST","name":"COLOR_Building","layer":"Buildings and structures","category":"Buildings","object_type":"Area","style_id":"polygon.building.394446","source_group":"COLOR_Building","vsmr_group_ids":[],"geometry_role":"filled_region"},"geometry":{"type":"Polygon","coordinates":[[[7.620164891965143,48.5419954419853],[7.620386980276344,48.54199225862473],[7.620448094530521,48.54258553508696],[7.620203584634931,48.54258986325316],[7.620164891965143,48.5419954419853]]]}},{"type":"Feature","id":"LFST-ddb320a20761d4518276","properties":{"airport":"LFST","name":"COLOR_Building","layer":"Buildings and structures","category":"Buildings","object_type":"Area","style_id":"polygon.building.394446","source_group":"COLOR_Building","vsmr_group_ids":[],"geometry_role":"filled_region"},"geometry":{"type":"Polygon","coordinates":[[[7.620745245044036,48.54289160851403],[7.620681199618693,48.54227278224127],[7.620912500756976,48.54228410218011],[7.620967437741037,48.54288832549937],[7.620745245044036,48.54289160851403]]]}},{"type":"Feature","id":"LFST-30b649d19da37ee6d015","properties":{"airport":"LFST","name":"COLOR_Building","layer":"Buildings and structures","category":"Buildings","object_type":"Area","style_id":"polygon.building.394446","source_group":"COLOR_Building","vsmr_group_ids":[],"geometry_role":"filled_region"},"geometry":{"type":"Polygon","coordinates":[[[7.621739991318568,48.54219318248979],[7.62204470005583,48.54224621073623],[7.621978638997666,48.54244129068631],[7.621680325530078,48.54238776269082],[7.621739991318568,48.54219318248979]]]}},{"type":"Feature","id":"LFST-aedd6529c0c987474ea7","properties":{"airport":"LFST","name":"COLOR_Building","layer":"Buildings and structures","category":"Buildings","object_type":"Area","style_id":"polygon.building.394446","source_group":"COLOR_Building","vsmr_group_ids":[],"geometry_role":"filled_region"},"geometry":{"type":"Polygon","coordinates":[[[7.621926167573561,48.54345985902869],[7.62228949785576,48.54343991276197],[7.622323964718206,48.54381738249197],[7.622178935960841,48.54383165023739],[7.622158180453649,48.54354603323984],[7.621932557424049,48.54355189952769],[7.621926167573561,48.54345985902869]]]}},{"type":"Feature","id":"LFST-d7959eaf58a828aeb470","properties":{"airport":"LFST","name":"COLOR_Building","layer":"Buildings and structures","category":"Buildings","object_type":"Area","style_id":"polygon.building.394446","source_group":"COLOR_Building","vsmr_group_ids":[],"geometry_role":"filled_region"},"geometry":{"type":"Polygon","coordinates":[[[7.622817338555949,48.54371424686219],[7.622994540878705,48.54371336106084],[7.623027292757094,48.54418408937385],[7.622868587466525,48.54418105528525],[7.622817338555949,48.54371424686219]]]}},{"type":"Feature","id":"LFST-bbb5c611f747bd8b235e","properties":{"airport":"LFST","name":"COLOR_Building","layer":"Buildings and structures","category":"Buildings","object_type":"Area","style_id":"polygon.building.394446","source_group":"COLOR_Building","vsmr_group_ids":[],"geometry_role":"filled_region"},"geometry":{"type":"Polygon","coordinates":[[[7.623220661966139,48.54340019267782],[7.623397198371034,48.54339417996851],[7.623430884060191,48.54387009908174],[7.62326558337767,48.54387800973728],[7.623220661966139,48.54340019267782]]]}},{"type":"Feature","id":"LFST-a810bb91fdcf6f4691bf","properties":{"airport":"LFST","name":"COLOR_Building","layer":"Buildings and structures","category":"Buildings","object_type":"Area","style_id":"polygon.building.394446","source_group":"COLOR_Building","vsmr_group_ids":[],"geometry_role":"filled_region"},"geometry":{"type":"Polygon","coordinates":[[[7.623186442875499,48.54299608902782],[7.623177464413285,48.54291143075751],[7.623324712378845,48.54291688233076],[7.623357467771184,48.54317136255607],[7.623210067415942,48.54317115974897],[7.623202618542044,48.54307491239919],[7.623074923657418,48.5430761827029],[7.6230667292565,48.54300213174736],[7.623186442875499,48.54299608902782]]]}},{"type":"Feature","id":"LFST-e2a7bfa62533dd86f962","properties":{"airport":"LFST","name":"COLOR_Building","layer":"Buildings and structures","category":"Buildings","object_type":"Area","style_id":"polygon.building.394446","source_group":"COLOR_Building","vsmr_group_ids":[],"geometry_role":"filled_region"},"geometry":{"type":"Polygon","coordinates":[[[7.623687359080973,48.54356017613578],[7.623635546281422,48.54309824274834],[7.623801073172675,48.54309526271973],[7.623842614261704,48.5435603393417],[7.623687359080973,48.54356017613578]]]}},{"type":"Feature","id":"LFST-41d5b7344951e4170127","properties":{"airport":"LFST","name":"COLOR_Building","layer":"Buildings and structures","category":"Buildings","object_type":"Area","style_id":"polygon.building.394446","source_group":"COLOR_Building","vsmr_group_ids":[],"geometry_role":"filled_region"},"geometry":{"type":"Polygon","coordinates":[[[7.626006882343654,48.54329496467174],[7.62580778455356,48.54346434961008],[7.625719401691891,48.5434161745444],[7.625832755435362,48.54331616513442],[7.625726028996556,48.54326905773371],[7.625787543470031,48.54322267387604],[7.625891616088573,48.54327148721764],[7.625912348791369,48.54324571798409],[7.626006882343654,48.54329496467174]]]}},{"type":"Feature","id":"LFST-78d531c9f36e573778c7","properties":{"airport":"LFST","name":"COLOR_Building","layer":"Buildings and structures","category":"Buildings","object_type":"Area","style_id":"polygon.building.394446","source_group":"COLOR_Building","vsmr_group_ids":[],"geometry_role":"filled_region"},"geometry":{"type":"Polygon","coordinates":[[[7.625117801158381,48.54278309620497],[7.625347745339777,48.54289964637393],[7.62527871859054,48.54297248968678],[7.625147299044075,48.54290748562495],[7.625110142632647,48.54291206342287],[7.625087601667813,48.54289893035434],[7.625082865953312,48.54287578372451],[7.625045605378327,48.54285701639397],[7.625117801158381,48.54278309620497]]]}},{"type":"Feature","id":"LFST-7ccaaddc9ba5541eddb1","properties":{"airport":"LFST","name":"COLOR_Building","layer":"Buildings and structures","category":"Buildings","object_type":"Area","style_id":"polygon.building.394446","source_group":"COLOR_Building","vsmr_group_ids":[],"geometry_role":"filled_region"},"geometry":{"type":"Polygon","coordinates":[[[7.624586274837563,48.54304396517614],[7.624735587264546,48.54292376672151],[7.625319302839721,48.54321337784308],[7.625258028045943,48.54326035243982],[7.625277958014638,48.54326909000871],[7.625249473927608,48.54329125908838],[7.62523205382257,48.54328398087615],[7.625175093779308,48.54333210327519],[7.624586274837563,48.54304396517614]]]}},{"type":"Feature","id":"LFST-42e65d0c1d264376faa5","properties":{"airport":"LFST","name":"COLOR_Building","layer":"Buildings and structures","category":"Buildings","object_type":"Area","style_id":"polygon.building.394446","source_group":"COLOR_Building","vsmr_group_ids":[],"geometry_role":"filled_region"},"geometry":{"type":"Polygon","coordinates":[[[7.624699790311005,48.54276404180256],[7.624488211975953,48.54295426318853],[7.624301653095888,48.54287269498476],[7.624514801225414,48.54268014376495],[7.624699790311005,48.54276404180256]]]}},{"type":"Feature","id":"LFST-0843b944c76ae9322211","properties":{"airport":"LFST","name":"COLOR_Building","layer":"Buildings and structures","category":"Buildings","object_type":"Area","style_id":"polygon.building.394446","source_group":"COLOR_Building","vsmr_group_ids":[],"geometry_role":"filled_region"},"geometry":{"type":"Polygon","coordinates":[[[7.62475653341482,48.54257565664159],[7.624885299999555,48.5426419645835],[7.624760349406783,48.54274643146614],[7.624631131066215,48.54268584162293],[7.62475653341482,48.54257565664159]]]}},{"type":"Feature","id":"LFST-97643ae410494fb019fb","properties":{"airport":"LFST","name":"COLOR_Building","layer":"Buildings and structures","category":"Buildings","object_type":"Area","style_id":"polygon.building.394446","source_group":"COLOR_Building","vsmr_group_ids":[],"geometry_role":"filled_region"},"geometry":{"type":"Polygon","coordinates":[[[7.624308069924977,48.54260881687111],[7.624361700464166,48.54256978333571],[7.624455101241598,48.54261572811291],[7.624327040336878,48.54273655054195],[7.624234495639772,48.54269951843438],[7.624215419178341,48.54271253923421],[7.624008300263442,48.54261312914002],[7.624102876286976,48.54252442070968],[7.624308069924977,48.54260881687111]]]}},{"type":"Feature","id":"LFST-e2fe9bfa3c389e41ff52","properties":{"airport":"LFST","name":"COLOR_Building","layer":"Buildings and structures","category":"Buildings","object_type":"Area","style_id":"polygon.building.394446","source_group":"COLOR_Building","vsmr_group_ids":[],"geometry_role":"filled_region"},"geometry":{"type":"Polygon","coordinates":[[[7.630216753726953,48.54588213640106],[7.630238257684168,48.54586491785636],[7.630321883315647,48.5459156894632],[7.630209596912952,48.54600067995977],[7.630120119892059,48.54595251584292],[7.629940221033529,48.5460883060792],[7.629917853620507,48.54607464116015],[7.629892619285606,48.54609394542876],[7.629821935949082,48.54605513577521],[7.629842372232587,48.54603933596002],[7.629814653905813,48.5460225417732],[7.630090347145931,48.54581382347133],[7.630216753726953,48.54588213640106]]]}},{"type":"Feature","id":"LFST-209f41c5912a6d600ecf","properties":{"airport":"LFST","name":"COLOR_Building","layer":"Buildings and structures","category":"Buildings","object_type":"Area","style_id":"polygon.building.394446","source_group":"COLOR_Building","vsmr_group_ids":[],"geometry_role":"filled_region"},"geometry":{"type":"Polygon","coordinates":[[[7.63071110685109,48.54604304900671],[7.630502006498256,48.54620080423048],[7.630592562511604,48.54625782696792],[7.630465603469466,48.54635952610442],[7.630374328094867,48.54630605286278],[7.630331084047244,48.54633555626034],[7.630096994764846,48.54620719269515],[7.630496836707561,48.54591528723658],[7.63071110685109,48.54604304900671]]]}},{"type":"Feature","id":"LFST-367976245eb86ab7ab6b","properties":{"airport":"LFST","name":"COLOR_Building","layer":"Buildings and structures","category":"Buildings","object_type":"Area","style_id":"polygon.building.394446","source_group":"COLOR_Building","vsmr_group_ids":[],"geometry_role":"filled_region"},"geometry":{"type":"Polygon","coordinates":[[[7.630957699696072,48.54618441500137],[7.631663809321663,48.54659606433623],[7.631350919561641,48.54683913799933],[7.630635362734171,48.54642583602287],[7.630957699696072,48.54618441500137]]]}},{"type":"Feature","id":"LFST-42fb25cab98f37d32586","properties":{"airport":"LFST","name":"COLOR_Building","layer":"Buildings and structures","category":"Buildings","object_type":"Area","style_id":"polygon.building.394446","source_group":"COLOR_Building","vsmr_group_ids":[],"geometry_role":"filled_region"},"geometry":{"type":"Polygon","coordinates":[[[7.62640877962437,48.54070812256339],[7.626778091162461,48.54092064436829],[7.626610062022758,48.54104716510022],[7.626241909552229,48.54083766440808],[7.62640877962437,48.54070812256339]]]}},{"type":"Feature","id":"LFST-2a22fd92bfe65b89b1c6","properties":{"airport":"LFST","name":"COLOR_Building","layer":"Buildings and structures","category":"Buildings","object_type":"Area","style_id":"polygon.building.394446","source_group":"COLOR_Building","vsmr_group_ids":[],"geometry_role":"filled_region"},"geometry":{"type":"Polygon","coordinates":[[[7.625537155817139,48.54078446393162],[7.625785058655437,48.54067540428431],[7.625865882686984,48.54076797140444],[7.626007219613467,48.54086538523621],[7.625909338125732,48.54091596687435],[7.625946963544452,48.54094098519406],[7.625911279482867,48.54096431319559],[7.625734374063473,48.540837423512],[7.625626961146931,48.54087654340119],[7.625537155817139,48.54078446393162]]]}},{"type":"Feature","id":"LFST-dbb18e61aa150d026e24","properties":{"airport":"LFST","name":"COLOR_Building","layer":"Buildings and structures","category":"Buildings","object_type":"Area","style_id":"polygon.building.394446","source_group":"COLOR_Building","vsmr_group_ids":[],"geometry_role":"filled_region"},"geometry":{"type":"Polygon","coordinates":[[[7.624824380781026,48.54055230940033],[7.624902888103389,48.54049785725511],[7.625028780356611,48.54057612613364],[7.624948744154125,48.54062957404624],[7.624824380781026,48.54055230940033]]]}},{"type":"Feature","id":"LFST-100b06bd4891f377efb5","properties":{"airport":"LFST","name":"COLOR_Building","layer":"Buildings and structures","category":"Buildings","object_type":"Area","style_id":"polygon.building.394446","source_group":"COLOR_Building","vsmr_group_ids":[],"geometry_role":"filled_region"},"geometry":{"type":"Polygon","coordinates":[[[7.642331716431567,48.54247655403044],[7.642737511649735,48.54257126058144],[7.642658107176318,48.54267025420773],[7.642261663458845,48.54259734719658],[7.642331716431567,48.54247655403044]]]}},{"type":"Feature","id":"LFST-d721a5c0fc698fa9d4cc","properties":{"airport":"LFST","name":"COLOR_Building","layer":"Buildings and structures","category":"Buildings","object_type":"Area","style_id":"polygon.building.394446","source_group":"COLOR_Building","vsmr_group_ids":[],"geometry_role":"filled_region"},"geometry":{"type":"Polygon","coordinates":[[[7.642032156956262,48.543337215478],[7.642174830253379,48.54341517158457],[7.641916321138544,48.54362027963464],[7.641772374589104,48.54354824103151],[7.642032156956262,48.543337215478]]]}},{"type":"Feature","id":"LFST-e6a6082c11815ca65752","properties":{"airport":"LFST","name":"COLOR_Building","layer":"Buildings and structures","category":"Buildings","object_type":"Area","style_id":"polygon.building.394446","source_group":"COLOR_Building","vsmr_group_ids":[],"geometry_role":"filled_region"},"geometry":{"type":"Polygon","coordinates":[[[7.643698645330559,48.54448313702068],[7.643733291692138,48.54474641435044],[7.643529200657047,48.54477225988139],[7.643461263175406,48.5445079559933],[7.643698645330559,48.54448313702068]]]}},{"type":"Feature","id":"LFST-62cddbaddfbe2b667141","properties":{"airport":"LFST","name":"COLOR_Building","layer":"Buildings and structures","category":"Buildings","object_type":"Area","style_id":"polygon.building.394446","source_group":"COLOR_Building","vsmr_group_ids":[],"geometry_role":"filled_region"},"geometry":{"type":"Polygon","coordinates":[[[7.64430897332804,48.54483714733776],[7.643944309606181,48.54495742160922],[7.64384678661274,48.54484206863443],[7.644214805274386,48.54471210188399],[7.64430897332804,48.54483714733776]]]}},{"type":"Feature","id":"LFST-85036f7880e80f19d095","properties":{"airport":"LFST","name":"COLOR_Building","layer":"Buildings and structures","category":"Buildings","object_type":"Area","style_id":"polygon.building.394446","source_group":"COLOR_Building","vsmr_group_ids":[],"geometry_role":"filled_region"},"geometry":{"type":"Polygon","coordinates":[[[7.646360698270122,48.54529726996567],[7.646708526454118,48.54539504330459],[7.646619281898293,48.54552292679251],[7.646256410554839,48.54542273733601],[7.646360698270122,48.54529726996567]]]}},{"type":"Feature","id":"LFST-cbba27a83961d5386865","properties":{"airport":"LFST","name":"COLOR_Building","layer":"Buildings and structures","category":"Buildings","object_type":"Area","style_id":"polygon.building.394446","source_group":"COLOR_Building","vsmr_group_ids":[],"geometry_role":"filled_region"},"geometry":{"type":"Polygon","coordinates":[[[7.648171592780708,48.5446954449487],[7.648484593746314,48.54456642428409],[7.648589427483605,48.54465683201804],[7.648294220429184,48.54479624901556],[7.648171592780708,48.5446954449487]]]}},{"type":"Feature","id":"LFST-b6e7cf9ca9be157e7202","properties":{"airport":"LFST","name":"COLOR_Building","layer":"Buildings and structures","category":"Buildings","object_type":"Area","style_id":"polygon.building.394446","source_group":"COLOR_Building","vsmr_group_ids":[],"geometry_role":"filled_region"},"geometry":{"type":"Polygon","coordinates":[[[7.648129072371994,48.54306186751718],[7.648131081733531,48.54331005860881],[7.647957884435888,48.54331166585723],[7.647929766553865,48.54306419315657],[7.648129072371994,48.54306186751718]]]}},{"type":"Feature","id":"LFST-00dd5047179a850622e7","properties":{"airport":"LFST","name":"COLOR_Building","layer":"Buildings and structures","category":"Buildings","object_type":"Area","style_id":"polygon.building.394446","source_group":"COLOR_Building","vsmr_group_ids":[],"geometry_role":"filled_region"},"geometry":{"type":"Polygon","coordinates":[[[7.646387130577025,48.54239043485798],[7.646407246999393,48.54252640307286],[7.64599769322378,48.5425184639198],[7.646001124497566,48.54238394165306],[7.646387130577025,48.54239043485798]]]}},{"type":"Feature","id":"LFST-983cb11092d16b1ee4f2","properties":{"airport":"LFST","name":"COLOR_Building","layer":"Buildings and structures","category":"Buildings","object_type":"Area","style_id":"polygon.building.394446","source_group":"COLOR_Building","vsmr_group_ids":[],"geometry_role":"filled_region"},"geometry":{"type":"Polygon","coordinates":[[[7.644235032298861,48.54188742061906],[7.644349027296602,48.54180189909882],[7.644680066119676,48.54198104708978],[7.644527450552532,48.54207307227687],[7.644235032298861,48.54188742061906]]]}},{"type":"Feature","id":"LFST-9968868ceb2b13f1bcc6","properties":{"airport":"LFST","name":"COLOR_Building","layer":"Buildings and structures","category":"Buildings","object_type":"Area","style_id":"polygon.building.394446","source_group":"COLOR_Building","vsmr_group_ids":[],"geometry_role":"filled_region"},"geometry":{"type":"Polygon","coordinates":[[[7.644532902366372,48.54287663003856],[7.644745627564249,48.54291834823679],[7.644603501637182,48.5431481776706],[7.644403712335799,48.54310209516361],[7.644532902366372,48.54287663003856]]]}},{"type":"Feature","id":"LFST-2f5fd70c63c0511ce742","properties":{"airport":"LFST","name":"COLOR_Building","layer":"Buildings and structures","category":"Buildings","object_type":"Area","style_id":"polygon.building.394446","source_group":"COLOR_Building","vsmr_group_ids":[],"geometry_role":"filled_region"},"geometry":{"type":"Polygon","coordinates":[[[7.644951683434575,48.54300756575786],[7.645246139763515,48.5431164651412],[7.645076571717391,48.54330855540833],[7.644785649892181,48.54319595157934],[7.644951683434575,48.54300756575786]]]}},{"type":"Feature","id":"LFST-1a1e50a28c2b9bdbe75c","properties":{"airport":"LFST","name":"COLOR_Building","layer":"Buildings and structures","category":"Buildings","object_type":"Area","style_id":"polygon.building.394446","source_group":"COLOR_Building","vsmr_group_ids":[],"geometry_role":"filled_region"},"geometry":{"type":"Polygon","coordinates":[[[7.645896896283486,48.54339682648927],[7.645832402673753,48.54346958560129],[7.645962379261646,48.54351777317783],[7.645572439148527,48.54391938986818],[7.645102381831697,48.54372564948243],[7.645144696215453,48.54366356281083],[7.644968710568978,48.54359664775442],[7.645332895581625,48.54319206586396],[7.645896896283486,48.54339682648927]]]}},{"type":"Feature","id":"LFST-4770c43f1ca8cddba680","properties":{"airport":"LFST","name":"COLOR_Building","layer":"Buildings and structures","category":"Buildings","object_type":"Area","style_id":"polygon.building.394446","source_group":"COLOR_Building","vsmr_group_ids":[],"geometry_role":"filled_region"},"geometry":{"type":"Polygon","coordinates":[[[7.646417639403531,48.54408271398684],[7.646312931723305,48.54420174706635],[7.64582303715893,48.54401552040851],[7.645937721559905,48.54389580401998],[7.646417639403531,48.54408271398684]]]}},{"type":"Feature","id":"LFST-9ed9175836d7d54d228c","properties":{"airport":"LFST","name":"COLOR_Building","layer":"Buildings and structures","category":"Buildings","object_type":"Area","style_id":"polygon.building.394446","source_group":"COLOR_Building","vsmr_group_ids":[],"geometry_role":"filled_region"},"geometry":{"type":"Polygon","coordinates":[[[7.645830387776565,48.54377498053802],[7.646121667831101,48.54345119808012],[7.64661539264999,48.54364000228991],[7.646527395919007,48.54374569607803],[7.646184875870643,48.54362191295508],[7.645986526813804,48.54384279524644],[7.645830387776565,48.54377498053802]]]}},{"type":"Feature","id":"LFST-4d8fb07962b6c4f6168a","properties":{"airport":"LFST","name":"COLOR_Building","layer":"Buildings and structures","category":"Buildings","object_type":"Area","style_id":"polygon.building.394446","source_group":"COLOR_Building","vsmr_group_ids":[],"geometry_role":"filled_region"},"geometry":{"type":"Polygon","coordinates":[[[7.639163707302599,48.5393926174422],[7.639124272871378,48.53931545597834],[7.638734592238876,48.53941238903],[7.638454622887374,48.53899418687449],[7.638682438993854,48.53893829439509],[7.638897297939168,48.53926512040061],[7.639234346585582,48.53917091918294],[7.639306623190423,48.5392885163657],[7.63917157371486,48.53931614368518],[7.639203670054227,48.53937751376132],[7.639268804140951,48.53947248064591],[7.639362027832536,48.5394406917321],[7.639580848647885,48.53979218844952],[7.638824706115857,48.54001214405425],[7.638532355795384,48.53956426379891],[7.639163707302599,48.5393926174422]]]}},{"type":"Feature","id":"LFST-79c59a9acb7a977c1cf0","properties":{"airport":"LFST","name":"COLOR_Building","layer":"Buildings and structures","category":"Buildings","object_type":"Area","style_id":"polygon.building.394446","source_group":"COLOR_Building","vsmr_group_ids":[],"geometry_role":"filled_region"},"geometry":{"type":"Polygon","coordinates":[[[7.607462803517643,48.53243642468247],[7.606963992578191,48.53288024353678],[7.606458119506758,48.53261880302022],[7.606489954005156,48.53256004894959],[7.606417602279705,48.53251327237464],[7.606332516710674,48.53257898962191],[7.605738433253666,48.53230140951209],[7.605883130532865,48.53216492679664],[7.606326039097649,48.53239289135333],[7.606621680044093,48.53212867062535],[7.606746310543593,48.5321916534151],[7.606427676487533,48.53247992022767],[7.606515684657984,48.53253074915283],[7.606922568655778,48.53217383999989],[7.607462803517643,48.53243642468247]]]}},{"type":"Feature","id":"LFST-99d0b37383a952279a1e","properties":{"airport":"LFST","name":"COLOR_Building","layer":"Buildings and structures","category":"Buildings","object_type":"Area","style_id":"polygon.building.394446","source_group":"COLOR_Building","vsmr_group_ids":[],"geometry_role":"filled_region"},"geometry":{"type":"Polygon","coordinates":[[[7.606343056100455,48.53199442744977],[7.606517201633709,48.53208556871739],[7.606432786069011,48.53215378859483],[7.606248194817987,48.53207084993862],[7.606343056100455,48.53199442744977]]]}},{"type":"Feature","id":"LFST-e2d108606ff43a622cf6","properties":{"airport":"LFST","name":"COLOR_Building","layer":"Buildings and structures","category":"Buildings","object_type":"Area","style_id":"polygon.building.394446","source_group":"COLOR_Building","vsmr_group_ids":[],"geometry_role":"filled_region"},"geometry":{"type":"Polygon","coordinates":[[[7.605504189060603,48.53201735299716],[7.605749705661033,48.53213843047352],[7.605633484816645,48.53223511675201],[7.605384231689108,48.53211568498055],[7.605504189060603,48.53201735299716]]]}},{"type":"Feature","id":"LFST-fe06231fe6272a0c046d","properties":{"airport":"LFST","name":"COLOR_Building","layer":"Buildings and structures","category":"Buildings","object_type":"Area","style_id":"polygon.building.394446","source_group":"COLOR_Building","vsmr_group_ids":[],"geometry_role":"filled_region"},"geometry":{"type":"Polygon","coordinates":[[[7.6036951887677,48.53150850492453],[7.60389165314127,48.53138931992366],[7.604150406903207,48.53159124601979],[7.603965643016437,48.53170412010809],[7.6036951887677,48.53150850492453]]]}},{"type":"Feature","id":"LFST-3836a484c4f80315b952","properties":{"airport":"LFST","name":"COLOR_Building","layer":"Buildings and structures","category":"Buildings","object_type":"Area","style_id":"polygon.building.394446","source_group":"COLOR_Building","vsmr_group_ids":[],"geometry_role":"filled_region"},"geometry":{"type":"Polygon","coordinates":[[[7.604437390063663,48.53072405259173],[7.604823750018892,48.53078744502151],[7.604761720025691,48.53094029158097],[7.604364346429662,48.53087049252296],[7.604437390063663,48.53072405259173]]]}},{"type":"Feature","id":"LFST-316f951b49cba0eac269","properties":{"airport":"LFST","name":"COLOR_Building","layer":"Buildings and structures","category":"Buildings","object_type":"Area","style_id":"polygon.building.394446","source_group":"COLOR_Building","vsmr_group_ids":[],"geometry_role":"filled_region"},"geometry":{"type":"Polygon","coordinates":[[[7.606177144412227,48.53346870101171],[7.606354052728483,48.53370078240947],[7.606210741031134,48.53375612973603],[7.606020143760468,48.53353841259517],[7.606177144412227,48.53346870101171]]]}},{"type":"Feature","id":"LFST-2352862929eec2404344","properties":{"airport":"LFST","name":"COLOR_Building","layer":"Buildings and structures","category":"Buildings","object_type":"Area","style_id":"polygon.building.394446","source_group":"COLOR_Building","vsmr_group_ids":[],"geometry_role":"filled_region"},"geometry":{"type":"Polygon","coordinates":[[[7.607547603067147,48.53400049418461],[7.607552082370734,48.53414287454336],[7.60719575104295,48.53414877336265],[7.607157568693448,48.53403066140515],[7.607547603067147,48.53400049418461]]]}},{"type":"Feature","id":"LFST-85e597ae6b0c25bdd25f","properties":{"airport":"LFST","name":"COLOR_Building","layer":"Buildings and structures","category":"Buildings","object_type":"Area","style_id":"polygon.building.394446","source_group":"COLOR_Building","vsmr_group_ids":[],"geometry_role":"filled_region"},"geometry":{"type":"Polygon","coordinates":[[[7.609539455807353,48.53392006334018],[7.609547274487475,48.53403939270399],[7.609109815196524,48.53402927794307],[7.609128488844852,48.5338958207611],[7.609539455807353,48.53392006334018]]]}},{"type":"Feature","id":"LFST-e4853277f04084a4031a","properties":{"airport":"LFST","name":"COLOR_Building","layer":"Buildings and structures","category":"Buildings","object_type":"Area","style_id":"polygon.building.394446","source_group":"COLOR_Building","vsmr_group_ids":[],"geometry_role":"filled_region"},"geometry":{"type":"Polygon","coordinates":[[[7.61027038879333,48.53283112033758],[7.610377372030919,48.53295254368301],[7.610055979949111,48.5330966520832],[7.609940392782512,48.53296675159675],[7.61027038879333,48.53283112033758]]]}},{"type":"Feature","id":"LFST-b386299ae810a6832e74","properties":{"airport":"LFST","name":"COLOR_Building","layer":"Buildings and structures","category":"Buildings","object_type":"Area","style_id":"polygon.building.394446","source_group":"COLOR_Building","vsmr_group_ids":[],"geometry_role":"filled_region"},"geometry":{"type":"Polygon","coordinates":[[[7.609551762900997,48.53199637318654],[7.609673586584698,48.53223627085277],[7.609496402885405,48.53226843097917],[7.609357692725387,48.5320321319091],[7.609551762900997,48.53199637318654]]]}},{"type":"Feature","id":"LFST-3e43a153105404600b27","properties":{"airport":"LFST","name":"COLOR_Building","layer":"Buildings and structures","category":"Buildings","object_type":"Area","style_id":"polygon.building.394446","source_group":"COLOR_Building","vsmr_group_ids":[],"geometry_role":"filled_region"},"geometry":{"type":"Polygon","coordinates":[[[7.608502846264928,48.53123805883406],[7.608687302041202,48.53126053046832],[7.608707285526208,48.53151956530848],[7.6085047211694,48.53151107430276],[7.608502846264928,48.53123805883406]]]}},{"type":"Feature","id":"LFST-50b9507ab1a914174e36","properties":{"airport":"LFST","name":"COLOR_Building","layer":"Buildings and structures","category":"Buildings","object_type":"Area","style_id":"polygon.building.394446","source_group":"COLOR_Building","vsmr_group_ids":[],"geometry_role":"filled_region"},"geometry":{"type":"Polygon","coordinates":[[[7.608023716826784,48.53086920573808],[7.608206412098435,48.53096064586191],[7.607987443916569,48.53117547385695],[7.607784976893961,48.53107687841459],[7.608023716826784,48.53086920573808]]]}},{"type":"Feature","id":"LFST-9fba3952e031f9c78c43","properties":{"airport":"LFST","name":"COLOR_Building","layer":"Buildings and structures","category":"Buildings","object_type":"Area","style_id":"polygon.building.394446","source_group":"COLOR_Building","vsmr_group_ids":[],"geometry_role":"filled_region"},"geometry":{"type":"Polygon","coordinates":[[[7.607851149749836,48.53061561618336],[7.607807107268954,48.53076230610517],[7.607429389716478,48.53071238954049],[7.607480973949563,48.53056406046926],[7.607851149749836,48.53061561618336]]]}},{"type":"Feature","id":"LFST-612e2eecb1c54f71f9ef","properties":{"airport":"LFST","name":"COLOR_Building","layer":"Buildings and structures","category":"Buildings","object_type":"Area","style_id":"polygon.building.394446","source_group":"COLOR_Building","vsmr_group_ids":[],"geometry_role":"filled_region"},"geometry":{"type":"Polygon","coordinates":[[[7.607824441448566,48.53261886699695],[7.607574813551312,48.53283815065457],[7.607406112228141,48.53275728620468],[7.607653091208908,48.53253161468195],[7.607824441448566,48.53261886699695]]]}},{"type":"Feature","id":"LFST-8b268dfddf8bb448bf6a","properties":{"airport":"LFST","name":"COLOR_Building","layer":"Buildings and structures","category":"Buildings","object_type":"Area","style_id":"polygon.building.394446","source_group":"COLOR_Building","vsmr_group_ids":[],"geometry_role":"filled_region"},"geometry":{"type":"Polygon","coordinates":[[[7.620965927434417,48.53976332424152],[7.621606677981858,48.54014437927157],[7.621159122849823,48.54049103539449],[7.620505168004767,48.54010820841765],[7.620965927434417,48.53976332424152]]]}},{"type":"Feature","id":"LFST-dcb32a818637c72a32b6","properties":{"airport":"LFST","name":"COLOR_Building","layer":"Buildings and structures","category":"Buildings","object_type":"Area","style_id":"polygon.building.394446","source_group":"COLOR_Building","vsmr_group_ids":[],"geometry_role":"filled_region"},"geometry":{"type":"Polygon","coordinates":[[[7.619550654009464,48.54055857787372],[7.620220858315536,48.54006173721616],[7.621576424577976,48.54085493415616],[7.620919685184289,48.54135351507296],[7.619550654009464,48.54055857787372]]]}},{"type":"Feature","id":"LFST-4cbd15ee53be797a8ef9","properties":{"airport":"LFST","name":"COLOR_Building","layer":"Buildings and structures","category":"Buildings","object_type":"Area","style_id":"polygon.building.394446","source_group":"COLOR_Building","vsmr_group_ids":[],"geometry_role":"filled_region"},"geometry":{"type":"Polygon","coordinates":[[[7.631565516221483,48.54682892880172],[7.631788922684932,48.54666793446624],[7.632004497177329,48.54679615098166],[7.63198447670425,48.54681055641081],[7.632084685355027,48.5468709223491],[7.631866406016064,48.54703032064943],[7.631759353257406,48.54696107369839],[7.63177513068589,48.54694745255907],[7.631565516221483,48.54682892880172]]]}},{"type":"Feature","id":"LFST-84ee291923cf1e3a62dd","properties":{"airport":"LFST","name":"COLOR_Building","layer":"Buildings and structures","category":"Buildings","object_type":"Area","style_id":"polygon.building.394446","source_group":"COLOR_Building","vsmr_group_ids":[],"geometry_role":"filled_region"},"geometry":{"type":"Polygon","coordinates":[[[7.623743454626421,48.54094457043431],[7.62407363475398,48.54069874470357],[7.623998899388864,48.54065712240845],[7.624204713543802,48.54050638903323],[7.624580252405231,48.54072876644517],[7.624048959369924,48.54112528475128],[7.623743454626421,48.54094457043431]]]}},{"type":"Feature","id":"LFST-5bf30e261587a6a402ee","properties":{"airport":"LFST","name":"COLOR_ProhibitedArea","layer":"Airfield surfaces","category":"prohibitedarea","object_type":"Area","style_id":"polygon.prohibitedarea","source_group":"COLOR_ProhibitedArea","vsmr_group_ids":[],"geometry_role":"filled_region"},"geometry":{"type":"Polygon","coordinates":[[[7.614684890143759,48.53220837309723],[7.614707117179391,48.53219058718674],[7.615097453772758,48.53242211822133],[7.615082290984434,48.5324402047328],[7.614684890143759,48.53220837309723]]]}},{"type":"Feature","id":"LFST-28c1bda898a3d0e17135","properties":{"airport":"LFST","name":"COLOR_ProhibitedArea","layer":"Airfield surfaces","category":"prohibitedarea","object_type":"Area","style_id":"polygon.prohibitedarea","source_group":"COLOR_ProhibitedArea","vsmr_group_ids":[],"geometry_role":"filled_region"},"geometry":{"type":"Polygon","coordinates":[[[7.62265513841569,48.53683380376651],[7.623037369806809,48.53705569805423],[7.623028452691982,48.53707823043782],[7.622624231564672,48.53684240901466],[7.62265513841569,48.53683380376651]]]}},{"type":"Feature","id":"LFST-e4fe18e316c6b8af695a","properties":{"airport":"LFST","name":"COLOR_ProhibitedArea","layer":"Airfield surfaces","category":"prohibitedarea","object_type":"Area","style_id":"polygon.prohibitedarea","source_group":"COLOR_ProhibitedArea","vsmr_group_ids":[],"geometry_role":"filled_region"},"geometry":{"type":"Polygon","coordinates":[[[7.632800531998409,48.54277976369688],[7.632831139212732,48.54277106442779],[7.633207564528011,48.54298936926445],[7.633196456651432,48.54301167588035],[7.632800531998409,48.54277976369688]]]}},{"type":"Feature","id":"LFST-b934eab4054c5a3ab0eb","properties":{"airport":"LFST","name":"COLOR_ProhibitedArea","layer":"Airfield surfaces","category":"prohibitedarea","object_type":"Area","style_id":"polygon.prohibitedarea","source_group":"COLOR_ProhibitedArea","vsmr_group_ids":[],"geometry_role":"filled_region"},"geometry":{"type":"Polygon","coordinates":[[[7.638703675037397,48.54622456566221],[7.638738503749531,48.54621651857164],[7.63913143796052,48.54644247270897],[7.639107646680474,48.54645777781755],[7.638703675037397,48.54622456566221]]]}},{"type":"Feature","id":"LFST-abfd0c30941c25740f52","properties":{"airport":"LFST","name":"COLOR_Taxiway","layer":"Guidance lines","category":"Taxiways","object_type":"Line","style_id":"line.taxiway.c0b631","source_group":"COLOR_Taxiway","vsmr_group_ids":[],"geometry_role":"linework"},"geometry":{"type":"LineString","coordinates":[[7.62663159317518,48.54231934995884],[7.627030740688381,48.541634307145]]}},{"type":"Feature","id":"LFST-86546d037d5d8f5eb105","properties":{"airport":"LFST","name":"COLOR_Taxiway","layer":"Guidance lines","category":"Taxiways","object_type":"Line","style_id":"line.taxiway.c0b631","source_group":"COLOR_Taxiway","vsmr_group_ids":[],"geometry_role":"linework"},"geometry":{"type":"LineString","coordinates":[[7.626004751025912,48.54190348231647],[7.626213020301858,48.54120414524188]]}},{"type":"Feature","id":"LFST-568315750c12314adc08","properties":{"airport":"LFST","name":"COLOR_Taxiway","layer":"Guidance lines","category":"Taxiways","object_type":"Line","style_id":"line.taxiway.c0b631","source_group":"COLOR_Taxiway","vsmr_group_ids":[],"geometry_role":"linework"},"geometry":{"type":"LineString","coordinates":[[7.625087195597795,48.54156381783159],[7.624807452191456,48.54202547126898]]}},{"type":"Feature","id":"LFST-51e5191721af04cc3625","properties":{"airport":"LFST","name":"COLOR_Taxiway","layer":"Guidance lines","category":"Taxiways","object_type":"Line","style_id":"line.taxiway.c0b631","source_group":"COLOR_Taxiway","vsmr_group_ids":[],"geometry_role":"linework"},"geometry":{"type":"LineString","coordinates":[[7.625612237181265,48.542046328175],[7.625322309659235,48.54243007636667]]}},{"type":"Feature","id":"LFST-6e094c4961f13c72e4b1","properties":{"airport":"LFST","name":"COLOR_Taxiway","layer":"Guidance lines","category":"Taxiways","object_type":"Line","style_id":"line.taxiway.c0b631","source_group":"COLOR_Taxiway","vsmr_group_ids":[],"geometry_role":"linework"},"geometry":{"type":"LineString","coordinates":[[7.626289890526863,48.54241463365349],[7.625875785361584,48.54287389053655]]}},{"type":"Feature","id":"LFST-c7cae91469833cdd8794","properties":{"airport":"LFST","name":"COLOR_Taxiway","layer":"Guidance lines","category":"Taxiways","object_type":"Line","style_id":"line.taxiway.c0b631","source_group":"COLOR_Taxiway","vsmr_group_ids":[],"geometry_role":"linework"},"geometry":{"type":"LineString","coordinates":[[7.626813285141772,48.54296755727511],[7.626619374464976,48.54329902973618]]}},{"type":"Feature","id":"LFST-625da02edb9dff5b90a9","properties":{"airport":"LFST","name":"COLOR_Taxiway","layer":"Guidance lines","category":"Taxiways","object_type":"Line","style_id":"line.taxiway.c0b631","source_group":"COLOR_Taxiway","vsmr_group_ids":[],"geometry_role":"linework"},"geometry":{"type":"LineString","coordinates":[[7.627323488170377,48.54310489432908],[7.627115189941471,48.54358849185699]]}},{"type":"Feature","id":"LFST-926e6d04acc246d0c0e5","properties":{"airport":"LFST","name":"COLOR_Taxiway","layer":"Guidance lines","category":"Taxiways","object_type":"Line","style_id":"line.taxiway.c0b631","source_group":"COLOR_Taxiway","vsmr_group_ids":[],"geometry_role":"linework"},"geometry":{"type":"LineString","coordinates":[[7.627911958400642,48.54336986550068],[7.627959743206054,48.54391024887789]]}},{"type":"Feature","id":"LFST-d8f151e2176b59790859","properties":{"airport":"LFST","name":"COLOR_Taxiway","layer":"Guidance lines","category":"Taxiways","object_type":"Line","style_id":"line.taxiway.c0b631","source_group":"COLOR_Taxiway","vsmr_group_ids":[],"geometry_role":"linework"},"geometry":{"type":"LineString","coordinates":[[7.628077844293564,48.5433000020442],[7.628159969170103,48.54412944537018]]}},{"type":"Feature","id":"LFST-b4ae259e849991299b05","properties":{"airport":"LFST","name":"COLOR_Taxiway","layer":"Guidance lines","category":"Taxiways","object_type":"Line","style_id":"line.taxiway.c0b631","source_group":"COLOR_Taxiway","vsmr_group_ids":[],"geometry_role":"linework"},"geometry":{"type":"LineString","coordinates":[[7.628648319430093,48.54362075410818],[7.628019282164757,48.5441068871033]]}},{"type":"Feature","id":"LFST-2aaadd7ed67646505972","properties":{"airport":"LFST","name":"COLOR_Taxiway","layer":"Guidance lines","category":"Taxiways","object_type":"Line","style_id":"line.taxiway.c0b631","source_group":"COLOR_Taxiway","vsmr_group_ids":[],"geometry_role":"linework"},"geometry":{"type":"LineString","coordinates":[[7.628952745019331,48.54382351622026],[7.628801307578684,48.54439039662818]]}},{"type":"Feature","id":"LFST-2c6fa9cf9df1a3206e06","properties":{"airport":"LFST","name":"COLOR_Taxiway","layer":"Guidance lines","category":"Taxiways","object_type":"Line","style_id":"line.taxiway.c0b631","source_group":"COLOR_Taxiway","vsmr_group_ids":[],"geometry_role":"linework"},"geometry":{"type":"LineString","coordinates":[[7.628777767649337,48.54463141625752],[7.629689251728172,48.54423419033964]]}},{"type":"Feature","id":"LFST-b3ca5b5ab8a3aed5c02d","properties":{"airport":"LFST","name":"COLOR_Taxiway","layer":"Guidance lines","category":"Taxiways","object_type":"Line","style_id":"line.taxiway.c0b631","source_group":"COLOR_Taxiway","vsmr_group_ids":[],"geometry_role":"linework"},"geometry":{"type":"LineString","coordinates":[[7.629580391757114,48.54415400257145],[7.62903476994792,48.5445682688379]]}},{"type":"Feature","id":"LFST-a5661310be2201d2cd57","properties":{"airport":"LFST","name":"COLOR_Taxiway","layer":"Guidance lines","category":"Taxiways","object_type":"Line","style_id":"line.taxiway.c0b631","source_group":"COLOR_Taxiway","vsmr_group_ids":[],"geometry_role":"linework"},"geometry":{"type":"LineString","coordinates":[[7.629909162711974,48.5444557678603],[7.629685123235584,48.54501597017669]]}},{"type":"Feature","id":"LFST-c141eabbc9cdb3610242","properties":{"airport":"LFST","name":"COLOR_Taxiway","layer":"Guidance lines","category":"Taxiways","object_type":"Line","style_id":"line.taxiway.c0b631","source_group":"COLOR_Taxiway","vsmr_group_ids":[],"geometry_role":"linework"},"geometry":{"type":"LineString","coordinates":[[7.630827662206617,48.54521438225029],[7.630041827190817,48.54521483397637]]}},{"type":"Feature","id":"LFST-1a55bd37d4426eb532dc","properties":{"airport":"LFST","name":"COLOR_Taxiway","layer":"Guidance lines","category":"Taxiways","object_type":"Line","style_id":"line.taxiway.c0b631","source_group":"COLOR_Taxiway","vsmr_group_ids":[],"geometry_role":"linework"},"geometry":{"type":"LineString","coordinates":[[7.63095716084369,48.54558091318808],[7.63105830727554,48.54598958870575]]}},{"type":"Feature","id":"LFST-64f2028051fef742d35d","properties":{"airport":"LFST","name":"COLOR_Taxiway","layer":"Guidance lines","category":"Taxiways","object_type":"Line","style_id":"line.taxiway.c0b631","source_group":"COLOR_Taxiway","vsmr_group_ids":[],"geometry_role":"linework"},"geometry":{"type":"LineString","coordinates":[[7.631251946447697,48.54612843792408],[7.63189615341243,48.54610060538278]]}},{"type":"Feature","id":"LFST-be2b4eab806f5d32eff2","properties":{"airport":"LFST","name":"COLOR_Taxiway","layer":"Guidance lines","category":"Taxiways","object_type":"Line","style_id":"line.taxiway.c0b631","source_group":"COLOR_Taxiway","vsmr_group_ids":[],"geometry_role":"linework"},"geometry":{"type":"LineString","coordinates":[[7.632550444577637,48.54571308378299],[7.631981834194219,48.54556790768369]]}},{"type":"Feature","id":"LFST-eb7f6503f6a67daaa5ad","properties":{"airport":"LFST","name":"COLOR_Taxiway","layer":"Guidance lines","category":"Taxiways","object_type":"Line","style_id":"line.taxiway.c0b631","source_group":"COLOR_Taxiway","vsmr_group_ids":[],"geometry_role":"linework"},"geometry":{"type":"LineString","coordinates":[[7.631882471513316,48.54532715005027],[7.631340731877884,48.5451913771672]]}},{"type":"Feature","id":"LFST-b9df629a50d1066a5b6d","properties":{"airport":"LFST","name":"COLOR_Taxiway","layer":"Guidance lines","category":"Taxiways","object_type":"Line","style_id":"line.taxiway.c0b631","source_group":"COLOR_Taxiway","vsmr_group_ids":[],"geometry_role":"linework"},"geometry":{"type":"LineString","coordinates":[[7.623346002193196,48.54054896919757],[7.622755515670139,48.54099611046387]]}},{"type":"Feature","id":"LFST-a3659e44c7b079627aeb","properties":{"airport":"LFST","name":"COLOR_Taxiway","layer":"Guidance lines","category":"Taxiways","object_type":"Line","style_id":"line.taxiway.c0b631","source_group":"COLOR_Taxiway","vsmr_group_ids":[],"geometry_role":"linework"},"geometry":{"type":"LineString","coordinates":[[7.622653589709967,48.54017890909915],[7.622717830464523,48.54085111791438]]}},{"type":"Feature","id":"LFST-47449df8920a4765347e","properties":{"airport":"LFST","name":"COLOR_Taxiway","layer":"Guidance lines","category":"Taxiways","object_type":"Line","style_id":"line.taxiway.c0b631","source_group":"COLOR_Taxiway","vsmr_group_ids":[],"geometry_role":"linework"},"geometry":{"type":"LineString","coordinates":[[7.622352531989494,48.54004572531235],[7.62216325970323,48.54067166381812]]}},{"type":"Feature","id":"LFST-3c8a54c5a25f1e78b38c","properties":{"airport":"LFST","name":"COLOR_Taxiway","layer":"Guidance lines","category":"Taxiways","object_type":"Line","style_id":"line.taxiway.c0b631","source_group":"COLOR_Taxiway","vsmr_group_ids":[],"geometry_role":"linework"},"geometry":{"type":"LineString","coordinates":[[7.62175802690787,48.53954909228209],[7.621451960240499,48.53936947766298]]}},{"type":"Feature","id":"LFST-c026d69c2515f45926a0","properties":{"airport":"LFST","name":"COLOR_Taxiway","layer":"Guidance lines","category":"Taxiways","object_type":"Line","style_id":"line.taxiway.c0b631","source_group":"COLOR_Taxiway","vsmr_group_ids":[],"geometry_role":"linework"},"geometry":{"type":"LineString","coordinates":[[7.620948791555002,48.53895668369093],[7.6208229740104,48.53938652097371]]}},{"type":"Feature","id":"LFST-a25f705d6e99edc613fd","properties":{"airport":"LFST","name":"COLOR_Taxiway","layer":"Guidance lines","category":"Taxiways","object_type":"Line","style_id":"line.taxiway.c0b631","source_group":"COLOR_Taxiway","vsmr_group_ids":[],"geometry_role":"linework"},"geometry":{"type":"LineString","coordinates":[[7.620720800968912,48.53885734367549],[7.620338978468815,48.53863451905185]]}},{"type":"Feature","id":"LFST-0c66943e622592eb14dd","properties":{"airport":"LFST","name":"COLOR_Taxiway","layer":"Guidance lines","category":"Taxiways","object_type":"Line","style_id":"line.taxiway.c0b631","source_group":"COLOR_Taxiway","vsmr_group_ids":[],"geometry_role":"linework"},"geometry":{"type":"LineString","coordinates":[[7.620516242911899,48.53902054598209],[7.620127463091981,48.53879160458936]]}},{"type":"Feature","id":"LFST-71bf0089fe3ba57dd10e","properties":{"airport":"LFST","name":"COLOR_Taxiway","layer":"Guidance lines","category":"Taxiways","object_type":"Line","style_id":"line.taxiway.c0b631","source_group":"COLOR_Taxiway","vsmr_group_ids":[],"geometry_role":"linework"},"geometry":{"type":"LineString","coordinates":[[7.620288900396006,48.53918846906846],[7.619900877068058,48.5389602177874]]}},{"type":"Feature","id":"LFST-3be29ef544f3f04081c2","properties":{"airport":"LFST","name":"COLOR_Taxiway","layer":"Guidance lines","category":"Taxiways","object_type":"Line","style_id":"line.taxiway.c0b631","source_group":"COLOR_Taxiway","vsmr_group_ids":[],"geometry_role":"linework"},"geometry":{"type":"LineString","coordinates":[[7.619989997273193,48.53932559864021],[7.619661658872545,48.53913845638128]]}},{"type":"Feature","id":"LFST-4afcbc6bdf7017d885aa","properties":{"airport":"LFST","name":"COLOR_Taxiway","layer":"Guidance lines","category":"Taxiways","object_type":"Line","style_id":"line.taxiway.c0b631","source_group":"COLOR_Taxiway","vsmr_group_ids":[],"geometry_role":"linework"},"geometry":{"type":"LineString","coordinates":[[7.619958863398315,48.53839202332756],[7.619653404053857,48.53821301461224]]}},{"type":"Feature","id":"LFST-6db3008568b779b52ce1","properties":{"airport":"LFST","name":"COLOR_Taxiway","layer":"Guidance lines","category":"Taxiways","object_type":"Line","style_id":"line.taxiway.c0b631","source_group":"COLOR_Taxiway","vsmr_group_ids":[],"geometry_role":"linework"},"geometry":{"type":"LineString","coordinates":[[7.619740745420655,48.53856379007137],[7.619428060251099,48.53838049996283]]}},{"type":"Feature","id":"LFST-84024ac739b02c2a4077","properties":{"airport":"LFST","name":"COLOR_Taxiway","layer":"Guidance lines","category":"Taxiways","object_type":"Line","style_id":"line.taxiway.c0b631","source_group":"COLOR_Taxiway","vsmr_group_ids":[],"geometry_role":"linework"},"geometry":{"type":"LineString","coordinates":[[7.619517146063206,48.53873015279921],[7.619204912073423,48.5385470070585]]}},{"type":"Feature","id":"LFST-fb97cd3ee83185953b01","properties":{"airport":"LFST","name":"COLOR_Taxiway","layer":"Guidance lines","category":"Taxiways","object_type":"Line","style_id":"line.taxiway.c0b631","source_group":"COLOR_Taxiway","vsmr_group_ids":[],"geometry_role":"linework"},"geometry":{"type":"LineString","coordinates":[[7.619117514292311,48.53903596717584],[7.619267691972242,48.53892346879445]]}},{"type":"Feature","id":"LFST-6d72d35842a8894ba94d","properties":{"airport":"LFST","name":"COLOR_Taxiway","layer":"Guidance lines","category":"Taxiways","object_type":"Line","style_id":"line.taxiway.c0b631","source_group":"COLOR_Taxiway","vsmr_group_ids":[],"geometry_role":"linework"},"geometry":{"type":"LineString","coordinates":[[7.618931829220832,48.53892882078649],[7.619088908043301,48.53881128069781]]}},{"type":"Feature","id":"LFST-bd75ff66546d7af882b5","properties":{"airport":"LFST","name":"COLOR_Taxiway","layer":"Guidance lines","category":"Taxiways","object_type":"Line","style_id":"line.taxiway.c0b631","source_group":"COLOR_Taxiway","vsmr_group_ids":[],"geometry_role":"linework"},"geometry":{"type":"LineString","coordinates":[[7.618746032933457,48.53882305326574],[7.618912110763125,48.53869641180998]]}},{"type":"Feature","id":"LFST-b28ad28579edaccdd8a6","properties":{"airport":"LFST","name":"COLOR_Taxiway","layer":"Guidance lines","category":"Taxiways","object_type":"Line","style_id":"line.taxiway.c0b631","source_group":"COLOR_Taxiway","vsmr_group_ids":[],"geometry_role":"linework"},"geometry":{"type":"LineString","coordinates":[[7.618559576080659,48.53871666679249],[7.61872818783332,48.53859235838766]]}},{"type":"Feature","id":"LFST-6b80cb2a5bf32e43062f","properties":{"airport":"LFST","name":"COLOR_Taxiway","layer":"Guidance lines","category":"Taxiways","object_type":"Line","style_id":"line.taxiway.c0b631","source_group":"COLOR_Taxiway","vsmr_group_ids":[],"geometry_role":"linework"},"geometry":{"type":"LineString","coordinates":[[7.618699242442675,48.53842749950319],[7.618822342786393,48.53833349260709]]}},{"type":"Feature","id":"LFST-6304b1efb89e15908ad7","properties":{"airport":"LFST","name":"COLOR_Taxiway","layer":"Guidance lines","category":"Taxiways","object_type":"Line","style_id":"line.taxiway.c0b631","source_group":"COLOR_Taxiway","vsmr_group_ids":[],"geometry_role":"linework"},"geometry":{"type":"LineString","coordinates":[[7.618991300886703,48.53821170455915],[7.619145246106536,48.53809588046406]]}},{"type":"Feature","id":"LFST-6d3337dea12126a6a4ed","properties":{"airport":"LFST","name":"COLOR_Taxiway","layer":"Guidance lines","category":"Taxiways","object_type":"Line","style_id":"line.taxiway.c0b631","source_group":"COLOR_Taxiway","vsmr_group_ids":[],"geometry_role":"linework"},"geometry":{"type":"LineString","coordinates":[[7.619330679026655,48.53795650435417],[7.61947650030101,48.53784195862946]]}},{"type":"Feature","id":"LFST-c98577b144afca183bf3","properties":{"airport":"LFST","name":"COLOR_Taxiway","layer":"Guidance lines","category":"Taxiways","object_type":"Line","style_id":"line.taxiway.c0b631","source_group":"COLOR_Taxiway","vsmr_group_ids":[],"geometry_role":"linework"},"geometry":{"type":"LineString","coordinates":[[7.626865835625496,48.54303106141786],[7.627127515901584,48.54347547343789]]}},{"type":"Feature","id":"LFST-4c099c89867693342389","properties":{"airport":"LFST","name":"COLOR_Taxiway","layer":"Guidance lines","category":"Taxiways","object_type":"Line","style_id":"line.taxiway.c0b631","source_group":"COLOR_Taxiway","vsmr_group_ids":[],"geometry_role":"linework"},"geometry":{"type":"LineString","coordinates":[[7.628206619865489,48.54359947363717],[7.628029508566023,48.54373227623979]]}},{"type":"Feature","id":"LFST-14bb8558b40a4205ee51","properties":{"airport":"LFST","name":"COLOR_Taxiway","layer":"Guidance lines","category":"Taxiways","object_type":"Line","style_id":"line.taxiway.c0b631","source_group":"COLOR_Taxiway","vsmr_group_ids":[],"geometry_role":"linework"},"geometry":{"type":"LineString","coordinates":[[7.62121578169258,48.5395501539307],[7.621528618396482,48.53973085276407]]}},{"type":"Feature","id":"LFST-3606b148020953463619","properties":{"airport":"LFST","name":"A1","layer":"Labels","category":"Gates","object_type":"Label","style_id":"label.gates","source_group":"LFST Gates","vsmr_group_ids":[],"geometry_role":"text_label","text-field":"A1"},"geometry":{"type":"Point","coordinates":[7.631666111,48.545197778]}},{"type":"Feature","id":"LFST-5fe38b9316b39649d150","properties":{"airport":"LFST","name":"A2","layer":"Labels","category":"Gates","object_type":"Label","style_id":"label.gates","source_group":"LFST Gates","vsmr_group_ids":[],"geometry_role":"text_label","text-field":"A2"},"geometry":{"type":"Point","coordinates":[7.6323525,48.545598889]}},{"type":"Feature","id":"LFST-4ba6b8b17a693fe3ff73","properties":{"airport":"LFST","name":"A3","layer":"Labels","category":"Gates","object_type":"Label","style_id":"label.gates","source_group":"LFST Gates","vsmr_group_ids":[],"geometry_role":"text_label","text-field":"A3"},"geometry":{"type":"Point","coordinates":[7.631600278,48.546196944]}},{"type":"Feature","id":"LFST-47012d48ff251a1e02d5","properties":{"airport":"LFST","name":"A4","layer":"Labels","category":"Gates","object_type":"Label","style_id":"label.gates","source_group":"LFST Gates","vsmr_group_ids":[],"geometry_role":"text_label","text-field":"A4"},"geometry":{"type":"Point","coordinates":[7.631130278,48.54579]}},{"type":"Feature","id":"LFST-24bb0ada8138767dc76d","properties":{"airport":"LFST","name":"A5","layer":"Labels","category":"Gates","object_type":"Label","style_id":"label.gates","source_group":"LFST Gates","vsmr_group_ids":[],"geometry_role":"text_label","text-field":"A5"},"geometry":{"type":"Point","coordinates":[7.630406111,48.545284167]}},{"type":"Feature","id":"LFST-d41cede71ccbe1ea6b29","properties":{"airport":"LFST","name":"A6","layer":"Labels","category":"Gates","object_type":"Label","style_id":"label.gates","source_group":"LFST Gates","vsmr_group_ids":[],"geometry_role":"text_label","text-field":"A6"},"geometry":{"type":"Point","coordinates":[7.629926667,48.544778611]}},{"type":"Feature","id":"LFST-0c4fb5e5162f62d987f7","properties":{"airport":"LFST","name":"A15","layer":"Labels","category":"Gates","object_type":"Label","style_id":"label.gates","source_group":"LFST Gates","vsmr_group_ids":[],"geometry_role":"text_label","text-field":"A15"},"geometry":{"type":"Point","coordinates":[7.629644722,48.544334444]}},{"type":"Feature","id":"LFST-9dc8ef67d91b2543d497","properties":{"airport":"LFST","name":"A16","layer":"Labels","category":"Gates","object_type":"Label","style_id":"label.gates","source_group":"LFST Gates","vsmr_group_ids":[],"geometry_role":"text_label","text-field":"A16"},"geometry":{"type":"Point","coordinates":[7.629447222,48.544137222]}},{"type":"Feature","id":"LFST-1756fa87e89e03e353e6","properties":{"airport":"LFST","name":"A17/17C","layer":"Labels","category":"Gates","object_type":"Label","style_id":"label.gates","source_group":"LFST Gates","vsmr_group_ids":[],"geometry_role":"text_label","text-field":"A17/17C"},"geometry":{"type":"Point","coordinates":[7.628967778,48.544106389]}},{"type":"Feature","id":"LFST-1d82a6cef1258e867ecd","properties":{"airport":"LFST","name":"A18","layer":"Labels","category":"Gates","object_type":"Label","style_id":"label.gates","source_group":"LFST Gates","vsmr_group_ids":[],"geometry_role":"text_label","text-field":"A18"},"geometry":{"type":"Point","coordinates":[7.628544444,48.543828889]}},{"type":"Feature","id":"LFST-5d7dac55455bb366945e","properties":{"airport":"LFST","name":"A19","layer":"Labels","category":"Gates","object_type":"Label","style_id":"label.gates","source_group":"LFST Gates","vsmr_group_ids":[],"geometry_role":"text_label","text-field":"A19"},"geometry":{"type":"Point","coordinates":[7.628196667,48.54336]}},{"type":"Feature","id":"LFST-257639913634022382a6","properties":{"airport":"LFST","name":"A91","layer":"Labels","category":"Gates","object_type":"Label","style_id":"label.gates","source_group":"LFST Gates","vsmr_group_ids":[],"geometry_role":"text_label","text-field":"A91"},"geometry":{"type":"Point","coordinates":[7.628215556,48.543680833]}},{"type":"Feature","id":"LFST-4512ca2e5181f17355cc","properties":{"airport":"LFST","name":"A20","layer":"Labels","category":"Gates","object_type":"Label","style_id":"label.gates","source_group":"LFST Gates","vsmr_group_ids":[],"geometry_role":"text_label","text-field":"A20"},"geometry":{"type":"Point","coordinates":[7.627820556,48.543581944]}},{"type":"Feature","id":"LFST-842070494d12ac3d5258","properties":{"airport":"LFST","name":"A21","layer":"Labels","category":"Gates","object_type":"Label","style_id":"label.gates","source_group":"LFST Gates","vsmr_group_ids":[],"geometry_role":"text_label","text-field":"A21"},"geometry":{"type":"Point","coordinates":[7.627378611,48.543236667]}},{"type":"Feature","id":"LFST-bdbdfbe37357fa780eb6","properties":{"airport":"LFST","name":"A22","layer":"Labels","category":"Gates","object_type":"Label","style_id":"label.gates","source_group":"LFST Gates","vsmr_group_ids":[],"geometry_role":"text_label","text-field":"A22"},"geometry":{"type":"Point","coordinates":[7.627058889,48.543224444]}},{"type":"Feature","id":"LFST-1c53254c649e44b279f3","properties":{"airport":"LFST","name":"A23","layer":"Labels","category":"Gates","object_type":"Label","style_id":"label.gates","source_group":"LFST Gates","vsmr_group_ids":[],"geometry_role":"text_label","text-field":"A23"},"geometry":{"type":"Point","coordinates":[7.626607778,48.543131944]}},{"type":"Feature","id":"LFST-e05e9520a95011f8192b","properties":{"airport":"LFST","name":"A24","layer":"Labels","category":"Gates","object_type":"Label","style_id":"label.gates","source_group":"LFST Gates","vsmr_group_ids":[],"geometry_role":"text_label","text-field":"A24"},"geometry":{"type":"Point","coordinates":[7.626918056,48.542058611]}},{"type":"Feature","id":"LFST-8cda5bc568bee3109df3","properties":{"airport":"LFST","name":"A25","layer":"Labels","category":"Gates","object_type":"Label","style_id":"label.gates","source_group":"LFST Gates","vsmr_group_ids":[],"geometry_role":"text_label","text-field":"A25"},"geometry":{"type":"Point","coordinates":[7.626165833,48.542731111]}},{"type":"Feature","id":"LFST-c01160fd9d382c000d1f","properties":{"airport":"LFST","name":"A26","layer":"Labels","category":"Gates","object_type":"Label","style_id":"label.gates","source_group":"LFST Gates","vsmr_group_ids":[],"geometry_role":"text_label","text-field":"A26"},"geometry":{"type":"Point","coordinates":[7.626193889,48.541596111]}},{"type":"Feature","id":"LFST-aeb9f7632066951e060f","properties":{"airport":"LFST","name":"A27","layer":"Labels","category":"Gates","object_type":"Label","style_id":"label.gates","source_group":"LFST Gates","vsmr_group_ids":[],"geometry_role":"text_label","text-field":"A27"},"geometry":{"type":"Point","coordinates":[7.625554722,48.542286944]}},{"type":"Feature","id":"LFST-7eaeeafdd38a3343b137","properties":{"airport":"LFST","name":"A28","layer":"Labels","category":"Gates","object_type":"Label","style_id":"label.gates","source_group":"LFST Gates","vsmr_group_ids":[],"geometry_role":"text_label","text-field":"A28"},"geometry":{"type":"Point","coordinates":[7.625056389,48.541824444]}},{"type":"Feature","id":"LFST-69e04f05fb82b462ede0","properties":{"airport":"LFST","name":"B1","layer":"Labels","category":"Gates","object_type":"Label","style_id":"label.gates","source_group":"LFST Gates","vsmr_group_ids":[],"geometry_role":"text_label","text-field":"B1"},"geometry":{"type":"Point","coordinates":[7.623364167,48.540613333]}},{"type":"Feature","id":"LFST-64793ee1ca392d4b1a49","properties":{"airport":"LFST","name":"B2","layer":"Labels","category":"Gates","object_type":"Label","style_id":"label.gates","source_group":"LFST Gates","vsmr_group_ids":[],"geometry_role":"text_label","text-field":"B2"},"geometry":{"type":"Point","coordinates":[7.622750278,48.540226667]}},{"type":"Feature","id":"LFST-e4c111fbef90ccdfdfcd","properties":{"airport":"LFST","name":"B3","layer":"Labels","category":"Gates","object_type":"Label","style_id":"label.gates","source_group":"LFST Gates","vsmr_group_ids":[],"geometry_role":"text_label","text-field":"B3"},"geometry":{"type":"Point","coordinates":[7.622262778,48.540080556]}},{"type":"Feature","id":"LFST-22b6cd96dba80e1933f8","properties":{"airport":"LFST","name":"B4","layer":"Labels","category":"Gates","object_type":"Label","style_id":"label.gates","source_group":"LFST Gates","vsmr_group_ids":[],"geometry_role":"text_label","text-field":"B4"},"geometry":{"type":"Point","coordinates":[7.621661111,48.539413333]}},{"type":"Feature","id":"LFST-ba896dad77e113e78061","properties":{"airport":"LFST","name":"B5","layer":"Labels","category":"Gates","object_type":"Label","style_id":"label.gates","source_group":"LFST Gates","vsmr_group_ids":[],"geometry_role":"text_label","text-field":"B5"},"geometry":{"type":"Point","coordinates":[7.621023333,48.539062222]}},{"type":"Feature","id":"LFST-3f80281c82ee511f7291","properties":{"airport":"LFST","name":"B6A","layer":"Labels","category":"Gates","object_type":"Label","style_id":"label.gates","source_group":"LFST Gates","vsmr_group_ids":[],"geometry_role":"text_label","text-field":"B6A"},"geometry":{"type":"Point","coordinates":[7.620493611,48.538778056]}},{"type":"Feature","id":"LFST-6c67ea4e2020dd0c12b4","properties":{"airport":"LFST","name":"B6B","layer":"Labels","category":"Gates","object_type":"Label","style_id":"label.gates","source_group":"LFST Gates","vsmr_group_ids":[],"geometry_role":"text_label","text-field":"B6B"},"geometry":{"type":"Point","coordinates":[7.620253056,48.538931944]}},{"type":"Feature","id":"LFST-012eb1a2665239cd6d6a","properties":{"airport":"LFST","name":"B6C","layer":"Labels","category":"Gates","object_type":"Label","style_id":"label.gates","source_group":"LFST Gates","vsmr_group_ids":[],"geometry_role":"text_label","text-field":"B6C"},"geometry":{"type":"Point","coordinates":[7.619988333,48.539101667]}},{"type":"Feature","id":"LFST-d3a3eec41d5dc24a91f0","properties":{"airport":"LFST","name":"B6D","layer":"Labels","category":"Gates","object_type":"Label","style_id":"label.gates","source_group":"LFST Gates","vsmr_group_ids":[],"geometry_role":"text_label","text-field":"B6D"},"geometry":{"type":"Point","coordinates":[7.619729444,48.5392675]}},{"type":"Feature","id":"LFST-81db3b05d701496b27ac","properties":{"airport":"LFST","name":"B7","layer":"Labels","category":"Gates","object_type":"Label","style_id":"label.gates","source_group":"LFST Gates","vsmr_group_ids":[],"geometry_role":"text_label","text-field":"B7"},"geometry":{"type":"Point","coordinates":[7.619873889,48.538265]}},{"type":"Feature","id":"LFST-85ead94b4e532e1def96","properties":{"airport":"LFST","name":"B8","layer":"Labels","category":"Gates","object_type":"Label","style_id":"label.gates","source_group":"LFST Gates","vsmr_group_ids":[],"geometry_role":"text_label","text-field":"B8"},"geometry":{"type":"Point","coordinates":[7.619639167,48.538434722]}},{"type":"Feature","id":"LFST-9e588752c935f6bf12ac","properties":{"airport":"LFST","name":"B9","layer":"Labels","category":"Gates","object_type":"Label","style_id":"label.gates","source_group":"LFST Gates","vsmr_group_ids":[],"geometry_role":"text_label","text-field":"B9"},"geometry":{"type":"Point","coordinates":[7.619380556,48.538608333]}},{"type":"Feature","id":"LFST-228abacdaf51da9c89a7","properties":{"airport":"LFST","name":"B11A","layer":"Labels","category":"Gates","object_type":"Label","style_id":"label.gates","source_group":"LFST Gates","vsmr_group_ids":[],"geometry_role":"text_label","text-field":"B11A"},"geometry":{"type":"Point","coordinates":[7.619266111,48.538991111]}},{"type":"Feature","id":"LFST-6d436b376adb9c6d6ed4","properties":{"airport":"LFST","name":"B11B","layer":"Labels","category":"Gates","object_type":"Label","style_id":"label.gates","source_group":"LFST Gates","vsmr_group_ids":[],"geometry_role":"text_label","text-field":"B11B"},"geometry":{"type":"Point","coordinates":[7.619103611,48.538876667]}},{"type":"Feature","id":"LFST-4c53c505c9e5c9d415dc","properties":{"airport":"LFST","name":"B11C","layer":"Labels","category":"Gates","object_type":"Label","style_id":"label.gates","source_group":"LFST Gates","vsmr_group_ids":[],"geometry_role":"text_label","text-field":"B11C"},"geometry":{"type":"Point","coordinates":[7.618941111,48.538766111]}},{"type":"Feature","id":"LFST-a70dcb626a231d2565e5","properties":{"airport":"LFST","name":"B11D","layer":"Labels","category":"Gates","object_type":"Label","style_id":"label.gates","source_group":"LFST Gates","vsmr_group_ids":[],"geometry_role":"text_label","text-field":"B11D"},"geometry":{"type":"Point","coordinates":[7.618754722,48.538643889]}},{"type":"Feature","id":"LFST-6f06e0ff6ae996595f68","properties":{"airport":"LFST","name":"B12","layer":"Labels","category":"Gates","object_type":"Label","style_id":"label.gates","source_group":"LFST Gates","vsmr_group_ids":[],"geometry_role":"text_label","text-field":"B12"},"geometry":{"type":"Point","coordinates":[7.618808889,48.538434722]}},{"type":"Feature","id":"LFST-dc8ec094b81fd7c2916c","properties":{"airport":"LFST","name":"B13","layer":"Labels","category":"Gates","object_type":"Label","style_id":"label.gates","source_group":"LFST Gates","vsmr_group_ids":[],"geometry_role":"text_label","text-field":"B13"},"geometry":{"type":"Point","coordinates":[7.619109722,48.538197778]}},{"type":"Feature","id":"LFST-ea958fa3fdb7d6cdc312","properties":{"airport":"LFST","name":"B14","layer":"Labels","category":"Gates","object_type":"Label","style_id":"label.gates","source_group":"LFST Gates","vsmr_group_ids":[],"geometry_role":"text_label","text-field":"B14"},"geometry":{"type":"Point","coordinates":[7.619440556,48.537925278]}},{"type":"Feature","id":"LFST-565ee1629ecbc60b266e","properties":{"airport":"LFST","name":"Aire ACFT Legers","layer":"Labels","category":"Gates","object_type":"Label","style_id":"label.gates","source_group":"LFST Gates","vsmr_group_ids":[],"geometry_role":"text_label","text-field":"Aire ACFT Legers"},"geometry":{"type":"Point","coordinates":[7.621275833,48.539689722]}},{"type":"Feature","id":"LFST-5cee58997b53d0f51c15","properties":{"airport":"LFST","name":"Marguerite de l'ancienne base aerienne 124","layer":"Labels","category":"Gates","object_type":"Label","style_id":"label.gates","source_group":"LFST Gates","vsmr_group_ids":[],"geometry_role":"text_label","text-field":"Marguerite de l'ancienne base aerienne 124"},"geometry":{"type":"Point","coordinates":[7.645474167,48.543631944]}},{"type":"Feature","id":"LFST-178a0fbd837034ceaaac","properties":{"airport":"LFST","name":"Marguerite de l'ancienne base aerienne 124","layer":"Labels","category":"Gates","object_type":"Label","style_id":"label.gates","source_group":"LFST Gates","vsmr_group_ids":[],"geometry_role":"text_label","text-field":"Marguerite de l'ancienne base aerienne 124"},"geometry":{"type":"Point","coordinates":[7.639089722,48.539656111]}},{"type":"Feature","id":"LFST-6eb6121944168209f281","properties":{"airport":"LFST","name":"HEL","layer":"Labels","category":"Gates","object_type":"Label","style_id":"label.gates","source_group":"LFST Gates","vsmr_group_ids":[],"geometry_role":"text_label","text-field":"HEL"},"geometry":{"type":"Point","coordinates":[7.632023889,48.546643333]}},{"type":"Feature","id":"LFST-7c2d63bd47e3bf3e8e2d","properties":{"airport":"LFST","name":"TERMINAL","layer":"Labels","category":"Gates","object_type":"Label","style_id":"label.gates","source_group":"LFST Gates","vsmr_group_ids":[],"geometry_role":"text_label","text-field":"TERMINAL"},"geometry":{"type":"Point","coordinates":[7.627468611,48.544667222]}},{"type":"Feature","id":"LFST-439a42fc1908fcf7dc18","properties":{"airport":"LFST","name":"AVIATION GENERALE","layer":"Labels","category":"Gates","object_type":"Label","style_id":"label.gates","source_group":"LFST Gates","vsmr_group_ids":[],"geometry_role":"text_label","text-field":"AVIATION GENERALE"},"geometry":{"type":"Point","coordinates":[7.620510556,48.54055]}},{"type":"Feature","id":"LFST-167c7c8b6ffbfdc468f0","properties":{"airport":"LFST","name":"Marguerite de l'ancienne base aerienne 124","layer":"Labels","category":"Gates","object_type":"Label","style_id":"label.gates","source_group":"LFST Gates","vsmr_group_ids":[],"geometry_role":"text_label","text-field":"Marguerite de l'ancienne base aerienne 124"},"geometry":{"type":"Point","coordinates":[7.606916667,48.532480556]}},{"type":"Feature","id":"LFST-e533b973caea5ec4539e","properties":{"airport":"LFST","name":"E","layer":"Labels","category":"Taxiways","object_type":"Label","style_id":"label.taxiways","source_group":"LFST Taxiways","vsmr_group_ids":[],"geometry_role":"text_label","text-field":"E"},"geometry":{"type":"Point","coordinates":[7.639366944,48.546075278]}},{"type":"Feature","id":"LFST-812df7275d013f7154c5","properties":{"airport":"LFST","name":"P4","layer":"Labels","category":"Taxiways","object_type":"Label","style_id":"label.taxiways","source_group":"LFST Taxiways","vsmr_group_ids":[],"geometry_role":"text_label","text-field":"P4"},"geometry":{"type":"Point","coordinates":[7.636103056,48.545181111]}},{"type":"Feature","id":"LFST-a0fb3f6cf6d913abd46e","properties":{"airport":"LFST","name":"F","layer":"Labels","category":"Taxiways","object_type":"Label","style_id":"label.taxiways","source_group":"LFST Taxiways","vsmr_group_ids":[],"geometry_role":"text_label","text-field":"F"},"geometry":{"type":"Point","coordinates":[7.633520556,48.542499167]}},{"type":"Feature","id":"LFST-d43e85fb5bf092983fd3","properties":{"airport":"LFST","name":"K","layer":"Labels","category":"Taxiways","object_type":"Label","style_id":"label.taxiways","source_group":"LFST Taxiways","vsmr_group_ids":[],"geometry_role":"text_label","text-field":"K"},"geometry":{"type":"Point","coordinates":[7.631296944,48.543369722]}},{"type":"Feature","id":"LFST-2f41532e318cdac1416c","properties":{"airport":"LFST","name":"M","layer":"Labels","category":"Taxiways","object_type":"Label","style_id":"label.taxiways","source_group":"LFST Taxiways","vsmr_group_ids":[],"geometry_role":"text_label","text-field":"M"},"geometry":{"type":"Point","coordinates":[7.628965556,48.542028611]}},{"type":"Feature","id":"LFST-cc512b66cc10bf027804","properties":{"airport":"LFST","name":"P3","layer":"Labels","category":"Taxiways","object_type":"Label","style_id":"label.taxiways","source_group":"LFST Taxiways","vsmr_group_ids":[],"geometry_role":"text_label","text-field":"P3"},"geometry":{"type":"Point","coordinates":[7.6273875,48.54017]}},{"type":"Feature","id":"LFST-bc1b24e8171750f3ad3b","properties":{"airport":"LFST","name":"N","layer":"Labels","category":"Taxiways","object_type":"Label","style_id":"label.taxiways","source_group":"LFST Taxiways","vsmr_group_ids":[],"geometry_role":"text_label","text-field":"N"},"geometry":{"type":"Point","coordinates":[7.624589722,48.539487778]}},{"type":"Feature","id":"LFST-53dae444835249b11aba","properties":{"airport":"LFST","name":"Q","layer":"Labels","category":"Taxiways","object_type":"Label","style_id":"label.taxiways","source_group":"LFST Taxiways","vsmr_group_ids":[],"geometry_role":"text_label","text-field":"Q"},"geometry":{"type":"Point","coordinates":[7.621863889,48.537770278]}},{"type":"Feature","id":"LFST-9094214defa88d1287f5","properties":{"airport":"LFST","name":"G","layer":"Labels","category":"Taxiways","object_type":"Label","style_id":"label.taxiways","source_group":"LFST Taxiways","vsmr_group_ids":[],"geometry_role":"text_label","text-field":"G"},"geometry":{"type":"Point","coordinates":[7.623298611,48.5366175]}},{"type":"Feature","id":"LFST-f250820b71a46914371d","properties":{"airport":"LFST","name":"P2","layer":"Labels","category":"Taxiways","object_type":"Label","style_id":"label.taxiways","source_group":"LFST Taxiways","vsmr_group_ids":[],"geometry_role":"text_label","text-field":"P2"},"geometry":{"type":"Point","coordinates":[7.618420556,48.534876667]}},{"type":"Feature","id":"LFST-ca56b5dee631481d158d","properties":{"airport":"LFST","name":"H","layer":"Labels","category":"Taxiways","object_type":"Label","style_id":"label.taxiways","source_group":"LFST Taxiways","vsmr_group_ids":[],"geometry_role":"text_label","text-field":"H"},"geometry":{"type":"Point","coordinates":[7.615336111,48.532006389]}}]}
